[INFO] Scanning for projects...
[INFO] 
[INFO] ------------------< net.xzh:iam-authorization-server >------------------
[INFO] Building iam-authorization-server 1.0.0
[INFO] --------------------------------[ jar ]---------------------------------
[INFO] 
[INFO] >>> spring-boot-maven-plugin:3.4.1:run (default-cli) > test-compile @ iam-authorization-server >>>
[INFO] 
[INFO] --- maven-resources-plugin:3.3.1:resources (default-resources) @ iam-authorization-server ---
[INFO] Copying 4 resources from src\main\resources to target\classes
[INFO] Copying 6 resources from src\main\resources to target\classes
[INFO] 
[INFO] --- maven-compiler-plugin:3.13.0:compile (default-compile) @ iam-authorization-server ---
[INFO] Nothing to compile - all classes are up to date.
[INFO] 
[INFO] --- maven-resources-plugin:3.3.1:testResources (default-testResources) @ iam-authorization-server ---
[INFO] skip non existing resourceDirectory D:\GitHub\spring-boot3-demo\iam-platform\iam-authorization-server\src\test\resources
[INFO] 
[INFO] --- maven-compiler-plugin:3.13.0:testCompile (default-testCompile) @ iam-authorization-server ---
[INFO] No sources to compile
[INFO] 
[INFO] <<< spring-boot-maven-plugin:3.4.1:run (default-cli) < test-compile @ iam-authorization-server <<<
[INFO] 
[INFO] 
[INFO] --- spring-boot-maven-plugin:3.4.1:run (default-cli) @ iam-authorization-server ---
[INFO] Attaching agents: []

  .   ____          _            __ _ _
 /\\ / ___'_ __ _ _(_)_ __  __ _ \ \ \ \
( ( )\___ | '_ | '_| | '_ \/ _` | \ \ \ \
 \\/  ___)| |_)| | | | | || (_| |  ) ) ) )
  '  |____| .__|_| |_|_| |_\__, | / / / /
 =========|_|==============|___/=/_/_/_/

 :: Spring Boot ::                (v3.4.1)

2026-08-15T16:25:35.714+08:00  INFO 15028 --- [iam-authorization-server] [           main] n.x.a.AuthorizationServerApplication     : Starting AuthorizationServerApplication using Java 17.0.13 with PID 15028 (D:\GitHub\spring-boot3-demo\iam-platform\iam-authorization-server\target\classes started by admin in D:\GitHub\spring-boot3-demo\iam-platform\iam-authorization-server)
2026-08-15T16:25:35.720+08:00 DEBUG 15028 --- [iam-authorization-server] [           main] n.x.a.AuthorizationServerApplication     : Running with Spring Boot v3.4.1, Spring v6.2.1
2026-08-15T16:25:35.723+08:00  INFO 15028 --- [iam-authorization-server] [           main] n.x.a.AuthorizationServerApplication     : The following 1 profile is active: "local"
2026-08-15T16:25:37.067+08:00  INFO 15028 --- [iam-authorization-server] [           main] .s.d.r.c.RepositoryConfigurationDelegate : Multiple Spring Data modules found, entering strict repository configuration mode
2026-08-15T16:25:37.083+08:00  INFO 15028 --- [iam-authorization-server] [           main] .s.d.r.c.RepositoryConfigurationDelegate : Bootstrapping Spring Data Redis repositories in DEFAULT mode.
2026-08-15T16:25:37.144+08:00  INFO 15028 --- [iam-authorization-server] [           main] .s.d.r.c.RepositoryConfigurationDelegate : Finished Spring Data repository scanning in 37 ms. Found 0 Redis repository interfaces.
2026-08-15T16:25:38.197+08:00  INFO 15028 --- [iam-authorization-server] [           main] o.s.b.w.embedded.tomcat.TomcatWebServer  : Tomcat initialized with port 9000 (http)
2026-08-15T16:25:38.219+08:00  INFO 15028 --- [iam-authorization-server] [           main] o.apache.catalina.core.StandardService   : Starting service [Tomcat]
2026-08-15T16:25:38.221+08:00  INFO 15028 --- [iam-authorization-server] [           main] o.apache.catalina.core.StandardEngine    : Starting Servlet engine: [Apache Tomcat/10.1.34]
2026-08-15T16:25:38.291+08:00  INFO 15028 --- [iam-authorization-server] [           main] o.a.c.c.C.[Tomcat].[localhost].[/]       : Initializing Spring embedded WebApplicationContext
2026-08-15T16:25:38.293+08:00  INFO 15028 --- [iam-authorization-server] [           main] w.s.c.ServletWebServerApplicationContext : Root WebApplicationContext: initialization completed in 2495 ms
Logging initialized using 'class org.apache.ibatis.logging.stdout.StdOutImpl' adapter.
Get /192.168.1.2 network interface 
Get network interface info: name:wlan2 (Realtek RTL8852AE WiFi 6 802.11ax PCIe Adapter)
Initialization Sequence datacenterId:5 workerId:29
 _ _   |_  _ _|_. ___ _ |    _ 
| | |\/|_)(_| | |_\  |_)||_|_\ 
     /               |         
                        null 
2026-08-15T16:25:38.983+08:00  INFO 15028 --- [iam-authorization-server] [           main] com.alibaba.druid.pool.DruidDataSource   : {dataSource-1} inited
Can not find table primary key in Class: "net.xzh.authserver.entity.OAuth2AuthorizationConsentEntity".
2026-08-15T16:25:44.377+08:00  WARN 15028 --- [iam-authorization-server] [           main] c.b.m.core.injector.DefaultSqlInjector   : class net.xzh.authserver.entity.OAuth2AuthorizationConsentEntity Not found @TableId annotation, Cannot use Mybatis-Plus 'xxById' Method.
2026-08-15T16:25:44.440+08:00  INFO 15028 --- [iam-authorization-server] [           main] n.x.a.s.AuthorizationServerConfig        : 使用 RedisSessionRegistry, 会话跟踪信息持久化到 Redis
2026-08-15T16:25:44.742+08:00  INFO 15028 --- [iam-authorization-server] [           main] eAuthenticationProviderManagerConfigurer : Global AuthenticationManager configured with AuthenticationProvider bean with name portalDaoProvider
2026-08-15T16:25:44.743+08:00  WARN 15028 --- [iam-authorization-server] [           main] r$InitializeUserDetailsManagerConfigurer : Global AuthenticationManager configured with an AuthenticationProvider bean. UserDetailsService beans will not be used by Spring Security for automatically configuring username/password login. Consider removing the AuthenticationProvider bean. Alternatively, consider using the UserDetailsService in a manually instantiated DaoAuthenticationProvider. If the current configuration is intentional, to turn off this warning, increase the logging level of 'org.springframework.security.config.annotation.authentication.configuration.InitializeUserDetailsBeanManagerConfigurer' to ERROR
2026-08-15T16:25:45.938+08:00 DEBUG 15028 --- [iam-authorization-server] [           main] o.s.s.web.DefaultSecurityFilterChain     : Will secure Or [Mvc [pattern='/oauth2/authorize'], Mvc [pattern='/oauth2/token'], Mvc [pattern='/oauth2/introspect'], Mvc [pattern='/oauth2/revoke'], Mvc [pattern='/oauth2/device_authorization'], Mvc [pattern='/oauth2/device/verify'], Mvc [pattern='/oauth2/jwks'], Mvc [pattern='/oauth2/connect/register'], Mvc [pattern='/consent'], Mvc [pattern='/logout'], Mvc [pattern='/login.html'], Mvc [pattern='/login'], Mvc [pattern='/.well-known/openid-configuration'], Mvc [pattern='/.well-known/oauth-authorization-server']] with filters: DisableEncodeUrlFilter, WebAsyncManagerIntegrationFilter, SecurityContextHolderFilter, SessionExpirationFilter, ActiveClientTrackingFilter, AuthorizePolicyFilter, AuthorizationServerContextFilter, HeaderWriterFilter, CsrfFilter, OidcLogoutEndpointFilter, LogoutFilter, OAuth2AuthorizationServerMetadataEndpointFilter, OAuth2AuthorizationEndpointFilter, OAuth2DeviceVerificationEndpointFilter, OidcProviderConfigurationEndpointFilter, NimbusJwkSetEndpointFilter, OAuth2ClientAuthenticationFilter, UsernamePasswordAuthenticationFilter, ConcurrentSessionFilter, BearerTokenAuthenticationFilter, RequestCacheAwareFilter, SecurityContextHolderAwareRequestFilter, AnonymousAuthenticationFilter, SessionManagementFilter, ExceptionTranslationFilter, AuthorizationFilter, OAuth2TokenEndpointFilter, OAuth2TokenIntrospectionEndpointFilter, OAuth2TokenRevocationEndpointFilter, OAuth2DeviceAuthorizationEndpointFilter, OidcUserInfoEndpointFilter
2026-08-15T16:25:45.952+08:00 DEBUG 15028 --- [iam-authorization-server] [           main] o.s.s.web.DefaultSecurityFilterChain     : Will secure Or [Mvc [pattern='/api/admin/**']] with filters: DisableEncodeUrlFilter, WebAsyncManagerIntegrationFilter, SecurityContextHolderFilter, HeaderWriterFilter, LogoutFilter, BearerTokenAuthenticationFilter, RequestCacheAwareFilter, SecurityContextHolderAwareRequestFilter, AnonymousAuthenticationFilter, ExceptionTranslationFilter, AuthorizationFilter
2026-08-15T16:25:45.966+08:00 DEBUG 15028 --- [iam-authorization-server] [           main] o.s.s.web.DefaultSecurityFilterChain     : Will secure Or [Mvc [pattern='/activate'], Mvc [pattern='/device-login']] with filters: DisableEncodeUrlFilter, WebAsyncManagerIntegrationFilter, SecurityContextHolderFilter, HeaderWriterFilter, CsrfFilter, LogoutFilter, SessionExpirationFilter, UsernamePasswordAuthenticationFilter, ConcurrentSessionFilter, RequestCacheAwareFilter, SecurityContextHolderAwareRequestFilter, AnonymousAuthenticationFilter, ExceptionTranslationFilter, AuthorizationFilter
2026-08-15T16:25:46.126+08:00  INFO 15028 --- [iam-authorization-server] [           main] b.m.s.MybatisPlusApplicationContextAware : Register ApplicationContext instances org.springframework.boot.web.servlet.context.AnnotationConfigServletWebServerApplicationContext@72437d8d
2026-08-15T16:25:46.361+08:00  INFO 15028 --- [iam-authorization-server] [           main] o.s.b.w.embedded.tomcat.TomcatWebServer  : Tomcat started on port 9000 (http) with context path '/'
2026-08-15T16:25:46.385+08:00  INFO 15028 --- [iam-authorization-server] [           main] n.x.a.AuthorizationServerApplication     : Started AuthorizationServerApplication in 11.328 seconds (process running for 11.925)
2026-08-15T16:25:46.960+08:00  INFO 15028 --- [iam-authorization-server] [           main] n.xzh.authserver.config.DataInitializer  : [DataInit] portal-app requireProofKey 需更新为 true (PKCE)
Creating a new SqlSession
SqlSession [org.apache.ibatis.session.defaults.DefaultSqlSession@429dde4d] was not registered for synchronization because synchronization is not active
JDBC Connection [com.alibaba.druid.pool.DruidStatementConnection@20ad64c] will not be managed by Spring
==>  Preparing: SELECT id,client_id,client_id_issued_at,client_secret,client_secret_expires_at,client_name,client_authentication_methods,authorization_grant_types,redirect_uris,post_logout_redirect_uris,scopes,client_settings,token_settings FROM oauth2_registered_client WHERE id=?
==> Parameters: 3(String)
<==    Columns: id, client_id, client_id_issued_at, client_secret, client_secret_expires_at, client_name, client_authentication_methods, authorization_grant_types, redirect_uris, post_logout_redirect_uris, scopes, client_settings, token_settings
<==        Row: 3, portal-app, 2026-08-11 20:00:08, $2a$10$ov3NUrdkAHujSRdGbDZF6O9h2cjZq4Zl17fL3TA5Nhs94mE/PmH8e, null, 门户应用 (SSO), client_secret_basic, refresh_token,authorization_code, http://localhost:8083/portal-sso-callback,http://localhost:8081/portal-sso-callback,http://localhost:8080/login/oauth2/code/portal-app-oidc, http://localhost:8000/logged-out,http://localhost:8080/logged-out, openid,profile,email, {"requireProofKey":false,"requireAuthorizationConsent":false}, {"accessTokenFormat":"reference","authorizationCodeTimeToLive":"PT5M","accessTokenTimeToLive":"PT2H","reuseRefreshTokens":false}
<==      Total: 1
Closing non transactional SqlSession [org.apache.ibatis.session.defaults.DefaultSqlSession@429dde4d]
Creating a new SqlSession
SqlSession [org.apache.ibatis.session.defaults.DefaultSqlSession@6afb240d] was not registered for synchronization because synchronization is not active
JDBC Connection [com.alibaba.druid.pool.DruidStatementConnection@20ad64c] will not be managed by Spring
==>  Preparing: UPDATE oauth2_registered_client SET client_id=?, client_id_issued_at=?, client_secret=?, client_name=?, client_authentication_methods=?, authorization_grant_types=?, redirect_uris=?, post_logout_redirect_uris=?, scopes=?, client_settings=?, token_settings=? WHERE id=?
==> Parameters: portal-app(String), 2026-08-11T20:00:08(LocalDateTime), $2a$10$ov3NUrdkAHujSRdGbDZF6O9h2cjZq4Zl17fL3TA5Nhs94mE/PmH8e(String), 门户应用 (SSO)(String), client_secret_basic(String), refresh_token,authorization_code(String), http://localhost:8083/portal-sso-callback,http://localhost:8081/portal-sso-callback,http://localhost:8080/login/oauth2/code/portal-app-oidc(String), http://localhost:8000/logged-out,http://localhost:8080/logged-out(String), openid,profile,email(String), {"requireProofKey":false,"requireAuthorizationConsent":false}(String), {"accessTokenFormat":"reference","authorizationCodeTimeToLive":"PT5M","accessTokenTimeToLive":"PT2H","reuseRefreshTokens":false}(String), 3(String)
<==    Updates: 1
Closing non transactional SqlSession [org.apache.ibatis.session.defaults.DefaultSqlSession@6afb240d]
2026-08-15T16:25:47.229+08:00  INFO 15028 --- [iam-authorization-server] [           main] n.xzh.authserver.config.DataInitializer  : [DataInit] portal-app 客户端配置已更新 (redirect_uri=http://localhost:8080/login/oauth2/code/portal-app-oidc, secret=123456)
Creating a new SqlSession
SqlSession [org.apache.ibatis.session.defaults.DefaultSqlSession@6d4df1d2] was not registered for synchronization because synchronization is not active
JDBC Connection [com.alibaba.druid.pool.DruidStatementConnection@20ad64c] will not be managed by Spring
==>  Preparing: SELECT * FROM sys_user WHERE username = ? LIMIT 1
==> Parameters: user(String)
<==    Columns: id, user_code, username, password, nickname, email, phone, avatar, user_label, enabled, account_non_expired, account_non_locked, credentials_non_expired, create_time, update_time
<==        Row: 2, u_1a2b3c4d5e6f708090a0b0c0d0e0f002, user, $2a$10$ov3NUrdkAHujSRdGbDZF6O9h2cjZq4Zl17fL3TA5Nhs94mE/PmH8e, 普通用户, user@example.com, null, null, client, 1, 1, 1, 1, 2026-08-11 20:00:08, 2026-08-15 15:02:38
<==      Total: 1
Closing non transactional SqlSession [org.apache.ibatis.session.defaults.DefaultSqlSession@6d4df1d2]
2026-08-15T16:25:47.324+08:00  INFO 15028 --- [iam-authorization-server] [           main] n.x.a.config.UserPasswordInitializer     : [UserPasswordInit] 用户 user 密码正确, 跳过
Creating a new SqlSession
SqlSession [org.apache.ibatis.session.defaults.DefaultSqlSession@47f8374] was not registered for synchronization because synchronization is not active
JDBC Connection [com.alibaba.druid.pool.DruidStatementConnection@20ad64c] will not be managed by Spring
==>  Preparing: SELECT * FROM sys_user WHERE username = ? LIMIT 1
==> Parameters: admin(String)
<==    Columns: id, user_code, username, password, nickname, email, phone, avatar, user_label, enabled, account_non_expired, account_non_locked, credentials_non_expired, create_time, update_time
<==        Row: 1, u_1a2b3c4d5e6f708090a0b0c0d0e0f001, admin, $2a$10$ov3NUrdkAHujSRdGbDZF6O9h2cjZq4Zl17fL3TA5Nhs94mE/PmH8e, 管理员, admin@example.com, null, null, admin, 1, 1, 1, 1, 2026-08-11 20:00:08, 2026-08-15 15:02:38
<==      Total: 1
Closing non transactional SqlSession [org.apache.ibatis.session.defaults.DefaultSqlSession@47f8374]
2026-08-15T16:25:47.410+08:00  INFO 15028 --- [iam-authorization-server] [           main] n.x.a.config.UserPasswordInitializer     : [UserPasswordInit] 用户 admin 密码正确, 跳过
2026-08-15T16:28:23.045+08:00  INFO 15028 --- [iam-authorization-server] [nio-9000-exec-1] o.a.c.c.C.[Tomcat].[localhost].[/]       : Initializing Spring DispatcherServlet 'dispatcherServlet'
2026-08-15T16:28:23.047+08:00  INFO 15028 --- [iam-authorization-server] [nio-9000-exec-1] o.s.web.servlet.DispatcherServlet        : Initializing Servlet 'dispatcherServlet'
2026-08-15T16:28:23.049+08:00  INFO 15028 --- [iam-authorization-server] [nio-9000-exec-1] o.s.web.servlet.DispatcherServlet        : Completed initialization in 1 ms
2026-08-15T16:28:23.069+08:00 DEBUG 15028 --- [iam-authorization-server] [nio-9000-exec-1] o.s.security.web.FilterChainProxy        : Securing GET /oauth2/authorize?response_type=code&client_id=admin-app&scope=openid%20profile%20read%20write&state=ONQI_gqkpjE0FTvpbHEoc2_Gfo6ph2VAzT_IpkuuYIE%3D&redirect_uri=http://localhost:8085/login/oauth2/code/admin-app&nonce=5Jma3UGCjMz7USvqLzjrrHhXeY3bhNAsjx_PVFsRQOA
2026-08-15T16:28:23.105+08:00 DEBUG 15028 --- [iam-authorization-server] [nio-9000-exec-1] o.s.s.w.a.AnonymousAuthenticationFilter  : Set SecurityContextHolder to anonymous SecurityContext
2026-08-15T16:28:23.116+08:00 DEBUG 15028 --- [iam-authorization-server] [nio-9000-exec-1] o.s.s.w.s.HttpSessionRequestCache        : Saved request http://localhost:9000/oauth2/authorize?response_type=code&client_id=admin-app&scope=openid%20profile%20read%20write&state=ONQI_gqkpjE0FTvpbHEoc2_Gfo6ph2VAzT_IpkuuYIE%3D&redirect_uri=http://localhost:8085/login/oauth2/code/admin-app&nonce=5Jma3UGCjMz7USvqLzjrrHhXeY3bhNAsjx_PVFsRQOA&continue to session
2026-08-15T16:28:23.119+08:00 DEBUG 15028 --- [iam-authorization-server] [nio-9000-exec-1] s.w.a.DelegatingAuthenticationEntryPoint : Trying to match using MediaTypeRequestMatcher [contentNegotiationStrategy=org.springframework.web.accept.HeaderContentNegotiationStrategy@48ee74be, matchingMediaTypes=[text/html], useEquals=false, ignoredMediaTypes=[]]
2026-08-15T16:28:23.120+08:00 DEBUG 15028 --- [iam-authorization-server] [nio-9000-exec-1] s.w.a.DelegatingAuthenticationEntryPoint : Match found! Executing org.springframework.security.web.authentication.LoginUrlAuthenticationEntryPoint@7509fb0e
2026-08-15T16:28:23.121+08:00 DEBUG 15028 --- [iam-authorization-server] [nio-9000-exec-1] o.s.s.web.DefaultRedirectStrategy        : Redirecting to http://localhost:9000/login.html
2026-08-15T16:28:23.185+08:00 DEBUG 15028 --- [iam-authorization-server] [nio-9000-exec-2] o.s.security.web.FilterChainProxy        : Securing GET /login.html
2026-08-15T16:28:23.197+08:00 DEBUG 15028 --- [iam-authorization-server] [nio-9000-exec-2] o.s.s.w.a.AnonymousAuthenticationFilter  : Set SecurityContextHolder to anonymous SecurityContext
2026-08-15T16:28:23.199+08:00 DEBUG 15028 --- [iam-authorization-server] [nio-9000-exec-2] o.s.security.web.FilterChainProxy        : Secured GET /login.html
2026-08-15T16:28:23.253+08:00 DEBUG 15028 --- [iam-authorization-server] [nio-9000-exec-3] o.s.security.web.FilterChainProxy        : Securing POST /login
JDBC Connection [com.alibaba.druid.pool.DruidStatementConnection@20ad64c] will not be managed by Spring
==>  Preparing: SELECT id,user_code,username,password,nickname,email,phone,avatar,user_label,enabled,account_non_expired,account_non_locked,credentials_non_expired,create_time,update_time FROM sys_user WHERE (username = ?)
==> Parameters: admin(String)
<==    Columns: id, user_code, username, password, nickname, email, phone, avatar, user_label, enabled, account_non_expired, account_non_locked, credentials_non_expired, create_time, update_time
<==        Row: 1, u_1a2b3c4d5e6f708090a0b0c0d0e0f001, admin, $2a$10$ov3NUrdkAHujSRdGbDZF6O9h2cjZq4Zl17fL3TA5Nhs94mE/PmH8e, 管理员, admin@example.com, null, null, admin, 1, 1, 1, 1, 2026-08-11 20:00:08, 2026-08-15 15:02:38
<==      Total: 1
2026-08-15T16:28:23.433+08:00 DEBUG 15028 --- [iam-authorization-server] [nio-9000-exec-6] o.s.security.web.FilterChainProxy        : Securing POST /oauth2/token
2026-08-15T16:28:23.519+08:00 DEBUG 15028 --- [iam-authorization-server] [nio-9000-exec-6] o.s.a.w.OAuth2ClientAuthenticationFilter : Set SecurityContextHolder authentication to OAuth2ClientAuthenticationToken
2026-08-15T16:28:23.538+08:00  INFO 15028 --- [iam-authorization-server] [nio-9000-exec-6] n.x.a.s.session.RedisSessionRegistry     : [RedisSessionRegistry] 注册会话: principal=resource-server, sessionId=b3292d1f-7cfa-43e6-8665-d7edb6adff3d
2026-08-15T16:28:23.569+08:00 DEBUG 15028 --- [iam-authorization-server] [nio-9000-exec-6] .x.a.s.r.RedisOAuth2AuthorizationService : OAuth2Authorization saved to Redis, id=94712a59-2199-4b86-b2ef-f5ded2fad35b, user=resource-server
2026-08-15T16:28:23.591+08:00 DEBUG 15028 --- [iam-authorization-server] [nio-9000-exec-6] n.x.a.s.web.ActiveClientTrackingFilter   : [ActiveClientTracking] 响应已提交, 跳过 session 写入 clientId=resource-server
2026-08-15T16:28:23.726+08:00 DEBUG 15028 --- [iam-authorization-server] [nio-9000-exec-4] o.s.security.web.FilterChainProxy        : Securing POST /oauth2/introspect
2026-08-15T16:28:23.808+08:00 DEBUG 15028 --- [iam-authorization-server] [nio-9000-exec-4] o.s.a.w.OAuth2ClientAuthenticationFilter : Set SecurityContextHolder authentication to OAuth2ClientAuthenticationToken
2026-08-15T16:28:23.823+08:00  INFO 15028 --- [iam-authorization-server] [nio-9000-exec-4] n.x.a.s.session.RedisSessionRegistry     : [RedisSessionRegistry] 注册会话: principal=resource-server, sessionId=f9ecbb35-2be4-4a1c-a459-bb0bb1c596dc
2026-08-15T16:28:24.063+08:00 DEBUG 15028 --- [iam-authorization-server] [nio-9000-exec-3] n.x.authserver.remote.RemoteRoleService  : [RemoteRole] userCode=u_1a2b3c4d5e6f708090a0b0c0d0e0f001, roles=[ROLE_ADMIN]
2026-08-15T16:28:24.064+08:00 DEBUG 15028 --- [iam-authorization-server] [nio-9000-exec-3] n.x.a.s.u.PortalUserDetailsService       : 用户 admin (user_code=u_1a2b3c4d5e6f708090a0b0c0d0e0f001) RBAC 角色: [ROLE_ADMIN]
2026-08-15T16:28:24.148+08:00 DEBUG 15028 --- [iam-authorization-server] [nio-9000-exec-3] o.s.s.a.dao.DaoAuthenticationProvider    : Authenticated user
2026-08-15T16:28:24.149+08:00 DEBUG 15028 --- [iam-authorization-server] [nio-9000-exec-3] .s.ChangeSessionIdAuthenticationStrategy : Changed session id from 638c9757-975a-4633-864b-f757695bba38
2026-08-15T16:28:24.157+08:00  INFO 15028 --- [iam-authorization-server] [nio-9000-exec-3] n.x.a.s.session.RedisSessionRegistry     : [RedisSessionRegistry] 注册会话: principal=u_1a2b3c4d5e6f708090a0b0c0d0e0f001, sessionId=54b7c822-aa4c-4a5c-a56d-6cd980b80184
2026-08-15T16:28:24.157+08:00 DEBUG 15028 --- [iam-authorization-server] [nio-9000-exec-3] w.a.UsernamePasswordAuthenticationFilter : Set SecurityContextHolder to UsernamePasswordAuthenticationToken [Principal=org.springframework.security.core.userdetails.User [Username=u_1a2b3c4d5e6f708090a0b0c0d0e0f001, Password=[PROTECTED], Enabled=true, AccountNonExpired=true, CredentialsNonExpired=true, AccountNonLocked=true, Granted Authorities=[ROLE_ADMIN]], Credentials=[PROTECTED], Authenticated=true, Details=WebAuthenticationDetails [RemoteIpAddress=0:0:0:0:0:0:0:1, SessionId=638c9757-975a-4633-864b-f757695bba38], Granted Authorities=[ROLE_ADMIN]]
2026-08-15T16:28:24.158+08:00 DEBUG 15028 --- [iam-authorization-server] [nio-9000-exec-3] o.s.s.web.DefaultRedirectStrategy        : Redirecting to http://localhost:9000/oauth2/authorize?response_type=code&client_id=admin-app&scope=openid%20profile%20read%20write&state=ONQI_gqkpjE0FTvpbHEoc2_Gfo6ph2VAzT_IpkuuYIE%3D&redirect_uri=http://localhost:8085/login/oauth2/code/admin-app&nonce=5Jma3UGCjMz7USvqLzjrrHhXeY3bhNAsjx_PVFsRQOA&continue
2026-08-15T16:28:24.191+08:00 DEBUG 15028 --- [iam-authorization-server] [nio-9000-exec-5] o.s.security.web.FilterChainProxy        : Securing GET /oauth2/authorize?response_type=code&client_id=admin-app&scope=openid%20profile%20read%20write&state=ONQI_gqkpjE0FTvpbHEoc2_Gfo6ph2VAzT_IpkuuYIE%3D&redirect_uri=http://localhost:8085/login/oauth2/code/admin-app&nonce=5Jma3UGCjMz7USvqLzjrrHhXeY3bhNAsjx_PVFsRQOA&continue
JDBC Connection [com.alibaba.druid.pool.DruidStatementConnection@20ad64c] will not be managed by Spring
==>  Preparing: SELECT id,client_id,allowed_roles,status,remark,create_time,update_time FROM iam_client_policy WHERE (client_id = ?)
==> Parameters: admin-app(String)
<==    Columns: id, client_id, allowed_roles, status, remark, create_time, update_time
<==        Row: 2, admin-app, , 0, , 2026-08-15 16:11:16, 2026-08-15 16:11:16
<==      Total: 1
Creating a new SqlSession
SqlSession [org.apache.ibatis.session.defaults.DefaultSqlSession@111a3dca] was not registered for synchronization because synchronization is not active
JDBC Connection [com.alibaba.druid.pool.DruidStatementConnection@20ad64c] will not be managed by Spring
==>  Preparing: SELECT * FROM oauth2_authorization_consent WHERE registered_client_id = ? AND principal_name = ? LIMIT 1
==> Parameters: 2(String), u_1a2b3c4d5e6f708090a0b0c0d0e0f001(String)
<==      Total: 0
Closing non transactional SqlSession [org.apache.ibatis.session.defaults.DefaultSqlSession@111a3dca]
Creating a new SqlSession
SqlSession [org.apache.ibatis.session.defaults.DefaultSqlSession@5b845e05] was not registered for synchronization because synchronization is not active
JDBC Connection [com.alibaba.druid.pool.DruidStatementConnection@20ad64c] will not be managed by Spring
==>  Preparing: SELECT * FROM oauth2_registered_client WHERE client_id = ? LIMIT 1
==> Parameters: u_1a2b3c4d5e6f708090a0b0c0d0e0f001(String)
<==      Total: 0
Closing non transactional SqlSession [org.apache.ibatis.session.defaults.DefaultSqlSession@5b845e05]
2026-08-15T16:28:24.250+08:00 DEBUG 15028 --- [iam-authorization-server] [nio-9000-exec-5] .x.a.s.r.RedisOAuth2AuthorizationService : OAuth2Authorization saved to Redis, id=427c8868-8147-4a67-9eb5-12795b58bb4f, user=u_1a2b3c4d5e6f708090a0b0c0d0e0f001
2026-08-15T16:28:24.257+08:00 DEBUG 15028 --- [iam-authorization-server] [nio-9000-exec-5] o.s.s.web.DefaultRedirectStrategy        : Redirecting to http://localhost:8085/login/oauth2/code/admin-app?code=O91DrUrCffhxhxfXipnSflEIT2ImyG7FxI_1EPwrR3hGOS4iGHME6SSen8aSX4rpP1CSRzTclPdNh8rc3F7UU5xIf2eVAHkO0cIvUiUa4-tBQSWg7MlDXRgbWpMjJbxg&state=ONQI_gqkpjE0FTvpbHEoc2_Gfo6ph2VAzT_IpkuuYIE%3D
2026-08-15T16:28:24.294+08:00 DEBUG 15028 --- [iam-authorization-server] [nio-9000-exec-7] o.s.security.web.FilterChainProxy        : Securing POST /oauth2/token
2026-08-15T16:28:24.399+08:00 DEBUG 15028 --- [iam-authorization-server] [nio-9000-exec-7] o.s.a.w.OAuth2ClientAuthenticationFilter : Set SecurityContextHolder authentication to OAuth2ClientAuthenticationToken
2026-08-15T16:28:24.407+08:00  INFO 15028 --- [iam-authorization-server] [nio-9000-exec-7] n.x.a.s.session.RedisSessionRegistry     : [RedisSessionRegistry] 注册会话: principal=admin-app, sessionId=277d1cf0-14b8-476f-9655-e74077f31fdb
JDBC Connection [com.alibaba.druid.pool.DruidStatementConnection@20ad64c] will not be managed by Spring
==>  Preparing: SELECT id,client_id,allowed_roles,status,remark,create_time,update_time FROM iam_client_policy WHERE (client_id = ?)
==> Parameters: admin-app(String)
<==    Columns: id, client_id, allowed_roles, status, remark, create_time, update_time
<==        Row: 2, admin-app, , 0, , 2026-08-15 16:11:16, 2026-08-15 16:11:16
<==      Total: 1
JDBC Connection [com.alibaba.druid.pool.DruidStatementConnection@20ad64c] will not be managed by Spring
==>  Preparing: SELECT id,user_code,username,password,nickname,email,phone,avatar,user_label,enabled,account_non_expired,account_non_locked,credentials_non_expired,create_time,update_time FROM sys_user WHERE (user_code = ?)
==> Parameters: u_1a2b3c4d5e6f708090a0b0c0d0e0f001(String)
<==    Columns: id, user_code, username, password, nickname, email, phone, avatar, user_label, enabled, account_non_expired, account_non_locked, credentials_non_expired, create_time, update_time
<==        Row: 1, u_1a2b3c4d5e6f708090a0b0c0d0e0f001, admin, $2a$10$ov3NUrdkAHujSRdGbDZF6O9h2cjZq4Zl17fL3TA5Nhs94mE/PmH8e, 管理员, admin@example.com, null, null, admin, 1, 1, 1, 1, 2026-08-11 20:00:08, 2026-08-15 15:02:38
<==      Total: 1
Creating a new SqlSession
SqlSession [org.apache.ibatis.session.defaults.DefaultSqlSession@30e8bc33] was not registered for synchronization because synchronization is not active
JDBC Connection [com.alibaba.druid.pool.DruidStatementConnection@20ad64c] will not be managed by Spring
==>  Preparing: SELECT * FROM oauth2_registered_client WHERE client_id = ? LIMIT 1
==> Parameters: u_1a2b3c4d5e6f708090a0b0c0d0e0f001(String)
<==      Total: 0
Closing non transactional SqlSession [org.apache.ibatis.session.defaults.DefaultSqlSession@30e8bc33]
2026-08-15T16:28:24.513+08:00 DEBUG 15028 --- [iam-authorization-server] [nio-9000-exec-7] .x.a.s.r.RedisOAuth2AuthorizationService : OAuth2Authorization saved to Redis, id=427c8868-8147-4a67-9eb5-12795b58bb4f, user=u_1a2b3c4d5e6f708090a0b0c0d0e0f001
2026-08-15T16:28:24.519+08:00 DEBUG 15028 --- [iam-authorization-server] [nio-9000-exec-7] n.x.a.s.web.ActiveClientTrackingFilter   : [ActiveClientTracking] 响应已提交, 跳过 session 写入 clientId=admin-app
2026-08-15T16:28:24.526+08:00 DEBUG 15028 --- [iam-authorization-server] [nio-9000-exec-8] o.s.security.web.FilterChainProxy        : Securing GET /oauth2/jwks
JDBC Connection [com.alibaba.druid.pool.DruidStatementConnection@20ad64c] will not be managed by Spring
==>  Preparing: SELECT id,user_code,username,password,nickname,email,phone,avatar,user_label,enabled,account_non_expired,account_non_locked,credentials_non_expired,create_time,update_time FROM sys_user WHERE (user_code = ?)
==> Parameters: u_1a2b3c4d5e6f708090a0b0c0d0e0f001(String)
<==    Columns: id, user_code, username, password, nickname, email, phone, avatar, user_label, enabled, account_non_expired, account_non_locked, credentials_non_expired, create_time, update_time
<==        Row: 1, u_1a2b3c4d5e6f708090a0b0c0d0e0f001, admin, $2a$10$ov3NUrdkAHujSRdGbDZF6O9h2cjZq4Zl17fL3TA5Nhs94mE/PmH8e, 管理员, admin@example.com, null, null, admin, 1, 1, 1, 1, 2026-08-11 20:00:08, 2026-08-15 15:02:38
<==      Total: 1
2026-08-15T16:28:24.581+08:00 DEBUG 15028 --- [iam-authorization-server] [nio-9000-exec-9] n.x.a.s.u.PortalUserDetailsService       : 用户 admin (user_code=u_1a2b3c4d5e6f708090a0b0c0d0e0f001) RBAC 角色: [ROLE_ADMIN]
2026-08-15T16:28:24.583+08:00 DEBUG 15028 --- [iam-authorization-server] [nio-9000-exec-9] n.x.a.s.t.RedisOpaqueTokenIntrospector   : Opaque token introspect success, sub=u_1a2b3c4d5e6f708090a0b0c0d0e0f001, scope=[read, openid, profile, write]
JDBC Connection [com.alibaba.druid.pool.DruidStatementConnection@20ad64c] will not be managed by Spring
==>  Preparing: SELECT id,user_code,username,password,nickname,email,phone,avatar,user_label,enabled,account_non_expired,account_non_locked,credentials_non_expired,create_time,update_time FROM sys_user WHERE (user_code = ?)
==> Parameters: u_1a2b3c4d5e6f708090a0b0c0d0e0f001(String)
<==    Columns: id, user_code, username, password, nickname, email, phone, avatar, user_label, enabled, account_non_expired, account_non_locked, credentials_non_expired, create_time, update_time
<==        Row: 1, u_1a2b3c4d5e6f708090a0b0c0d0e0f001, admin, $2a$10$ov3NUrdkAHujSRdGbDZF6O9h2cjZq4Zl17fL3TA5Nhs94mE/PmH8e, 管理员, admin@example.com, null, null, admin, 1, 1, 1, 1, 2026-08-11 20:00:08, 2026-08-15 15:02:38
<==      Total: 1
2026-08-15T16:28:24.683+08:00 DEBUG 15028 --- [iam-authorization-server] [io-9000-exec-10] o.s.security.web.FilterChainProxy        : Securing GET /api/admin/tenants
JDBC Connection [com.alibaba.druid.pool.DruidStatementConnection@20ad64c] will not be managed by Spring
==>  Preparing: SELECT id,user_code,username,password,nickname,email,phone,avatar,user_label,enabled,account_non_expired,account_non_locked,credentials_non_expired,create_time,update_time FROM sys_user WHERE (user_code = ?)
==> Parameters: u_1a2b3c4d5e6f708090a0b0c0d0e0f001(String)
<==    Columns: id, user_code, username, password, nickname, email, phone, avatar, user_label, enabled, account_non_expired, account_non_locked, credentials_non_expired, create_time, update_time
<==        Row: 1, u_1a2b3c4d5e6f708090a0b0c0d0e0f001, admin, $2a$10$ov3NUrdkAHujSRdGbDZF6O9h2cjZq4Zl17fL3TA5Nhs94mE/PmH8e, 管理员, admin@example.com, null, null, admin, 1, 1, 1, 1, 2026-08-11 20:00:08, 2026-08-15 15:02:38
<==      Total: 1
2026-08-15T16:28:24.700+08:00 DEBUG 15028 --- [iam-authorization-server] [io-9000-exec-10] n.x.a.s.u.PortalUserDetailsService       : 用户 admin (user_code=u_1a2b3c4d5e6f708090a0b0c0d0e0f001) RBAC 角色: [ROLE_ADMIN]
2026-08-15T16:28:24.701+08:00 DEBUG 15028 --- [iam-authorization-server] [io-9000-exec-10] n.x.a.s.t.RedisOpaqueTokenIntrospector   : Opaque token introspect success, sub=u_1a2b3c4d5e6f708090a0b0c0d0e0f001, scope=[read, openid, profile, write]
2026-08-15T16:28:24.701+08:00 DEBUG 15028 --- [iam-authorization-server] [io-9000-exec-10] .s.r.a.OpaqueTokenAuthenticationProvider : Authenticated token
2026-08-15T16:28:24.702+08:00 DEBUG 15028 --- [iam-authorization-server] [io-9000-exec-10] .s.r.w.a.BearerTokenAuthenticationFilter : Set SecurityContextHolder to BearerTokenAuthentication [Principal=net.xzh.authserver.security.token.RedisOpaqueTokenIntrospector$OpaquePrincipal@71d3a4a7, Credentials=[PROTECTED], Authenticated=true, Details=WebAuthenticationDetails [RemoteIpAddress=127.0.0.1, SessionId=null], Granted Authorities=[ROLE_ADMIN]]
2026-08-15T16:28:24.703+08:00 DEBUG 15028 --- [iam-authorization-server] [io-9000-exec-10] o.s.security.web.FilterChainProxy        : Secured GET /api/admin/tenants
Creating a new SqlSession
SqlSession [org.apache.ibatis.session.defaults.DefaultSqlSession@7232b918] was not registered for synchronization because synchronization is not active
JDBC Connection [com.alibaba.druid.pool.DruidStatementConnection@20ad64c] will not be managed by Spring
==>  Preparing: SELECT id,tenant_code,tenant_name,status,create_time,update_time FROM iam_tenant ORDER BY id ASC
==> Parameters: 
<==    Columns: id, tenant_code, tenant_name, status, create_time, update_time
<==        Row: 1, T001, 演示企业, 1, 2026-08-15 15:02:38, 2026-08-15 15:02:38
<==      Total: 1
Closing non transactional SqlSession [org.apache.ibatis.session.defaults.DefaultSqlSession@7232b918]
2026-08-15T16:28:24.874+08:00 DEBUG 15028 --- [iam-authorization-server] [nio-9000-exec-1] o.s.security.web.FilterChainProxy        : Securing GET /api/admin/policies
JDBC Connection [com.alibaba.druid.pool.DruidStatementConnection@20ad64c] will not be managed by Spring
==>  Preparing: SELECT id,user_code,username,password,nickname,email,phone,avatar,user_label,enabled,account_non_expired,account_non_locked,credentials_non_expired,create_time,update_time FROM sys_user WHERE (user_code = ?)
==> Parameters: u_1a2b3c4d5e6f708090a0b0c0d0e0f001(String)
<==    Columns: id, user_code, username, password, nickname, email, phone, avatar, user_label, enabled, account_non_expired, account_non_locked, credentials_non_expired, create_time, update_time
<==        Row: 1, u_1a2b3c4d5e6f708090a0b0c0d0e0f001, admin, $2a$10$ov3NUrdkAHujSRdGbDZF6O9h2cjZq4Zl17fL3TA5Nhs94mE/PmH8e, 管理员, admin@example.com, null, null, admin, 1, 1, 1, 1, 2026-08-11 20:00:08, 2026-08-15 15:02:38
<==      Total: 1
2026-08-15T16:28:24.892+08:00 DEBUG 15028 --- [iam-authorization-server] [nio-9000-exec-1] n.x.a.s.u.PortalUserDetailsService       : 用户 admin (user_code=u_1a2b3c4d5e6f708090a0b0c0d0e0f001) RBAC 角色: [ROLE_ADMIN]
2026-08-15T16:28:24.893+08:00 DEBUG 15028 --- [iam-authorization-server] [nio-9000-exec-1] n.x.a.s.t.RedisOpaqueTokenIntrospector   : Opaque token introspect success, sub=u_1a2b3c4d5e6f708090a0b0c0d0e0f001, scope=[read, openid, profile, write]
2026-08-15T16:28:24.893+08:00 DEBUG 15028 --- [iam-authorization-server] [nio-9000-exec-1] .s.r.a.OpaqueTokenAuthenticationProvider : Authenticated token
2026-08-15T16:28:24.893+08:00 DEBUG 15028 --- [iam-authorization-server] [nio-9000-exec-1] .s.r.w.a.BearerTokenAuthenticationFilter : Set SecurityContextHolder to BearerTokenAuthentication [Principal=net.xzh.authserver.security.token.RedisOpaqueTokenIntrospector$OpaquePrincipal@7aaa7ca0, Credentials=[PROTECTED], Authenticated=true, Details=WebAuthenticationDetails [RemoteIpAddress=127.0.0.1, SessionId=null], Granted Authorities=[ROLE_ADMIN]]
2026-08-15T16:28:24.894+08:00 DEBUG 15028 --- [iam-authorization-server] [nio-9000-exec-1] o.s.security.web.FilterChainProxy        : Secured GET /api/admin/policies
Creating a new SqlSession
SqlSession [org.apache.ibatis.session.defaults.DefaultSqlSession@3a46b504] was not registered for synchronization because synchronization is not active
JDBC Connection [com.alibaba.druid.pool.DruidStatementConnection@20ad64c] will not be managed by Spring
==>  Preparing: SELECT id,client_id,allowed_roles,status,remark,create_time,update_time FROM iam_client_policy
==> Parameters: 
<==    Columns: id, client_id, allowed_roles, status, remark, create_time, update_time
<==        Row: 2, admin-app, , 0, , 2026-08-15 16:11:16, 2026-08-15 16:11:16
<==      Total: 1
Closing non transactional SqlSession [org.apache.ibatis.session.defaults.DefaultSqlSession@3a46b504]
Creating a new SqlSession
SqlSession [org.apache.ibatis.session.defaults.DefaultSqlSession@37086013] was not registered for synchronization because synchronization is not active
JDBC Connection [com.alibaba.druid.pool.DruidStatementConnection@20ad64c] will not be managed by Spring
==>  Preparing: SELECT id,client_id,client_id_issued_at,client_secret,client_secret_expires_at,client_name,client_authentication_methods,authorization_grant_types,redirect_uris,post_logout_redirect_uris,scopes,client_settings,token_settings FROM oauth2_registered_client
==> Parameters: 
<==    Columns: id, client_id, client_id_issued_at, client_secret, client_secret_expires_at, client_name, client_authentication_methods, authorization_grant_types, redirect_uris, post_logout_redirect_uris, scopes, client_settings, token_settings
<==        Row: 1, resource-server, 2026-08-13 09:56:12, $2a$10$ov3NUrdkAHujSRdGbDZF6O9h2cjZq4Zl17fL3TA5Nhs94mE/PmH8e, null, 资源服务器, client_secret_basic, client_credentials, , , read,write, {"requireProofKey":false,"requireAuthorizationConsent":false}, {"accessTokenFormat":"reference","authorizationCodeTimeToLive":"PT5M","accessTokenTimeToLive":"PT30M","reuseRefreshTokens":false}
<==        Row: 2, admin-app, 2026-08-13 12:00:00, $2a$10$ov3NUrdkAHujSRdGbDZF6O9h2cjZq4Zl17fL3TA5Nhs94mE/PmH8e, null, 管理后台, client_secret_basic, refresh_token,authorization_code, http://localhost:8085/login/oauth2/code/admin-app, http://localhost:8001/logged-out, openid,profile,read,write, {"requireProofKey":false,"requireAuthorizationConsent":false}, {"accessTokenFormat":"reference","authorizationCodeTimeToLive":"PT5M","accessTokenTimeToLive":"PT2H","reuseRefreshTokens":true}
<==        Row: 3, portal-app, 2026-08-11 20:00:08, $2a$10$ov3NUrdkAHujSRdGbDZF6O9h2cjZq4Zl17fL3TA5Nhs94mE/PmH8e, null, 门户应用 (SSO), client_secret_basic, refresh_token,authorization_code, http://localhost:8083/portal-sso-callback,http://localhost:8081/portal-sso-callback,http://localhost:8080/login/oauth2/code/portal-app-oidc, http://localhost:8000/logged-out,http://localhost:8080/logged-out, openid,profile,email, {"requireProofKey":false,"requireAuthorizationConsent":false}, {"accessTokenFormat":"reference","authorizationCodeTimeToLive":"PT5M","accessTokenTimeToLive":"PT2H","reuseRefreshTokens":false}
<==        Row: 4, web-app, 2026-08-11 20:00:08, $2a$10$ov3NUrdkAHujSRdGbDZF6O9h2cjZq4Zl17fL3TA5Nhs94mE/PmH8e, null, Web 应用客户端, client_secret_basic,client_secret_post, authorization_code,refresh_token,password, http://localhost:8081/callback,http://127.0.0.1:8081/callback, http://localhost:8081/logout, openid,profile,email,read,write, {"requireProofKey":false,"requireAuthorizationConsent":true}, {"accessTokenFormat":"REFERENCE","accessTokenTimeToLive":"PT2H","reuseRefreshTokens":false,"idTokenSignatureAlgorithm":"RS256"}
<==        Row: 5, device-app, 2026-08-11 20:00:08, null, null, 设备码客户端, none, refresh_token,urn:ietf:params:oauth:grant-type:device_code, null, null, openid,profile,email,read, {"requireProofKey":false,"requireAuthorizationConsent":true}, {"accessTokenFormat":"REFERENCE","accessTokenTimeToLive":"PT1H","reuseRefreshTokens":false}
<==        Row: 6, mobile-app, 2026-08-11 20:00:08, null, null, 移动应用客户端(PKCE), none, authorization_code,refresh_token, com.example.mobileapp://oauth2/redirect,http://localhost:8083/callback, http://localhost:8083/logout, openid,profile,email,read,write, {"requireProofKey":true,"requireAuthorizationConsent":true}, {"accessTokenFormat":"REFERENCE","accessTokenTimeToLive":"PT2H","reuseRefreshTokens":false,"idTokenSignatureAlgorithm":"RS256"}
<==        Row: 7, service-app, 2026-08-11 20:00:08, $2a$10$ov3NUrdkAHujSRdGbDZF6O9h2cjZq4Zl17fL3TA5Nhs94mE/PmH8e, null, 服务间调用客户端, client_secret_basic, client_credentials, null, null, read,write, {"requireProofKey":false,"requireAuthorizationConsent":true}, {"accessTokenFormat":"REFERENCE","accessTokenTimeToLive":"PT30M","reuseRefreshTokens":false}
<==      Total: 7
Closing non transactional SqlSession [org.apache.ibatis.session.defaults.DefaultSqlSession@37086013]
2026-08-15T16:28:49.465+08:00 DEBUG 15028 --- [iam-authorization-server] [nio-9000-exec-6] o.s.security.web.FilterChainProxy        : Securing GET /oauth2/authorize?response_type=code&client_id=admin-app&scope=openid%20profile%20read%20write&state=HGMrNL2X4kiAvYO5u5qzk7cSsLzOOyQQmVwVmTc94ZI%3D&redirect_uri=http://localhost:8085/login/oauth2/code/admin-app&nonce=6li28AwspxM_HP3SeXwi3-P4OsWDn966i55Az90d_sU
2026-08-15T16:28:49.468+08:00 DEBUG 15028 --- [iam-authorization-server] [nio-9000-exec-6] o.s.s.w.a.AnonymousAuthenticationFilter  : Set SecurityContextHolder to anonymous SecurityContext
2026-08-15T16:28:49.469+08:00 DEBUG 15028 --- [iam-authorization-server] [nio-9000-exec-6] o.s.s.w.s.HttpSessionRequestCache        : Saved request http://localhost:9000/oauth2/authorize?response_type=code&client_id=admin-app&scope=openid%20profile%20read%20write&state=HGMrNL2X4kiAvYO5u5qzk7cSsLzOOyQQmVwVmTc94ZI%3D&redirect_uri=http://localhost:8085/login/oauth2/code/admin-app&nonce=6li28AwspxM_HP3SeXwi3-P4OsWDn966i55Az90d_sU&continue to session
2026-08-15T16:28:49.470+08:00 DEBUG 15028 --- [iam-authorization-server] [nio-9000-exec-6] s.w.a.DelegatingAuthenticationEntryPoint : Trying to match using MediaTypeRequestMatcher [contentNegotiationStrategy=org.springframework.web.accept.HeaderContentNegotiationStrategy@48ee74be, matchingMediaTypes=[text/html], useEquals=false, ignoredMediaTypes=[]]
2026-08-15T16:28:49.470+08:00 DEBUG 15028 --- [iam-authorization-server] [nio-9000-exec-6] s.w.a.DelegatingAuthenticationEntryPoint : Match found! Executing org.springframework.security.web.authentication.LoginUrlAuthenticationEntryPoint@7509fb0e
2026-08-15T16:28:49.471+08:00 DEBUG 15028 --- [iam-authorization-server] [nio-9000-exec-6] o.s.s.web.DefaultRedirectStrategy        : Redirecting to http://localhost:9000/login.html
2026-08-15T16:28:49.504+08:00 DEBUG 15028 --- [iam-authorization-server] [nio-9000-exec-4] o.s.security.web.FilterChainProxy        : Securing GET /login.html
2026-08-15T16:28:49.509+08:00 DEBUG 15028 --- [iam-authorization-server] [nio-9000-exec-4] o.s.s.w.a.AnonymousAuthenticationFilter  : Set SecurityContextHolder to anonymous SecurityContext
2026-08-15T16:28:49.510+08:00 DEBUG 15028 --- [iam-authorization-server] [nio-9000-exec-4] o.s.security.web.FilterChainProxy        : Secured GET /login.html
2026-08-15T16:28:49.557+08:00 DEBUG 15028 --- [iam-authorization-server] [nio-9000-exec-3] o.s.security.web.FilterChainProxy        : Securing POST /login
JDBC Connection [com.alibaba.druid.pool.DruidStatementConnection@20ad64c] will not be managed by Spring
==>  Preparing: SELECT id,user_code,username,password,nickname,email,phone,avatar,user_label,enabled,account_non_expired,account_non_locked,credentials_non_expired,create_time,update_time FROM sys_user WHERE (username = ?)
==> Parameters: admin(String)
<==    Columns: id, user_code, username, password, nickname, email, phone, avatar, user_label, enabled, account_non_expired, account_non_locked, credentials_non_expired, create_time, update_time
<==        Row: 1, u_1a2b3c4d5e6f708090a0b0c0d0e0f001, admin, $2a$10$ov3NUrdkAHujSRdGbDZF6O9h2cjZq4Zl17fL3TA5Nhs94mE/PmH8e, 管理员, admin@example.com, null, null, admin, 1, 1, 1, 1, 2026-08-11 20:00:08, 2026-08-15 15:02:38
<==      Total: 1
2026-08-15T16:28:49.569+08:00 DEBUG 15028 --- [iam-authorization-server] [nio-9000-exec-3] n.x.a.s.u.PortalUserDetailsService       : 用户 admin (user_code=u_1a2b3c4d5e6f708090a0b0c0d0e0f001) RBAC 角色: [ROLE_ADMIN]
2026-08-15T16:28:49.650+08:00 DEBUG 15028 --- [iam-authorization-server] [nio-9000-exec-3] o.s.s.a.dao.DaoAuthenticationProvider    : Authenticated user
2026-08-15T16:28:49.651+08:00 DEBUG 15028 --- [iam-authorization-server] [nio-9000-exec-3] .s.ChangeSessionIdAuthenticationStrategy : Changed session id from 8ce343ae-dcfe-40a1-9892-fb6be9852ef1
2026-08-15T16:28:49.659+08:00  INFO 15028 --- [iam-authorization-server] [nio-9000-exec-3] n.x.a.s.session.RedisSessionRegistry     : [RedisSessionRegistry] 注册会话: principal=u_1a2b3c4d5e6f708090a0b0c0d0e0f001, sessionId=3f91b87d-3a07-4017-bc10-7535daccbb67
2026-08-15T16:28:49.660+08:00 DEBUG 15028 --- [iam-authorization-server] [nio-9000-exec-3] w.a.UsernamePasswordAuthenticationFilter : Set SecurityContextHolder to UsernamePasswordAuthenticationToken [Principal=org.springframework.security.core.userdetails.User [Username=u_1a2b3c4d5e6f708090a0b0c0d0e0f001, Password=[PROTECTED], Enabled=true, AccountNonExpired=true, CredentialsNonExpired=true, AccountNonLocked=true, Granted Authorities=[ROLE_ADMIN]], Credentials=[PROTECTED], Authenticated=true, Details=WebAuthenticationDetails [RemoteIpAddress=0:0:0:0:0:0:0:1, SessionId=8ce343ae-dcfe-40a1-9892-fb6be9852ef1], Granted Authorities=[ROLE_ADMIN]]
2026-08-15T16:28:49.660+08:00 DEBUG 15028 --- [iam-authorization-server] [nio-9000-exec-3] o.s.s.web.DefaultRedirectStrategy        : Redirecting to http://localhost:9000/oauth2/authorize?response_type=code&client_id=admin-app&scope=openid%20profile%20read%20write&state=HGMrNL2X4kiAvYO5u5qzk7cSsLzOOyQQmVwVmTc94ZI%3D&redirect_uri=http://localhost:8085/login/oauth2/code/admin-app&nonce=6li28AwspxM_HP3SeXwi3-P4OsWDn966i55Az90d_sU&continue
2026-08-15T16:28:49.690+08:00 DEBUG 15028 --- [iam-authorization-server] [nio-9000-exec-5] o.s.security.web.FilterChainProxy        : Securing GET /oauth2/authorize?response_type=code&client_id=admin-app&scope=openid%20profile%20read%20write&state=HGMrNL2X4kiAvYO5u5qzk7cSsLzOOyQQmVwVmTc94ZI%3D&redirect_uri=http://localhost:8085/login/oauth2/code/admin-app&nonce=6li28AwspxM_HP3SeXwi3-P4OsWDn966i55Az90d_sU&continue
JDBC Connection [com.alibaba.druid.pool.DruidStatementConnection@20ad64c] will not be managed by Spring
==>  Preparing: SELECT id,client_id,allowed_roles,status,remark,create_time,update_time FROM iam_client_policy WHERE (client_id = ?)
==> Parameters: admin-app(String)
<==    Columns: id, client_id, allowed_roles, status, remark, create_time, update_time
<==        Row: 2, admin-app, , 0, , 2026-08-15 16:11:16, 2026-08-15 16:11:16
<==      Total: 1
Creating a new SqlSession
SqlSession [org.apache.ibatis.session.defaults.DefaultSqlSession@7fa3c3b5] was not registered for synchronization because synchronization is not active
JDBC Connection [com.alibaba.druid.pool.DruidStatementConnection@20ad64c] will not be managed by Spring
==>  Preparing: SELECT * FROM oauth2_authorization_consent WHERE registered_client_id = ? AND principal_name = ? LIMIT 1
==> Parameters: 2(String), u_1a2b3c4d5e6f708090a0b0c0d0e0f001(String)
<==      Total: 0
Closing non transactional SqlSession [org.apache.ibatis.session.defaults.DefaultSqlSession@7fa3c3b5]
Creating a new SqlSession
SqlSession [org.apache.ibatis.session.defaults.DefaultSqlSession@176bee6] was not registered for synchronization because synchronization is not active
JDBC Connection [com.alibaba.druid.pool.DruidStatementConnection@20ad64c] will not be managed by Spring
==>  Preparing: SELECT * FROM oauth2_registered_client WHERE client_id = ? LIMIT 1
==> Parameters: u_1a2b3c4d5e6f708090a0b0c0d0e0f001(String)
<==      Total: 0
Closing non transactional SqlSession [org.apache.ibatis.session.defaults.DefaultSqlSession@176bee6]
2026-08-15T16:28:49.724+08:00 DEBUG 15028 --- [iam-authorization-server] [nio-9000-exec-5] .x.a.s.r.RedisOAuth2AuthorizationService : OAuth2Authorization saved to Redis, id=8a5890fe-18d6-47ae-a6f7-c7b405b5338d, user=u_1a2b3c4d5e6f708090a0b0c0d0e0f001
2026-08-15T16:28:49.727+08:00 DEBUG 15028 --- [iam-authorization-server] [nio-9000-exec-5] o.s.s.web.DefaultRedirectStrategy        : Redirecting to http://localhost:8085/login/oauth2/code/admin-app?code=HuPzcqz9DjwMaUu7UOn2V5kJdqPcpIKXN0MwjPjIJgypZ5gqWVzuy6BS4_EnPACME5YZvKsG0y9D_Sl6csJxzXjv_ng5fcLMdebiMDsk17KR8aMFijk_fIrJc0Nbd8mG&state=HGMrNL2X4kiAvYO5u5qzk7cSsLzOOyQQmVwVmTc94ZI%3D
2026-08-15T16:28:49.763+08:00 DEBUG 15028 --- [iam-authorization-server] [nio-9000-exec-7] o.s.security.web.FilterChainProxy        : Securing POST /oauth2/token
2026-08-15T16:28:49.853+08:00 DEBUG 15028 --- [iam-authorization-server] [nio-9000-exec-7] o.s.a.w.OAuth2ClientAuthenticationFilter : Set SecurityContextHolder authentication to OAuth2ClientAuthenticationToken
2026-08-15T16:28:49.862+08:00  INFO 15028 --- [iam-authorization-server] [nio-9000-exec-7] n.x.a.s.session.RedisSessionRegistry     : [RedisSessionRegistry] 注册会话: principal=admin-app, sessionId=227746f0-89cb-475c-9195-d599e50925e2
JDBC Connection [com.alibaba.druid.pool.DruidStatementConnection@20ad64c] will not be managed by Spring
==>  Preparing: SELECT id,client_id,allowed_roles,status,remark,create_time,update_time FROM iam_client_policy WHERE (client_id = ?)
==> Parameters: admin-app(String)
<==    Columns: id, client_id, allowed_roles, status, remark, create_time, update_time
<==        Row: 2, admin-app, , 0, , 2026-08-15 16:11:16, 2026-08-15 16:11:16
<==      Total: 1
JDBC Connection [com.alibaba.druid.pool.DruidStatementConnection@20ad64c] will not be managed by Spring
==>  Preparing: SELECT id,user_code,username,password,nickname,email,phone,avatar,user_label,enabled,account_non_expired,account_non_locked,credentials_non_expired,create_time,update_time FROM sys_user WHERE (user_code = ?)
==> Parameters: u_1a2b3c4d5e6f708090a0b0c0d0e0f001(String)
<==    Columns: id, user_code, username, password, nickname, email, phone, avatar, user_label, enabled, account_non_expired, account_non_locked, credentials_non_expired, create_time, update_time
<==        Row: 1, u_1a2b3c4d5e6f708090a0b0c0d0e0f001, admin, $2a$10$ov3NUrdkAHujSRdGbDZF6O9h2cjZq4Zl17fL3TA5Nhs94mE/PmH8e, 管理员, admin@example.com, null, null, admin, 1, 1, 1, 1, 2026-08-11 20:00:08, 2026-08-15 15:02:38
<==      Total: 1
Creating a new SqlSession
SqlSession [org.apache.ibatis.session.defaults.DefaultSqlSession@2cfa584] was not registered for synchronization because synchronization is not active
JDBC Connection [com.alibaba.druid.pool.DruidStatementConnection@20ad64c] will not be managed by Spring
==>  Preparing: SELECT * FROM oauth2_registered_client WHERE client_id = ? LIMIT 1
==> Parameters: u_1a2b3c4d5e6f708090a0b0c0d0e0f001(String)
<==      Total: 0
Closing non transactional SqlSession [org.apache.ibatis.session.defaults.DefaultSqlSession@2cfa584]
2026-08-15T16:28:49.910+08:00 DEBUG 15028 --- [iam-authorization-server] [nio-9000-exec-7] .x.a.s.r.RedisOAuth2AuthorizationService : OAuth2Authorization saved to Redis, id=8a5890fe-18d6-47ae-a6f7-c7b405b5338d, user=u_1a2b3c4d5e6f708090a0b0c0d0e0f001
2026-08-15T16:28:49.913+08:00 DEBUG 15028 --- [iam-authorization-server] [nio-9000-exec-7] n.x.a.s.web.ActiveClientTrackingFilter   : [ActiveClientTracking] 响应已提交, 跳过 session 写入 clientId=admin-app
JDBC Connection [com.alibaba.druid.pool.DruidStatementConnection@20ad64c] will not be managed by Spring
==>  Preparing: SELECT id,user_code,username,password,nickname,email,phone,avatar,user_label,enabled,account_non_expired,account_non_locked,credentials_non_expired,create_time,update_time FROM sys_user WHERE (user_code = ?)
==> Parameters: u_1a2b3c4d5e6f708090a0b0c0d0e0f001(String)
<==    Columns: id, user_code, username, password, nickname, email, phone, avatar, user_label, enabled, account_non_expired, account_non_locked, credentials_non_expired, create_time, update_time
<==        Row: 1, u_1a2b3c4d5e6f708090a0b0c0d0e0f001, admin, $2a$10$ov3NUrdkAHujSRdGbDZF6O9h2cjZq4Zl17fL3TA5Nhs94mE/PmH8e, 管理员, admin@example.com, null, null, admin, 1, 1, 1, 1, 2026-08-11 20:00:08, 2026-08-15 15:02:38
<==      Total: 1
2026-08-15T16:28:49.933+08:00 DEBUG 15028 --- [iam-authorization-server] [nio-9000-exec-8] n.x.a.s.u.PortalUserDetailsService       : 用户 admin (user_code=u_1a2b3c4d5e6f708090a0b0c0d0e0f001) RBAC 角色: [ROLE_ADMIN]
2026-08-15T16:28:49.934+08:00 DEBUG 15028 --- [iam-authorization-server] [nio-9000-exec-8] n.x.a.s.t.RedisOpaqueTokenIntrospector   : Opaque token introspect success, sub=u_1a2b3c4d5e6f708090a0b0c0d0e0f001, scope=[read, openid, profile, write]
JDBC Connection [com.alibaba.druid.pool.DruidStatementConnection@20ad64c] will not be managed by Spring
==>  Preparing: SELECT id,user_code,username,password,nickname,email,phone,avatar,user_label,enabled,account_non_expired,account_non_locked,credentials_non_expired,create_time,update_time FROM sys_user WHERE (user_code = ?)
==> Parameters: u_1a2b3c4d5e6f708090a0b0c0d0e0f001(String)
<==    Columns: id, user_code, username, password, nickname, email, phone, avatar, user_label, enabled, account_non_expired, account_non_locked, credentials_non_expired, create_time, update_time
<==        Row: 1, u_1a2b3c4d5e6f708090a0b0c0d0e0f001, admin, $2a$10$ov3NUrdkAHujSRdGbDZF6O9h2cjZq4Zl17fL3TA5Nhs94mE/PmH8e, 管理员, admin@example.com, null, null, admin, 1, 1, 1, 1, 2026-08-11 20:00:08, 2026-08-15 15:02:38
<==      Total: 1
2026-08-15T16:28:50.035+08:00 DEBUG 15028 --- [iam-authorization-server] [nio-9000-exec-9] o.s.security.web.FilterChainProxy        : Securing POST /api/admin/tenants
JDBC Connection [com.alibaba.druid.pool.DruidStatementConnection@20ad64c] will not be managed by Spring
==>  Preparing: SELECT id,user_code,username,password,nickname,email,phone,avatar,user_label,enabled,account_non_expired,account_non_locked,credentials_non_expired,create_time,update_time FROM sys_user WHERE (user_code = ?)
==> Parameters: u_1a2b3c4d5e6f708090a0b0c0d0e0f001(String)
<==    Columns: id, user_code, username, password, nickname, email, phone, avatar, user_label, enabled, account_non_expired, account_non_locked, credentials_non_expired, create_time, update_time
<==        Row: 1, u_1a2b3c4d5e6f708090a0b0c0d0e0f001, admin, $2a$10$ov3NUrdkAHujSRdGbDZF6O9h2cjZq4Zl17fL3TA5Nhs94mE/PmH8e, 管理员, admin@example.com, null, null, admin, 1, 1, 1, 1, 2026-08-11 20:00:08, 2026-08-15 15:02:38
<==      Total: 1
2026-08-15T16:28:50.050+08:00 DEBUG 15028 --- [iam-authorization-server] [nio-9000-exec-9] n.x.a.s.u.PortalUserDetailsService       : 用户 admin (user_code=u_1a2b3c4d5e6f708090a0b0c0d0e0f001) RBAC 角色: [ROLE_ADMIN]
2026-08-15T16:28:50.050+08:00 DEBUG 15028 --- [iam-authorization-server] [nio-9000-exec-9] n.x.a.s.t.RedisOpaqueTokenIntrospector   : Opaque token introspect success, sub=u_1a2b3c4d5e6f708090a0b0c0d0e0f001, scope=[read, openid, profile, write]
2026-08-15T16:28:50.051+08:00 DEBUG 15028 --- [iam-authorization-server] [nio-9000-exec-9] .s.r.a.OpaqueTokenAuthenticationProvider : Authenticated token
2026-08-15T16:28:50.051+08:00 DEBUG 15028 --- [iam-authorization-server] [nio-9000-exec-9] .s.r.w.a.BearerTokenAuthenticationFilter : Set SecurityContextHolder to BearerTokenAuthentication [Principal=net.xzh.authserver.security.token.RedisOpaqueTokenIntrospector$OpaquePrincipal@71a70211, Credentials=[PROTECTED], Authenticated=true, Details=WebAuthenticationDetails [RemoteIpAddress=127.0.0.1, SessionId=null], Granted Authorities=[ROLE_ADMIN]]
2026-08-15T16:28:50.051+08:00 DEBUG 15028 --- [iam-authorization-server] [nio-9000-exec-9] o.s.security.web.FilterChainProxy        : Secured POST /api/admin/tenants
Creating a new SqlSession
Registering transaction synchronization for SqlSession [org.apache.ibatis.session.defaults.DefaultSqlSession@f7c808b]
JDBC Connection [com.alibaba.druid.pool.DruidStatementConnection@20ad64c] will be managed by Spring
==>  Preparing: SELECT COUNT( * ) AS total FROM iam_tenant WHERE (tenant_code = ?)
==> Parameters: T_PTEST(String)
<==    Columns: total
<==        Row: 0
<==      Total: 1
Releasing transactional SqlSession [org.apache.ibatis.session.defaults.DefaultSqlSession@f7c808b]
Fetched SqlSession [org.apache.ibatis.session.defaults.DefaultSqlSession@f7c808b] from current transaction
==>  Preparing: INSERT INTO iam_tenant ( tenant_code, tenant_name, status, create_time, update_time ) VALUES ( ?, ?, ?, ?, ? )
==> Parameters: T_PTEST(String), ??????PTEST(String), true(Boolean), 2026-08-15T16:28:50.080451400(LocalDateTime), 2026-08-15T16:28:50.080451400(LocalDateTime)
<==    Updates: 1
Releasing transactional SqlSession [org.apache.ibatis.session.defaults.DefaultSqlSession@f7c808b]
2026-08-15T16:28:50.089+08:00  INFO 15028 --- [iam-authorization-server] [nio-9000-exec-9] n.xzh.authserver.service.TenantService   : 新增租户 tenantCode=T_PTEST
Transaction synchronization committing SqlSession [org.apache.ibatis.session.defaults.DefaultSqlSession@f7c808b]
Transaction synchronization deregistering SqlSession [org.apache.ibatis.session.defaults.DefaultSqlSession@f7c808b]
Transaction synchronization closing SqlSession [org.apache.ibatis.session.defaults.DefaultSqlSession@f7c808b]
2026-08-15T16:28:50.146+08:00 DEBUG 15028 --- [iam-authorization-server] [io-9000-exec-10] o.s.security.web.FilterChainProxy        : Securing GET /api/admin/tenants
JDBC Connection [com.alibaba.druid.pool.DruidStatementConnection@20ad64c] will not be managed by Spring
==>  Preparing: SELECT id,user_code,username,password,nickname,email,phone,avatar,user_label,enabled,account_non_expired,account_non_locked,credentials_non_expired,create_time,update_time FROM sys_user WHERE (user_code = ?)
==> Parameters: u_1a2b3c4d5e6f708090a0b0c0d0e0f001(String)
<==    Columns: id, user_code, username, password, nickname, email, phone, avatar, user_label, enabled, account_non_expired, account_non_locked, credentials_non_expired, create_time, update_time
<==        Row: 1, u_1a2b3c4d5e6f708090a0b0c0d0e0f001, admin, $2a$10$ov3NUrdkAHujSRdGbDZF6O9h2cjZq4Zl17fL3TA5Nhs94mE/PmH8e, 管理员, admin@example.com, null, null, admin, 1, 1, 1, 1, 2026-08-11 20:00:08, 2026-08-15 15:02:38
<==      Total: 1
2026-08-15T16:28:50.164+08:00 DEBUG 15028 --- [iam-authorization-server] [io-9000-exec-10] n.x.a.s.u.PortalUserDetailsService       : 用户 admin (user_code=u_1a2b3c4d5e6f708090a0b0c0d0e0f001) RBAC 角色: [ROLE_ADMIN]
2026-08-15T16:28:50.164+08:00 DEBUG 15028 --- [iam-authorization-server] [io-9000-exec-10] n.x.a.s.t.RedisOpaqueTokenIntrospector   : Opaque token introspect success, sub=u_1a2b3c4d5e6f708090a0b0c0d0e0f001, scope=[read, openid, profile, write]
2026-08-15T16:28:50.164+08:00 DEBUG 15028 --- [iam-authorization-server] [io-9000-exec-10] .s.r.a.OpaqueTokenAuthenticationProvider : Authenticated token
2026-08-15T16:28:50.165+08:00 DEBUG 15028 --- [iam-authorization-server] [io-9000-exec-10] .s.r.w.a.BearerTokenAuthenticationFilter : Set SecurityContextHolder to BearerTokenAuthentication [Principal=net.xzh.authserver.security.token.RedisOpaqueTokenIntrospector$OpaquePrincipal@16ab6fab, Credentials=[PROTECTED], Authenticated=true, Details=WebAuthenticationDetails [RemoteIpAddress=127.0.0.1, SessionId=null], Granted Authorities=[ROLE_ADMIN]]
2026-08-15T16:28:50.165+08:00 DEBUG 15028 --- [iam-authorization-server] [io-9000-exec-10] o.s.security.web.FilterChainProxy        : Secured GET /api/admin/tenants
Creating a new SqlSession
SqlSession [org.apache.ibatis.session.defaults.DefaultSqlSession@e5a72e7] was not registered for synchronization because synchronization is not active
JDBC Connection [com.alibaba.druid.pool.DruidStatementConnection@20ad64c] will not be managed by Spring
==>  Preparing: SELECT id,tenant_code,tenant_name,status,create_time,update_time FROM iam_tenant ORDER BY id ASC
==> Parameters: 
<==    Columns: id, tenant_code, tenant_name, status, create_time, update_time
<==        Row: 1, T001, 演示企业, 1, 2026-08-15 15:02:38, 2026-08-15 15:02:38
<==        Row: 2, T_PTEST, ??????PTEST, 1, 2026-08-15 16:28:50, 2026-08-15 16:28:50
<==      Total: 2
Closing non transactional SqlSession [org.apache.ibatis.session.defaults.DefaultSqlSession@e5a72e7]
2026-08-15T16:28:50.289+08:00 DEBUG 15028 --- [iam-authorization-server] [nio-9000-exec-1] o.s.security.web.FilterChainProxy        : Securing PUT /api/admin/tenants/2
JDBC Connection [com.alibaba.druid.pool.DruidStatementConnection@20ad64c] will not be managed by Spring
==>  Preparing: SELECT id,user_code,username,password,nickname,email,phone,avatar,user_label,enabled,account_non_expired,account_non_locked,credentials_non_expired,create_time,update_time FROM sys_user WHERE (user_code = ?)
==> Parameters: u_1a2b3c4d5e6f708090a0b0c0d0e0f001(String)
<==    Columns: id, user_code, username, password, nickname, email, phone, avatar, user_label, enabled, account_non_expired, account_non_locked, credentials_non_expired, create_time, update_time
<==        Row: 1, u_1a2b3c4d5e6f708090a0b0c0d0e0f001, admin, $2a$10$ov3NUrdkAHujSRdGbDZF6O9h2cjZq4Zl17fL3TA5Nhs94mE/PmH8e, 管理员, admin@example.com, null, null, admin, 1, 1, 1, 1, 2026-08-11 20:00:08, 2026-08-15 15:02:38
<==      Total: 1
2026-08-15T16:28:50.304+08:00 DEBUG 15028 --- [iam-authorization-server] [nio-9000-exec-1] n.x.a.s.u.PortalUserDetailsService       : 用户 admin (user_code=u_1a2b3c4d5e6f708090a0b0c0d0e0f001) RBAC 角色: [ROLE_ADMIN]
2026-08-15T16:28:50.305+08:00 DEBUG 15028 --- [iam-authorization-server] [nio-9000-exec-1] n.x.a.s.t.RedisOpaqueTokenIntrospector   : Opaque token introspect success, sub=u_1a2b3c4d5e6f708090a0b0c0d0e0f001, scope=[read, openid, profile, write]
2026-08-15T16:28:50.305+08:00 DEBUG 15028 --- [iam-authorization-server] [nio-9000-exec-1] .s.r.a.OpaqueTokenAuthenticationProvider : Authenticated token
2026-08-15T16:28:50.305+08:00 DEBUG 15028 --- [iam-authorization-server] [nio-9000-exec-1] .s.r.w.a.BearerTokenAuthenticationFilter : Set SecurityContextHolder to BearerTokenAuthentication [Principal=net.xzh.authserver.security.token.RedisOpaqueTokenIntrospector$OpaquePrincipal@5cf2f783, Credentials=[PROTECTED], Authenticated=true, Details=WebAuthenticationDetails [RemoteIpAddress=127.0.0.1, SessionId=null], Granted Authorities=[ROLE_ADMIN]]
2026-08-15T16:28:50.306+08:00 DEBUG 15028 --- [iam-authorization-server] [nio-9000-exec-1] o.s.security.web.FilterChainProxy        : Secured PUT /api/admin/tenants/2
2026-08-15T16:28:50.317+08:00  WARN 15028 --- [iam-authorization-server] [nio-9000-exec-1] .w.s.m.s.DefaultHandlerExceptionResolver : Resolved [org.springframework.http.converter.HttpMessageNotReadableException: JSON parse error: Unexpected character ('s' (code 115)): was expecting comma to separate Object entries]
2026-08-15T16:28:50.389+08:00 DEBUG 15028 --- [iam-authorization-server] [nio-9000-exec-2] o.s.security.web.FilterChainProxy        : Securing GET /api/admin/tenants
JDBC Connection [com.alibaba.druid.pool.DruidStatementConnection@20ad64c] will not be managed by Spring
==>  Preparing: SELECT id,user_code,username,password,nickname,email,phone,avatar,user_label,enabled,account_non_expired,account_non_locked,credentials_non_expired,create_time,update_time FROM sys_user WHERE (user_code = ?)
==> Parameters: u_1a2b3c4d5e6f708090a0b0c0d0e0f001(String)
<==    Columns: id, user_code, username, password, nickname, email, phone, avatar, user_label, enabled, account_non_expired, account_non_locked, credentials_non_expired, create_time, update_time
<==        Row: 1, u_1a2b3c4d5e6f708090a0b0c0d0e0f001, admin, $2a$10$ov3NUrdkAHujSRdGbDZF6O9h2cjZq4Zl17fL3TA5Nhs94mE/PmH8e, 管理员, admin@example.com, null, null, admin, 1, 1, 1, 1, 2026-08-11 20:00:08, 2026-08-15 15:02:38
<==      Total: 1
2026-08-15T16:28:50.405+08:00 DEBUG 15028 --- [iam-authorization-server] [nio-9000-exec-2] n.x.a.s.u.PortalUserDetailsService       : 用户 admin (user_code=u_1a2b3c4d5e6f708090a0b0c0d0e0f001) RBAC 角色: [ROLE_ADMIN]
2026-08-15T16:28:50.405+08:00 DEBUG 15028 --- [iam-authorization-server] [nio-9000-exec-2] n.x.a.s.t.RedisOpaqueTokenIntrospector   : Opaque token introspect success, sub=u_1a2b3c4d5e6f708090a0b0c0d0e0f001, scope=[read, openid, profile, write]
2026-08-15T16:28:50.406+08:00 DEBUG 15028 --- [iam-authorization-server] [nio-9000-exec-2] .s.r.a.OpaqueTokenAuthenticationProvider : Authenticated token
2026-08-15T16:28:50.406+08:00 DEBUG 15028 --- [iam-authorization-server] [nio-9000-exec-2] .s.r.w.a.BearerTokenAuthenticationFilter : Set SecurityContextHolder to BearerTokenAuthentication [Principal=net.xzh.authserver.security.token.RedisOpaqueTokenIntrospector$OpaquePrincipal@2dcebbfe, Credentials=[PROTECTED], Authenticated=true, Details=WebAuthenticationDetails [RemoteIpAddress=127.0.0.1, SessionId=null], Granted Authorities=[ROLE_ADMIN]]
2026-08-15T16:28:50.406+08:00 DEBUG 15028 --- [iam-authorization-server] [nio-9000-exec-2] o.s.security.web.FilterChainProxy        : Secured GET /api/admin/tenants
Creating a new SqlSession
SqlSession [org.apache.ibatis.session.defaults.DefaultSqlSession@77b9ee67] was not registered for synchronization because synchronization is not active
JDBC Connection [com.alibaba.druid.pool.DruidStatementConnection@20ad64c] will not be managed by Spring
==>  Preparing: SELECT id,tenant_code,tenant_name,status,create_time,update_time FROM iam_tenant ORDER BY id ASC
==> Parameters: 
<==    Columns: id, tenant_code, tenant_name, status, create_time, update_time
<==        Row: 1, T001, 演示企业, 1, 2026-08-15 15:02:38, 2026-08-15 15:02:38
<==        Row: 2, T_PTEST, ??????PTEST, 1, 2026-08-15 16:28:50, 2026-08-15 16:28:50
<==      Total: 2
Closing non transactional SqlSession [org.apache.ibatis.session.defaults.DefaultSqlSession@77b9ee67]
2026-08-15T16:28:50.458+08:00 DEBUG 15028 --- [iam-authorization-server] [nio-9000-exec-6] o.s.security.web.FilterChainProxy        : Securing DELETE /api/admin/tenants/2
JDBC Connection [com.alibaba.druid.pool.DruidStatementConnection@20ad64c] will not be managed by Spring
==>  Preparing: SELECT id,user_code,username,password,nickname,email,phone,avatar,user_label,enabled,account_non_expired,account_non_locked,credentials_non_expired,create_time,update_time FROM sys_user WHERE (user_code = ?)
==> Parameters: u_1a2b3c4d5e6f708090a0b0c0d0e0f001(String)
<==    Columns: id, user_code, username, password, nickname, email, phone, avatar, user_label, enabled, account_non_expired, account_non_locked, credentials_non_expired, create_time, update_time
<==        Row: 1, u_1a2b3c4d5e6f708090a0b0c0d0e0f001, admin, $2a$10$ov3NUrdkAHujSRdGbDZF6O9h2cjZq4Zl17fL3TA5Nhs94mE/PmH8e, 管理员, admin@example.com, null, null, admin, 1, 1, 1, 1, 2026-08-11 20:00:08, 2026-08-15 15:02:38
<==      Total: 1
2026-08-15T16:28:50.475+08:00 DEBUG 15028 --- [iam-authorization-server] [nio-9000-exec-6] n.x.a.s.u.PortalUserDetailsService       : 用户 admin (user_code=u_1a2b3c4d5e6f708090a0b0c0d0e0f001) RBAC 角色: [ROLE_ADMIN]
2026-08-15T16:28:50.476+08:00 DEBUG 15028 --- [iam-authorization-server] [nio-9000-exec-6] n.x.a.s.t.RedisOpaqueTokenIntrospector   : Opaque token introspect success, sub=u_1a2b3c4d5e6f708090a0b0c0d0e0f001, scope=[read, openid, profile, write]
2026-08-15T16:28:50.476+08:00 DEBUG 15028 --- [iam-authorization-server] [nio-9000-exec-6] .s.r.a.OpaqueTokenAuthenticationProvider : Authenticated token
2026-08-15T16:28:50.476+08:00 DEBUG 15028 --- [iam-authorization-server] [nio-9000-exec-6] .s.r.w.a.BearerTokenAuthenticationFilter : Set SecurityContextHolder to BearerTokenAuthentication [Principal=net.xzh.authserver.security.token.RedisOpaqueTokenIntrospector$OpaquePrincipal@3b087534, Credentials=[PROTECTED], Authenticated=true, Details=WebAuthenticationDetails [RemoteIpAddress=127.0.0.1, SessionId=null], Granted Authorities=[ROLE_ADMIN]]
2026-08-15T16:28:50.477+08:00 DEBUG 15028 --- [iam-authorization-server] [nio-9000-exec-6] o.s.security.web.FilterChainProxy        : Secured DELETE /api/admin/tenants/2
Creating a new SqlSession
Registering transaction synchronization for SqlSession [org.apache.ibatis.session.defaults.DefaultSqlSession@1a6e5b84]
JDBC Connection [com.alibaba.druid.pool.DruidStatementConnection@20ad64c] will be managed by Spring
==>  Preparing: SELECT id,tenant_code,tenant_name,status,create_time,update_time FROM iam_tenant WHERE id=?
==> Parameters: 2(Long)
<==    Columns: id, tenant_code, tenant_name, status, create_time, update_time
<==        Row: 2, T_PTEST, ??????PTEST, 1, 2026-08-15 16:28:50, 2026-08-15 16:28:50
<==      Total: 1
Releasing transactional SqlSession [org.apache.ibatis.session.defaults.DefaultSqlSession@1a6e5b84]
Fetched SqlSession [org.apache.ibatis.session.defaults.DefaultSqlSession@1a6e5b84] from current transaction
==>  Preparing: DELETE FROM iam_tenant WHERE id=?
==> Parameters: 2(Long)
<==    Updates: 1
Releasing transactional SqlSession [org.apache.ibatis.session.defaults.DefaultSqlSession@1a6e5b84]
Fetched SqlSession [org.apache.ibatis.session.defaults.DefaultSqlSession@1a6e5b84] from current transaction
==>  Preparing: DELETE FROM iam_tenant_user WHERE (tenant_id = ?)
==> Parameters: 2(Long)
<==    Updates: 0
Releasing transactional SqlSession [org.apache.ibatis.session.defaults.DefaultSqlSession@1a6e5b84]
2026-08-15T16:28:50.500+08:00  INFO 15028 --- [iam-authorization-server] [nio-9000-exec-6] n.xzh.authserver.service.TenantService   : 删除租户 id=2, tenantCode=T_PTEST
Transaction synchronization committing SqlSession [org.apache.ibatis.session.defaults.DefaultSqlSession@1a6e5b84]
Transaction synchronization deregistering SqlSession [org.apache.ibatis.session.defaults.DefaultSqlSession@1a6e5b84]
Transaction synchronization closing SqlSession [org.apache.ibatis.session.defaults.DefaultSqlSession@1a6e5b84]
2026-08-15T16:28:50.541+08:00 DEBUG 15028 --- [iam-authorization-server] [nio-9000-exec-4] o.s.security.web.FilterChainProxy        : Securing GET /api/admin/tenants
JDBC Connection [com.alibaba.druid.pool.DruidStatementConnection@20ad64c] will not be managed by Spring
==>  Preparing: SELECT id,user_code,username,password,nickname,email,phone,avatar,user_label,enabled,account_non_expired,account_non_locked,credentials_non_expired,create_time,update_time FROM sys_user WHERE (user_code = ?)
==> Parameters: u_1a2b3c4d5e6f708090a0b0c0d0e0f001(String)
<==    Columns: id, user_code, username, password, nickname, email, phone, avatar, user_label, enabled, account_non_expired, account_non_locked, credentials_non_expired, create_time, update_time
<==        Row: 1, u_1a2b3c4d5e6f708090a0b0c0d0e0f001, admin, $2a$10$ov3NUrdkAHujSRdGbDZF6O9h2cjZq4Zl17fL3TA5Nhs94mE/PmH8e, 管理员, admin@example.com, null, null, admin, 1, 1, 1, 1, 2026-08-11 20:00:08, 2026-08-15 15:02:38
<==      Total: 1
2026-08-15T16:28:50.558+08:00 DEBUG 15028 --- [iam-authorization-server] [nio-9000-exec-4] n.x.a.s.u.PortalUserDetailsService       : 用户 admin (user_code=u_1a2b3c4d5e6f708090a0b0c0d0e0f001) RBAC 角色: [ROLE_ADMIN]
2026-08-15T16:28:50.558+08:00 DEBUG 15028 --- [iam-authorization-server] [nio-9000-exec-4] n.x.a.s.t.RedisOpaqueTokenIntrospector   : Opaque token introspect success, sub=u_1a2b3c4d5e6f708090a0b0c0d0e0f001, scope=[read, openid, profile, write]
2026-08-15T16:28:50.558+08:00 DEBUG 15028 --- [iam-authorization-server] [nio-9000-exec-4] .s.r.a.OpaqueTokenAuthenticationProvider : Authenticated token
2026-08-15T16:28:50.558+08:00 DEBUG 15028 --- [iam-authorization-server] [nio-9000-exec-4] .s.r.w.a.BearerTokenAuthenticationFilter : Set SecurityContextHolder to BearerTokenAuthentication [Principal=net.xzh.authserver.security.token.RedisOpaqueTokenIntrospector$OpaquePrincipal@2364c29f, Credentials=[PROTECTED], Authenticated=true, Details=WebAuthenticationDetails [RemoteIpAddress=127.0.0.1, SessionId=null], Granted Authorities=[ROLE_ADMIN]]
2026-08-15T16:28:50.559+08:00 DEBUG 15028 --- [iam-authorization-server] [nio-9000-exec-4] o.s.security.web.FilterChainProxy        : Secured GET /api/admin/tenants
Creating a new SqlSession
SqlSession [org.apache.ibatis.session.defaults.DefaultSqlSession@2401df1f] was not registered for synchronization because synchronization is not active
JDBC Connection [com.alibaba.druid.pool.DruidStatementConnection@20ad64c] will not be managed by Spring
==>  Preparing: SELECT id,tenant_code,tenant_name,status,create_time,update_time FROM iam_tenant ORDER BY id ASC
==> Parameters: 
<==    Columns: id, tenant_code, tenant_name, status, create_time, update_time
<==        Row: 1, T001, 演示企业, 1, 2026-08-15 15:02:38, 2026-08-15 15:02:38
<==      Total: 1
Closing non transactional SqlSession [org.apache.ibatis.session.defaults.DefaultSqlSession@2401df1f]
2026-08-15T16:29:29.062+08:00 DEBUG 15028 --- [iam-authorization-server] [nio-9000-exec-8] o.s.security.web.FilterChainProxy        : Securing GET /oauth2/authorize?response_type=code&client_id=admin-app&scope=openid%20profile%20read%20write&state=zYdVgo3g_nOSIoc75O01uAH2g6ZRatOk_KKc21DLFjw%3D&redirect_uri=http://localhost:8085/login/oauth2/code/admin-app&nonce=aS3IqkC6YFO7XkzCkbQ7Feonyns3p2zfpPNcKhtdIl8
2026-08-15T16:29:29.066+08:00 DEBUG 15028 --- [iam-authorization-server] [nio-9000-exec-8] o.s.s.w.a.AnonymousAuthenticationFilter  : Set SecurityContextHolder to anonymous SecurityContext
2026-08-15T16:29:29.067+08:00 DEBUG 15028 --- [iam-authorization-server] [nio-9000-exec-8] o.s.s.w.s.HttpSessionRequestCache        : Saved request http://localhost:9000/oauth2/authorize?response_type=code&client_id=admin-app&scope=openid%20profile%20read%20write&state=zYdVgo3g_nOSIoc75O01uAH2g6ZRatOk_KKc21DLFjw%3D&redirect_uri=http://localhost:8085/login/oauth2/code/admin-app&nonce=aS3IqkC6YFO7XkzCkbQ7Feonyns3p2zfpPNcKhtdIl8&continue to session
2026-08-15T16:29:29.067+08:00 DEBUG 15028 --- [iam-authorization-server] [nio-9000-exec-8] s.w.a.DelegatingAuthenticationEntryPoint : Trying to match using MediaTypeRequestMatcher [contentNegotiationStrategy=org.springframework.web.accept.HeaderContentNegotiationStrategy@48ee74be, matchingMediaTypes=[text/html], useEquals=false, ignoredMediaTypes=[]]
2026-08-15T16:29:29.068+08:00 DEBUG 15028 --- [iam-authorization-server] [nio-9000-exec-8] s.w.a.DelegatingAuthenticationEntryPoint : Match found! Executing org.springframework.security.web.authentication.LoginUrlAuthenticationEntryPoint@7509fb0e
2026-08-15T16:29:29.068+08:00 DEBUG 15028 --- [iam-authorization-server] [nio-9000-exec-8] o.s.s.web.DefaultRedirectStrategy        : Redirecting to http://localhost:9000/login.html
2026-08-15T16:29:29.107+08:00 DEBUG 15028 --- [iam-authorization-server] [nio-9000-exec-9] o.s.security.web.FilterChainProxy        : Securing GET /login.html
2026-08-15T16:29:29.114+08:00 DEBUG 15028 --- [iam-authorization-server] [nio-9000-exec-9] o.s.s.w.a.AnonymousAuthenticationFilter  : Set SecurityContextHolder to anonymous SecurityContext
2026-08-15T16:29:29.115+08:00 DEBUG 15028 --- [iam-authorization-server] [nio-9000-exec-9] o.s.security.web.FilterChainProxy        : Secured GET /login.html
2026-08-15T16:29:29.161+08:00 DEBUG 15028 --- [iam-authorization-server] [io-9000-exec-10] o.s.security.web.FilterChainProxy        : Securing POST /login
JDBC Connection [com.alibaba.druid.pool.DruidStatementConnection@20ad64c] will not be managed by Spring
==>  Preparing: SELECT id,user_code,username,password,nickname,email,phone,avatar,user_label,enabled,account_non_expired,account_non_locked,credentials_non_expired,create_time,update_time FROM sys_user WHERE (username = ?)
==> Parameters: admin(String)
<==    Columns: id, user_code, username, password, nickname, email, phone, avatar, user_label, enabled, account_non_expired, account_non_locked, credentials_non_expired, create_time, update_time
<==        Row: 1, u_1a2b3c4d5e6f708090a0b0c0d0e0f001, admin, $2a$10$ov3NUrdkAHujSRdGbDZF6O9h2cjZq4Zl17fL3TA5Nhs94mE/PmH8e, 管理员, admin@example.com, null, null, admin, 1, 1, 1, 1, 2026-08-11 20:00:08, 2026-08-15 15:02:38
<==      Total: 1
2026-08-15T16:29:29.179+08:00 DEBUG 15028 --- [iam-authorization-server] [nio-9000-exec-1] o.s.security.web.FilterChainProxy        : Securing POST /oauth2/introspect
2026-08-15T16:29:29.259+08:00 DEBUG 15028 --- [iam-authorization-server] [nio-9000-exec-1] o.s.a.w.OAuth2ClientAuthenticationFilter : Set SecurityContextHolder authentication to OAuth2ClientAuthenticationToken
2026-08-15T16:29:29.268+08:00  INFO 15028 --- [iam-authorization-server] [nio-9000-exec-1] n.x.a.s.session.RedisSessionRegistry     : [RedisSessionRegistry] 注册会话: principal=resource-server, sessionId=e58de88a-8648-4943-ab44-b8e99ea069ba
2026-08-15T16:29:29.300+08:00 DEBUG 15028 --- [iam-authorization-server] [io-9000-exec-10] n.x.authserver.remote.RemoteRoleService  : [RemoteRole] userCode=u_1a2b3c4d5e6f708090a0b0c0d0e0f001, roles=[ROLE_ADMIN]
2026-08-15T16:29:29.300+08:00 DEBUG 15028 --- [iam-authorization-server] [io-9000-exec-10] n.x.a.s.u.PortalUserDetailsService       : 用户 admin (user_code=u_1a2b3c4d5e6f708090a0b0c0d0e0f001) RBAC 角色: [ROLE_ADMIN]
2026-08-15T16:29:29.380+08:00 DEBUG 15028 --- [iam-authorization-server] [io-9000-exec-10] o.s.s.a.dao.DaoAuthenticationProvider    : Authenticated user
2026-08-15T16:29:29.382+08:00 DEBUG 15028 --- [iam-authorization-server] [io-9000-exec-10] .s.ChangeSessionIdAuthenticationStrategy : Changed session id from 7b4edcea-79e8-42ad-b465-22412685c859
2026-08-15T16:29:29.388+08:00  INFO 15028 --- [iam-authorization-server] [io-9000-exec-10] n.x.a.s.session.RedisSessionRegistry     : [RedisSessionRegistry] 注册会话: principal=u_1a2b3c4d5e6f708090a0b0c0d0e0f001, sessionId=373b4592-3f90-405d-b2cd-923f70543e57
2026-08-15T16:29:29.389+08:00 DEBUG 15028 --- [iam-authorization-server] [io-9000-exec-10] w.a.UsernamePasswordAuthenticationFilter : Set SecurityContextHolder to UsernamePasswordAuthenticationToken [Principal=org.springframework.security.core.userdetails.User [Username=u_1a2b3c4d5e6f708090a0b0c0d0e0f001, Password=[PROTECTED], Enabled=true, AccountNonExpired=true, CredentialsNonExpired=true, AccountNonLocked=true, Granted Authorities=[ROLE_ADMIN]], Credentials=[PROTECTED], Authenticated=true, Details=WebAuthenticationDetails [RemoteIpAddress=0:0:0:0:0:0:0:1, SessionId=7b4edcea-79e8-42ad-b465-22412685c859], Granted Authorities=[ROLE_ADMIN]]
2026-08-15T16:29:29.390+08:00 DEBUG 15028 --- [iam-authorization-server] [io-9000-exec-10] o.s.s.web.DefaultRedirectStrategy        : Redirecting to http://localhost:9000/oauth2/authorize?response_type=code&client_id=admin-app&scope=openid%20profile%20read%20write&state=zYdVgo3g_nOSIoc75O01uAH2g6ZRatOk_KKc21DLFjw%3D&redirect_uri=http://localhost:8085/login/oauth2/code/admin-app&nonce=aS3IqkC6YFO7XkzCkbQ7Feonyns3p2zfpPNcKhtdIl8&continue
2026-08-15T16:29:29.422+08:00 DEBUG 15028 --- [iam-authorization-server] [nio-9000-exec-2] o.s.security.web.FilterChainProxy        : Securing GET /oauth2/authorize?response_type=code&client_id=admin-app&scope=openid%20profile%20read%20write&state=zYdVgo3g_nOSIoc75O01uAH2g6ZRatOk_KKc21DLFjw%3D&redirect_uri=http://localhost:8085/login/oauth2/code/admin-app&nonce=aS3IqkC6YFO7XkzCkbQ7Feonyns3p2zfpPNcKhtdIl8&continue
JDBC Connection [com.alibaba.druid.pool.DruidStatementConnection@20ad64c] will not be managed by Spring
==>  Preparing: SELECT id,client_id,allowed_roles,status,remark,create_time,update_time FROM iam_client_policy WHERE (client_id = ?)
==> Parameters: admin-app(String)
<==    Columns: id, client_id, allowed_roles, status, remark, create_time, update_time
<==        Row: 2, admin-app, , 0, , 2026-08-15 16:11:16, 2026-08-15 16:11:16
<==      Total: 1
Creating a new SqlSession
SqlSession [org.apache.ibatis.session.defaults.DefaultSqlSession@68ecf021] was not registered for synchronization because synchronization is not active
JDBC Connection [com.alibaba.druid.pool.DruidStatementConnection@20ad64c] will not be managed by Spring
==>  Preparing: SELECT * FROM oauth2_authorization_consent WHERE registered_client_id = ? AND principal_name = ? LIMIT 1
==> Parameters: 2(String), u_1a2b3c4d5e6f708090a0b0c0d0e0f001(String)
<==      Total: 0
Closing non transactional SqlSession [org.apache.ibatis.session.defaults.DefaultSqlSession@68ecf021]
Creating a new SqlSession
SqlSession [org.apache.ibatis.session.defaults.DefaultSqlSession@7ad24a8d] was not registered for synchronization because synchronization is not active
JDBC Connection [com.alibaba.druid.pool.DruidStatementConnection@20ad64c] will not be managed by Spring
==>  Preparing: SELECT * FROM oauth2_registered_client WHERE client_id = ? LIMIT 1
==> Parameters: u_1a2b3c4d5e6f708090a0b0c0d0e0f001(String)
<==      Total: 0
Closing non transactional SqlSession [org.apache.ibatis.session.defaults.DefaultSqlSession@7ad24a8d]
2026-08-15T16:29:29.452+08:00 DEBUG 15028 --- [iam-authorization-server] [nio-9000-exec-2] .x.a.s.r.RedisOAuth2AuthorizationService : OAuth2Authorization saved to Redis, id=981b6629-3e42-4590-ac57-27385892d7aa, user=u_1a2b3c4d5e6f708090a0b0c0d0e0f001
2026-08-15T16:29:29.455+08:00 DEBUG 15028 --- [iam-authorization-server] [nio-9000-exec-2] o.s.s.web.DefaultRedirectStrategy        : Redirecting to http://localhost:8085/login/oauth2/code/admin-app?code=zrKYmELLb3k7cLm7O_Z742ue97_6e0-C4GqmIPFpkQu_3awfQwE_W_AFzItgiS6eRoBdWFGCu4BSiRP3SnWpyT9_JRZX6dYZ2UigupzBYiQW-FmWRwFrCsPRwiNkfbtO&state=zYdVgo3g_nOSIoc75O01uAH2g6ZRatOk_KKc21DLFjw%3D
2026-08-15T16:29:29.489+08:00 DEBUG 15028 --- [iam-authorization-server] [nio-9000-exec-6] o.s.security.web.FilterChainProxy        : Securing POST /oauth2/token
2026-08-15T16:29:29.578+08:00 DEBUG 15028 --- [iam-authorization-server] [nio-9000-exec-6] o.s.a.w.OAuth2ClientAuthenticationFilter : Set SecurityContextHolder authentication to OAuth2ClientAuthenticationToken
2026-08-15T16:29:29.587+08:00  INFO 15028 --- [iam-authorization-server] [nio-9000-exec-6] n.x.a.s.session.RedisSessionRegistry     : [RedisSessionRegistry] 注册会话: principal=admin-app, sessionId=fbdcd88e-f89e-4b56-a715-dc98a2891378
JDBC Connection [com.alibaba.druid.pool.DruidStatementConnection@20ad64c] will not be managed by Spring
==>  Preparing: SELECT id,client_id,allowed_roles,status,remark,create_time,update_time FROM iam_client_policy WHERE (client_id = ?)
==> Parameters: admin-app(String)
<==    Columns: id, client_id, allowed_roles, status, remark, create_time, update_time
<==        Row: 2, admin-app, , 0, , 2026-08-15 16:11:16, 2026-08-15 16:11:16
<==      Total: 1
JDBC Connection [com.alibaba.druid.pool.DruidStatementConnection@20ad64c] will not be managed by Spring
==>  Preparing: SELECT id,user_code,username,password,nickname,email,phone,avatar,user_label,enabled,account_non_expired,account_non_locked,credentials_non_expired,create_time,update_time FROM sys_user WHERE (user_code = ?)
==> Parameters: u_1a2b3c4d5e6f708090a0b0c0d0e0f001(String)
<==    Columns: id, user_code, username, password, nickname, email, phone, avatar, user_label, enabled, account_non_expired, account_non_locked, credentials_non_expired, create_time, update_time
<==        Row: 1, u_1a2b3c4d5e6f708090a0b0c0d0e0f001, admin, $2a$10$ov3NUrdkAHujSRdGbDZF6O9h2cjZq4Zl17fL3TA5Nhs94mE/PmH8e, 管理员, admin@example.com, null, null, admin, 1, 1, 1, 1, 2026-08-11 20:00:08, 2026-08-15 15:02:38
<==      Total: 1
Creating a new SqlSession
SqlSession [org.apache.ibatis.session.defaults.DefaultSqlSession@36c8881e] was not registered for synchronization because synchronization is not active
JDBC Connection [com.alibaba.druid.pool.DruidStatementConnection@20ad64c] will not be managed by Spring
==>  Preparing: SELECT * FROM oauth2_registered_client WHERE client_id = ? LIMIT 1
==> Parameters: u_1a2b3c4d5e6f708090a0b0c0d0e0f001(String)
<==      Total: 0
Closing non transactional SqlSession [org.apache.ibatis.session.defaults.DefaultSqlSession@36c8881e]
2026-08-15T16:29:29.633+08:00 DEBUG 15028 --- [iam-authorization-server] [nio-9000-exec-6] .x.a.s.r.RedisOAuth2AuthorizationService : OAuth2Authorization saved to Redis, id=981b6629-3e42-4590-ac57-27385892d7aa, user=u_1a2b3c4d5e6f708090a0b0c0d0e0f001
2026-08-15T16:29:29.638+08:00 DEBUG 15028 --- [iam-authorization-server] [nio-9000-exec-6] n.x.a.s.web.ActiveClientTrackingFilter   : [ActiveClientTracking] 响应已提交, 跳过 session 写入 clientId=admin-app
JDBC Connection [com.alibaba.druid.pool.DruidStatementConnection@20ad64c] will not be managed by Spring
==>  Preparing: SELECT id,user_code,username,password,nickname,email,phone,avatar,user_label,enabled,account_non_expired,account_non_locked,credentials_non_expired,create_time,update_time FROM sys_user WHERE (user_code = ?)
==> Parameters: u_1a2b3c4d5e6f708090a0b0c0d0e0f001(String)
<==    Columns: id, user_code, username, password, nickname, email, phone, avatar, user_label, enabled, account_non_expired, account_non_locked, credentials_non_expired, create_time, update_time
<==        Row: 1, u_1a2b3c4d5e6f708090a0b0c0d0e0f001, admin, $2a$10$ov3NUrdkAHujSRdGbDZF6O9h2cjZq4Zl17fL3TA5Nhs94mE/PmH8e, 管理员, admin@example.com, null, null, admin, 1, 1, 1, 1, 2026-08-11 20:00:08, 2026-08-15 15:02:38
<==      Total: 1
2026-08-15T16:29:29.655+08:00 DEBUG 15028 --- [iam-authorization-server] [nio-9000-exec-4] n.x.a.s.u.PortalUserDetailsService       : 用户 admin (user_code=u_1a2b3c4d5e6f708090a0b0c0d0e0f001) RBAC 角色: [ROLE_ADMIN]
2026-08-15T16:29:29.655+08:00 DEBUG 15028 --- [iam-authorization-server] [nio-9000-exec-4] n.x.a.s.t.RedisOpaqueTokenIntrospector   : Opaque token introspect success, sub=u_1a2b3c4d5e6f708090a0b0c0d0e0f001, scope=[read, openid, profile, write]
JDBC Connection [com.alibaba.druid.pool.DruidStatementConnection@20ad64c] will not be managed by Spring
==>  Preparing: SELECT id,user_code,username,password,nickname,email,phone,avatar,user_label,enabled,account_non_expired,account_non_locked,credentials_non_expired,create_time,update_time FROM sys_user WHERE (user_code = ?)
==> Parameters: u_1a2b3c4d5e6f708090a0b0c0d0e0f001(String)
<==    Columns: id, user_code, username, password, nickname, email, phone, avatar, user_label, enabled, account_non_expired, account_non_locked, credentials_non_expired, create_time, update_time
<==        Row: 1, u_1a2b3c4d5e6f708090a0b0c0d0e0f001, admin, $2a$10$ov3NUrdkAHujSRdGbDZF6O9h2cjZq4Zl17fL3TA5Nhs94mE/PmH8e, 管理员, admin@example.com, null, null, admin, 1, 1, 1, 1, 2026-08-11 20:00:08, 2026-08-15 15:02:38
<==      Total: 1
2026-08-15T16:29:29.733+08:00 DEBUG 15028 --- [iam-authorization-server] [nio-9000-exec-3] o.s.security.web.FilterChainProxy        : Securing PUT /api/admin/tenants/1
JDBC Connection [com.alibaba.druid.pool.DruidStatementConnection@20ad64c] will not be managed by Spring
==>  Preparing: SELECT id,user_code,username,password,nickname,email,phone,avatar,user_label,enabled,account_non_expired,account_non_locked,credentials_non_expired,create_time,update_time FROM sys_user WHERE (user_code = ?)
==> Parameters: u_1a2b3c4d5e6f708090a0b0c0d0e0f001(String)
<==    Columns: id, user_code, username, password, nickname, email, phone, avatar, user_label, enabled, account_non_expired, account_non_locked, credentials_non_expired, create_time, update_time
<==        Row: 1, u_1a2b3c4d5e6f708090a0b0c0d0e0f001, admin, $2a$10$ov3NUrdkAHujSRdGbDZF6O9h2cjZq4Zl17fL3TA5Nhs94mE/PmH8e, 管理员, admin@example.com, null, null, admin, 1, 1, 1, 1, 2026-08-11 20:00:08, 2026-08-15 15:02:38
<==      Total: 1
2026-08-15T16:29:29.745+08:00 DEBUG 15028 --- [iam-authorization-server] [nio-9000-exec-3] n.x.a.s.u.PortalUserDetailsService       : 用户 admin (user_code=u_1a2b3c4d5e6f708090a0b0c0d0e0f001) RBAC 角色: [ROLE_ADMIN]
2026-08-15T16:29:29.746+08:00 DEBUG 15028 --- [iam-authorization-server] [nio-9000-exec-3] n.x.a.s.t.RedisOpaqueTokenIntrospector   : Opaque token introspect success, sub=u_1a2b3c4d5e6f708090a0b0c0d0e0f001, scope=[read, openid, profile, write]
2026-08-15T16:29:29.746+08:00 DEBUG 15028 --- [iam-authorization-server] [nio-9000-exec-3] .s.r.a.OpaqueTokenAuthenticationProvider : Authenticated token
2026-08-15T16:29:29.746+08:00 DEBUG 15028 --- [iam-authorization-server] [nio-9000-exec-3] .s.r.w.a.BearerTokenAuthenticationFilter : Set SecurityContextHolder to BearerTokenAuthentication [Principal=net.xzh.authserver.security.token.RedisOpaqueTokenIntrospector$OpaquePrincipal@36f17971, Credentials=[PROTECTED], Authenticated=true, Details=WebAuthenticationDetails [RemoteIpAddress=127.0.0.1, SessionId=null], Granted Authorities=[ROLE_ADMIN]]
2026-08-15T16:29:29.747+08:00 DEBUG 15028 --- [iam-authorization-server] [nio-9000-exec-3] o.s.security.web.FilterChainProxy        : Secured PUT /api/admin/tenants/1
Creating a new SqlSession
Registering transaction synchronization for SqlSession [org.apache.ibatis.session.defaults.DefaultSqlSession@52c91dbc]
JDBC Connection [com.alibaba.druid.pool.DruidStatementConnection@20ad64c] will be managed by Spring
==>  Preparing: SELECT id,tenant_code,tenant_name,status,create_time,update_time FROM iam_tenant WHERE id=?
==> Parameters: 1(Long)
<==    Columns: id, tenant_code, tenant_name, status, create_time, update_time
<==        Row: 1, T001, 演示企业, 1, 2026-08-15 15:02:38, 2026-08-15 15:02:38
<==      Total: 1
Releasing transactional SqlSession [org.apache.ibatis.session.defaults.DefaultSqlSession@52c91dbc]
Fetched SqlSession [org.apache.ibatis.session.defaults.DefaultSqlSession@52c91dbc] from current transaction
==>  Preparing: UPDATE iam_tenant SET tenant_code=?, tenant_name=?, status=?, create_time=?, update_time=? WHERE id=?
==> Parameters: T001(String), Demo Corp Edit(String), false(Boolean), 2026-08-15T15:02:38(LocalDateTime), 2026-08-15T16:29:29.754151500(LocalDateTime), 1(Long)
<==    Updates: 1
Releasing transactional SqlSession [org.apache.ibatis.session.defaults.DefaultSqlSession@52c91dbc]
2026-08-15T16:29:29.760+08:00  INFO 15028 --- [iam-authorization-server] [nio-9000-exec-3] n.xzh.authserver.service.TenantService   : 更新租户 id=1
Transaction synchronization committing SqlSession [org.apache.ibatis.session.defaults.DefaultSqlSession@52c91dbc]
Transaction synchronization deregistering SqlSession [org.apache.ibatis.session.defaults.DefaultSqlSession@52c91dbc]
Transaction synchronization closing SqlSession [org.apache.ibatis.session.defaults.DefaultSqlSession@52c91dbc]
2026-08-15T16:29:39.867+08:00 DEBUG 15028 --- [iam-authorization-server] [nio-9000-exec-7] o.s.security.web.FilterChainProxy        : Securing GET /oauth2/authorize?response_type=code&client_id=admin-app&scope=openid%20profile%20read%20write&state=qSvYPMeqZ9NtSjzm10zSUcPmI46ZhceqMo3yiR2Lu0A%3D&redirect_uri=http://localhost:8085/login/oauth2/code/admin-app&nonce=9hnXMzVQCMPwB4AZN5zT8UJCy5dtJPDcD4n2W4rQM4M
2026-08-15T16:29:39.870+08:00 DEBUG 15028 --- [iam-authorization-server] [nio-9000-exec-7] o.s.s.w.a.AnonymousAuthenticationFilter  : Set SecurityContextHolder to anonymous SecurityContext
2026-08-15T16:29:39.871+08:00 DEBUG 15028 --- [iam-authorization-server] [nio-9000-exec-7] o.s.s.w.s.HttpSessionRequestCache        : Saved request http://localhost:9000/oauth2/authorize?response_type=code&client_id=admin-app&scope=openid%20profile%20read%20write&state=qSvYPMeqZ9NtSjzm10zSUcPmI46ZhceqMo3yiR2Lu0A%3D&redirect_uri=http://localhost:8085/login/oauth2/code/admin-app&nonce=9hnXMzVQCMPwB4AZN5zT8UJCy5dtJPDcD4n2W4rQM4M&continue to session
2026-08-15T16:29:39.872+08:00 DEBUG 15028 --- [iam-authorization-server] [nio-9000-exec-7] s.w.a.DelegatingAuthenticationEntryPoint : Trying to match using MediaTypeRequestMatcher [contentNegotiationStrategy=org.springframework.web.accept.HeaderContentNegotiationStrategy@48ee74be, matchingMediaTypes=[text/html], useEquals=false, ignoredMediaTypes=[]]
2026-08-15T16:29:39.872+08:00 DEBUG 15028 --- [iam-authorization-server] [nio-9000-exec-7] s.w.a.DelegatingAuthenticationEntryPoint : Match found! Executing org.springframework.security.web.authentication.LoginUrlAuthenticationEntryPoint@7509fb0e
2026-08-15T16:29:39.873+08:00 DEBUG 15028 --- [iam-authorization-server] [nio-9000-exec-7] o.s.s.web.DefaultRedirectStrategy        : Redirecting to http://localhost:9000/login.html
2026-08-15T16:29:39.904+08:00 DEBUG 15028 --- [iam-authorization-server] [nio-9000-exec-8] o.s.security.web.FilterChainProxy        : Securing GET /login.html
2026-08-15T16:29:39.907+08:00 DEBUG 15028 --- [iam-authorization-server] [nio-9000-exec-8] o.s.s.w.a.AnonymousAuthenticationFilter  : Set SecurityContextHolder to anonymous SecurityContext
2026-08-15T16:29:39.909+08:00 DEBUG 15028 --- [iam-authorization-server] [nio-9000-exec-8] o.s.security.web.FilterChainProxy        : Secured GET /login.html
2026-08-15T16:29:39.951+08:00 DEBUG 15028 --- [iam-authorization-server] [nio-9000-exec-9] o.s.security.web.FilterChainProxy        : Securing POST /login
JDBC Connection [com.alibaba.druid.pool.DruidStatementConnection@20ad64c] will not be managed by Spring
==>  Preparing: SELECT id,user_code,username,password,nickname,email,phone,avatar,user_label,enabled,account_non_expired,account_non_locked,credentials_non_expired,create_time,update_time FROM sys_user WHERE (username = ?)
==> Parameters: admin(String)
<==    Columns: id, user_code, username, password, nickname, email, phone, avatar, user_label, enabled, account_non_expired, account_non_locked, credentials_non_expired, create_time, update_time
<==        Row: 1, u_1a2b3c4d5e6f708090a0b0c0d0e0f001, admin, $2a$10$ov3NUrdkAHujSRdGbDZF6O9h2cjZq4Zl17fL3TA5Nhs94mE/PmH8e, 管理员, admin@example.com, null, null, admin, 1, 1, 1, 1, 2026-08-11 20:00:08, 2026-08-15 15:02:38
<==      Total: 1
2026-08-15T16:29:39.961+08:00 DEBUG 15028 --- [iam-authorization-server] [nio-9000-exec-9] n.x.a.s.u.PortalUserDetailsService       : 用户 admin (user_code=u_1a2b3c4d5e6f708090a0b0c0d0e0f001) RBAC 角色: [ROLE_ADMIN]
2026-08-15T16:29:40.052+08:00 DEBUG 15028 --- [iam-authorization-server] [nio-9000-exec-9] o.s.s.a.dao.DaoAuthenticationProvider    : Authenticated user
2026-08-15T16:29:40.053+08:00 DEBUG 15028 --- [iam-authorization-server] [nio-9000-exec-9] .s.ChangeSessionIdAuthenticationStrategy : Changed session id from f3f90625-45ea-4b83-bfab-6f2a86e173b5
2026-08-15T16:29:40.060+08:00  INFO 15028 --- [iam-authorization-server] [nio-9000-exec-9] n.x.a.s.session.RedisSessionRegistry     : [RedisSessionRegistry] 注册会话: principal=u_1a2b3c4d5e6f708090a0b0c0d0e0f001, sessionId=cc58f0f7-618f-40fc-bb62-7ee1b3ddce43
2026-08-15T16:29:40.060+08:00 DEBUG 15028 --- [iam-authorization-server] [nio-9000-exec-9] w.a.UsernamePasswordAuthenticationFilter : Set SecurityContextHolder to UsernamePasswordAuthenticationToken [Principal=org.springframework.security.core.userdetails.User [Username=u_1a2b3c4d5e6f708090a0b0c0d0e0f001, Password=[PROTECTED], Enabled=true, AccountNonExpired=true, CredentialsNonExpired=true, AccountNonLocked=true, Granted Authorities=[ROLE_ADMIN]], Credentials=[PROTECTED], Authenticated=true, Details=WebAuthenticationDetails [RemoteIpAddress=0:0:0:0:0:0:0:1, SessionId=f3f90625-45ea-4b83-bfab-6f2a86e173b5], Granted Authorities=[ROLE_ADMIN]]
2026-08-15T16:29:40.060+08:00 DEBUG 15028 --- [iam-authorization-server] [nio-9000-exec-9] o.s.s.web.DefaultRedirectStrategy        : Redirecting to http://localhost:9000/oauth2/authorize?response_type=code&client_id=admin-app&scope=openid%20profile%20read%20write&state=qSvYPMeqZ9NtSjzm10zSUcPmI46ZhceqMo3yiR2Lu0A%3D&redirect_uri=http://localhost:8085/login/oauth2/code/admin-app&nonce=9hnXMzVQCMPwB4AZN5zT8UJCy5dtJPDcD4n2W4rQM4M&continue
2026-08-15T16:29:40.088+08:00 DEBUG 15028 --- [iam-authorization-server] [nio-9000-exec-1] o.s.security.web.FilterChainProxy        : Securing GET /oauth2/authorize?response_type=code&client_id=admin-app&scope=openid%20profile%20read%20write&state=qSvYPMeqZ9NtSjzm10zSUcPmI46ZhceqMo3yiR2Lu0A%3D&redirect_uri=http://localhost:8085/login/oauth2/code/admin-app&nonce=9hnXMzVQCMPwB4AZN5zT8UJCy5dtJPDcD4n2W4rQM4M&continue
JDBC Connection [com.alibaba.druid.pool.DruidStatementConnection@20ad64c] will not be managed by Spring
==>  Preparing: SELECT id,client_id,allowed_roles,status,remark,create_time,update_time FROM iam_client_policy WHERE (client_id = ?)
==> Parameters: admin-app(String)
<==    Columns: id, client_id, allowed_roles, status, remark, create_time, update_time
<==        Row: 2, admin-app, , 0, , 2026-08-15 16:11:16, 2026-08-15 16:11:16
<==      Total: 1
Creating a new SqlSession
SqlSession [org.apache.ibatis.session.defaults.DefaultSqlSession@3c290a6c] was not registered for synchronization because synchronization is not active
JDBC Connection [com.alibaba.druid.pool.DruidStatementConnection@20ad64c] will not be managed by Spring
==>  Preparing: SELECT * FROM oauth2_authorization_consent WHERE registered_client_id = ? AND principal_name = ? LIMIT 1
==> Parameters: 2(String), u_1a2b3c4d5e6f708090a0b0c0d0e0f001(String)
<==      Total: 0
Closing non transactional SqlSession [org.apache.ibatis.session.defaults.DefaultSqlSession@3c290a6c]
Creating a new SqlSession
SqlSession [org.apache.ibatis.session.defaults.DefaultSqlSession@574abe92] was not registered for synchronization because synchronization is not active
JDBC Connection [com.alibaba.druid.pool.DruidStatementConnection@20ad64c] will not be managed by Spring
==>  Preparing: SELECT * FROM oauth2_registered_client WHERE client_id = ? LIMIT 1
==> Parameters: u_1a2b3c4d5e6f708090a0b0c0d0e0f001(String)
<==      Total: 0
Closing non transactional SqlSession [org.apache.ibatis.session.defaults.DefaultSqlSession@574abe92]
2026-08-15T16:29:40.120+08:00 DEBUG 15028 --- [iam-authorization-server] [nio-9000-exec-1] .x.a.s.r.RedisOAuth2AuthorizationService : OAuth2Authorization saved to Redis, id=8d80694a-f0b3-4a3d-8068-44af5b56c840, user=u_1a2b3c4d5e6f708090a0b0c0d0e0f001
2026-08-15T16:29:40.123+08:00 DEBUG 15028 --- [iam-authorization-server] [nio-9000-exec-1] o.s.s.web.DefaultRedirectStrategy        : Redirecting to http://localhost:8085/login/oauth2/code/admin-app?code=NUbtiQhDJnpSY4qOG4Xx-KHiL7BP2ZicDqf1dEAV0_O09mpejInCVcOkygU9I9gyOTWI8Tpg4Q3yYc6KHvGieJ87GH5jl_aWeRYOrQge-LopiHcR1uXn_gSMTRyopVaI&state=qSvYPMeqZ9NtSjzm10zSUcPmI46ZhceqMo3yiR2Lu0A%3D
2026-08-15T16:29:40.160+08:00 DEBUG 15028 --- [iam-authorization-server] [io-9000-exec-10] o.s.security.web.FilterChainProxy        : Securing POST /oauth2/token
2026-08-15T16:29:40.247+08:00 DEBUG 15028 --- [iam-authorization-server] [io-9000-exec-10] o.s.a.w.OAuth2ClientAuthenticationFilter : Set SecurityContextHolder authentication to OAuth2ClientAuthenticationToken
2026-08-15T16:29:40.258+08:00  INFO 15028 --- [iam-authorization-server] [io-9000-exec-10] n.x.a.s.session.RedisSessionRegistry     : [RedisSessionRegistry] 注册会话: principal=admin-app, sessionId=1cbf04e7-41e2-4c2d-9973-3b6ecbe34622
JDBC Connection [com.alibaba.druid.pool.DruidStatementConnection@20ad64c] will not be managed by Spring
==>  Preparing: SELECT id,client_id,allowed_roles,status,remark,create_time,update_time FROM iam_client_policy WHERE (client_id = ?)
==> Parameters: admin-app(String)
<==    Columns: id, client_id, allowed_roles, status, remark, create_time, update_time
<==        Row: 2, admin-app, , 0, , 2026-08-15 16:11:16, 2026-08-15 16:11:16
<==      Total: 1
JDBC Connection [com.alibaba.druid.pool.DruidStatementConnection@20ad64c] will not be managed by Spring
==>  Preparing: SELECT id,user_code,username,password,nickname,email,phone,avatar,user_label,enabled,account_non_expired,account_non_locked,credentials_non_expired,create_time,update_time FROM sys_user WHERE (user_code = ?)
==> Parameters: u_1a2b3c4d5e6f708090a0b0c0d0e0f001(String)
<==    Columns: id, user_code, username, password, nickname, email, phone, avatar, user_label, enabled, account_non_expired, account_non_locked, credentials_non_expired, create_time, update_time
<==        Row: 1, u_1a2b3c4d5e6f708090a0b0c0d0e0f001, admin, $2a$10$ov3NUrdkAHujSRdGbDZF6O9h2cjZq4Zl17fL3TA5Nhs94mE/PmH8e, 管理员, admin@example.com, null, null, admin, 1, 1, 1, 1, 2026-08-11 20:00:08, 2026-08-15 15:02:38
<==      Total: 1
Creating a new SqlSession
SqlSession [org.apache.ibatis.session.defaults.DefaultSqlSession@2e3ee909] was not registered for synchronization because synchronization is not active
JDBC Connection [com.alibaba.druid.pool.DruidStatementConnection@20ad64c] will not be managed by Spring
==>  Preparing: SELECT * FROM oauth2_registered_client WHERE client_id = ? LIMIT 1
==> Parameters: u_1a2b3c4d5e6f708090a0b0c0d0e0f001(String)
<==      Total: 0
Closing non transactional SqlSession [org.apache.ibatis.session.defaults.DefaultSqlSession@2e3ee909]
2026-08-15T16:29:40.301+08:00 DEBUG 15028 --- [iam-authorization-server] [io-9000-exec-10] .x.a.s.r.RedisOAuth2AuthorizationService : OAuth2Authorization saved to Redis, id=8d80694a-f0b3-4a3d-8068-44af5b56c840, user=u_1a2b3c4d5e6f708090a0b0c0d0e0f001
2026-08-15T16:29:40.306+08:00 DEBUG 15028 --- [iam-authorization-server] [io-9000-exec-10] n.x.a.s.web.ActiveClientTrackingFilter   : [ActiveClientTracking] 响应已提交, 跳过 session 写入 clientId=admin-app
JDBC Connection [com.alibaba.druid.pool.DruidStatementConnection@20ad64c] will not be managed by Spring
==>  Preparing: SELECT id,user_code,username,password,nickname,email,phone,avatar,user_label,enabled,account_non_expired,account_non_locked,credentials_non_expired,create_time,update_time FROM sys_user WHERE (user_code = ?)
==> Parameters: u_1a2b3c4d5e6f708090a0b0c0d0e0f001(String)
<==    Columns: id, user_code, username, password, nickname, email, phone, avatar, user_label, enabled, account_non_expired, account_non_locked, credentials_non_expired, create_time, update_time
<==        Row: 1, u_1a2b3c4d5e6f708090a0b0c0d0e0f001, admin, $2a$10$ov3NUrdkAHujSRdGbDZF6O9h2cjZq4Zl17fL3TA5Nhs94mE/PmH8e, 管理员, admin@example.com, null, null, admin, 1, 1, 1, 1, 2026-08-11 20:00:08, 2026-08-15 15:02:38
<==      Total: 1
2026-08-15T16:29:40.325+08:00 DEBUG 15028 --- [iam-authorization-server] [nio-9000-exec-2] n.x.a.s.u.PortalUserDetailsService       : 用户 admin (user_code=u_1a2b3c4d5e6f708090a0b0c0d0e0f001) RBAC 角色: [ROLE_ADMIN]
2026-08-15T16:29:40.325+08:00 DEBUG 15028 --- [iam-authorization-server] [nio-9000-exec-2] n.x.a.s.t.RedisOpaqueTokenIntrospector   : Opaque token introspect success, sub=u_1a2b3c4d5e6f708090a0b0c0d0e0f001, scope=[read, openid, profile, write]
JDBC Connection [com.alibaba.druid.pool.DruidStatementConnection@20ad64c] will not be managed by Spring
==>  Preparing: SELECT id,user_code,username,password,nickname,email,phone,avatar,user_label,enabled,account_non_expired,account_non_locked,credentials_non_expired,create_time,update_time FROM sys_user WHERE (user_code = ?)
==> Parameters: u_1a2b3c4d5e6f708090a0b0c0d0e0f001(String)
<==    Columns: id, user_code, username, password, nickname, email, phone, avatar, user_label, enabled, account_non_expired, account_non_locked, credentials_non_expired, create_time, update_time
<==        Row: 1, u_1a2b3c4d5e6f708090a0b0c0d0e0f001, admin, $2a$10$ov3NUrdkAHujSRdGbDZF6O9h2cjZq4Zl17fL3TA5Nhs94mE/PmH8e, 管理员, admin@example.com, null, null, admin, 1, 1, 1, 1, 2026-08-11 20:00:08, 2026-08-15 15:02:38
<==      Total: 1
2026-08-15T16:29:40.408+08:00 DEBUG 15028 --- [iam-authorization-server] [nio-9000-exec-6] o.s.security.web.FilterChainProxy        : Securing PUT /api/admin/tenants/1
JDBC Connection [com.alibaba.druid.pool.DruidStatementConnection@20ad64c] will not be managed by Spring
==>  Preparing: SELECT id,user_code,username,password,nickname,email,phone,avatar,user_label,enabled,account_non_expired,account_non_locked,credentials_non_expired,create_time,update_time FROM sys_user WHERE (user_code = ?)
==> Parameters: u_1a2b3c4d5e6f708090a0b0c0d0e0f001(String)
<==    Columns: id, user_code, username, password, nickname, email, phone, avatar, user_label, enabled, account_non_expired, account_non_locked, credentials_non_expired, create_time, update_time
<==        Row: 1, u_1a2b3c4d5e6f708090a0b0c0d0e0f001, admin, $2a$10$ov3NUrdkAHujSRdGbDZF6O9h2cjZq4Zl17fL3TA5Nhs94mE/PmH8e, 管理员, admin@example.com, null, null, admin, 1, 1, 1, 1, 2026-08-11 20:00:08, 2026-08-15 15:02:38
<==      Total: 1
2026-08-15T16:29:40.422+08:00 DEBUG 15028 --- [iam-authorization-server] [nio-9000-exec-6] n.x.a.s.u.PortalUserDetailsService       : 用户 admin (user_code=u_1a2b3c4d5e6f708090a0b0c0d0e0f001) RBAC 角色: [ROLE_ADMIN]
2026-08-15T16:29:40.423+08:00 DEBUG 15028 --- [iam-authorization-server] [nio-9000-exec-6] n.x.a.s.t.RedisOpaqueTokenIntrospector   : Opaque token introspect success, sub=u_1a2b3c4d5e6f708090a0b0c0d0e0f001, scope=[read, openid, profile, write]
2026-08-15T16:29:40.423+08:00 DEBUG 15028 --- [iam-authorization-server] [nio-9000-exec-6] .s.r.a.OpaqueTokenAuthenticationProvider : Authenticated token
2026-08-15T16:29:40.423+08:00 DEBUG 15028 --- [iam-authorization-server] [nio-9000-exec-6] .s.r.w.a.BearerTokenAuthenticationFilter : Set SecurityContextHolder to BearerTokenAuthentication [Principal=net.xzh.authserver.security.token.RedisOpaqueTokenIntrospector$OpaquePrincipal@4e6e565c, Credentials=[PROTECTED], Authenticated=true, Details=WebAuthenticationDetails [RemoteIpAddress=127.0.0.1, SessionId=null], Granted Authorities=[ROLE_ADMIN]]
2026-08-15T16:29:40.423+08:00 DEBUG 15028 --- [iam-authorization-server] [nio-9000-exec-6] o.s.security.web.FilterChainProxy        : Secured PUT /api/admin/tenants/1
Creating a new SqlSession
Registering transaction synchronization for SqlSession [org.apache.ibatis.session.defaults.DefaultSqlSession@70419bc1]
JDBC Connection [com.alibaba.druid.pool.DruidStatementConnection@20ad64c] will be managed by Spring
==>  Preparing: SELECT id,tenant_code,tenant_name,status,create_time,update_time FROM iam_tenant WHERE id=?
==> Parameters: 1(Long)
<==    Columns: id, tenant_code, tenant_name, status, create_time, update_time
<==        Row: 1, T001, Demo Corp Edit, 0, 2026-08-15 15:02:38, 2026-08-15 16:29:30
<==      Total: 1
Releasing transactional SqlSession [org.apache.ibatis.session.defaults.DefaultSqlSession@70419bc1]
Fetched SqlSession [org.apache.ibatis.session.defaults.DefaultSqlSession@70419bc1] from current transaction
==>  Preparing: UPDATE iam_tenant SET tenant_code=?, tenant_name=?, status=?, create_time=?, update_time=? WHERE id=?
==> Parameters: T001(String), 示例企业改名(String), true(Boolean), 2026-08-15T15:02:38(LocalDateTime), 2026-08-15T16:29:40.432240(LocalDateTime), 1(Long)
<==    Updates: 1
Releasing transactional SqlSession [org.apache.ibatis.session.defaults.DefaultSqlSession@70419bc1]
2026-08-15T16:29:40.436+08:00  INFO 15028 --- [iam-authorization-server] [nio-9000-exec-6] n.xzh.authserver.service.TenantService   : 更新租户 id=1
Transaction synchronization committing SqlSession [org.apache.ibatis.session.defaults.DefaultSqlSession@70419bc1]
Transaction synchronization deregistering SqlSession [org.apache.ibatis.session.defaults.DefaultSqlSession@70419bc1]
Transaction synchronization closing SqlSession [org.apache.ibatis.session.defaults.DefaultSqlSession@70419bc1]
2026-08-15T16:29:40.478+08:00 DEBUG 15028 --- [iam-authorization-server] [nio-9000-exec-4] o.s.security.web.FilterChainProxy        : Securing GET /api/admin/tenants
JDBC Connection [com.alibaba.druid.pool.DruidStatementConnection@20ad64c] will not be managed by Spring
==>  Preparing: SELECT id,user_code,username,password,nickname,email,phone,avatar,user_label,enabled,account_non_expired,account_non_locked,credentials_non_expired,create_time,update_time FROM sys_user WHERE (user_code = ?)
==> Parameters: u_1a2b3c4d5e6f708090a0b0c0d0e0f001(String)
<==    Columns: id, user_code, username, password, nickname, email, phone, avatar, user_label, enabled, account_non_expired, account_non_locked, credentials_non_expired, create_time, update_time
<==        Row: 1, u_1a2b3c4d5e6f708090a0b0c0d0e0f001, admin, $2a$10$ov3NUrdkAHujSRdGbDZF6O9h2cjZq4Zl17fL3TA5Nhs94mE/PmH8e, 管理员, admin@example.com, null, null, admin, 1, 1, 1, 1, 2026-08-11 20:00:08, 2026-08-15 15:02:38
<==      Total: 1
2026-08-15T16:29:40.491+08:00 DEBUG 15028 --- [iam-authorization-server] [nio-9000-exec-4] n.x.a.s.u.PortalUserDetailsService       : 用户 admin (user_code=u_1a2b3c4d5e6f708090a0b0c0d0e0f001) RBAC 角色: [ROLE_ADMIN]
2026-08-15T16:29:40.491+08:00 DEBUG 15028 --- [iam-authorization-server] [nio-9000-exec-4] n.x.a.s.t.RedisOpaqueTokenIntrospector   : Opaque token introspect success, sub=u_1a2b3c4d5e6f708090a0b0c0d0e0f001, scope=[read, openid, profile, write]
2026-08-15T16:29:40.491+08:00 DEBUG 15028 --- [iam-authorization-server] [nio-9000-exec-4] .s.r.a.OpaqueTokenAuthenticationProvider : Authenticated token
2026-08-15T16:29:40.492+08:00 DEBUG 15028 --- [iam-authorization-server] [nio-9000-exec-4] .s.r.w.a.BearerTokenAuthenticationFilter : Set SecurityContextHolder to BearerTokenAuthentication [Principal=net.xzh.authserver.security.token.RedisOpaqueTokenIntrospector$OpaquePrincipal@7f50ccd6, Credentials=[PROTECTED], Authenticated=true, Details=WebAuthenticationDetails [RemoteIpAddress=127.0.0.1, SessionId=null], Granted Authorities=[ROLE_ADMIN]]
2026-08-15T16:29:40.492+08:00 DEBUG 15028 --- [iam-authorization-server] [nio-9000-exec-4] o.s.security.web.FilterChainProxy        : Secured GET /api/admin/tenants
Creating a new SqlSession
SqlSession [org.apache.ibatis.session.defaults.DefaultSqlSession@17531982] was not registered for synchronization because synchronization is not active
JDBC Connection [com.alibaba.druid.pool.DruidStatementConnection@20ad64c] will not be managed by Spring
==>  Preparing: SELECT id,tenant_code,tenant_name,status,create_time,update_time FROM iam_tenant ORDER BY id ASC
==> Parameters: 
<==    Columns: id, tenant_code, tenant_name, status, create_time, update_time
<==        Row: 1, T001, 示例企业改名, 1, 2026-08-15 15:02:38, 2026-08-15 16:29:40
<==      Total: 1
Closing non transactional SqlSession [org.apache.ibatis.session.defaults.DefaultSqlSession@17531982]
