[INFO] Scanning for projects...
[INFO] 
[INFO] ------------------< net.xzh:iam-authorization-server >------------------
[INFO] Building iam-authorization-server 1.0.0
[INFO] --------------------------------[ jar ]---------------------------------
[INFO] 
[INFO] >>> spring-boot-maven-plugin:3.4.1:run (default-cli) > test-compile @ iam-authorization-server >>>
[INFO] 
[INFO] --- maven-resources-plugin:3.3.1:resources (default-resources) @ iam-authorization-server ---
[INFO] Copying 4 resources from src\main\resources to target\classes
[INFO] Copying 5 resources from src\main\resources to target\classes
[INFO] 
[INFO] --- maven-compiler-plugin:3.13.0:compile (default-compile) @ iam-authorization-server ---
[INFO] Nothing to compile - all classes are up to date.
[INFO] 
[INFO] --- maven-resources-plugin:3.3.1:testResources (default-testResources) @ iam-authorization-server ---
[INFO] skip non existing resourceDirectory D:\GitHub\spring-boot3-demo\iam-platform\iam-authorization-server\src\test\resources
[INFO] 
[INFO] --- maven-compiler-plugin:3.13.0:testCompile (default-testCompile) @ iam-authorization-server ---
[INFO] No sources to compile
[INFO] 
[INFO] <<< spring-boot-maven-plugin:3.4.1:run (default-cli) < test-compile @ iam-authorization-server <<<
[INFO] 
[INFO] 
[INFO] --- spring-boot-maven-plugin:3.4.1:run (default-cli) @ iam-authorization-server ---
[INFO] Attaching agents: []

  .   ____          _            __ _ _
 /\\ / ___'_ __ _ _(_)_ __  __ _ \ \ \ \
( ( )\___ | '_ | '_| | '_ \/ _` | \ \ \ \
 \\/  ___)| |_)| | | | | || (_| |  ) ) ) )
  '  |____| .__|_| |_|_| |_\__, | / / / /
 =========|_|==============|___/=/_/_/_/

 :: Spring Boot ::                (v3.4.1)

2026-08-15T11:11:25.928+08:00  INFO 11564 --- [iam-authorization-server] [           main] n.x.a.AuthorizationServerApplication     : Starting AuthorizationServerApplication using Java 17.0.13 with PID 11564 (D:\GitHub\spring-boot3-demo\iam-platform\iam-authorization-server\target\classes started by admin in D:\GitHub\spring-boot3-demo\iam-platform\iam-authorization-server)
2026-08-15T11:11:25.932+08:00 DEBUG 11564 --- [iam-authorization-server] [           main] n.x.a.AuthorizationServerApplication     : Running with Spring Boot v3.4.1, Spring v6.2.1
2026-08-15T11:11:25.933+08:00  INFO 11564 --- [iam-authorization-server] [           main] n.x.a.AuthorizationServerApplication     : The following 1 profile is active: "local"
2026-08-15T11:11:26.901+08:00  INFO 11564 --- [iam-authorization-server] [           main] .s.d.r.c.RepositoryConfigurationDelegate : Multiple Spring Data modules found, entering strict repository configuration mode
2026-08-15T11:11:26.945+08:00  INFO 11564 --- [iam-authorization-server] [           main] .s.d.r.c.RepositoryConfigurationDelegate : Bootstrapping Spring Data Redis repositories in DEFAULT mode.
2026-08-15T11:11:27.002+08:00  INFO 11564 --- [iam-authorization-server] [           main] .s.d.r.c.RepositoryConfigurationDelegate : Finished Spring Data repository scanning in 36 ms. Found 0 Redis repository interfaces.
2026-08-15T11:11:27.880+08:00  INFO 11564 --- [iam-authorization-server] [           main] o.s.b.w.embedded.tomcat.TomcatWebServer  : Tomcat initialized with port 9000 (http)
2026-08-15T11:11:27.941+08:00  INFO 11564 --- [iam-authorization-server] [           main] o.apache.catalina.core.StandardService   : Starting service [Tomcat]
2026-08-15T11:11:27.942+08:00  INFO 11564 --- [iam-authorization-server] [           main] o.apache.catalina.core.StandardEngine    : Starting Servlet engine: [Apache Tomcat/10.1.34]
2026-08-15T11:11:28.014+08:00  INFO 11564 --- [iam-authorization-server] [           main] o.a.c.c.C.[Tomcat].[localhost].[/]       : Initializing Spring embedded WebApplicationContext
2026-08-15T11:11:28.016+08:00  INFO 11564 --- [iam-authorization-server] [           main] w.s.c.ServletWebServerApplicationContext : Root WebApplicationContext: initialization completed in 2026 ms
Logging initialized using 'class org.apache.ibatis.logging.stdout.StdOutImpl' adapter.
Get /192.168.1.2 network interface 
Get network interface info: name:wlan2 (Realtek RTL8852AE WiFi 6 802.11ax PCIe Adapter)
Initialization Sequence datacenterId:5 workerId:30
 _ _   |_  _ _|_. ___ _ |    _ 
| | |\/|_)(_| | |_\  |_)||_|_\ 
     /               |         
                        null 
2026-08-15T11:11:28.763+08:00  INFO 11564 --- [iam-authorization-server] [           main] com.alibaba.druid.pool.DruidDataSource   : {dataSource-1} inited
Can not find table primary key in Class: "net.xzh.authserver.entity.OAuth2AuthorizationConsentEntity".
2026-08-15T11:11:34.610+08:00  WARN 11564 --- [iam-authorization-server] [           main] c.b.m.core.injector.DefaultSqlInjector   : class net.xzh.authserver.entity.OAuth2AuthorizationConsentEntity Not found @TableId annotation, Cannot use Mybatis-Plus 'xxById' Method.
2026-08-15T11:11:34.705+08:00  INFO 11564 --- [iam-authorization-server] [           main] n.x.a.s.AuthorizationServerConfig        : 使用 RedisSessionRegistry, 会话跟踪信息持久化到 Redis
2026-08-15T11:11:34.879+08:00  INFO 11564 --- [iam-authorization-server] [           main] eAuthenticationProviderManagerConfigurer : Global AuthenticationManager configured with AuthenticationProvider bean with name portalDaoProvider
2026-08-15T11:11:34.918+08:00  WARN 11564 --- [iam-authorization-server] [           main] r$InitializeUserDetailsManagerConfigurer : Global AuthenticationManager configured with an AuthenticationProvider bean. UserDetailsService beans will not be used by Spring Security for automatically configuring username/password login. Consider removing the AuthenticationProvider bean. Alternatively, consider using the UserDetailsService in a manually instantiated DaoAuthenticationProvider. If the current configuration is intentional, to turn off this warning, increase the logging level of 'org.springframework.security.config.annotation.authentication.configuration.InitializeUserDetailsBeanManagerConfigurer' to ERROR
2026-08-15T11:11:36.056+08:00 DEBUG 11564 --- [iam-authorization-server] [           main] o.s.s.web.DefaultSecurityFilterChain     : Will secure Or [Mvc [pattern='/oauth2/authorize'], Mvc [pattern='/oauth2/token'], Mvc [pattern='/oauth2/introspect'], Mvc [pattern='/oauth2/revoke'], Mvc [pattern='/oauth2/device_authorization'], Mvc [pattern='/oauth2/device/verify'], Mvc [pattern='/oauth2/jwks'], Mvc [pattern='/oauth2/connect/register'], Mvc [pattern='/consent'], Mvc [pattern='/logout'], Mvc [pattern='/login.html'], Mvc [pattern='/login'], Mvc [pattern='/.well-known/openid-configuration'], Mvc [pattern='/.well-known/oauth-authorization-server']] with filters: DisableEncodeUrlFilter, WebAsyncManagerIntegrationFilter, SecurityContextHolderFilter, SessionExpirationFilter, ActiveClientTrackingFilter, AuthorizationServerContextFilter, HeaderWriterFilter, CsrfFilter, OidcLogoutEndpointFilter, LogoutFilter, OAuth2AuthorizationServerMetadataEndpointFilter, OAuth2AuthorizationEndpointFilter, OAuth2DeviceVerificationEndpointFilter, OidcProviderConfigurationEndpointFilter, NimbusJwkSetEndpointFilter, OAuth2ClientAuthenticationFilter, UsernamePasswordAuthenticationFilter, ConcurrentSessionFilter, BearerTokenAuthenticationFilter, RequestCacheAwareFilter, SecurityContextHolderAwareRequestFilter, AnonymousAuthenticationFilter, SessionManagementFilter, ExceptionTranslationFilter, AuthorizationFilter, OAuth2TokenEndpointFilter, OAuth2TokenIntrospectionEndpointFilter, OAuth2TokenRevocationEndpointFilter, OAuth2DeviceAuthorizationEndpointFilter, OidcUserInfoEndpointFilter
2026-08-15T11:11:36.129+08:00 DEBUG 11564 --- [iam-authorization-server] [           main] o.s.s.web.DefaultSecurityFilterChain     : Will secure Or [Mvc [pattern='/api/admin/**']] with filters: DisableEncodeUrlFilter, WebAsyncManagerIntegrationFilter, SecurityContextHolderFilter, HeaderWriterFilter, LogoutFilter, BearerTokenAuthenticationFilter, RequestCacheAwareFilter, SecurityContextHolderAwareRequestFilter, AnonymousAuthenticationFilter, ExceptionTranslationFilter, AuthorizationFilter
2026-08-15T11:11:36.162+08:00 DEBUG 11564 --- [iam-authorization-server] [           main] o.s.s.web.DefaultSecurityFilterChain     : Will secure Or [Mvc [pattern='/activate'], Mvc [pattern='/device-login']] with filters: DisableEncodeUrlFilter, WebAsyncManagerIntegrationFilter, SecurityContextHolderFilter, HeaderWriterFilter, CsrfFilter, LogoutFilter, SessionExpirationFilter, UsernamePasswordAuthenticationFilter, ConcurrentSessionFilter, RequestCacheAwareFilter, SecurityContextHolderAwareRequestFilter, AnonymousAuthenticationFilter, ExceptionTranslationFilter, AuthorizationFilter
2026-08-15T11:11:36.452+08:00  INFO 11564 --- [iam-authorization-server] [           main] b.m.s.MybatisPlusApplicationContextAware : Register ApplicationContext instances org.springframework.boot.web.servlet.context.AnnotationConfigServletWebServerApplicationContext@2e6a5539
2026-08-15T11:11:36.919+08:00  INFO 11564 --- [iam-authorization-server] [           main] o.s.b.w.embedded.tomcat.TomcatWebServer  : Tomcat started on port 9000 (http) with context path '/'
2026-08-15T11:11:36.977+08:00  INFO 11564 --- [iam-authorization-server] [           main] n.x.a.AuthorizationServerApplication     : Started AuthorizationServerApplication in 11.617 seconds (process running for 11.989)
2026-08-15T11:11:37.964+08:00  INFO 11564 --- [iam-authorization-server] [           main] n.xzh.authserver.config.DataInitializer  : [DataInit] portal-app requireProofKey 需更新为 true (PKCE)
Creating a new SqlSession
SqlSession [org.apache.ibatis.session.defaults.DefaultSqlSession@12b66c89] was not registered for synchronization because synchronization is not active
JDBC Connection [com.alibaba.druid.pool.DruidStatementConnection@e2696e8] will not be managed by Spring
==>  Preparing: SELECT id,client_id,client_id_issued_at,client_secret,client_secret_expires_at,client_name,client_authentication_methods,authorization_grant_types,redirect_uris,post_logout_redirect_uris,scopes,client_settings,token_settings FROM oauth2_registered_client WHERE id=?
==> Parameters: 3(String)
<==    Columns: id, client_id, client_id_issued_at, client_secret, client_secret_expires_at, client_name, client_authentication_methods, authorization_grant_types, redirect_uris, post_logout_redirect_uris, scopes, client_settings, token_settings
<==        Row: 3, portal-app, 2026-08-11 20:00:08, $2a$10$ov3NUrdkAHujSRdGbDZF6O9h2cjZq4Zl17fL3TA5Nhs94mE/PmH8e, null, 门户应用 (SSO), client_secret_basic, refresh_token,authorization_code, http://localhost:8083/portal-sso-callback,http://localhost:8081/portal-sso-callback,http://localhost:8080/login/oauth2/code/portal-app-oidc, http://localhost:8000/logged-out,http://localhost:8080/logged-out, openid,profile,email, {"requireProofKey":false,"requireAuthorizationConsent":false}, {"accessTokenFormat":"reference","authorizationCodeTimeToLive":"PT5M","accessTokenTimeToLive":"PT2H","reuseRefreshTokens":false}
<==      Total: 1
Closing non transactional SqlSession [org.apache.ibatis.session.defaults.DefaultSqlSession@12b66c89]
Creating a new SqlSession
SqlSession [org.apache.ibatis.session.defaults.DefaultSqlSession@2305aad0] was not registered for synchronization because synchronization is not active
JDBC Connection [com.alibaba.druid.pool.DruidStatementConnection@e2696e8] will not be managed by Spring
==>  Preparing: UPDATE oauth2_registered_client SET client_id=?, client_id_issued_at=?, client_secret=?, client_name=?, client_authentication_methods=?, authorization_grant_types=?, redirect_uris=?, post_logout_redirect_uris=?, scopes=?, client_settings=?, token_settings=? WHERE id=?
==> Parameters: portal-app(String), 2026-08-11T20:00:08(LocalDateTime), $2a$10$ov3NUrdkAHujSRdGbDZF6O9h2cjZq4Zl17fL3TA5Nhs94mE/PmH8e(String), 门户应用 (SSO)(String), client_secret_basic(String), refresh_token,authorization_code(String), http://localhost:8083/portal-sso-callback,http://localhost:8081/portal-sso-callback,http://localhost:8080/login/oauth2/code/portal-app-oidc(String), http://localhost:8000/logged-out,http://localhost:8080/logged-out(String), openid,profile,email(String), {"requireProofKey":false,"requireAuthorizationConsent":false}(String), {"accessTokenFormat":"reference","authorizationCodeTimeToLive":"PT5M","accessTokenTimeToLive":"PT2H","reuseRefreshTokens":false}(String), 3(String)
<==    Updates: 1
Closing non transactional SqlSession [org.apache.ibatis.session.defaults.DefaultSqlSession@2305aad0]
2026-08-15T11:11:38.600+08:00  INFO 11564 --- [iam-authorization-server] [           main] n.xzh.authserver.config.DataInitializer  : [DataInit] portal-app 客户端配置已更新 (redirect_uri=http://localhost:8080/login/oauth2/code/portal-app-oidc, secret=123456)
Creating a new SqlSession
SqlSession [org.apache.ibatis.session.defaults.DefaultSqlSession@5812935] was not registered for synchronization because synchronization is not active
JDBC Connection [com.alibaba.druid.pool.DruidStatementConnection@e2696e8] will not be managed by Spring
==>  Preparing: SELECT * FROM sys_user WHERE username = ? LIMIT 1
==> Parameters: user(String)
<==    Columns: id, username, password, nickname, email, phone, avatar, identity_type, enabled, account_non_expired, account_non_locked, credentials_non_expired, create_time, update_time
<==        Row: 2, user, $2a$10$ov3NUrdkAHujSRdGbDZF6O9h2cjZq4Zl17fL3TA5Nhs94mE/PmH8e, 普通用户, user@example.com, null, null, 2, 1, 1, 1, 1, 2026-08-11 20:00:08, 2026-08-11 20:00:08
<==      Total: 1
Closing non transactional SqlSession [org.apache.ibatis.session.defaults.DefaultSqlSession@5812935]
2026-08-15T11:11:38.746+08:00  INFO 11564 --- [iam-authorization-server] [           main] n.x.a.config.UserPasswordInitializer     : [UserPasswordInit] 用户 user 密码正确, 跳过
Creating a new SqlSession
SqlSession [org.apache.ibatis.session.defaults.DefaultSqlSession@705dc1a6] was not registered for synchronization because synchronization is not active
JDBC Connection [com.alibaba.druid.pool.DruidStatementConnection@e2696e8] will not be managed by Spring
==>  Preparing: SELECT * FROM sys_user WHERE username = ? LIMIT 1
==> Parameters: admin(String)
<==    Columns: id, username, password, nickname, email, phone, avatar, identity_type, enabled, account_non_expired, account_non_locked, credentials_non_expired, create_time, update_time
<==        Row: 1, admin, $2a$10$ov3NUrdkAHujSRdGbDZF6O9h2cjZq4Zl17fL3TA5Nhs94mE/PmH8e, 管理员, admin@example.com, null, null, 1, 1, 1, 1, 1, 2026-08-11 20:00:08, 2026-08-13 22:28:45
<==      Total: 1
Closing non transactional SqlSession [org.apache.ibatis.session.defaults.DefaultSqlSession@705dc1a6]
2026-08-15T11:11:38.909+08:00  INFO 11564 --- [iam-authorization-server] [           main] n.x.a.config.UserPasswordInitializer     : [UserPasswordInit] 用户 admin 密码正确, 跳过
2026-08-15T11:13:52.764+08:00  INFO 11564 --- [iam-authorization-server] [nio-9000-exec-2] o.a.c.c.C.[Tomcat].[localhost].[/]       : Initializing Spring DispatcherServlet 'dispatcherServlet'
2026-08-15T11:13:52.803+08:00  INFO 11564 --- [iam-authorization-server] [nio-9000-exec-2] o.s.web.servlet.DispatcherServlet        : Initializing Servlet 'dispatcherServlet'
2026-08-15T11:13:52.807+08:00  INFO 11564 --- [iam-authorization-server] [nio-9000-exec-2] o.s.web.servlet.DispatcherServlet        : Completed initialization in 3 ms
2026-08-15T11:13:52.847+08:00 DEBUG 11564 --- [iam-authorization-server] [nio-9000-exec-2] o.s.security.web.FilterChainProxy        : Securing GET /oauth2/authorize?response_type=code&client_id=admin-app&scope=openid%20profile%20read%20write&state=TgFOl_gyBzcYYklTXXzbAfXFHjmmL8BErHw65LE4U3Y%3D&redirect_uri=http://localhost:8085/login/oauth2/code/admin-app&nonce=RGMrIhXLeTKlG9vrJfejj0Hw6f3ye0nkfva20MXqeyM
2026-08-15T11:13:52.907+08:00 DEBUG 11564 --- [iam-authorization-server] [nio-9000-exec-2] o.s.s.w.a.AnonymousAuthenticationFilter  : Set SecurityContextHolder to anonymous SecurityContext
2026-08-15T11:13:52.926+08:00 DEBUG 11564 --- [iam-authorization-server] [nio-9000-exec-2] o.s.s.w.s.HttpSessionRequestCache        : Saved request http://localhost:9000/oauth2/authorize?response_type=code&client_id=admin-app&scope=openid%20profile%20read%20write&state=TgFOl_gyBzcYYklTXXzbAfXFHjmmL8BErHw65LE4U3Y%3D&redirect_uri=http://localhost:8085/login/oauth2/code/admin-app&nonce=RGMrIhXLeTKlG9vrJfejj0Hw6f3ye0nkfva20MXqeyM&continue to session
2026-08-15T11:13:52.932+08:00 DEBUG 11564 --- [iam-authorization-server] [nio-9000-exec-2] s.w.a.DelegatingAuthenticationEntryPoint : Trying to match using MediaTypeRequestMatcher [contentNegotiationStrategy=org.springframework.web.accept.HeaderContentNegotiationStrategy@41b1297d, matchingMediaTypes=[text/html], useEquals=false, ignoredMediaTypes=[]]
2026-08-15T11:13:52.934+08:00 DEBUG 11564 --- [iam-authorization-server] [nio-9000-exec-2] s.w.a.DelegatingAuthenticationEntryPoint : Match found! Executing org.springframework.security.web.authentication.LoginUrlAuthenticationEntryPoint@66a1b96d
2026-08-15T11:13:52.935+08:00 DEBUG 11564 --- [iam-authorization-server] [nio-9000-exec-2] o.s.s.web.DefaultRedirectStrategy        : Redirecting to http://localhost:9000/login.html
2026-08-15T11:13:53.011+08:00 DEBUG 11564 --- [iam-authorization-server] [nio-9000-exec-3] o.s.security.web.FilterChainProxy        : Securing GET /login.html
2026-08-15T11:13:53.033+08:00 DEBUG 11564 --- [iam-authorization-server] [nio-9000-exec-3] o.s.s.w.a.AnonymousAuthenticationFilter  : Set SecurityContextHolder to anonymous SecurityContext
2026-08-15T11:13:53.034+08:00 DEBUG 11564 --- [iam-authorization-server] [nio-9000-exec-3] o.s.security.web.FilterChainProxy        : Secured GET /login.html
2026-08-15T11:13:53.150+08:00 DEBUG 11564 --- [iam-authorization-server] [nio-9000-exec-4] o.s.security.web.FilterChainProxy        : Securing POST /login
JDBC Connection [com.alibaba.druid.pool.DruidStatementConnection@e2696e8] will not be managed by Spring
==>  Preparing: SELECT id,username,password,nickname,email,phone,avatar,identity_type,enabled,account_non_expired,account_non_locked,credentials_non_expired,create_time,update_time FROM sys_user WHERE (username = ?)
==> Parameters: admin(String)
<==    Columns: id, username, password, nickname, email, phone, avatar, identity_type, enabled, account_non_expired, account_non_locked, credentials_non_expired, create_time, update_time
<==        Row: 1, admin, $2a$10$ov3NUrdkAHujSRdGbDZF6O9h2cjZq4Zl17fL3TA5Nhs94mE/PmH8e, 管理员, admin@example.com, null, null, 1, 1, 1, 1, 1, 2026-08-11 20:00:08, 2026-08-13 22:28:45
<==      Total: 1
2026-08-15T11:13:53.640+08:00 DEBUG 11564 --- [iam-authorization-server] [nio-9000-exec-4] o.s.s.a.dao.DaoAuthenticationProvider    : Authenticated user
2026-08-15T11:13:53.680+08:00 DEBUG 11564 --- [iam-authorization-server] [nio-9000-exec-4] .s.ChangeSessionIdAuthenticationStrategy : Changed session id from d3cd4f5e-fcc4-4751-b63d-21360aeb3092
2026-08-15T11:13:53.708+08:00  INFO 11564 --- [iam-authorization-server] [nio-9000-exec-4] n.x.a.s.session.RedisSessionRegistry     : [RedisSessionRegistry] 注册会话: principal=admin, sessionId=0538476b-a6f2-4b8a-ac85-b5b8883112dd
2026-08-15T11:13:53.710+08:00 DEBUG 11564 --- [iam-authorization-server] [nio-9000-exec-4] w.a.UsernamePasswordAuthenticationFilter : Set SecurityContextHolder to UsernamePasswordAuthenticationToken [Principal=org.springframework.security.core.userdetails.User [Username=admin, Password=[PROTECTED], Enabled=true, AccountNonExpired=true, CredentialsNonExpired=true, AccountNonLocked=true, Granted Authorities=[ROLE_ADMIN]], Credentials=[PROTECTED], Authenticated=true, Details=WebAuthenticationDetails [RemoteIpAddress=0:0:0:0:0:0:0:1, SessionId=d3cd4f5e-fcc4-4751-b63d-21360aeb3092], Granted Authorities=[ROLE_ADMIN]]
2026-08-15T11:13:53.712+08:00 DEBUG 11564 --- [iam-authorization-server] [nio-9000-exec-4] o.s.s.web.DefaultRedirectStrategy        : Redirecting to http://localhost:9000/oauth2/authorize?response_type=code&client_id=admin-app&scope=openid%20profile%20read%20write&state=TgFOl_gyBzcYYklTXXzbAfXFHjmmL8BErHw65LE4U3Y%3D&redirect_uri=http://localhost:8085/login/oauth2/code/admin-app&nonce=RGMrIhXLeTKlG9vrJfejj0Hw6f3ye0nkfva20MXqeyM&continue
2026-08-15T11:13:53.796+08:00 DEBUG 11564 --- [iam-authorization-server] [nio-9000-exec-5] o.s.security.web.FilterChainProxy        : Securing GET /oauth2/authorize?response_type=code&client_id=admin-app&scope=openid%20profile%20read%20write&state=TgFOl_gyBzcYYklTXXzbAfXFHjmmL8BErHw65LE4U3Y%3D&redirect_uri=http://localhost:8085/login/oauth2/code/admin-app&nonce=RGMrIhXLeTKlG9vrJfejj0Hw6f3ye0nkfva20MXqeyM&continue
Creating a new SqlSession
SqlSession [org.apache.ibatis.session.defaults.DefaultSqlSession@2a18dd9e] was not registered for synchronization because synchronization is not active
JDBC Connection [com.alibaba.druid.pool.DruidStatementConnection@e2696e8] will not be managed by Spring
==>  Preparing: SELECT * FROM oauth2_authorization_consent WHERE registered_client_id = ? AND principal_name = ? LIMIT 1
==> Parameters: 2(String), admin(String)
<==      Total: 0
Closing non transactional SqlSession [org.apache.ibatis.session.defaults.DefaultSqlSession@2a18dd9e]
Creating a new SqlSession
SqlSession [org.apache.ibatis.session.defaults.DefaultSqlSession@64f19a6f] was not registered for synchronization because synchronization is not active
JDBC Connection [com.alibaba.druid.pool.DruidStatementConnection@e2696e8] will not be managed by Spring
==>  Preparing: SELECT * FROM oauth2_registered_client WHERE client_id = ? LIMIT 1
==> Parameters: admin(String)
<==      Total: 0
Closing non transactional SqlSession [org.apache.ibatis.session.defaults.DefaultSqlSession@64f19a6f]
2026-08-15T11:13:53.912+08:00 DEBUG 11564 --- [iam-authorization-server] [nio-9000-exec-5] .x.a.s.r.RedisOAuth2AuthorizationService : OAuth2Authorization saved to Redis, id=929b952e-c4ef-4ce7-82c9-916adb692a02, user=admin
2026-08-15T11:13:53.923+08:00 DEBUG 11564 --- [iam-authorization-server] [nio-9000-exec-5] o.s.s.web.DefaultRedirectStrategy        : Redirecting to http://localhost:8085/login/oauth2/code/admin-app?code=SzH1nTRsjTIOTxCAqfxwEFsRLnna2NHCl-QxlzpvLOz3aRSC6Z_Ib1VqsPmn0JfKQSZIL5oefIPcpa1ooxK7sUW2hkGqze82IWOqpVA9GlHM0jfHeFXJool0QLNylG5F&state=TgFOl_gyBzcYYklTXXzbAfXFHjmmL8BErHw65LE4U3Y%3D
2026-08-15T11:13:53.994+08:00 DEBUG 11564 --- [iam-authorization-server] [nio-9000-exec-6] o.s.security.web.FilterChainProxy        : Securing POST /oauth2/token
2026-08-15T11:13:54.152+08:00 DEBUG 11564 --- [iam-authorization-server] [nio-9000-exec-6] o.s.a.w.OAuth2ClientAuthenticationFilter : Set SecurityContextHolder authentication to OAuth2ClientAuthenticationToken
2026-08-15T11:13:54.210+08:00  INFO 11564 --- [iam-authorization-server] [nio-9000-exec-6] n.x.a.s.session.RedisSessionRegistry     : [RedisSessionRegistry] 注册会话: principal=admin-app, sessionId=b2eb71f4-2953-4c2f-986b-445770e76b65
Creating a new SqlSession
SqlSession [org.apache.ibatis.session.defaults.DefaultSqlSession@383e7aa1] was not registered for synchronization because synchronization is not active
JDBC Connection [com.alibaba.druid.pool.DruidStatementConnection@e2696e8] will not be managed by Spring
==>  Preparing: SELECT * FROM oauth2_registered_client WHERE client_id = ? LIMIT 1
==> Parameters: admin(String)
<==      Total: 0
Closing non transactional SqlSession [org.apache.ibatis.session.defaults.DefaultSqlSession@383e7aa1]
2026-08-15T11:13:54.462+08:00 DEBUG 11564 --- [iam-authorization-server] [nio-9000-exec-6] .x.a.s.r.RedisOAuth2AuthorizationService : OAuth2Authorization saved to Redis, id=929b952e-c4ef-4ce7-82c9-916adb692a02, user=admin
2026-08-15T11:13:54.490+08:00 DEBUG 11564 --- [iam-authorization-server] [nio-9000-exec-6] n.x.a.s.web.ActiveClientTrackingFilter   : [ActiveClientTracking] 响应已提交, 跳过 session 写入 clientId=admin-app
2026-08-15T11:13:54.498+08:00 DEBUG 11564 --- [iam-authorization-server] [nio-9000-exec-7] o.s.security.web.FilterChainProxy        : Securing GET /oauth2/jwks
JDBC Connection [com.alibaba.druid.pool.DruidStatementConnection@e2696e8] will not be managed by Spring
==>  Preparing: SELECT id,username,password,nickname,email,phone,avatar,identity_type,enabled,account_non_expired,account_non_locked,credentials_non_expired,create_time,update_time FROM sys_user WHERE (username = ?)
==> Parameters: admin(String)
<==    Columns: id, username, password, nickname, email, phone, avatar, identity_type, enabled, account_non_expired, account_non_locked, credentials_non_expired, create_time, update_time
<==        Row: 1, admin, $2a$10$ov3NUrdkAHujSRdGbDZF6O9h2cjZq4Zl17fL3TA5Nhs94mE/PmH8e, 管理员, admin@example.com, null, null, 1, 1, 1, 1, 1, 2026-08-11 20:00:08, 2026-08-13 22:28:45
<==      Total: 1
2026-08-15T11:13:54.600+08:00 DEBUG 11564 --- [iam-authorization-server] [nio-9000-exec-8] n.x.a.s.t.RedisOpaqueTokenIntrospector   : Opaque token introspect success, sub=admin, scope=[read, openid, profile, write]
2026-08-15T11:13:54.827+08:00 DEBUG 11564 --- [iam-authorization-server] [nio-9000-exec-9] o.s.security.web.FilterChainProxy        : Securing GET /api/admin/sessions/online
JDBC Connection [com.alibaba.druid.pool.DruidStatementConnection@e2696e8] will not be managed by Spring
==>  Preparing: SELECT id,username,password,nickname,email,phone,avatar,identity_type,enabled,account_non_expired,account_non_locked,credentials_non_expired,create_time,update_time FROM sys_user WHERE (username = ?)
==> Parameters: admin(String)
<==    Columns: id, username, password, nickname, email, phone, avatar, identity_type, enabled, account_non_expired, account_non_locked, credentials_non_expired, create_time, update_time
<==        Row: 1, admin, $2a$10$ov3NUrdkAHujSRdGbDZF6O9h2cjZq4Zl17fL3TA5Nhs94mE/PmH8e, 管理员, admin@example.com, null, null, 1, 1, 1, 1, 1, 2026-08-11 20:00:08, 2026-08-13 22:28:45
<==      Total: 1
2026-08-15T11:13:54.854+08:00 DEBUG 11564 --- [iam-authorization-server] [nio-9000-exec-9] n.x.a.s.t.RedisOpaqueTokenIntrospector   : Opaque token introspect success, sub=admin, scope=[read, openid, profile, write]
2026-08-15T11:13:54.855+08:00 DEBUG 11564 --- [iam-authorization-server] [nio-9000-exec-9] .s.r.a.OpaqueTokenAuthenticationProvider : Authenticated token
2026-08-15T11:13:54.856+08:00 DEBUG 11564 --- [iam-authorization-server] [nio-9000-exec-9] .s.r.w.a.BearerTokenAuthenticationFilter : Set SecurityContextHolder to BearerTokenAuthentication [Principal=net.xzh.authserver.security.token.RedisOpaqueTokenIntrospector$OpaquePrincipal@b2cace8, Credentials=[PROTECTED], Authenticated=true, Details=WebAuthenticationDetails [RemoteIpAddress=127.0.0.1, SessionId=null], Granted Authorities=[ROLE_ADMIN]]
2026-08-15T11:13:54.857+08:00 DEBUG 11564 --- [iam-authorization-server] [nio-9000-exec-9] o.s.security.web.FilterChainProxy        : Secured GET /api/admin/sessions/online
JDBC Connection [com.alibaba.druid.pool.DruidStatementConnection@e2696e8] will not be managed by Spring
==>  Preparing: SELECT id,username,password,nickname,email,phone,avatar,identity_type,enabled,account_non_expired,account_non_locked,credentials_non_expired,create_time,update_time FROM sys_user WHERE (username = ?)
==> Parameters: admin(String)
<==    Columns: id, username, password, nickname, email, phone, avatar, identity_type, enabled, account_non_expired, account_non_locked, credentials_non_expired, create_time, update_time
<==        Row: 1, admin, $2a$10$ov3NUrdkAHujSRdGbDZF6O9h2cjZq4Zl17fL3TA5Nhs94mE/PmH8e, 管理员, admin@example.com, null, null, 1, 1, 1, 1, 1, 2026-08-11 20:00:08, 2026-08-13 22:28:45
<==      Total: 1
JDBC Connection [com.alibaba.druid.pool.DruidStatementConnection@e2696e8] will not be managed by Spring
==>  Preparing: SELECT id,username,password,nickname,email,phone,avatar,identity_type,enabled,account_non_expired,account_non_locked,credentials_non_expired,create_time,update_time FROM sys_user WHERE (username = ?)
==> Parameters: admin(String)
<==    Columns: id, username, password, nickname, email, phone, avatar, identity_type, enabled, account_non_expired, account_non_locked, credentials_non_expired, create_time, update_time
<==        Row: 1, admin, $2a$10$ov3NUrdkAHujSRdGbDZF6O9h2cjZq4Zl17fL3TA5Nhs94mE/PmH8e, 管理员, admin@example.com, null, null, 1, 1, 1, 1, 1, 2026-08-11 20:00:08, 2026-08-13 22:28:45
<==      Total: 1
JDBC Connection [com.alibaba.druid.pool.DruidStatementConnection@e2696e8] will not be managed by Spring
==>  Preparing: SELECT id,username,password,nickname,email,phone,avatar,identity_type,enabled,account_non_expired,account_non_locked,credentials_non_expired,create_time,update_time FROM sys_user WHERE (username = ?)
==> Parameters: resource-server(String)
<==      Total: 0
2026-08-15T11:13:56.263+08:00 DEBUG 11564 --- [iam-authorization-server] [nio-9000-exec-9] n.x.a.service.AuthSessionService         : 跳过非用户 principal: resource-server
JDBC Connection [com.alibaba.druid.pool.DruidStatementConnection@e2696e8] will not be managed by Spring
==>  Preparing: SELECT id,username,password,nickname,email,phone,avatar,identity_type,enabled,account_non_expired,account_non_locked,credentials_non_expired,create_time,update_time FROM sys_user WHERE (username = ?)
==> Parameters: admin-app(String)
<==      Total: 0
2026-08-15T11:13:56.269+08:00 DEBUG 11564 --- [iam-authorization-server] [nio-9000-exec-9] n.x.a.service.AuthSessionService         : 跳过非用户 principal: admin-app
JDBC Connection [com.alibaba.druid.pool.DruidStatementConnection@e2696e8] will not be managed by Spring
==>  Preparing: SELECT id,username,password,nickname,email,phone,avatar,identity_type,enabled,account_non_expired,account_non_locked,credentials_non_expired,create_time,update_time FROM sys_user WHERE (username = ?)
==> Parameters: user(String)
<==    Columns: id, username, password, nickname, email, phone, avatar, identity_type, enabled, account_non_expired, account_non_locked, credentials_non_expired, create_time, update_time
<==        Row: 2, user, $2a$10$ov3NUrdkAHujSRdGbDZF6O9h2cjZq4Zl17fL3TA5Nhs94mE/PmH8e, 普通用户, user@example.com, null, null, 2, 1, 1, 1, 1, 2026-08-11 20:00:08, 2026-08-11 20:00:08
<==      Total: 1
JDBC Connection [com.alibaba.druid.pool.DruidStatementConnection@e2696e8] will not be managed by Spring
==>  Preparing: SELECT id,username,password,nickname,email,phone,avatar,identity_type,enabled,account_non_expired,account_non_locked,credentials_non_expired,create_time,update_time FROM sys_user WHERE (username = ?)
==> Parameters: user(String)
<==    Columns: id, username, password, nickname, email, phone, avatar, identity_type, enabled, account_non_expired, account_non_locked, credentials_non_expired, create_time, update_time
<==        Row: 2, user, $2a$10$ov3NUrdkAHujSRdGbDZF6O9h2cjZq4Zl17fL3TA5Nhs94mE/PmH8e, 普通用户, user@example.com, null, null, 2, 1, 1, 1, 1, 2026-08-11 20:00:08, 2026-08-11 20:00:08
<==      Total: 1
2026-08-15T11:14:09.816+08:00 DEBUG 11564 --- [iam-authorization-server] [nio-9000-exec-1] o.s.security.web.FilterChainProxy        : Securing GET /oauth2/authorize?response_type=code&client_id=admin-app&scope=openid%20profile%20read%20write&state=Nt24OsmYEwGYiNEL0mpQpKattD-iqUxOPthA9CeNVCk%3D&redirect_uri=http://localhost:8085/login/oauth2/code/admin-app&nonce=84DLJJlL-pkO7EQSk97XDthKdAXCZC_XZJxilFuu-rw
2026-08-15T11:14:09.838+08:00 DEBUG 11564 --- [iam-authorization-server] [nio-9000-exec-1] o.s.s.w.a.AnonymousAuthenticationFilter  : Set SecurityContextHolder to anonymous SecurityContext
2026-08-15T11:14:09.841+08:00 DEBUG 11564 --- [iam-authorization-server] [nio-9000-exec-1] o.s.s.w.s.HttpSessionRequestCache        : Saved request http://localhost:9000/oauth2/authorize?response_type=code&client_id=admin-app&scope=openid%20profile%20read%20write&state=Nt24OsmYEwGYiNEL0mpQpKattD-iqUxOPthA9CeNVCk%3D&redirect_uri=http://localhost:8085/login/oauth2/code/admin-app&nonce=84DLJJlL-pkO7EQSk97XDthKdAXCZC_XZJxilFuu-rw&continue to session
2026-08-15T11:14:09.842+08:00 DEBUG 11564 --- [iam-authorization-server] [nio-9000-exec-1] s.w.a.DelegatingAuthenticationEntryPoint : Trying to match using MediaTypeRequestMatcher [contentNegotiationStrategy=org.springframework.web.accept.HeaderContentNegotiationStrategy@41b1297d, matchingMediaTypes=[text/html], useEquals=false, ignoredMediaTypes=[]]
2026-08-15T11:14:09.843+08:00 DEBUG 11564 --- [iam-authorization-server] [nio-9000-exec-1] s.w.a.DelegatingAuthenticationEntryPoint : Match found! Executing org.springframework.security.web.authentication.LoginUrlAuthenticationEntryPoint@66a1b96d
2026-08-15T11:14:09.844+08:00 DEBUG 11564 --- [iam-authorization-server] [nio-9000-exec-1] o.s.s.web.DefaultRedirectStrategy        : Redirecting to http://localhost:9000/login.html
2026-08-15T11:14:09.893+08:00 DEBUG 11564 --- [iam-authorization-server] [nio-9000-exec-2] o.s.security.web.FilterChainProxy        : Securing GET /login.html
2026-08-15T11:14:09.900+08:00 DEBUG 11564 --- [iam-authorization-server] [nio-9000-exec-2] o.s.s.w.a.AnonymousAuthenticationFilter  : Set SecurityContextHolder to anonymous SecurityContext
2026-08-15T11:14:09.901+08:00 DEBUG 11564 --- [iam-authorization-server] [nio-9000-exec-2] o.s.security.web.FilterChainProxy        : Secured GET /login.html
2026-08-15T11:14:09.997+08:00 DEBUG 11564 --- [iam-authorization-server] [nio-9000-exec-3] o.s.security.web.FilterChainProxy        : Securing POST /login
JDBC Connection [com.alibaba.druid.pool.DruidStatementConnection@e2696e8] will not be managed by Spring
==>  Preparing: SELECT id,username,password,nickname,email,phone,avatar,identity_type,enabled,account_non_expired,account_non_locked,credentials_non_expired,create_time,update_time FROM sys_user WHERE (username = ?)
==> Parameters: admin(String)
<==    Columns: id, username, password, nickname, email, phone, avatar, identity_type, enabled, account_non_expired, account_non_locked, credentials_non_expired, create_time, update_time
<==        Row: 1, admin, $2a$10$ov3NUrdkAHujSRdGbDZF6O9h2cjZq4Zl17fL3TA5Nhs94mE/PmH8e, 管理员, admin@example.com, null, null, 1, 1, 1, 1, 1, 2026-08-11 20:00:08, 2026-08-13 22:28:45
<==      Total: 1
2026-08-15T11:14:10.130+08:00 DEBUG 11564 --- [iam-authorization-server] [nio-9000-exec-3] o.s.s.a.dao.DaoAuthenticationProvider    : Authenticated user
2026-08-15T11:14:10.168+08:00 DEBUG 11564 --- [iam-authorization-server] [nio-9000-exec-3] .s.ChangeSessionIdAuthenticationStrategy : Changed session id from 0bbb4dff-8550-440c-91d1-0f5d4f39bb8c
2026-08-15T11:14:10.179+08:00  INFO 11564 --- [iam-authorization-server] [nio-9000-exec-3] n.x.a.s.session.RedisSessionRegistry     : [RedisSessionRegistry] 注册会话: principal=admin, sessionId=c79488c7-4b68-4a11-9507-23caeb49f44f
2026-08-15T11:14:10.180+08:00 DEBUG 11564 --- [iam-authorization-server] [nio-9000-exec-3] w.a.UsernamePasswordAuthenticationFilter : Set SecurityContextHolder to UsernamePasswordAuthenticationToken [Principal=org.springframework.security.core.userdetails.User [Username=admin, Password=[PROTECTED], Enabled=true, AccountNonExpired=true, CredentialsNonExpired=true, AccountNonLocked=true, Granted Authorities=[ROLE_ADMIN]], Credentials=[PROTECTED], Authenticated=true, Details=WebAuthenticationDetails [RemoteIpAddress=0:0:0:0:0:0:0:1, SessionId=0bbb4dff-8550-440c-91d1-0f5d4f39bb8c], Granted Authorities=[ROLE_ADMIN]]
2026-08-15T11:14:10.181+08:00 DEBUG 11564 --- [iam-authorization-server] [nio-9000-exec-3] o.s.s.web.DefaultRedirectStrategy        : Redirecting to http://localhost:9000/oauth2/authorize?response_type=code&client_id=admin-app&scope=openid%20profile%20read%20write&state=Nt24OsmYEwGYiNEL0mpQpKattD-iqUxOPthA9CeNVCk%3D&redirect_uri=http://localhost:8085/login/oauth2/code/admin-app&nonce=84DLJJlL-pkO7EQSk97XDthKdAXCZC_XZJxilFuu-rw&continue
2026-08-15T11:14:10.235+08:00 DEBUG 11564 --- [iam-authorization-server] [nio-9000-exec-4] o.s.security.web.FilterChainProxy        : Securing GET /oauth2/authorize?response_type=code&client_id=admin-app&scope=openid%20profile%20read%20write&state=Nt24OsmYEwGYiNEL0mpQpKattD-iqUxOPthA9CeNVCk%3D&redirect_uri=http://localhost:8085/login/oauth2/code/admin-app&nonce=84DLJJlL-pkO7EQSk97XDthKdAXCZC_XZJxilFuu-rw&continue
Creating a new SqlSession
SqlSession [org.apache.ibatis.session.defaults.DefaultSqlSession@4137af6b] was not registered for synchronization because synchronization is not active
JDBC Connection [com.alibaba.druid.pool.DruidStatementConnection@e2696e8] will not be managed by Spring
==>  Preparing: SELECT * FROM oauth2_authorization_consent WHERE registered_client_id = ? AND principal_name = ? LIMIT 1
==> Parameters: 2(String), admin(String)
<==      Total: 0
Closing non transactional SqlSession [org.apache.ibatis.session.defaults.DefaultSqlSession@4137af6b]
Creating a new SqlSession
SqlSession [org.apache.ibatis.session.defaults.DefaultSqlSession@378cbd86] was not registered for synchronization because synchronization is not active
JDBC Connection [com.alibaba.druid.pool.DruidStatementConnection@e2696e8] will not be managed by Spring
==>  Preparing: SELECT * FROM oauth2_registered_client WHERE client_id = ? LIMIT 1
==> Parameters: admin(String)
<==      Total: 0
Closing non transactional SqlSession [org.apache.ibatis.session.defaults.DefaultSqlSession@378cbd86]
2026-08-15T11:14:10.273+08:00 DEBUG 11564 --- [iam-authorization-server] [nio-9000-exec-4] .x.a.s.r.RedisOAuth2AuthorizationService : OAuth2Authorization saved to Redis, id=249cc65a-444c-49b4-8945-8472b930e180, user=admin
2026-08-15T11:14:10.278+08:00 DEBUG 11564 --- [iam-authorization-server] [nio-9000-exec-4] o.s.s.web.DefaultRedirectStrategy        : Redirecting to http://localhost:8085/login/oauth2/code/admin-app?code=ZoZ-dhYatLA_i1HoUtFjc_8LrqE7TIhFd8KFm_HId6XD7xYNAAVBfiogEgQml0ARaQXwWsypjGXxjk0MCsQVm5PdzcFvdckDr1_HVG-Tk3-pBqBUKDCcphntApoOifag&state=Nt24OsmYEwGYiNEL0mpQpKattD-iqUxOPthA9CeNVCk%3D
2026-08-15T11:14:10.336+08:00 DEBUG 11564 --- [iam-authorization-server] [nio-9000-exec-5] o.s.security.web.FilterChainProxy        : Securing POST /oauth2/token
2026-08-15T11:14:10.490+08:00 DEBUG 11564 --- [iam-authorization-server] [nio-9000-exec-5] o.s.a.w.OAuth2ClientAuthenticationFilter : Set SecurityContextHolder authentication to OAuth2ClientAuthenticationToken
2026-08-15T11:14:10.538+08:00  INFO 11564 --- [iam-authorization-server] [nio-9000-exec-5] n.x.a.s.session.RedisSessionRegistry     : [RedisSessionRegistry] 注册会话: principal=admin-app, sessionId=8e5440cd-d584-45db-bdf6-ac6d968b7bac
Creating a new SqlSession
SqlSession [org.apache.ibatis.session.defaults.DefaultSqlSession@42742731] was not registered for synchronization because synchronization is not active
JDBC Connection [com.alibaba.druid.pool.DruidStatementConnection@e2696e8] will not be managed by Spring
==>  Preparing: SELECT * FROM oauth2_registered_client WHERE client_id = ? LIMIT 1
==> Parameters: admin(String)
<==      Total: 0
Closing non transactional SqlSession [org.apache.ibatis.session.defaults.DefaultSqlSession@42742731]
2026-08-15T11:14:10.602+08:00 DEBUG 11564 --- [iam-authorization-server] [nio-9000-exec-5] .x.a.s.r.RedisOAuth2AuthorizationService : OAuth2Authorization saved to Redis, id=249cc65a-444c-49b4-8945-8472b930e180, user=admin
2026-08-15T11:14:10.611+08:00 DEBUG 11564 --- [iam-authorization-server] [nio-9000-exec-5] n.x.a.s.web.ActiveClientTrackingFilter   : [ActiveClientTracking] 响应已提交, 跳过 session 写入 clientId=admin-app
JDBC Connection [com.alibaba.druid.pool.DruidStatementConnection@e2696e8] will not be managed by Spring
==>  Preparing: SELECT id,username,password,nickname,email,phone,avatar,identity_type,enabled,account_non_expired,account_non_locked,credentials_non_expired,create_time,update_time FROM sys_user WHERE (username = ?)
==> Parameters: admin(String)
<==    Columns: id, username, password, nickname, email, phone, avatar, identity_type, enabled, account_non_expired, account_non_locked, credentials_non_expired, create_time, update_time
<==        Row: 1, admin, $2a$10$ov3NUrdkAHujSRdGbDZF6O9h2cjZq4Zl17fL3TA5Nhs94mE/PmH8e, 管理员, admin@example.com, null, null, 1, 1, 1, 1, 1, 2026-08-11 20:00:08, 2026-08-13 22:28:45
<==      Total: 1
2026-08-15T11:14:10.643+08:00 DEBUG 11564 --- [iam-authorization-server] [nio-9000-exec-6] n.x.a.s.t.RedisOpaqueTokenIntrospector   : Opaque token introspect success, sub=admin, scope=[read, openid, profile, write]
2026-08-15T11:14:11.045+08:00 DEBUG 11564 --- [iam-authorization-server] [nio-9000-exec-7] o.s.security.web.FilterChainProxy        : Securing GET /api/admin/users
JDBC Connection [com.alibaba.druid.pool.DruidStatementConnection@e2696e8] will not be managed by Spring
==>  Preparing: SELECT id,username,password,nickname,email,phone,avatar,identity_type,enabled,account_non_expired,account_non_locked,credentials_non_expired,create_time,update_time FROM sys_user WHERE (username = ?)
==> Parameters: admin(String)
<==    Columns: id, username, password, nickname, email, phone, avatar, identity_type, enabled, account_non_expired, account_non_locked, credentials_non_expired, create_time, update_time
<==        Row: 1, admin, $2a$10$ov3NUrdkAHujSRdGbDZF6O9h2cjZq4Zl17fL3TA5Nhs94mE/PmH8e, 管理员, admin@example.com, null, null, 1, 1, 1, 1, 1, 2026-08-11 20:00:08, 2026-08-13 22:28:45
<==      Total: 1
2026-08-15T11:14:11.059+08:00 DEBUG 11564 --- [iam-authorization-server] [nio-9000-exec-7] n.x.a.s.t.RedisOpaqueTokenIntrospector   : Opaque token introspect success, sub=admin, scope=[read, openid, profile, write]
2026-08-15T11:14:11.060+08:00 DEBUG 11564 --- [iam-authorization-server] [nio-9000-exec-7] .s.r.a.OpaqueTokenAuthenticationProvider : Authenticated token
2026-08-15T11:14:11.060+08:00 DEBUG 11564 --- [iam-authorization-server] [nio-9000-exec-7] .s.r.w.a.BearerTokenAuthenticationFilter : Set SecurityContextHolder to BearerTokenAuthentication [Principal=net.xzh.authserver.security.token.RedisOpaqueTokenIntrospector$OpaquePrincipal@2e2fc049, Credentials=[PROTECTED], Authenticated=true, Details=WebAuthenticationDetails [RemoteIpAddress=127.0.0.1, SessionId=null], Granted Authorities=[ROLE_ADMIN]]
2026-08-15T11:14:11.061+08:00 DEBUG 11564 --- [iam-authorization-server] [nio-9000-exec-7] o.s.security.web.FilterChainProxy        : Secured GET /api/admin/users
Creating a new SqlSession
SqlSession [org.apache.ibatis.session.defaults.DefaultSqlSession@7a62748b] was not registered for synchronization because synchronization is not active
JDBC Connection [com.alibaba.druid.pool.DruidStatementConnection@e2696e8] will not be managed by Spring
==>  Preparing: SELECT id,username,password,nickname,email,phone,avatar,identity_type,enabled,account_non_expired,account_non_locked,credentials_non_expired,create_time,update_time FROM sys_user
==> Parameters: 
<==    Columns: id, username, password, nickname, email, phone, avatar, identity_type, enabled, account_non_expired, account_non_locked, credentials_non_expired, create_time, update_time
<==        Row: 1, admin, $2a$10$ov3NUrdkAHujSRdGbDZF6O9h2cjZq4Zl17fL3TA5Nhs94mE/PmH8e, 管理员, admin@example.com, null, null, 1, 1, 1, 1, 1, 2026-08-11 20:00:08, 2026-08-13 22:28:45
<==        Row: 2, user, $2a$10$ov3NUrdkAHujSRdGbDZF6O9h2cjZq4Zl17fL3TA5Nhs94mE/PmH8e, 普通用户, user@example.com, null, null, 2, 1, 1, 1, 1, 2026-08-11 20:00:08, 2026-08-11 20:00:08
<==      Total: 2
Closing non transactional SqlSession [org.apache.ibatis.session.defaults.DefaultSqlSession@7a62748b]
2026-08-15T11:14:11.123+08:00 DEBUG 11564 --- [iam-authorization-server] [nio-9000-exec-8] o.s.security.web.FilterChainProxy        : Securing GET /api/admin/clients
JDBC Connection [com.alibaba.druid.pool.DruidStatementConnection@e2696e8] will not be managed by Spring
==>  Preparing: SELECT id,username,password,nickname,email,phone,avatar,identity_type,enabled,account_non_expired,account_non_locked,credentials_non_expired,create_time,update_time FROM sys_user WHERE (username = ?)
==> Parameters: admin(String)
<==    Columns: id, username, password, nickname, email, phone, avatar, identity_type, enabled, account_non_expired, account_non_locked, credentials_non_expired, create_time, update_time
<==        Row: 1, admin, $2a$10$ov3NUrdkAHujSRdGbDZF6O9h2cjZq4Zl17fL3TA5Nhs94mE/PmH8e, 管理员, admin@example.com, null, null, 1, 1, 1, 1, 1, 2026-08-11 20:00:08, 2026-08-13 22:28:45
<==      Total: 1
2026-08-15T11:14:11.140+08:00 DEBUG 11564 --- [iam-authorization-server] [nio-9000-exec-8] n.x.a.s.t.RedisOpaqueTokenIntrospector   : Opaque token introspect success, sub=admin, scope=[read, openid, profile, write]
2026-08-15T11:14:11.141+08:00 DEBUG 11564 --- [iam-authorization-server] [nio-9000-exec-8] .s.r.a.OpaqueTokenAuthenticationProvider : Authenticated token
2026-08-15T11:14:11.142+08:00 DEBUG 11564 --- [iam-authorization-server] [nio-9000-exec-8] .s.r.w.a.BearerTokenAuthenticationFilter : Set SecurityContextHolder to BearerTokenAuthentication [Principal=net.xzh.authserver.security.token.RedisOpaqueTokenIntrospector$OpaquePrincipal@87c0a3, Credentials=[PROTECTED], Authenticated=true, Details=WebAuthenticationDetails [RemoteIpAddress=127.0.0.1, SessionId=null], Granted Authorities=[ROLE_ADMIN]]
2026-08-15T11:14:11.143+08:00 DEBUG 11564 --- [iam-authorization-server] [nio-9000-exec-8] o.s.security.web.FilterChainProxy        : Secured GET /api/admin/clients
Creating a new SqlSession
SqlSession [org.apache.ibatis.session.defaults.DefaultSqlSession@315e9218] was not registered for synchronization because synchronization is not active
JDBC Connection [com.alibaba.druid.pool.DruidStatementConnection@e2696e8] will not be managed by Spring
==>  Preparing: SELECT id,client_id,client_id_issued_at,client_secret,client_secret_expires_at,client_name,client_authentication_methods,authorization_grant_types,redirect_uris,post_logout_redirect_uris,scopes,client_settings,token_settings FROM oauth2_registered_client
==> Parameters: 
<==    Columns: id, client_id, client_id_issued_at, client_secret, client_secret_expires_at, client_name, client_authentication_methods, authorization_grant_types, redirect_uris, post_logout_redirect_uris, scopes, client_settings, token_settings
<==        Row: 1, resource-server, 2026-08-13 09:56:12, $2a$10$ov3NUrdkAHujSRdGbDZF6O9h2cjZq4Zl17fL3TA5Nhs94mE/PmH8e, null, 资源服务器, client_secret_basic, client_credentials, , , read,write, {"requireProofKey":false,"requireAuthorizationConsent":false}, {"accessTokenFormat":"reference","authorizationCodeTimeToLive":"PT5M","accessTokenTimeToLive":"PT30M","reuseRefreshTokens":false}
<==        Row: 2, admin-app, 2026-08-13 12:00:00, $2a$10$ov3NUrdkAHujSRdGbDZF6O9h2cjZq4Zl17fL3TA5Nhs94mE/PmH8e, null, 管理后台, client_secret_basic, refresh_token,authorization_code, http://localhost:8085/login/oauth2/code/admin-app, http://localhost:8001/logged-out, openid,profile,read,write, {"requireProofKey":false,"requireAuthorizationConsent":false}, {"accessTokenFormat":"reference","authorizationCodeTimeToLive":"PT5M","accessTokenTimeToLive":"PT2H","reuseRefreshTokens":true}
<==        Row: 3, portal-app, 2026-08-11 20:00:08, $2a$10$ov3NUrdkAHujSRdGbDZF6O9h2cjZq4Zl17fL3TA5Nhs94mE/PmH8e, null, 门户应用 (SSO), client_secret_basic, refresh_token,authorization_code, http://localhost:8083/portal-sso-callback,http://localhost:8081/portal-sso-callback,http://localhost:8080/login/oauth2/code/portal-app-oidc, http://localhost:8000/logged-out,http://localhost:8080/logged-out, openid,profile,email, {"requireProofKey":false,"requireAuthorizationConsent":false}, {"accessTokenFormat":"reference","authorizationCodeTimeToLive":"PT5M","accessTokenTimeToLive":"PT2H","reuseRefreshTokens":false}
<==        Row: 4, web-app, 2026-08-11 20:00:08, $2a$10$ov3NUrdkAHujSRdGbDZF6O9h2cjZq4Zl17fL3TA5Nhs94mE/PmH8e, null, Web 应用客户端, client_secret_basic,client_secret_post, authorization_code,refresh_token,password, http://localhost:8081/callback,http://127.0.0.1:8081/callback, http://localhost:8081/logout, openid,profile,email,read,write, {"requireProofKey":false,"requireAuthorizationConsent":true}, {"accessTokenFormat":"REFERENCE","accessTokenTimeToLive":"PT2H","reuseRefreshTokens":false,"idTokenSignatureAlgorithm":"RS256"}
<==        Row: 5, device-app, 2026-08-11 20:00:08, null, null, 设备码客户端, none, refresh_token,urn:ietf:params:oauth:grant-type:device_code, null, null, openid,profile,email,read, {"requireProofKey":false,"requireAuthorizationConsent":true}, {"accessTokenFormat":"REFERENCE","accessTokenTimeToLive":"PT1H","reuseRefreshTokens":false}
<==        Row: 6, mobile-app, 2026-08-11 20:00:08, null, null, 移动应用客户端(PKCE), none, authorization_code,refresh_token, com.example.mobileapp://oauth2/redirect,http://localhost:8083/callback, http://localhost:8083/logout, openid,profile,email,read,write, {"requireProofKey":true,"requireAuthorizationConsent":true}, {"accessTokenFormat":"REFERENCE","accessTokenTimeToLive":"PT2H","reuseRefreshTokens":false,"idTokenSignatureAlgorithm":"RS256"}
<==        Row: 7, service-app, 2026-08-11 20:00:08, $2a$10$ov3NUrdkAHujSRdGbDZF6O9h2cjZq4Zl17fL3TA5Nhs94mE/PmH8e, null, 服务间调用客户端, client_secret_basic, client_credentials, null, null, read,write, {"requireProofKey":false,"requireAuthorizationConsent":true}, {"accessTokenFormat":"REFERENCE","accessTokenTimeToLive":"PT30M","reuseRefreshTokens":false}
<==      Total: 7
Closing non transactional SqlSession [org.apache.ibatis.session.defaults.DefaultSqlSession@315e9218]
2026-08-15T11:14:11.207+08:00 DEBUG 11564 --- [iam-authorization-server] [nio-9000-exec-9] o.s.security.web.FilterChainProxy        : Securing GET /api/admin/sessions/online
JDBC Connection [com.alibaba.druid.pool.DruidStatementConnection@e2696e8] will not be managed by Spring
==>  Preparing: SELECT id,username,password,nickname,email,phone,avatar,identity_type,enabled,account_non_expired,account_non_locked,credentials_non_expired,create_time,update_time FROM sys_user WHERE (username = ?)
==> Parameters: admin(String)
<==    Columns: id, username, password, nickname, email, phone, avatar, identity_type, enabled, account_non_expired, account_non_locked, credentials_non_expired, create_time, update_time
<==        Row: 1, admin, $2a$10$ov3NUrdkAHujSRdGbDZF6O9h2cjZq4Zl17fL3TA5Nhs94mE/PmH8e, 管理员, admin@example.com, null, null, 1, 1, 1, 1, 1, 2026-08-11 20:00:08, 2026-08-13 22:28:45
<==      Total: 1
2026-08-15T11:14:11.225+08:00 DEBUG 11564 --- [iam-authorization-server] [nio-9000-exec-9] n.x.a.s.t.RedisOpaqueTokenIntrospector   : Opaque token introspect success, sub=admin, scope=[read, openid, profile, write]
2026-08-15T11:14:11.225+08:00 DEBUG 11564 --- [iam-authorization-server] [nio-9000-exec-9] .s.r.a.OpaqueTokenAuthenticationProvider : Authenticated token
2026-08-15T11:14:11.226+08:00 DEBUG 11564 --- [iam-authorization-server] [nio-9000-exec-9] .s.r.w.a.BearerTokenAuthenticationFilter : Set SecurityContextHolder to BearerTokenAuthentication [Principal=net.xzh.authserver.security.token.RedisOpaqueTokenIntrospector$OpaquePrincipal@16419eab, Credentials=[PROTECTED], Authenticated=true, Details=WebAuthenticationDetails [RemoteIpAddress=127.0.0.1, SessionId=null], Granted Authorities=[ROLE_ADMIN]]
2026-08-15T11:14:11.226+08:00 DEBUG 11564 --- [iam-authorization-server] [nio-9000-exec-9] o.s.security.web.FilterChainProxy        : Secured GET /api/admin/sessions/online
JDBC Connection [com.alibaba.druid.pool.DruidStatementConnection@e2696e8] will not be managed by Spring
==>  Preparing: SELECT id,username,password,nickname,email,phone,avatar,identity_type,enabled,account_non_expired,account_non_locked,credentials_non_expired,create_time,update_time FROM sys_user WHERE (username = ?)
==> Parameters: admin(String)
<==    Columns: id, username, password, nickname, email, phone, avatar, identity_type, enabled, account_non_expired, account_non_locked, credentials_non_expired, create_time, update_time
<==        Row: 1, admin, $2a$10$ov3NUrdkAHujSRdGbDZF6O9h2cjZq4Zl17fL3TA5Nhs94mE/PmH8e, 管理员, admin@example.com, null, null, 1, 1, 1, 1, 1, 2026-08-11 20:00:08, 2026-08-13 22:28:45
<==      Total: 1
JDBC Connection [com.alibaba.druid.pool.DruidStatementConnection@e2696e8] will not be managed by Spring
==>  Preparing: SELECT id,username,password,nickname,email,phone,avatar,identity_type,enabled,account_non_expired,account_non_locked,credentials_non_expired,create_time,update_time FROM sys_user WHERE (username = ?)
==> Parameters: admin(String)
<==    Columns: id, username, password, nickname, email, phone, avatar, identity_type, enabled, account_non_expired, account_non_locked, credentials_non_expired, create_time, update_time
<==        Row: 1, admin, $2a$10$ov3NUrdkAHujSRdGbDZF6O9h2cjZq4Zl17fL3TA5Nhs94mE/PmH8e, 管理员, admin@example.com, null, null, 1, 1, 1, 1, 1, 2026-08-11 20:00:08, 2026-08-13 22:28:45
<==      Total: 1
JDBC Connection [com.alibaba.druid.pool.DruidStatementConnection@e2696e8] will not be managed by Spring
==>  Preparing: SELECT id,username,password,nickname,email,phone,avatar,identity_type,enabled,account_non_expired,account_non_locked,credentials_non_expired,create_time,update_time FROM sys_user WHERE (username = ?)
==> Parameters: resource-server(String)
<==      Total: 0
2026-08-15T11:14:12.370+08:00 DEBUG 11564 --- [iam-authorization-server] [nio-9000-exec-9] n.x.a.service.AuthSessionService         : 跳过非用户 principal: resource-server
JDBC Connection [com.alibaba.druid.pool.DruidStatementConnection@e2696e8] will not be managed by Spring
==>  Preparing: SELECT id,username,password,nickname,email,phone,avatar,identity_type,enabled,account_non_expired,account_non_locked,credentials_non_expired,create_time,update_time FROM sys_user WHERE (username = ?)
==> Parameters: admin-app(String)
<==      Total: 0
2026-08-15T11:14:12.377+08:00 DEBUG 11564 --- [iam-authorization-server] [nio-9000-exec-9] n.x.a.service.AuthSessionService         : 跳过非用户 principal: admin-app
JDBC Connection [com.alibaba.druid.pool.DruidStatementConnection@e2696e8] will not be managed by Spring
==>  Preparing: SELECT id,username,password,nickname,email,phone,avatar,identity_type,enabled,account_non_expired,account_non_locked,credentials_non_expired,create_time,update_time FROM sys_user WHERE (username = ?)
==> Parameters: user(String)
<==    Columns: id, username, password, nickname, email, phone, avatar, identity_type, enabled, account_non_expired, account_non_locked, credentials_non_expired, create_time, update_time
<==        Row: 2, user, $2a$10$ov3NUrdkAHujSRdGbDZF6O9h2cjZq4Zl17fL3TA5Nhs94mE/PmH8e, 普通用户, user@example.com, null, null, 2, 1, 1, 1, 1, 2026-08-11 20:00:08, 2026-08-11 20:00:08
<==      Total: 1
JDBC Connection [com.alibaba.druid.pool.DruidStatementConnection@e2696e8] will not be managed by Spring
==>  Preparing: SELECT id,username,password,nickname,email,phone,avatar,identity_type,enabled,account_non_expired,account_non_locked,credentials_non_expired,create_time,update_time FROM sys_user WHERE (username = ?)
==> Parameters: user(String)
<==    Columns: id, username, password, nickname, email, phone, avatar, identity_type, enabled, account_non_expired, account_non_locked, credentials_non_expired, create_time, update_time
<==        Row: 2, user, $2a$10$ov3NUrdkAHujSRdGbDZF6O9h2cjZq4Zl17fL3TA5Nhs94mE/PmH8e, 普通用户, user@example.com, null, null, 2, 1, 1, 1, 1, 2026-08-11 20:00:08, 2026-08-11 20:00:08
<==      Total: 1
2026-08-15T11:14:12.438+08:00 DEBUG 11564 --- [iam-authorization-server] [io-9000-exec-10] o.s.security.web.FilterChainProxy        : Securing GET /api/admin/records/consents
JDBC Connection [com.alibaba.druid.pool.DruidStatementConnection@e2696e8] will not be managed by Spring
==>  Preparing: SELECT id,username,password,nickname,email,phone,avatar,identity_type,enabled,account_non_expired,account_non_locked,credentials_non_expired,create_time,update_time FROM sys_user WHERE (username = ?)
==> Parameters: admin(String)
<==    Columns: id, username, password, nickname, email, phone, avatar, identity_type, enabled, account_non_expired, account_non_locked, credentials_non_expired, create_time, update_time
<==        Row: 1, admin, $2a$10$ov3NUrdkAHujSRdGbDZF6O9h2cjZq4Zl17fL3TA5Nhs94mE/PmH8e, 管理员, admin@example.com, null, null, 1, 1, 1, 1, 1, 2026-08-11 20:00:08, 2026-08-13 22:28:45
<==      Total: 1
2026-08-15T11:14:12.453+08:00 DEBUG 11564 --- [iam-authorization-server] [io-9000-exec-10] n.x.a.s.t.RedisOpaqueTokenIntrospector   : Opaque token introspect success, sub=admin, scope=[read, openid, profile, write]
2026-08-15T11:14:12.453+08:00 DEBUG 11564 --- [iam-authorization-server] [io-9000-exec-10] .s.r.a.OpaqueTokenAuthenticationProvider : Authenticated token
2026-08-15T11:14:12.454+08:00 DEBUG 11564 --- [iam-authorization-server] [io-9000-exec-10] .s.r.w.a.BearerTokenAuthenticationFilter : Set SecurityContextHolder to BearerTokenAuthentication [Principal=net.xzh.authserver.security.token.RedisOpaqueTokenIntrospector$OpaquePrincipal@17552417, Credentials=[PROTECTED], Authenticated=true, Details=WebAuthenticationDetails [RemoteIpAddress=127.0.0.1, SessionId=null], Granted Authorities=[ROLE_ADMIN]]
2026-08-15T11:14:12.454+08:00 DEBUG 11564 --- [iam-authorization-server] [io-9000-exec-10] o.s.security.web.FilterChainProxy        : Secured GET /api/admin/records/consents
Creating a new SqlSession
SqlSession [org.apache.ibatis.session.defaults.DefaultSqlSession@7ab11da5] was not registered for synchronization because synchronization is not active
JDBC Connection [com.alibaba.druid.pool.DruidStatementConnection@e2696e8] will not be managed by Spring
==>  Preparing: SELECT * FROM oauth2_authorization_consent ORDER BY principal_name, registered_client_id
==> Parameters: 
<==      Total: 0
Closing non transactional SqlSession [org.apache.ibatis.session.defaults.DefaultSqlSession@7ab11da5]
2026-08-15T11:14:12.506+08:00 DEBUG 11564 --- [iam-authorization-server] [nio-9000-exec-1] o.s.security.web.FilterChainProxy        : Securing POST /oauth2/introspect
2026-08-15T11:14:12.638+08:00 DEBUG 11564 --- [iam-authorization-server] [nio-9000-exec-1] o.s.a.w.OAuth2ClientAuthenticationFilter : Set SecurityContextHolder authentication to OAuth2ClientAuthenticationToken
2026-08-15T11:14:12.686+08:00  INFO 11564 --- [iam-authorization-server] [nio-9000-exec-1] n.x.a.s.session.RedisSessionRegistry     : [RedisSessionRegistry] 注册会话: principal=resource-server, sessionId=b0252d1d-2b54-488d-b4c2-7c3af465e13d
2026-08-15T11:14:12.833+08:00 DEBUG 11564 --- [iam-authorization-server] [nio-9000-exec-2] o.s.security.web.FilterChainProxy        : Securing POST /oauth2/introspect
2026-08-15T11:14:12.987+08:00 DEBUG 11564 --- [iam-authorization-server] [nio-9000-exec-2] o.s.a.w.OAuth2ClientAuthenticationFilter : Set SecurityContextHolder authentication to OAuth2ClientAuthenticationToken
2026-08-15T11:14:13.036+08:00  INFO 11564 --- [iam-authorization-server] [nio-9000-exec-2] n.x.a.s.session.RedisSessionRegistry     : [RedisSessionRegistry] 注册会话: principal=resource-server, sessionId=0c7bbadd-562c-4344-876f-3a2eff76f33a
2026-08-15T11:14:13.272+08:00 DEBUG 11564 --- [iam-authorization-server] [nio-9000-exec-3] o.s.security.web.FilterChainProxy        : Securing POST /oauth2/introspect
2026-08-15T11:14:13.468+08:00 DEBUG 11564 --- [iam-authorization-server] [nio-9000-exec-3] o.s.a.w.OAuth2ClientAuthenticationFilter : Set SecurityContextHolder authentication to OAuth2ClientAuthenticationToken
2026-08-15T11:14:13.513+08:00  INFO 11564 --- [iam-authorization-server] [nio-9000-exec-3] n.x.a.s.session.RedisSessionRegistry     : [RedisSessionRegistry] 注册会话: principal=resource-server, sessionId=254df3d8-9b78-4a45-bc57-d84d147e1fc9
2026-08-15T11:14:13.705+08:00 DEBUG 11564 --- [iam-authorization-server] [nio-9000-exec-4] o.s.security.web.FilterChainProxy        : Securing POST /oauth2/introspect
2026-08-15T11:14:13.856+08:00 DEBUG 11564 --- [iam-authorization-server] [nio-9000-exec-4] o.s.a.w.OAuth2ClientAuthenticationFilter : Set SecurityContextHolder authentication to OAuth2ClientAuthenticationToken
2026-08-15T11:14:13.866+08:00  INFO 11564 --- [iam-authorization-server] [nio-9000-exec-4] n.x.a.s.session.RedisSessionRegistry     : [RedisSessionRegistry] 注册会话: principal=resource-server, sessionId=af9ef127-5b68-459a-9d2b-39961c387dc4
2026-08-15T11:14:14.016+08:00 DEBUG 11564 --- [iam-authorization-server] [nio-9000-exec-5] o.s.security.web.FilterChainProxy        : Securing POST /oauth2/introspect
2026-08-15T11:14:14.137+08:00 DEBUG 11564 --- [iam-authorization-server] [nio-9000-exec-5] o.s.a.w.OAuth2ClientAuthenticationFilter : Set SecurityContextHolder authentication to OAuth2ClientAuthenticationToken
2026-08-15T11:14:14.184+08:00  INFO 11564 --- [iam-authorization-server] [nio-9000-exec-5] n.x.a.s.session.RedisSessionRegistry     : [RedisSessionRegistry] 注册会话: principal=resource-server, sessionId=e7c065ac-22ec-4ab5-8f94-093b82c8438e
2026-08-15T11:14:14.588+08:00 DEBUG 11564 --- [iam-authorization-server] [nio-9000-exec-6] o.s.security.web.FilterChainProxy        : Securing POST /oauth2/introspect
2026-08-15T11:14:14.721+08:00 DEBUG 11564 --- [iam-authorization-server] [nio-9000-exec-6] o.s.a.w.OAuth2ClientAuthenticationFilter : Set SecurityContextHolder authentication to OAuth2ClientAuthenticationToken
2026-08-15T11:14:14.771+08:00  INFO 11564 --- [iam-authorization-server] [nio-9000-exec-6] n.x.a.s.session.RedisSessionRegistry     : [RedisSessionRegistry] 注册会话: principal=resource-server, sessionId=d0df28c9-4c9e-4b25-9058-77135a795bd5
2026-08-15T11:14:15.019+08:00 DEBUG 11564 --- [iam-authorization-server] [nio-9000-exec-7] o.s.security.web.FilterChainProxy        : Securing POST /oauth2/introspect
2026-08-15T11:14:15.177+08:00 DEBUG 11564 --- [iam-authorization-server] [nio-9000-exec-7] o.s.a.w.OAuth2ClientAuthenticationFilter : Set SecurityContextHolder authentication to OAuth2ClientAuthenticationToken
2026-08-15T11:14:15.224+08:00  INFO 11564 --- [iam-authorization-server] [nio-9000-exec-7] n.x.a.s.session.RedisSessionRegistry     : [RedisSessionRegistry] 注册会话: principal=resource-server, sessionId=76d5c539-44af-4280-a4fd-331f15696cb1
2026-08-15T11:15:10.789+08:00 DEBUG 11564 --- [iam-authorization-server] [nio-9000-exec-9] o.s.security.web.FilterChainProxy        : Securing GET /oauth2/authorize?response_type=code&client_id=admin-app&scope=openid%20profile%20read%20write&state=Gh4ULPVNZh0ulLm6i3ShHF88JAAJrEaydMcMU00Pi88%3D&redirect_uri=http://localhost:8085/login/oauth2/code/admin-app&nonce=fmIYj85zbwobM_y0osclsZhUysJAtaAttp-9v0ExUN0
2026-08-15T11:15:10.793+08:00 DEBUG 11564 --- [iam-authorization-server] [nio-9000-exec-9] o.s.s.w.a.AnonymousAuthenticationFilter  : Set SecurityContextHolder to anonymous SecurityContext
2026-08-15T11:15:10.795+08:00 DEBUG 11564 --- [iam-authorization-server] [nio-9000-exec-9] o.s.s.w.s.HttpSessionRequestCache        : Saved request http://localhost:9000/oauth2/authorize?response_type=code&client_id=admin-app&scope=openid%20profile%20read%20write&state=Gh4ULPVNZh0ulLm6i3ShHF88JAAJrEaydMcMU00Pi88%3D&redirect_uri=http://localhost:8085/login/oauth2/code/admin-app&nonce=fmIYj85zbwobM_y0osclsZhUysJAtaAttp-9v0ExUN0&continue to session
2026-08-15T11:15:10.795+08:00 DEBUG 11564 --- [iam-authorization-server] [nio-9000-exec-9] s.w.a.DelegatingAuthenticationEntryPoint : Trying to match using MediaTypeRequestMatcher [contentNegotiationStrategy=org.springframework.web.accept.HeaderContentNegotiationStrategy@41b1297d, matchingMediaTypes=[text/html], useEquals=false, ignoredMediaTypes=[]]
2026-08-15T11:15:10.797+08:00 DEBUG 11564 --- [iam-authorization-server] [nio-9000-exec-9] s.w.a.DelegatingAuthenticationEntryPoint : Match found! Executing org.springframework.security.web.authentication.LoginUrlAuthenticationEntryPoint@66a1b96d
2026-08-15T11:15:10.797+08:00 DEBUG 11564 --- [iam-authorization-server] [nio-9000-exec-9] o.s.s.web.DefaultRedirectStrategy        : Redirecting to http://localhost:9000/login.html
2026-08-15T11:15:10.808+08:00 DEBUG 11564 --- [iam-authorization-server] [io-9000-exec-10] o.s.security.web.FilterChainProxy        : Securing GET /login.html
2026-08-15T11:15:10.813+08:00 DEBUG 11564 --- [iam-authorization-server] [io-9000-exec-10] o.s.s.w.a.AnonymousAuthenticationFilter  : Set SecurityContextHolder to anonymous SecurityContext
2026-08-15T11:15:10.814+08:00 DEBUG 11564 --- [iam-authorization-server] [io-9000-exec-10] o.s.security.web.FilterChainProxy        : Secured GET /login.html
2026-08-15T11:15:12.312+08:00 DEBUG 11564 --- [iam-authorization-server] [nio-9000-exec-3] o.s.security.web.FilterChainProxy        : Securing POST /login
JDBC Connection [com.alibaba.druid.pool.DruidStatementConnection@e2696e8] will not be managed by Spring
==>  Preparing: SELECT id,username,password,nickname,email,phone,avatar,identity_type,enabled,account_non_expired,account_non_locked,credentials_non_expired,create_time,update_time FROM sys_user WHERE (username = ?)
==> Parameters: user(String)
<==    Columns: id, username, password, nickname, email, phone, avatar, identity_type, enabled, account_non_expired, account_non_locked, credentials_non_expired, create_time, update_time
<==        Row: 2, user, $2a$10$ov3NUrdkAHujSRdGbDZF6O9h2cjZq4Zl17fL3TA5Nhs94mE/PmH8e, 普通用户, user@example.com, null, null, 2, 1, 1, 1, 1, 2026-08-11 20:00:08, 2026-08-11 20:00:08
<==      Total: 1
2026-08-15T11:15:12.442+08:00 DEBUG 11564 --- [iam-authorization-server] [nio-9000-exec-3] o.s.s.a.dao.DaoAuthenticationProvider    : Authenticated user
2026-08-15T11:15:12.480+08:00 DEBUG 11564 --- [iam-authorization-server] [nio-9000-exec-3] .s.ChangeSessionIdAuthenticationStrategy : Changed session id from ac2f0956-9c9c-4c7f-9072-53389626dc23
2026-08-15T11:15:12.491+08:00  INFO 11564 --- [iam-authorization-server] [nio-9000-exec-3] n.x.a.s.session.RedisSessionRegistry     : [RedisSessionRegistry] 注册会话: principal=user, sessionId=8ad25aa3-7d16-498a-becb-fe01e5eff67c
2026-08-15T11:15:12.491+08:00 DEBUG 11564 --- [iam-authorization-server] [nio-9000-exec-3] w.a.UsernamePasswordAuthenticationFilter : Set SecurityContextHolder to UsernamePasswordAuthenticationToken [Principal=org.springframework.security.core.userdetails.User [Username=user, Password=[PROTECTED], Enabled=true, AccountNonExpired=true, CredentialsNonExpired=true, AccountNonLocked=true, Granted Authorities=[ROLE_USER]], Credentials=[PROTECTED], Authenticated=true, Details=WebAuthenticationDetails [RemoteIpAddress=0:0:0:0:0:0:0:1, SessionId=ac2f0956-9c9c-4c7f-9072-53389626dc23], Granted Authorities=[ROLE_USER]]
2026-08-15T11:15:12.492+08:00 DEBUG 11564 --- [iam-authorization-server] [nio-9000-exec-3] o.s.s.web.DefaultRedirectStrategy        : Redirecting to http://localhost:9000/oauth2/authorize?response_type=code&client_id=admin-app&scope=openid%20profile%20read%20write&state=Gh4ULPVNZh0ulLm6i3ShHF88JAAJrEaydMcMU00Pi88%3D&redirect_uri=http://localhost:8085/login/oauth2/code/admin-app&nonce=fmIYj85zbwobM_y0osclsZhUysJAtaAttp-9v0ExUN0&continue
2026-08-15T11:15:12.505+08:00 DEBUG 11564 --- [iam-authorization-server] [nio-9000-exec-4] o.s.security.web.FilterChainProxy        : Securing GET /oauth2/authorize?response_type=code&client_id=admin-app&scope=openid%20profile%20read%20write&state=Gh4ULPVNZh0ulLm6i3ShHF88JAAJrEaydMcMU00Pi88%3D&redirect_uri=http://localhost:8085/login/oauth2/code/admin-app&nonce=fmIYj85zbwobM_y0osclsZhUysJAtaAttp-9v0ExUN0&continue
Creating a new SqlSession
SqlSession [org.apache.ibatis.session.defaults.DefaultSqlSession@5aaa31d6] was not registered for synchronization because synchronization is not active
JDBC Connection [com.alibaba.druid.pool.DruidStatementConnection@e2696e8] will not be managed by Spring
==>  Preparing: SELECT * FROM oauth2_authorization_consent WHERE registered_client_id = ? AND principal_name = ? LIMIT 1
==> Parameters: 2(String), user(String)
<==      Total: 0
Closing non transactional SqlSession [org.apache.ibatis.session.defaults.DefaultSqlSession@5aaa31d6]
Creating a new SqlSession
SqlSession [org.apache.ibatis.session.defaults.DefaultSqlSession@17da047] was not registered for synchronization because synchronization is not active
JDBC Connection [com.alibaba.druid.pool.DruidStatementConnection@e2696e8] will not be managed by Spring
==>  Preparing: SELECT * FROM oauth2_registered_client WHERE client_id = ? LIMIT 1
==> Parameters: user(String)
<==      Total: 0
Closing non transactional SqlSession [org.apache.ibatis.session.defaults.DefaultSqlSession@17da047]
2026-08-15T11:15:12.536+08:00 DEBUG 11564 --- [iam-authorization-server] [nio-9000-exec-4] .x.a.s.r.RedisOAuth2AuthorizationService : OAuth2Authorization saved to Redis, id=10a8f620-f926-4101-9451-8c4b35e41c1f, user=user
2026-08-15T11:15:12.540+08:00 DEBUG 11564 --- [iam-authorization-server] [nio-9000-exec-4] o.s.s.web.DefaultRedirectStrategy        : Redirecting to http://localhost:8085/login/oauth2/code/admin-app?code=MJvDd2erVFFOQpyJugrusLAf_sHIymLdHL2-VPFnux2wGvm8n6kYsFcRy2SXZABifHvj6QXzO2NRmSBljERdHeyxxq5YCYKyzisVXhGUJtNSanovJEgtZpZQMKqVxS30&state=Gh4ULPVNZh0ulLm6i3ShHF88JAAJrEaydMcMU00Pi88%3D
2026-08-15T11:15:12.554+08:00 DEBUG 11564 --- [iam-authorization-server] [nio-9000-exec-5] o.s.security.web.FilterChainProxy        : Securing POST /oauth2/token
2026-08-15T11:15:12.677+08:00 DEBUG 11564 --- [iam-authorization-server] [nio-9000-exec-5] o.s.a.w.OAuth2ClientAuthenticationFilter : Set SecurityContextHolder authentication to OAuth2ClientAuthenticationToken
2026-08-15T11:15:12.722+08:00  INFO 11564 --- [iam-authorization-server] [nio-9000-exec-5] n.x.a.s.session.RedisSessionRegistry     : [RedisSessionRegistry] 注册会话: principal=admin-app, sessionId=c05fd3ba-dbda-4fca-a747-61f8d164e525
Creating a new SqlSession
SqlSession [org.apache.ibatis.session.defaults.DefaultSqlSession@68bfb55c] was not registered for synchronization because synchronization is not active
JDBC Connection [com.alibaba.druid.pool.DruidStatementConnection@e2696e8] will not be managed by Spring
==>  Preparing: SELECT * FROM oauth2_registered_client WHERE client_id = ? LIMIT 1
==> Parameters: user(String)
<==      Total: 0
Closing non transactional SqlSession [org.apache.ibatis.session.defaults.DefaultSqlSession@68bfb55c]
2026-08-15T11:15:12.763+08:00 DEBUG 11564 --- [iam-authorization-server] [nio-9000-exec-5] .x.a.s.r.RedisOAuth2AuthorizationService : OAuth2Authorization saved to Redis, id=10a8f620-f926-4101-9451-8c4b35e41c1f, user=user
2026-08-15T11:15:12.767+08:00 DEBUG 11564 --- [iam-authorization-server] [nio-9000-exec-5] n.x.a.s.web.ActiveClientTrackingFilter   : [ActiveClientTracking] 响应已提交, 跳过 session 写入 clientId=admin-app
JDBC Connection [com.alibaba.druid.pool.DruidStatementConnection@e2696e8] will not be managed by Spring
==>  Preparing: SELECT id,username,password,nickname,email,phone,avatar,identity_type,enabled,account_non_expired,account_non_locked,credentials_non_expired,create_time,update_time FROM sys_user WHERE (username = ?)
==> Parameters: user(String)
<==    Columns: id, username, password, nickname, email, phone, avatar, identity_type, enabled, account_non_expired, account_non_locked, credentials_non_expired, create_time, update_time
<==        Row: 2, user, $2a$10$ov3NUrdkAHujSRdGbDZF6O9h2cjZq4Zl17fL3TA5Nhs94mE/PmH8e, 普通用户, user@example.com, null, null, 2, 1, 1, 1, 1, 2026-08-11 20:00:08, 2026-08-11 20:00:08
<==      Total: 1
2026-08-15T11:15:12.788+08:00 DEBUG 11564 --- [iam-authorization-server] [nio-9000-exec-6] n.x.a.s.t.RedisOpaqueTokenIntrospector   : Opaque token introspect success, sub=user, scope=[read, openid, profile, write]
2026-08-15T11:15:12.797+08:00 DEBUG 11564 --- [iam-authorization-server] [nio-9000-exec-7] o.s.security.web.FilterChainProxy        : Securing GET /logout?post_logout_redirect_uri=http%3A%2F%2Flocalhost%3A8001%2Flogged-out
2026-08-15T11:15:12.810+08:00 DEBUG 11564 --- [iam-authorization-server] [nio-9000-exec-7] o.s.security.web.FilterChainProxy        : Secured GET /logout?post_logout_redirect_uri=http%3A%2F%2Flocalhost%3A8001%2Flogged-out
2026-08-15T11:15:12.820+08:00  INFO 11564 --- [iam-authorization-server] [nio-9000-exec-7] n.x.a.s.session.RedisSessionRegistry     : [RedisSessionRegistry] 移除会话: sessionId=8ad25aa3-7d16-498a-becb-fe01e5eff67c, principal=user
2026-08-15T11:15:12.837+08:00  INFO 11564 --- [iam-authorization-server] [nio-9000-exec-7] .x.a.s.r.RedisOAuth2AuthorizationService : 按 SSO 会话撤销授权: ssoSessionId=8ad25aa3-7d16-498a-becb-fe01e5eff67c, 撤销数=1
2026-08-15T11:15:12.838+08:00  INFO 11564 --- [iam-authorization-server] [nio-9000-exec-7] n.x.a.controller.auth.LogoutController   : [LogoutController] 用户 user 已登出, SSO 会话已清除
2026-08-15T11:15:16.028+08:00 DEBUG 11564 --- [iam-authorization-server] [io-9000-exec-10] o.s.security.web.FilterChainProxy        : Securing GET /oauth2/authorize?response_type=code&client_id=admin-app&scope=openid%20profile%20read%20write&state=N6UrKKMoQ_K-ystnHYW42r56VheeXvgUVrl84izZUhU%3D&redirect_uri=http://localhost:8085/login/oauth2/code/admin-app&nonce=IIdoIVwt-lz3AAwTDTdEgM_I_Pw7PSgOffR14lYCRa8
2026-08-15T11:15:16.032+08:00 DEBUG 11564 --- [iam-authorization-server] [io-9000-exec-10] o.s.s.w.a.AnonymousAuthenticationFilter  : Set SecurityContextHolder to anonymous SecurityContext
2026-08-15T11:15:16.035+08:00 DEBUG 11564 --- [iam-authorization-server] [io-9000-exec-10] o.s.s.w.s.HttpSessionRequestCache        : Saved request http://localhost:9000/oauth2/authorize?response_type=code&client_id=admin-app&scope=openid%20profile%20read%20write&state=N6UrKKMoQ_K-ystnHYW42r56VheeXvgUVrl84izZUhU%3D&redirect_uri=http://localhost:8085/login/oauth2/code/admin-app&nonce=IIdoIVwt-lz3AAwTDTdEgM_I_Pw7PSgOffR14lYCRa8&continue to session
2026-08-15T11:15:16.036+08:00 DEBUG 11564 --- [iam-authorization-server] [io-9000-exec-10] s.w.a.DelegatingAuthenticationEntryPoint : Trying to match using MediaTypeRequestMatcher [contentNegotiationStrategy=org.springframework.web.accept.HeaderContentNegotiationStrategy@41b1297d, matchingMediaTypes=[text/html], useEquals=false, ignoredMediaTypes=[]]
2026-08-15T11:15:16.037+08:00 DEBUG 11564 --- [iam-authorization-server] [io-9000-exec-10] s.w.a.DelegatingAuthenticationEntryPoint : Match found! Executing org.springframework.security.web.authentication.LoginUrlAuthenticationEntryPoint@66a1b96d
2026-08-15T11:15:16.037+08:00 DEBUG 11564 --- [iam-authorization-server] [io-9000-exec-10] o.s.s.web.DefaultRedirectStrategy        : Redirecting to http://localhost:9000/login.html
2026-08-15T11:15:16.045+08:00 DEBUG 11564 --- [iam-authorization-server] [nio-9000-exec-1] o.s.security.web.FilterChainProxy        : Securing GET /login.html
2026-08-15T11:15:16.051+08:00 DEBUG 11564 --- [iam-authorization-server] [nio-9000-exec-1] o.s.s.w.a.AnonymousAuthenticationFilter  : Set SecurityContextHolder to anonymous SecurityContext
2026-08-15T11:15:16.052+08:00 DEBUG 11564 --- [iam-authorization-server] [nio-9000-exec-1] o.s.security.web.FilterChainProxy        : Secured GET /login.html
2026-08-15T11:15:17.059+08:00 DEBUG 11564 --- [iam-authorization-server] [nio-9000-exec-2] o.s.security.web.FilterChainProxy        : Securing POST /login
JDBC Connection [com.alibaba.druid.pool.DruidStatementConnection@e2696e8] will not be managed by Spring
==>  Preparing: SELECT id,username,password,nickname,email,phone,avatar,identity_type,enabled,account_non_expired,account_non_locked,credentials_non_expired,create_time,update_time FROM sys_user WHERE (username = ?)
==> Parameters: user(String)
<==    Columns: id, username, password, nickname, email, phone, avatar, identity_type, enabled, account_non_expired, account_non_locked, credentials_non_expired, create_time, update_time
<==        Row: 2, user, $2a$10$ov3NUrdkAHujSRdGbDZF6O9h2cjZq4Zl17fL3TA5Nhs94mE/PmH8e, 普通用户, user@example.com, null, null, 2, 1, 1, 1, 1, 2026-08-11 20:00:08, 2026-08-11 20:00:08
<==      Total: 1
2026-08-15T11:15:17.189+08:00 DEBUG 11564 --- [iam-authorization-server] [nio-9000-exec-2] o.s.s.a.dao.DaoAuthenticationProvider    : Authenticated user
2026-08-15T11:15:17.227+08:00 DEBUG 11564 --- [iam-authorization-server] [nio-9000-exec-2] .s.ChangeSessionIdAuthenticationStrategy : Changed session id from 7d1f0467-5fe7-4e74-823f-60242414f3c9
2026-08-15T11:15:17.237+08:00  INFO 11564 --- [iam-authorization-server] [nio-9000-exec-2] n.x.a.s.session.RedisSessionRegistry     : [RedisSessionRegistry] 注册会话: principal=user, sessionId=c8bf9d61-bb8d-4f21-b55b-d46fdd4f54e4
2026-08-15T11:15:17.238+08:00 DEBUG 11564 --- [iam-authorization-server] [nio-9000-exec-2] w.a.UsernamePasswordAuthenticationFilter : Set SecurityContextHolder to UsernamePasswordAuthenticationToken [Principal=org.springframework.security.core.userdetails.User [Username=user, Password=[PROTECTED], Enabled=true, AccountNonExpired=true, CredentialsNonExpired=true, AccountNonLocked=true, Granted Authorities=[ROLE_USER]], Credentials=[PROTECTED], Authenticated=true, Details=WebAuthenticationDetails [RemoteIpAddress=0:0:0:0:0:0:0:1, SessionId=7d1f0467-5fe7-4e74-823f-60242414f3c9], Granted Authorities=[ROLE_USER]]
2026-08-15T11:15:17.239+08:00 DEBUG 11564 --- [iam-authorization-server] [nio-9000-exec-2] o.s.s.web.DefaultRedirectStrategy        : Redirecting to http://localhost:9000/oauth2/authorize?response_type=code&client_id=admin-app&scope=openid%20profile%20read%20write&state=N6UrKKMoQ_K-ystnHYW42r56VheeXvgUVrl84izZUhU%3D&redirect_uri=http://localhost:8085/login/oauth2/code/admin-app&nonce=IIdoIVwt-lz3AAwTDTdEgM_I_Pw7PSgOffR14lYCRa8&continue
2026-08-15T11:15:17.251+08:00 DEBUG 11564 --- [iam-authorization-server] [nio-9000-exec-3] o.s.security.web.FilterChainProxy        : Securing GET /oauth2/authorize?response_type=code&client_id=admin-app&scope=openid%20profile%20read%20write&state=N6UrKKMoQ_K-ystnHYW42r56VheeXvgUVrl84izZUhU%3D&redirect_uri=http://localhost:8085/login/oauth2/code/admin-app&nonce=IIdoIVwt-lz3AAwTDTdEgM_I_Pw7PSgOffR14lYCRa8&continue
Creating a new SqlSession
SqlSession [org.apache.ibatis.session.defaults.DefaultSqlSession@1d4e87d4] was not registered for synchronization because synchronization is not active
JDBC Connection [com.alibaba.druid.pool.DruidStatementConnection@e2696e8] will not be managed by Spring
==>  Preparing: SELECT * FROM oauth2_authorization_consent WHERE registered_client_id = ? AND principal_name = ? LIMIT 1
==> Parameters: 2(String), user(String)
<==      Total: 0
Closing non transactional SqlSession [org.apache.ibatis.session.defaults.DefaultSqlSession@1d4e87d4]
Creating a new SqlSession
SqlSession [org.apache.ibatis.session.defaults.DefaultSqlSession@22258afb] was not registered for synchronization because synchronization is not active
JDBC Connection [com.alibaba.druid.pool.DruidStatementConnection@e2696e8] will not be managed by Spring
==>  Preparing: SELECT * FROM oauth2_registered_client WHERE client_id = ? LIMIT 1
==> Parameters: user(String)
<==      Total: 0
Closing non transactional SqlSession [org.apache.ibatis.session.defaults.DefaultSqlSession@22258afb]
2026-08-15T11:15:17.278+08:00 DEBUG 11564 --- [iam-authorization-server] [nio-9000-exec-3] .x.a.s.r.RedisOAuth2AuthorizationService : OAuth2Authorization saved to Redis, id=9c019e78-7752-4407-a2e3-d47a23953a97, user=user
2026-08-15T11:15:17.284+08:00 DEBUG 11564 --- [iam-authorization-server] [nio-9000-exec-3] o.s.s.web.DefaultRedirectStrategy        : Redirecting to http://localhost:8085/login/oauth2/code/admin-app?code=iIK_JGkbtH7kVyYZMxz8Qmat14SaxJ4UaZOHeEAQDxVuB5RWkB3JZcssJdpUSHHY6bVf_ivU4kBtxSKSPdciHiFujDz4XkYRUd0P6kmOIRlDnXP7JCJxi0LnTdDJMN6f&state=N6UrKKMoQ_K-ystnHYW42r56VheeXvgUVrl84izZUhU%3D
2026-08-15T11:15:17.300+08:00 DEBUG 11564 --- [iam-authorization-server] [nio-9000-exec-4] o.s.security.web.FilterChainProxy        : Securing POST /oauth2/token
2026-08-15T11:15:17.427+08:00 DEBUG 11564 --- [iam-authorization-server] [nio-9000-exec-4] o.s.a.w.OAuth2ClientAuthenticationFilter : Set SecurityContextHolder authentication to OAuth2ClientAuthenticationToken
2026-08-15T11:15:17.472+08:00  INFO 11564 --- [iam-authorization-server] [nio-9000-exec-4] n.x.a.s.session.RedisSessionRegistry     : [RedisSessionRegistry] 注册会话: principal=admin-app, sessionId=bfbd4c7e-22d8-48e8-8d24-61dfe58a582d
Creating a new SqlSession
SqlSession [org.apache.ibatis.session.defaults.DefaultSqlSession@a7ac0f7] was not registered for synchronization because synchronization is not active
JDBC Connection [com.alibaba.druid.pool.DruidStatementConnection@e2696e8] will not be managed by Spring
==>  Preparing: SELECT * FROM oauth2_registered_client WHERE client_id = ? LIMIT 1
==> Parameters: user(String)
<==      Total: 0
Closing non transactional SqlSession [org.apache.ibatis.session.defaults.DefaultSqlSession@a7ac0f7]
2026-08-15T11:15:17.523+08:00 DEBUG 11564 --- [iam-authorization-server] [nio-9000-exec-4] .x.a.s.r.RedisOAuth2AuthorizationService : OAuth2Authorization saved to Redis, id=9c019e78-7752-4407-a2e3-d47a23953a97, user=user
2026-08-15T11:15:17.528+08:00 DEBUG 11564 --- [iam-authorization-server] [nio-9000-exec-4] n.x.a.s.web.ActiveClientTrackingFilter   : [ActiveClientTracking] 响应已提交, 跳过 session 写入 clientId=admin-app
JDBC Connection [com.alibaba.druid.pool.DruidStatementConnection@e2696e8] will not be managed by Spring
==>  Preparing: SELECT id,username,password,nickname,email,phone,avatar,identity_type,enabled,account_non_expired,account_non_locked,credentials_non_expired,create_time,update_time FROM sys_user WHERE (username = ?)
==> Parameters: user(String)
<==    Columns: id, username, password, nickname, email, phone, avatar, identity_type, enabled, account_non_expired, account_non_locked, credentials_non_expired, create_time, update_time
<==        Row: 2, user, $2a$10$ov3NUrdkAHujSRdGbDZF6O9h2cjZq4Zl17fL3TA5Nhs94mE/PmH8e, 普通用户, user@example.com, null, null, 2, 1, 1, 1, 1, 2026-08-11 20:00:08, 2026-08-11 20:00:08
<==      Total: 1
2026-08-15T11:15:17.548+08:00 DEBUG 11564 --- [iam-authorization-server] [nio-9000-exec-5] n.x.a.s.t.RedisOpaqueTokenIntrospector   : Opaque token introspect success, sub=user, scope=[read, openid, profile, write]
2026-08-15T11:15:17.559+08:00 DEBUG 11564 --- [iam-authorization-server] [nio-9000-exec-6] o.s.security.web.FilterChainProxy        : Securing GET /logout?post_logout_redirect_uri=http%3A%2F%2Flocalhost%3A8001%2Flogged-out
2026-08-15T11:15:17.574+08:00 DEBUG 11564 --- [iam-authorization-server] [nio-9000-exec-6] o.s.security.web.FilterChainProxy        : Secured GET /logout?post_logout_redirect_uri=http%3A%2F%2Flocalhost%3A8001%2Flogged-out
2026-08-15T11:15:17.579+08:00  INFO 11564 --- [iam-authorization-server] [nio-9000-exec-6] n.x.a.s.session.RedisSessionRegistry     : [RedisSessionRegistry] 移除会话: sessionId=c8bf9d61-bb8d-4f21-b55b-d46fdd4f54e4, principal=user
2026-08-15T11:15:17.598+08:00  INFO 11564 --- [iam-authorization-server] [nio-9000-exec-6] .x.a.s.r.RedisOAuth2AuthorizationService : 按 SSO 会话撤销授权: ssoSessionId=c8bf9d61-bb8d-4f21-b55b-d46fdd4f54e4, 撤销数=1
2026-08-15T11:15:17.598+08:00  INFO 11564 --- [iam-authorization-server] [nio-9000-exec-6] n.x.a.controller.auth.LogoutController   : [LogoutController] 用户 user 已登出, SSO 会话已清除
2026-08-15T11:15:24.494+08:00 DEBUG 11564 --- [iam-authorization-server] [nio-9000-exec-7] o.s.security.web.FilterChainProxy        : Securing GET /oauth2/authorize?response_type=code&client_id=admin-app&scope=openid%20profile%20read%20write&state=VIcYgGz2I_WXrpVMWWOUNvtigS5tFBwSuMJjsMq9sYE%3D&redirect_uri=http://localhost:8085/login/oauth2/code/admin-app&nonce=3u4o7W0iGhT8PBdWjf6dthzBwOfRUymkcILNBljHY4Y
2026-08-15T11:15:24.501+08:00 DEBUG 11564 --- [iam-authorization-server] [nio-9000-exec-7] o.s.s.w.a.AnonymousAuthenticationFilter  : Set SecurityContextHolder to anonymous SecurityContext
2026-08-15T11:15:24.503+08:00 DEBUG 11564 --- [iam-authorization-server] [nio-9000-exec-7] o.s.s.w.s.HttpSessionRequestCache        : Saved request http://localhost:9000/oauth2/authorize?response_type=code&client_id=admin-app&scope=openid%20profile%20read%20write&state=VIcYgGz2I_WXrpVMWWOUNvtigS5tFBwSuMJjsMq9sYE%3D&redirect_uri=http://localhost:8085/login/oauth2/code/admin-app&nonce=3u4o7W0iGhT8PBdWjf6dthzBwOfRUymkcILNBljHY4Y&continue to session
2026-08-15T11:15:24.503+08:00 DEBUG 11564 --- [iam-authorization-server] [nio-9000-exec-7] s.w.a.DelegatingAuthenticationEntryPoint : Trying to match using MediaTypeRequestMatcher [contentNegotiationStrategy=org.springframework.web.accept.HeaderContentNegotiationStrategy@41b1297d, matchingMediaTypes=[text/html], useEquals=false, ignoredMediaTypes=[]]
2026-08-15T11:15:24.504+08:00 DEBUG 11564 --- [iam-authorization-server] [nio-9000-exec-7] s.w.a.DelegatingAuthenticationEntryPoint : Match found! Executing org.springframework.security.web.authentication.LoginUrlAuthenticationEntryPoint@66a1b96d
2026-08-15T11:15:24.504+08:00 DEBUG 11564 --- [iam-authorization-server] [nio-9000-exec-7] o.s.s.web.DefaultRedirectStrategy        : Redirecting to http://localhost:9000/login.html
2026-08-15T11:15:24.514+08:00 DEBUG 11564 --- [iam-authorization-server] [nio-9000-exec-8] o.s.security.web.FilterChainProxy        : Securing GET /login.html
2026-08-15T11:15:24.519+08:00 DEBUG 11564 --- [iam-authorization-server] [nio-9000-exec-8] o.s.s.w.a.AnonymousAuthenticationFilter  : Set SecurityContextHolder to anonymous SecurityContext
2026-08-15T11:15:24.520+08:00 DEBUG 11564 --- [iam-authorization-server] [nio-9000-exec-8] o.s.security.web.FilterChainProxy        : Secured GET /login.html
2026-08-15T11:15:26.124+08:00 DEBUG 11564 --- [iam-authorization-server] [nio-9000-exec-9] o.s.security.web.FilterChainProxy        : Securing POST /login
JDBC Connection [com.alibaba.druid.pool.DruidStatementConnection@e2696e8] will not be managed by Spring
==>  Preparing: SELECT id,username,password,nickname,email,phone,avatar,identity_type,enabled,account_non_expired,account_non_locked,credentials_non_expired,create_time,update_time FROM sys_user WHERE (username = ?)
==> Parameters: user(String)
<==    Columns: id, username, password, nickname, email, phone, avatar, identity_type, enabled, account_non_expired, account_non_locked, credentials_non_expired, create_time, update_time
<==        Row: 2, user, $2a$10$ov3NUrdkAHujSRdGbDZF6O9h2cjZq4Zl17fL3TA5Nhs94mE/PmH8e, 普通用户, user@example.com, null, null, 2, 1, 1, 1, 1, 2026-08-11 20:00:08, 2026-08-11 20:00:08
<==      Total: 1
2026-08-15T11:15:26.274+08:00 DEBUG 11564 --- [iam-authorization-server] [nio-9000-exec-9] o.s.s.a.dao.DaoAuthenticationProvider    : Authenticated user
2026-08-15T11:15:26.313+08:00 DEBUG 11564 --- [iam-authorization-server] [nio-9000-exec-9] .s.ChangeSessionIdAuthenticationStrategy : Changed session id from 35c9c232-47e8-4555-a7ce-26c6f30e6a49
2026-08-15T11:15:26.320+08:00  INFO 11564 --- [iam-authorization-server] [nio-9000-exec-9] n.x.a.s.session.RedisSessionRegistry     : [RedisSessionRegistry] 注册会话: principal=user, sessionId=2fd4ccef-b597-499b-a77c-7b5a33222574
2026-08-15T11:15:26.321+08:00 DEBUG 11564 --- [iam-authorization-server] [nio-9000-exec-9] w.a.UsernamePasswordAuthenticationFilter : Set SecurityContextHolder to UsernamePasswordAuthenticationToken [Principal=org.springframework.security.core.userdetails.User [Username=user, Password=[PROTECTED], Enabled=true, AccountNonExpired=true, CredentialsNonExpired=true, AccountNonLocked=true, Granted Authorities=[ROLE_USER]], Credentials=[PROTECTED], Authenticated=true, Details=WebAuthenticationDetails [RemoteIpAddress=0:0:0:0:0:0:0:1, SessionId=35c9c232-47e8-4555-a7ce-26c6f30e6a49], Granted Authorities=[ROLE_USER]]
2026-08-15T11:15:26.322+08:00 DEBUG 11564 --- [iam-authorization-server] [nio-9000-exec-9] o.s.s.web.DefaultRedirectStrategy        : Redirecting to http://localhost:9000/oauth2/authorize?response_type=code&client_id=admin-app&scope=openid%20profile%20read%20write&state=VIcYgGz2I_WXrpVMWWOUNvtigS5tFBwSuMJjsMq9sYE%3D&redirect_uri=http://localhost:8085/login/oauth2/code/admin-app&nonce=3u4o7W0iGhT8PBdWjf6dthzBwOfRUymkcILNBljHY4Y&continue
2026-08-15T11:15:26.333+08:00 DEBUG 11564 --- [iam-authorization-server] [io-9000-exec-10] o.s.security.web.FilterChainProxy        : Securing GET /oauth2/authorize?response_type=code&client_id=admin-app&scope=openid%20profile%20read%20write&state=VIcYgGz2I_WXrpVMWWOUNvtigS5tFBwSuMJjsMq9sYE%3D&redirect_uri=http://localhost:8085/login/oauth2/code/admin-app&nonce=3u4o7W0iGhT8PBdWjf6dthzBwOfRUymkcILNBljHY4Y&continue
Creating a new SqlSession
SqlSession [org.apache.ibatis.session.defaults.DefaultSqlSession@4e030aeb] was not registered for synchronization because synchronization is not active
JDBC Connection [com.alibaba.druid.pool.DruidStatementConnection@e2696e8] will not be managed by Spring
==>  Preparing: SELECT * FROM oauth2_authorization_consent WHERE registered_client_id = ? AND principal_name = ? LIMIT 1
==> Parameters: 2(String), user(String)
<==      Total: 0
Closing non transactional SqlSession [org.apache.ibatis.session.defaults.DefaultSqlSession@4e030aeb]
Creating a new SqlSession
SqlSession [org.apache.ibatis.session.defaults.DefaultSqlSession@43eb24a7] was not registered for synchronization because synchronization is not active
JDBC Connection [com.alibaba.druid.pool.DruidStatementConnection@e2696e8] will not be managed by Spring
==>  Preparing: SELECT * FROM oauth2_registered_client WHERE client_id = ? LIMIT 1
==> Parameters: user(String)
<==      Total: 0
Closing non transactional SqlSession [org.apache.ibatis.session.defaults.DefaultSqlSession@43eb24a7]
2026-08-15T11:15:26.358+08:00 DEBUG 11564 --- [iam-authorization-server] [io-9000-exec-10] .x.a.s.r.RedisOAuth2AuthorizationService : OAuth2Authorization saved to Redis, id=8b955b0c-4def-403b-9bc6-6963bfc1b5c8, user=user
2026-08-15T11:15:26.363+08:00 DEBUG 11564 --- [iam-authorization-server] [io-9000-exec-10] o.s.s.web.DefaultRedirectStrategy        : Redirecting to http://localhost:8085/login/oauth2/code/admin-app?code=EAXwydC7mupWLnYnPAQ7RH_PdKjlC0e2gAjMrFosOZFOhH7_L9dSv1b97mKjwimSu5AowauTWCPSFXIrCN4XplJ6SKioQmtJCFidtAPZK5SyAn4_zdWNAcRrjs156fnp&state=VIcYgGz2I_WXrpVMWWOUNvtigS5tFBwSuMJjsMq9sYE%3D
2026-08-15T11:15:26.377+08:00 DEBUG 11564 --- [iam-authorization-server] [nio-9000-exec-1] o.s.security.web.FilterChainProxy        : Securing POST /oauth2/token
2026-08-15T11:15:26.501+08:00 DEBUG 11564 --- [iam-authorization-server] [nio-9000-exec-1] o.s.a.w.OAuth2ClientAuthenticationFilter : Set SecurityContextHolder authentication to OAuth2ClientAuthenticationToken
2026-08-15T11:15:26.551+08:00  INFO 11564 --- [iam-authorization-server] [nio-9000-exec-1] n.x.a.s.session.RedisSessionRegistry     : [RedisSessionRegistry] 注册会话: principal=admin-app, sessionId=ffeaf077-d602-4a05-bb4d-c70356411c56
Creating a new SqlSession
SqlSession [org.apache.ibatis.session.defaults.DefaultSqlSession@4ad26c42] was not registered for synchronization because synchronization is not active
JDBC Connection [com.alibaba.druid.pool.DruidStatementConnection@e2696e8] will not be managed by Spring
==>  Preparing: SELECT * FROM oauth2_registered_client WHERE client_id = ? LIMIT 1
==> Parameters: user(String)
<==      Total: 0
Closing non transactional SqlSession [org.apache.ibatis.session.defaults.DefaultSqlSession@4ad26c42]
2026-08-15T11:15:26.597+08:00 DEBUG 11564 --- [iam-authorization-server] [nio-9000-exec-1] .x.a.s.r.RedisOAuth2AuthorizationService : OAuth2Authorization saved to Redis, id=8b955b0c-4def-403b-9bc6-6963bfc1b5c8, user=user
2026-08-15T11:15:26.600+08:00 DEBUG 11564 --- [iam-authorization-server] [nio-9000-exec-1] n.x.a.s.web.ActiveClientTrackingFilter   : [ActiveClientTracking] 响应已提交, 跳过 session 写入 clientId=admin-app
JDBC Connection [com.alibaba.druid.pool.DruidStatementConnection@e2696e8] will not be managed by Spring
==>  Preparing: SELECT id,username,password,nickname,email,phone,avatar,identity_type,enabled,account_non_expired,account_non_locked,credentials_non_expired,create_time,update_time FROM sys_user WHERE (username = ?)
==> Parameters: user(String)
<==    Columns: id, username, password, nickname, email, phone, avatar, identity_type, enabled, account_non_expired, account_non_locked, credentials_non_expired, create_time, update_time
<==        Row: 2, user, $2a$10$ov3NUrdkAHujSRdGbDZF6O9h2cjZq4Zl17fL3TA5Nhs94mE/PmH8e, 普通用户, user@example.com, null, null, 2, 1, 1, 1, 1, 2026-08-11 20:00:08, 2026-08-11 20:00:08
<==      Total: 1
2026-08-15T11:15:26.620+08:00 DEBUG 11564 --- [iam-authorization-server] [nio-9000-exec-2] n.x.a.s.t.RedisOpaqueTokenIntrospector   : Opaque token introspect success, sub=user, scope=[read, openid, profile, write]
2026-08-15T11:15:26.632+08:00 DEBUG 11564 --- [iam-authorization-server] [nio-9000-exec-3] o.s.security.web.FilterChainProxy        : Securing GET /logout?post_logout_redirect_uri=http%3A%2F%2Flocalhost%3A8001%2Flogged-out
2026-08-15T11:15:26.645+08:00 DEBUG 11564 --- [iam-authorization-server] [nio-9000-exec-3] o.s.security.web.FilterChainProxy        : Secured GET /logout?post_logout_redirect_uri=http%3A%2F%2Flocalhost%3A8001%2Flogged-out
2026-08-15T11:15:26.651+08:00  INFO 11564 --- [iam-authorization-server] [nio-9000-exec-3] n.x.a.s.session.RedisSessionRegistry     : [RedisSessionRegistry] 移除会话: sessionId=2fd4ccef-b597-499b-a77c-7b5a33222574, principal=user
2026-08-15T11:15:26.669+08:00  INFO 11564 --- [iam-authorization-server] [nio-9000-exec-3] .x.a.s.r.RedisOAuth2AuthorizationService : 按 SSO 会话撤销授权: ssoSessionId=2fd4ccef-b597-499b-a77c-7b5a33222574, 撤销数=1
2026-08-15T11:15:26.669+08:00  INFO 11564 --- [iam-authorization-server] [nio-9000-exec-3] n.x.a.controller.auth.LogoutController   : [LogoutController] 用户 user 已登出, SSO 会话已清除
2026-08-15T11:15:35.364+08:00 DEBUG 11564 --- [iam-authorization-server] [nio-9000-exec-6] o.s.security.web.FilterChainProxy        : Securing GET /oauth2/authorize?response_type=code&client_id=admin-app&scope=openid%20profile%20read%20write&state=yCwEVAcgzLTGH2BQm245HqjHaAX6aUe4Yvuf9b_D6oM%3D&redirect_uri=http://localhost:8085/login/oauth2/code/admin-app&nonce=IhdCqh69xaVp_ldeZN6G66J_SlEB5iIftyYDFJ4IaIs
2026-08-15T11:15:35.370+08:00 DEBUG 11564 --- [iam-authorization-server] [nio-9000-exec-6] o.s.s.w.a.AnonymousAuthenticationFilter  : Set SecurityContextHolder to anonymous SecurityContext
2026-08-15T11:15:35.371+08:00 DEBUG 11564 --- [iam-authorization-server] [nio-9000-exec-6] o.s.s.w.s.HttpSessionRequestCache        : Saved request http://localhost:9000/oauth2/authorize?response_type=code&client_id=admin-app&scope=openid%20profile%20read%20write&state=yCwEVAcgzLTGH2BQm245HqjHaAX6aUe4Yvuf9b_D6oM%3D&redirect_uri=http://localhost:8085/login/oauth2/code/admin-app&nonce=IhdCqh69xaVp_ldeZN6G66J_SlEB5iIftyYDFJ4IaIs&continue to session
2026-08-15T11:15:35.372+08:00 DEBUG 11564 --- [iam-authorization-server] [nio-9000-exec-6] s.w.a.DelegatingAuthenticationEntryPoint : Trying to match using MediaTypeRequestMatcher [contentNegotiationStrategy=org.springframework.web.accept.HeaderContentNegotiationStrategy@41b1297d, matchingMediaTypes=[text/html], useEquals=false, ignoredMediaTypes=[]]
2026-08-15T11:15:35.372+08:00 DEBUG 11564 --- [iam-authorization-server] [nio-9000-exec-6] s.w.a.DelegatingAuthenticationEntryPoint : Match found! Executing org.springframework.security.web.authentication.LoginUrlAuthenticationEntryPoint@66a1b96d
2026-08-15T11:15:35.373+08:00 DEBUG 11564 --- [iam-authorization-server] [nio-9000-exec-6] o.s.s.web.DefaultRedirectStrategy        : Redirecting to http://localhost:9000/login.html
2026-08-15T11:15:35.382+08:00 DEBUG 11564 --- [iam-authorization-server] [nio-9000-exec-7] o.s.security.web.FilterChainProxy        : Securing GET /login.html
2026-08-15T11:15:35.386+08:00 DEBUG 11564 --- [iam-authorization-server] [nio-9000-exec-7] o.s.s.w.a.AnonymousAuthenticationFilter  : Set SecurityContextHolder to anonymous SecurityContext
2026-08-15T11:15:35.387+08:00 DEBUG 11564 --- [iam-authorization-server] [nio-9000-exec-7] o.s.security.web.FilterChainProxy        : Secured GET /login.html
2026-08-15T11:15:41.122+08:00 DEBUG 11564 --- [iam-authorization-server] [nio-9000-exec-8] o.s.security.web.FilterChainProxy        : Securing POST /login
JDBC Connection [com.alibaba.druid.pool.DruidStatementConnection@e2696e8] will not be managed by Spring
==>  Preparing: SELECT id,username,password,nickname,email,phone,avatar,identity_type,enabled,account_non_expired,account_non_locked,credentials_non_expired,create_time,update_time FROM sys_user WHERE (username = ?)
==> Parameters: admin(String)
<==    Columns: id, username, password, nickname, email, phone, avatar, identity_type, enabled, account_non_expired, account_non_locked, credentials_non_expired, create_time, update_time
<==        Row: 1, admin, $2a$10$ov3NUrdkAHujSRdGbDZF6O9h2cjZq4Zl17fL3TA5Nhs94mE/PmH8e, 管理员, admin@example.com, null, null, 1, 1, 1, 1, 1, 2026-08-11 20:00:08, 2026-08-13 22:28:45
<==      Total: 1
2026-08-15T11:15:41.276+08:00 DEBUG 11564 --- [iam-authorization-server] [nio-9000-exec-8] o.s.s.a.dao.DaoAuthenticationProvider    : Authenticated user
2026-08-15T11:15:41.314+08:00 DEBUG 11564 --- [iam-authorization-server] [nio-9000-exec-8] .s.ChangeSessionIdAuthenticationStrategy : Changed session id from 5c5b94cb-7d63-4d85-bc02-b09a56535050
2026-08-15T11:15:41.320+08:00  INFO 11564 --- [iam-authorization-server] [nio-9000-exec-8] n.x.a.s.session.RedisSessionRegistry     : [RedisSessionRegistry] 注册会话: principal=admin, sessionId=537ac910-5cf7-4cea-9d70-675f82a90b90
2026-08-15T11:15:41.321+08:00 DEBUG 11564 --- [iam-authorization-server] [nio-9000-exec-8] w.a.UsernamePasswordAuthenticationFilter : Set SecurityContextHolder to UsernamePasswordAuthenticationToken [Principal=org.springframework.security.core.userdetails.User [Username=admin, Password=[PROTECTED], Enabled=true, AccountNonExpired=true, CredentialsNonExpired=true, AccountNonLocked=true, Granted Authorities=[ROLE_ADMIN]], Credentials=[PROTECTED], Authenticated=true, Details=WebAuthenticationDetails [RemoteIpAddress=0:0:0:0:0:0:0:1, SessionId=5c5b94cb-7d63-4d85-bc02-b09a56535050], Granted Authorities=[ROLE_ADMIN]]
2026-08-15T11:15:41.321+08:00 DEBUG 11564 --- [iam-authorization-server] [nio-9000-exec-8] o.s.s.web.DefaultRedirectStrategy        : Redirecting to http://localhost:9000/oauth2/authorize?response_type=code&client_id=admin-app&scope=openid%20profile%20read%20write&state=yCwEVAcgzLTGH2BQm245HqjHaAX6aUe4Yvuf9b_D6oM%3D&redirect_uri=http://localhost:8085/login/oauth2/code/admin-app&nonce=IhdCqh69xaVp_ldeZN6G66J_SlEB5iIftyYDFJ4IaIs&continue
2026-08-15T11:15:41.333+08:00 DEBUG 11564 --- [iam-authorization-server] [nio-9000-exec-9] o.s.security.web.FilterChainProxy        : Securing GET /oauth2/authorize?response_type=code&client_id=admin-app&scope=openid%20profile%20read%20write&state=yCwEVAcgzLTGH2BQm245HqjHaAX6aUe4Yvuf9b_D6oM%3D&redirect_uri=http://localhost:8085/login/oauth2/code/admin-app&nonce=IhdCqh69xaVp_ldeZN6G66J_SlEB5iIftyYDFJ4IaIs&continue
Creating a new SqlSession
SqlSession [org.apache.ibatis.session.defaults.DefaultSqlSession@9a24da3] was not registered for synchronization because synchronization is not active
JDBC Connection [com.alibaba.druid.pool.DruidStatementConnection@e2696e8] will not be managed by Spring
==>  Preparing: SELECT * FROM oauth2_authorization_consent WHERE registered_client_id = ? AND principal_name = ? LIMIT 1
==> Parameters: 2(String), admin(String)
<==      Total: 0
Closing non transactional SqlSession [org.apache.ibatis.session.defaults.DefaultSqlSession@9a24da3]
Creating a new SqlSession
SqlSession [org.apache.ibatis.session.defaults.DefaultSqlSession@4b7c59fd] was not registered for synchronization because synchronization is not active
JDBC Connection [com.alibaba.druid.pool.DruidStatementConnection@e2696e8] will not be managed by Spring
==>  Preparing: SELECT * FROM oauth2_registered_client WHERE client_id = ? LIMIT 1
==> Parameters: admin(String)
<==      Total: 0
Closing non transactional SqlSession [org.apache.ibatis.session.defaults.DefaultSqlSession@4b7c59fd]
2026-08-15T11:15:41.357+08:00 DEBUG 11564 --- [iam-authorization-server] [nio-9000-exec-9] .x.a.s.r.RedisOAuth2AuthorizationService : OAuth2Authorization saved to Redis, id=4d7b8afd-e562-42cb-90bd-059fd2b39b59, user=admin
2026-08-15T11:15:41.362+08:00 DEBUG 11564 --- [iam-authorization-server] [nio-9000-exec-9] o.s.s.web.DefaultRedirectStrategy        : Redirecting to http://localhost:8085/login/oauth2/code/admin-app?code=3Ax8fQzNr99PIrfuUmW_DzrYw4c9_gW2VJt4Ts_4kBZw7IlhHa7ljwpYk2N2ODVTTkfBxtWErNGxEVuBY80y4VTsg6NJ1j-4x00Lpo3WOG_QRZm55KV7ps-Mp3EljGyB&state=yCwEVAcgzLTGH2BQm245HqjHaAX6aUe4Yvuf9b_D6oM%3D
2026-08-15T11:15:41.376+08:00 DEBUG 11564 --- [iam-authorization-server] [io-9000-exec-10] o.s.security.web.FilterChainProxy        : Securing POST /oauth2/token
2026-08-15T11:15:41.499+08:00 DEBUG 11564 --- [iam-authorization-server] [io-9000-exec-10] o.s.a.w.OAuth2ClientAuthenticationFilter : Set SecurityContextHolder authentication to OAuth2ClientAuthenticationToken
2026-08-15T11:15:41.546+08:00  INFO 11564 --- [iam-authorization-server] [io-9000-exec-10] n.x.a.s.session.RedisSessionRegistry     : [RedisSessionRegistry] 注册会话: principal=admin-app, sessionId=783343f6-da9f-4a08-a31e-32a5f6d29882
Creating a new SqlSession
SqlSession [org.apache.ibatis.session.defaults.DefaultSqlSession@1c0cb22] was not registered for synchronization because synchronization is not active
JDBC Connection [com.alibaba.druid.pool.DruidStatementConnection@e2696e8] will not be managed by Spring
==>  Preparing: SELECT * FROM oauth2_registered_client WHERE client_id = ? LIMIT 1
==> Parameters: admin(String)
<==      Total: 0
Closing non transactional SqlSession [org.apache.ibatis.session.defaults.DefaultSqlSession@1c0cb22]
2026-08-15T11:15:41.611+08:00 DEBUG 11564 --- [iam-authorization-server] [io-9000-exec-10] .x.a.s.r.RedisOAuth2AuthorizationService : OAuth2Authorization saved to Redis, id=4d7b8afd-e562-42cb-90bd-059fd2b39b59, user=admin
2026-08-15T11:15:41.616+08:00 DEBUG 11564 --- [iam-authorization-server] [io-9000-exec-10] n.x.a.s.web.ActiveClientTrackingFilter   : [ActiveClientTracking] 响应已提交, 跳过 session 写入 clientId=admin-app
JDBC Connection [com.alibaba.druid.pool.DruidStatementConnection@e2696e8] will not be managed by Spring
==>  Preparing: SELECT id,username,password,nickname,email,phone,avatar,identity_type,enabled,account_non_expired,account_non_locked,credentials_non_expired,create_time,update_time FROM sys_user WHERE (username = ?)
==> Parameters: admin(String)
<==    Columns: id, username, password, nickname, email, phone, avatar, identity_type, enabled, account_non_expired, account_non_locked, credentials_non_expired, create_time, update_time
<==        Row: 1, admin, $2a$10$ov3NUrdkAHujSRdGbDZF6O9h2cjZq4Zl17fL3TA5Nhs94mE/PmH8e, 管理员, admin@example.com, null, null, 1, 1, 1, 1, 1, 2026-08-11 20:00:08, 2026-08-13 22:28:45
<==      Total: 1
2026-08-15T11:15:41.637+08:00 DEBUG 11564 --- [iam-authorization-server] [nio-9000-exec-1] n.x.a.s.t.RedisOpaqueTokenIntrospector   : Opaque token introspect success, sub=admin, scope=[read, openid, profile, write]
2026-08-15T11:15:45.137+08:00 DEBUG 11564 --- [iam-authorization-server] [nio-9000-exec-2] o.s.security.web.FilterChainProxy        : Securing GET /api/admin/users
2026-08-15T11:15:45.149+08:00 DEBUG 11564 --- [iam-authorization-server] [nio-9000-exec-3] o.s.security.web.FilterChainProxy        : Securing POST /oauth2/introspect
JDBC Connection [com.alibaba.druid.pool.DruidStatementConnection@e2696e8] will not be managed by Spring
==>  Preparing: SELECT id,username,password,nickname,email,phone,avatar,identity_type,enabled,account_non_expired,account_non_locked,credentials_non_expired,create_time,update_time FROM sys_user WHERE (username = ?)
==> Parameters: admin(String)
<==    Columns: id, username, password, nickname, email, phone, avatar, identity_type, enabled, account_non_expired, account_non_locked, credentials_non_expired, create_time, update_time
<==        Row: 1, admin, $2a$10$ov3NUrdkAHujSRdGbDZF6O9h2cjZq4Zl17fL3TA5Nhs94mE/PmH8e, 管理员, admin@example.com, null, null, 1, 1, 1, 1, 1, 2026-08-11 20:00:08, 2026-08-13 22:28:45
<==      Total: 1
2026-08-15T11:15:45.157+08:00 DEBUG 11564 --- [iam-authorization-server] [nio-9000-exec-2] n.x.a.s.t.RedisOpaqueTokenIntrospector   : Opaque token introspect success, sub=admin, scope=[read, openid, profile, write]
2026-08-15T11:15:45.157+08:00 DEBUG 11564 --- [iam-authorization-server] [nio-9000-exec-2] .s.r.a.OpaqueTokenAuthenticationProvider : Authenticated token
2026-08-15T11:15:45.158+08:00 DEBUG 11564 --- [iam-authorization-server] [nio-9000-exec-2] .s.r.w.a.BearerTokenAuthenticationFilter : Set SecurityContextHolder to BearerTokenAuthentication [Principal=net.xzh.authserver.security.token.RedisOpaqueTokenIntrospector$OpaquePrincipal@49461699, Credentials=[PROTECTED], Authenticated=true, Details=WebAuthenticationDetails [RemoteIpAddress=127.0.0.1, SessionId=null], Granted Authorities=[ROLE_ADMIN]]
2026-08-15T11:15:45.158+08:00 DEBUG 11564 --- [iam-authorization-server] [nio-9000-exec-2] o.s.security.web.FilterChainProxy        : Secured GET /api/admin/users
Creating a new SqlSession
SqlSession [org.apache.ibatis.session.defaults.DefaultSqlSession@6c4fec7e] was not registered for synchronization because synchronization is not active
JDBC Connection [com.alibaba.druid.pool.DruidStatementConnection@e2696e8] will not be managed by Spring
==>  Preparing: SELECT id,username,password,nickname,email,phone,avatar,identity_type,enabled,account_non_expired,account_non_locked,credentials_non_expired,create_time,update_time FROM sys_user
==> Parameters: 
<==    Columns: id, username, password, nickname, email, phone, avatar, identity_type, enabled, account_non_expired, account_non_locked, credentials_non_expired, create_time, update_time
<==        Row: 1, admin, $2a$10$ov3NUrdkAHujSRdGbDZF6O9h2cjZq4Zl17fL3TA5Nhs94mE/PmH8e, 管理员, admin@example.com, null, null, 1, 1, 1, 1, 1, 2026-08-11 20:00:08, 2026-08-13 22:28:45
<==        Row: 2, user, $2a$10$ov3NUrdkAHujSRdGbDZF6O9h2cjZq4Zl17fL3TA5Nhs94mE/PmH8e, 普通用户, user@example.com, null, null, 2, 1, 1, 1, 1, 2026-08-11 20:00:08, 2026-08-11 20:00:08
<==      Total: 2
Closing non transactional SqlSession [org.apache.ibatis.session.defaults.DefaultSqlSession@6c4fec7e]
2026-08-15T11:15:45.266+08:00 DEBUG 11564 --- [iam-authorization-server] [nio-9000-exec-3] o.s.a.w.OAuth2ClientAuthenticationFilter : Set SecurityContextHolder authentication to OAuth2ClientAuthenticationToken
2026-08-15T11:15:45.276+08:00  INFO 11564 --- [iam-authorization-server] [nio-9000-exec-3] n.x.a.s.session.RedisSessionRegistry     : [RedisSessionRegistry] 注册会话: principal=resource-server, sessionId=20c36e2b-6818-4683-8d94-8b1be5e8c784
2026-08-15T11:15:46.457+08:00 DEBUG 11564 --- [iam-authorization-server] [nio-9000-exec-4] o.s.security.web.FilterChainProxy        : Securing POST /oauth2/introspect
2026-08-15T11:15:46.577+08:00 DEBUG 11564 --- [iam-authorization-server] [nio-9000-exec-4] o.s.a.w.OAuth2ClientAuthenticationFilter : Set SecurityContextHolder authentication to OAuth2ClientAuthenticationToken
2026-08-15T11:15:46.624+08:00  INFO 11564 --- [iam-authorization-server] [nio-9000-exec-4] n.x.a.s.session.RedisSessionRegistry     : [RedisSessionRegistry] 注册会话: principal=resource-server, sessionId=f9541b39-1c66-48ab-aabe-174d7a0024bd
2026-08-15T11:15:49.979+08:00 DEBUG 11564 --- [iam-authorization-server] [nio-9000-exec-5] o.s.security.web.FilterChainProxy        : Securing GET /api/admin/users/1
JDBC Connection [com.alibaba.druid.pool.DruidStatementConnection@e2696e8] will not be managed by Spring
==>  Preparing: SELECT id,username,password,nickname,email,phone,avatar,identity_type,enabled,account_non_expired,account_non_locked,credentials_non_expired,create_time,update_time FROM sys_user WHERE (username = ?)
==> Parameters: admin(String)
<==    Columns: id, username, password, nickname, email, phone, avatar, identity_type, enabled, account_non_expired, account_non_locked, credentials_non_expired, create_time, update_time
<==        Row: 1, admin, $2a$10$ov3NUrdkAHujSRdGbDZF6O9h2cjZq4Zl17fL3TA5Nhs94mE/PmH8e, 管理员, admin@example.com, null, null, 1, 1, 1, 1, 1, 2026-08-11 20:00:08, 2026-08-13 22:28:45
<==      Total: 1
2026-08-15T11:15:49.994+08:00 DEBUG 11564 --- [iam-authorization-server] [nio-9000-exec-5] n.x.a.s.t.RedisOpaqueTokenIntrospector   : Opaque token introspect success, sub=admin, scope=[read, openid, profile, write]
2026-08-15T11:15:49.995+08:00 DEBUG 11564 --- [iam-authorization-server] [nio-9000-exec-5] .s.r.a.OpaqueTokenAuthenticationProvider : Authenticated token
2026-08-15T11:15:49.996+08:00 DEBUG 11564 --- [iam-authorization-server] [nio-9000-exec-5] .s.r.w.a.BearerTokenAuthenticationFilter : Set SecurityContextHolder to BearerTokenAuthentication [Principal=net.xzh.authserver.security.token.RedisOpaqueTokenIntrospector$OpaquePrincipal@5c0197f6, Credentials=[PROTECTED], Authenticated=true, Details=WebAuthenticationDetails [RemoteIpAddress=127.0.0.1, SessionId=null], Granted Authorities=[ROLE_ADMIN]]
2026-08-15T11:15:49.997+08:00 DEBUG 11564 --- [iam-authorization-server] [nio-9000-exec-5] o.s.security.web.FilterChainProxy        : Secured GET /api/admin/users/1
Creating a new SqlSession
SqlSession [org.apache.ibatis.session.defaults.DefaultSqlSession@439d6066] was not registered for synchronization because synchronization is not active
JDBC Connection [com.alibaba.druid.pool.DruidStatementConnection@e2696e8] will not be managed by Spring
==>  Preparing: SELECT id,username,password,nickname,email,phone,avatar,identity_type,enabled,account_non_expired,account_non_locked,credentials_non_expired,create_time,update_time FROM sys_user WHERE id=?
==> Parameters: 1(Long)
<==    Columns: id, username, password, nickname, email, phone, avatar, identity_type, enabled, account_non_expired, account_non_locked, credentials_non_expired, create_time, update_time
<==        Row: 1, admin, $2a$10$ov3NUrdkAHujSRdGbDZF6O9h2cjZq4Zl17fL3TA5Nhs94mE/PmH8e, 管理员, admin@example.com, null, null, 1, 1, 1, 1, 1, 2026-08-11 20:00:08, 2026-08-13 22:28:45
<==      Total: 1
Closing non transactional SqlSession [org.apache.ibatis.session.defaults.DefaultSqlSession@439d6066]
2026-08-15T11:15:52.998+08:00 DEBUG 11564 --- [iam-authorization-server] [nio-9000-exec-6] o.s.security.web.FilterChainProxy        : Securing POST /oauth2/introspect
2026-08-15T11:15:53.122+08:00 DEBUG 11564 --- [iam-authorization-server] [nio-9000-exec-6] o.s.a.w.OAuth2ClientAuthenticationFilter : Set SecurityContextHolder authentication to OAuth2ClientAuthenticationToken
2026-08-15T11:15:53.166+08:00  INFO 11564 --- [iam-authorization-server] [nio-9000-exec-6] n.x.a.s.session.RedisSessionRegistry     : [RedisSessionRegistry] 注册会话: principal=resource-server, sessionId=7e27d686-d6c3-410d-8cc7-35eb27f8d2cc
2026-08-15T11:15:55.926+08:00 DEBUG 11564 --- [iam-authorization-server] [nio-9000-exec-7] o.s.security.web.FilterChainProxy        : Securing POST /oauth2/introspect
2026-08-15T11:15:56.057+08:00 DEBUG 11564 --- [iam-authorization-server] [nio-9000-exec-7] o.s.a.w.OAuth2ClientAuthenticationFilter : Set SecurityContextHolder authentication to OAuth2ClientAuthenticationToken
2026-08-15T11:15:56.066+08:00  INFO 11564 --- [iam-authorization-server] [nio-9000-exec-7] n.x.a.s.session.RedisSessionRegistry     : [RedisSessionRegistry] 注册会话: principal=resource-server, sessionId=bf7cb508-1bef-4419-9205-6c204f19f963
2026-08-15T11:16:00.170+08:00 DEBUG 11564 --- [iam-authorization-server] [nio-9000-exec-8] o.s.security.web.FilterChainProxy        : Securing GET /api/admin/users
2026-08-15T11:16:00.175+08:00 DEBUG 11564 --- [iam-authorization-server] [nio-9000-exec-9] o.s.security.web.FilterChainProxy        : Securing POST /oauth2/introspect
JDBC Connection [com.alibaba.druid.pool.DruidStatementConnection@e2696e8] will not be managed by Spring
==>  Preparing: SELECT id,username,password,nickname,email,phone,avatar,identity_type,enabled,account_non_expired,account_non_locked,credentials_non_expired,create_time,update_time FROM sys_user WHERE (username = ?)
==> Parameters: admin(String)
<==    Columns: id, username, password, nickname, email, phone, avatar, identity_type, enabled, account_non_expired, account_non_locked, credentials_non_expired, create_time, update_time
<==        Row: 1, admin, $2a$10$ov3NUrdkAHujSRdGbDZF6O9h2cjZq4Zl17fL3TA5Nhs94mE/PmH8e, 管理员, admin@example.com, null, null, 1, 1, 1, 1, 1, 2026-08-11 20:00:08, 2026-08-13 22:28:45
<==      Total: 1
2026-08-15T11:16:00.185+08:00 DEBUG 11564 --- [iam-authorization-server] [nio-9000-exec-8] n.x.a.s.t.RedisOpaqueTokenIntrospector   : Opaque token introspect success, sub=admin, scope=[read, openid, profile, write]
2026-08-15T11:16:00.186+08:00 DEBUG 11564 --- [iam-authorization-server] [nio-9000-exec-8] .s.r.a.OpaqueTokenAuthenticationProvider : Authenticated token
2026-08-15T11:16:00.187+08:00 DEBUG 11564 --- [iam-authorization-server] [nio-9000-exec-8] .s.r.w.a.BearerTokenAuthenticationFilter : Set SecurityContextHolder to BearerTokenAuthentication [Principal=net.xzh.authserver.security.token.RedisOpaqueTokenIntrospector$OpaquePrincipal@27298450, Credentials=[PROTECTED], Authenticated=true, Details=WebAuthenticationDetails [RemoteIpAddress=127.0.0.1, SessionId=null], Granted Authorities=[ROLE_ADMIN]]
2026-08-15T11:16:00.187+08:00 DEBUG 11564 --- [iam-authorization-server] [nio-9000-exec-8] o.s.security.web.FilterChainProxy        : Secured GET /api/admin/users
Creating a new SqlSession
SqlSession [org.apache.ibatis.session.defaults.DefaultSqlSession@1392c620] was not registered for synchronization because synchronization is not active
JDBC Connection [com.alibaba.druid.pool.DruidStatementConnection@e2696e8] will not be managed by Spring
==>  Preparing: SELECT id,username,password,nickname,email,phone,avatar,identity_type,enabled,account_non_expired,account_non_locked,credentials_non_expired,create_time,update_time FROM sys_user
==> Parameters: 
<==    Columns: id, username, password, nickname, email, phone, avatar, identity_type, enabled, account_non_expired, account_non_locked, credentials_non_expired, create_time, update_time
<==        Row: 1, admin, $2a$10$ov3NUrdkAHujSRdGbDZF6O9h2cjZq4Zl17fL3TA5Nhs94mE/PmH8e, 管理员, admin@example.com, null, null, 1, 1, 1, 1, 1, 2026-08-11 20:00:08, 2026-08-13 22:28:45
<==        Row: 2, user, $2a$10$ov3NUrdkAHujSRdGbDZF6O9h2cjZq4Zl17fL3TA5Nhs94mE/PmH8e, 普通用户, user@example.com, null, null, 2, 1, 1, 1, 1, 2026-08-11 20:00:08, 2026-08-11 20:00:08
<==      Total: 2
Closing non transactional SqlSession [org.apache.ibatis.session.defaults.DefaultSqlSession@1392c620]
2026-08-15T11:16:00.301+08:00 DEBUG 11564 --- [iam-authorization-server] [nio-9000-exec-9] o.s.a.w.OAuth2ClientAuthenticationFilter : Set SecurityContextHolder authentication to OAuth2ClientAuthenticationToken
2026-08-15T11:16:00.310+08:00  INFO 11564 --- [iam-authorization-server] [nio-9000-exec-9] n.x.a.s.session.RedisSessionRegistry     : [RedisSessionRegistry] 注册会话: principal=resource-server, sessionId=3c3633d1-38c5-4407-bf22-c3860a039c65
2026-08-15T11:16:04.680+08:00 DEBUG 11564 --- [iam-authorization-server] [io-9000-exec-10] o.s.security.web.FilterChainProxy        : Securing POST /oauth2/introspect
2026-08-15T11:16:04.803+08:00 DEBUG 11564 --- [iam-authorization-server] [io-9000-exec-10] o.s.a.w.OAuth2ClientAuthenticationFilter : Set SecurityContextHolder authentication to OAuth2ClientAuthenticationToken
2026-08-15T11:16:04.852+08:00  INFO 11564 --- [iam-authorization-server] [io-9000-exec-10] n.x.a.s.session.RedisSessionRegistry     : [RedisSessionRegistry] 注册会话: principal=resource-server, sessionId=d68fa986-6219-48a9-8d9c-f7e2e15f7a57
2026-08-15T11:16:07.792+08:00 DEBUG 11564 --- [iam-authorization-server] [nio-9000-exec-1] o.s.security.web.FilterChainProxy        : Securing POST /oauth2/introspect
2026-08-15T11:16:07.916+08:00 DEBUG 11564 --- [iam-authorization-server] [nio-9000-exec-1] o.s.a.w.OAuth2ClientAuthenticationFilter : Set SecurityContextHolder authentication to OAuth2ClientAuthenticationToken
2026-08-15T11:16:07.963+08:00  INFO 11564 --- [iam-authorization-server] [nio-9000-exec-1] n.x.a.s.session.RedisSessionRegistry     : [RedisSessionRegistry] 注册会话: principal=resource-server, sessionId=8c6c1610-d4c3-4b91-9b2a-a2aceec8bbd2
2026-08-15T11:16:08.701+08:00 DEBUG 11564 --- [iam-authorization-server] [nio-9000-exec-2] o.s.security.web.FilterChainProxy        : Securing POST /oauth2/introspect
2026-08-15T11:16:08.826+08:00 DEBUG 11564 --- [iam-authorization-server] [nio-9000-exec-2] o.s.a.w.OAuth2ClientAuthenticationFilter : Set SecurityContextHolder authentication to OAuth2ClientAuthenticationToken
2026-08-15T11:16:08.835+08:00  INFO 11564 --- [iam-authorization-server] [nio-9000-exec-2] n.x.a.s.session.RedisSessionRegistry     : [RedisSessionRegistry] 注册会话: principal=resource-server, sessionId=c6549da2-87d1-4252-b5c7-098ae6cdaeab
2026-08-15T11:16:12.315+08:00 DEBUG 11564 --- [iam-authorization-server] [nio-9000-exec-3] o.s.security.web.FilterChainProxy        : Securing GET /api/admin/users
2026-08-15T11:16:12.320+08:00 DEBUG 11564 --- [iam-authorization-server] [nio-9000-exec-4] o.s.security.web.FilterChainProxy        : Securing POST /oauth2/introspect
JDBC Connection [com.alibaba.druid.pool.DruidStatementConnection@e2696e8] will not be managed by Spring
==>  Preparing: SELECT id,username,password,nickname,email,phone,avatar,identity_type,enabled,account_non_expired,account_non_locked,credentials_non_expired,create_time,update_time FROM sys_user WHERE (username = ?)
==> Parameters: admin(String)
<==    Columns: id, username, password, nickname, email, phone, avatar, identity_type, enabled, account_non_expired, account_non_locked, credentials_non_expired, create_time, update_time
<==        Row: 1, admin, $2a$10$ov3NUrdkAHujSRdGbDZF6O9h2cjZq4Zl17fL3TA5Nhs94mE/PmH8e, 管理员, admin@example.com, null, null, 1, 1, 1, 1, 1, 2026-08-11 20:00:08, 2026-08-13 22:28:45
<==      Total: 1
2026-08-15T11:16:12.326+08:00 DEBUG 11564 --- [iam-authorization-server] [nio-9000-exec-3] n.x.a.s.t.RedisOpaqueTokenIntrospector   : Opaque token introspect success, sub=admin, scope=[read, openid, profile, write]
2026-08-15T11:16:12.326+08:00 DEBUG 11564 --- [iam-authorization-server] [nio-9000-exec-3] .s.r.a.OpaqueTokenAuthenticationProvider : Authenticated token
2026-08-15T11:16:12.326+08:00 DEBUG 11564 --- [iam-authorization-server] [nio-9000-exec-3] .s.r.w.a.BearerTokenAuthenticationFilter : Set SecurityContextHolder to BearerTokenAuthentication [Principal=net.xzh.authserver.security.token.RedisOpaqueTokenIntrospector$OpaquePrincipal@35f66e78, Credentials=[PROTECTED], Authenticated=true, Details=WebAuthenticationDetails [RemoteIpAddress=127.0.0.1, SessionId=null], Granted Authorities=[ROLE_ADMIN]]
2026-08-15T11:16:12.327+08:00 DEBUG 11564 --- [iam-authorization-server] [nio-9000-exec-3] o.s.security.web.FilterChainProxy        : Secured GET /api/admin/users
Creating a new SqlSession
SqlSession [org.apache.ibatis.session.defaults.DefaultSqlSession@970d58c] was not registered for synchronization because synchronization is not active
JDBC Connection [com.alibaba.druid.pool.DruidStatementConnection@e2696e8] will not be managed by Spring
==>  Preparing: SELECT id,username,password,nickname,email,phone,avatar,identity_type,enabled,account_non_expired,account_non_locked,credentials_non_expired,create_time,update_time FROM sys_user
==> Parameters: 
<==    Columns: id, username, password, nickname, email, phone, avatar, identity_type, enabled, account_non_expired, account_non_locked, credentials_non_expired, create_time, update_time
<==        Row: 1, admin, $2a$10$ov3NUrdkAHujSRdGbDZF6O9h2cjZq4Zl17fL3TA5Nhs94mE/PmH8e, 管理员, admin@example.com, null, null, 1, 1, 1, 1, 1, 2026-08-11 20:00:08, 2026-08-13 22:28:45
<==        Row: 2, user, $2a$10$ov3NUrdkAHujSRdGbDZF6O9h2cjZq4Zl17fL3TA5Nhs94mE/PmH8e, 普通用户, user@example.com, null, null, 2, 1, 1, 1, 1, 2026-08-11 20:00:08, 2026-08-11 20:00:08
<==      Total: 2
Closing non transactional SqlSession [org.apache.ibatis.session.defaults.DefaultSqlSession@970d58c]
2026-08-15T11:16:12.437+08:00 DEBUG 11564 --- [iam-authorization-server] [nio-9000-exec-4] o.s.a.w.OAuth2ClientAuthenticationFilter : Set SecurityContextHolder authentication to OAuth2ClientAuthenticationToken
2026-08-15T11:16:12.447+08:00  INFO 11564 --- [iam-authorization-server] [nio-9000-exec-4] n.x.a.s.session.RedisSessionRegistry     : [RedisSessionRegistry] 注册会话: principal=resource-server, sessionId=37ee955a-0c16-48c8-b9a2-d1eb3f64512d
2026-08-15T11:16:15.786+08:00 DEBUG 11564 --- [iam-authorization-server] [nio-9000-exec-5] o.s.security.web.FilterChainProxy        : Securing POST /oauth2/introspect
2026-08-15T11:16:15.906+08:00 DEBUG 11564 --- [iam-authorization-server] [nio-9000-exec-5] o.s.a.w.OAuth2ClientAuthenticationFilter : Set SecurityContextHolder authentication to OAuth2ClientAuthenticationToken
2026-08-15T11:16:15.955+08:00  INFO 11564 --- [iam-authorization-server] [nio-9000-exec-5] n.x.a.s.session.RedisSessionRegistry     : [RedisSessionRegistry] 注册会话: principal=resource-server, sessionId=c7ed90e6-4ec8-4bea-aef1-4fe096320416
2026-08-15T11:16:17.928+08:00 DEBUG 11564 --- [iam-authorization-server] [nio-9000-exec-6] o.s.security.web.FilterChainProxy        : Securing POST /oauth2/introspect
2026-08-15T11:16:18.050+08:00 DEBUG 11564 --- [iam-authorization-server] [nio-9000-exec-6] o.s.a.w.OAuth2ClientAuthenticationFilter : Set SecurityContextHolder authentication to OAuth2ClientAuthenticationToken
2026-08-15T11:16:18.099+08:00  INFO 11564 --- [iam-authorization-server] [nio-9000-exec-6] n.x.a.s.session.RedisSessionRegistry     : [RedisSessionRegistry] 注册会话: principal=resource-server, sessionId=622bdd95-829f-4ca5-9f5b-aa3baa91d361
2026-08-15T11:16:21.627+08:00 DEBUG 11564 --- [iam-authorization-server] [nio-9000-exec-7] o.s.security.web.FilterChainProxy        : Securing GET /api/admin/clients
JDBC Connection [com.alibaba.druid.pool.DruidStatementConnection@e2696e8] will not be managed by Spring
==>  Preparing: SELECT id,username,password,nickname,email,phone,avatar,identity_type,enabled,account_non_expired,account_non_locked,credentials_non_expired,create_time,update_time FROM sys_user WHERE (username = ?)
==> Parameters: admin(String)
<==    Columns: id, username, password, nickname, email, phone, avatar, identity_type, enabled, account_non_expired, account_non_locked, credentials_non_expired, create_time, update_time
<==        Row: 1, admin, $2a$10$ov3NUrdkAHujSRdGbDZF6O9h2cjZq4Zl17fL3TA5Nhs94mE/PmH8e, 管理员, admin@example.com, null, null, 1, 1, 1, 1, 1, 2026-08-11 20:00:08, 2026-08-13 22:28:45
<==      Total: 1
2026-08-15T11:16:21.639+08:00 DEBUG 11564 --- [iam-authorization-server] [nio-9000-exec-7] n.x.a.s.t.RedisOpaqueTokenIntrospector   : Opaque token introspect success, sub=admin, scope=[read, openid, profile, write]
2026-08-15T11:16:21.639+08:00 DEBUG 11564 --- [iam-authorization-server] [nio-9000-exec-7] .s.r.a.OpaqueTokenAuthenticationProvider : Authenticated token
2026-08-15T11:16:21.640+08:00 DEBUG 11564 --- [iam-authorization-server] [nio-9000-exec-7] .s.r.w.a.BearerTokenAuthenticationFilter : Set SecurityContextHolder to BearerTokenAuthentication [Principal=net.xzh.authserver.security.token.RedisOpaqueTokenIntrospector$OpaquePrincipal@65dd448d, Credentials=[PROTECTED], Authenticated=true, Details=WebAuthenticationDetails [RemoteIpAddress=127.0.0.1, SessionId=null], Granted Authorities=[ROLE_ADMIN]]
2026-08-15T11:16:21.640+08:00 DEBUG 11564 --- [iam-authorization-server] [nio-9000-exec-7] o.s.security.web.FilterChainProxy        : Secured GET /api/admin/clients
Creating a new SqlSession
SqlSession [org.apache.ibatis.session.defaults.DefaultSqlSession@c0c774] was not registered for synchronization because synchronization is not active
JDBC Connection [com.alibaba.druid.pool.DruidStatementConnection@e2696e8] will not be managed by Spring
==>  Preparing: SELECT id,client_id,client_id_issued_at,client_secret,client_secret_expires_at,client_name,client_authentication_methods,authorization_grant_types,redirect_uris,post_logout_redirect_uris,scopes,client_settings,token_settings FROM oauth2_registered_client
==> Parameters: 
<==    Columns: id, client_id, client_id_issued_at, client_secret, client_secret_expires_at, client_name, client_authentication_methods, authorization_grant_types, redirect_uris, post_logout_redirect_uris, scopes, client_settings, token_settings
<==        Row: 1, resource-server, 2026-08-13 09:56:12, $2a$10$ov3NUrdkAHujSRdGbDZF6O9h2cjZq4Zl17fL3TA5Nhs94mE/PmH8e, null, 资源服务器, client_secret_basic, client_credentials, , , read,write, {"requireProofKey":false,"requireAuthorizationConsent":false}, {"accessTokenFormat":"reference","authorizationCodeTimeToLive":"PT5M","accessTokenTimeToLive":"PT30M","reuseRefreshTokens":false}
<==        Row: 2, admin-app, 2026-08-13 12:00:00, $2a$10$ov3NUrdkAHujSRdGbDZF6O9h2cjZq4Zl17fL3TA5Nhs94mE/PmH8e, null, 管理后台, client_secret_basic, refresh_token,authorization_code, http://localhost:8085/login/oauth2/code/admin-app, http://localhost:8001/logged-out, openid,profile,read,write, {"requireProofKey":false,"requireAuthorizationConsent":false}, {"accessTokenFormat":"reference","authorizationCodeTimeToLive":"PT5M","accessTokenTimeToLive":"PT2H","reuseRefreshTokens":true}
<==        Row: 3, portal-app, 2026-08-11 20:00:08, $2a$10$ov3NUrdkAHujSRdGbDZF6O9h2cjZq4Zl17fL3TA5Nhs94mE/PmH8e, null, 门户应用 (SSO), client_secret_basic, refresh_token,authorization_code, http://localhost:8083/portal-sso-callback,http://localhost:8081/portal-sso-callback,http://localhost:8080/login/oauth2/code/portal-app-oidc, http://localhost:8000/logged-out,http://localhost:8080/logged-out, openid,profile,email, {"requireProofKey":false,"requireAuthorizationConsent":false}, {"accessTokenFormat":"reference","authorizationCodeTimeToLive":"PT5M","accessTokenTimeToLive":"PT2H","reuseRefreshTokens":false}
<==        Row: 4, web-app, 2026-08-11 20:00:08, $2a$10$ov3NUrdkAHujSRdGbDZF6O9h2cjZq4Zl17fL3TA5Nhs94mE/PmH8e, null, Web 应用客户端, client_secret_basic,client_secret_post, authorization_code,refresh_token,password, http://localhost:8081/callback,http://127.0.0.1:8081/callback, http://localhost:8081/logout, openid,profile,email,read,write, {"requireProofKey":false,"requireAuthorizationConsent":true}, {"accessTokenFormat":"REFERENCE","accessTokenTimeToLive":"PT2H","reuseRefreshTokens":false,"idTokenSignatureAlgorithm":"RS256"}
<==        Row: 5, device-app, 2026-08-11 20:00:08, null, null, 设备码客户端, none, refresh_token,urn:ietf:params:oauth:grant-type:device_code, null, null, openid,profile,email,read, {"requireProofKey":false,"requireAuthorizationConsent":true}, {"accessTokenFormat":"REFERENCE","accessTokenTimeToLive":"PT1H","reuseRefreshTokens":false}
<==        Row: 6, mobile-app, 2026-08-11 20:00:08, null, null, 移动应用客户端(PKCE), none, authorization_code,refresh_token, com.example.mobileapp://oauth2/redirect,http://localhost:8083/callback, http://localhost:8083/logout, openid,profile,email,read,write, {"requireProofKey":true,"requireAuthorizationConsent":true}, {"accessTokenFormat":"REFERENCE","accessTokenTimeToLive":"PT2H","reuseRefreshTokens":false,"idTokenSignatureAlgorithm":"RS256"}
<==        Row: 7, service-app, 2026-08-11 20:00:08, $2a$10$ov3NUrdkAHujSRdGbDZF6O9h2cjZq4Zl17fL3TA5Nhs94mE/PmH8e, null, 服务间调用客户端, client_secret_basic, client_credentials, null, null, read,write, {"requireProofKey":false,"requireAuthorizationConsent":true}, {"accessTokenFormat":"REFERENCE","accessTokenTimeToLive":"PT30M","reuseRefreshTokens":false}
<==      Total: 7
Closing non transactional SqlSession [org.apache.ibatis.session.defaults.DefaultSqlSession@c0c774]
2026-08-15T11:16:23.712+08:00 DEBUG 11564 --- [iam-authorization-server] [nio-9000-exec-8] o.s.security.web.FilterChainProxy        : Securing GET /api/admin/records/consents
JDBC Connection [com.alibaba.druid.pool.DruidStatementConnection@e2696e8] will not be managed by Spring
==>  Preparing: SELECT id,username,password,nickname,email,phone,avatar,identity_type,enabled,account_non_expired,account_non_locked,credentials_non_expired,create_time,update_time FROM sys_user WHERE (username = ?)
==> Parameters: admin(String)
<==    Columns: id, username, password, nickname, email, phone, avatar, identity_type, enabled, account_non_expired, account_non_locked, credentials_non_expired, create_time, update_time
<==        Row: 1, admin, $2a$10$ov3NUrdkAHujSRdGbDZF6O9h2cjZq4Zl17fL3TA5Nhs94mE/PmH8e, 管理员, admin@example.com, null, null, 1, 1, 1, 1, 1, 2026-08-11 20:00:08, 2026-08-13 22:28:45
<==      Total: 1
2026-08-15T11:16:23.724+08:00 DEBUG 11564 --- [iam-authorization-server] [nio-9000-exec-8] n.x.a.s.t.RedisOpaqueTokenIntrospector   : Opaque token introspect success, sub=admin, scope=[read, openid, profile, write]
2026-08-15T11:16:23.724+08:00 DEBUG 11564 --- [iam-authorization-server] [nio-9000-exec-8] .s.r.a.OpaqueTokenAuthenticationProvider : Authenticated token
2026-08-15T11:16:23.725+08:00 DEBUG 11564 --- [iam-authorization-server] [nio-9000-exec-8] .s.r.w.a.BearerTokenAuthenticationFilter : Set SecurityContextHolder to BearerTokenAuthentication [Principal=net.xzh.authserver.security.token.RedisOpaqueTokenIntrospector$OpaquePrincipal@d14003, Credentials=[PROTECTED], Authenticated=true, Details=WebAuthenticationDetails [RemoteIpAddress=127.0.0.1, SessionId=null], Granted Authorities=[ROLE_ADMIN]]
2026-08-15T11:16:23.726+08:00 DEBUG 11564 --- [iam-authorization-server] [nio-9000-exec-8] o.s.security.web.FilterChainProxy        : Secured GET /api/admin/records/consents
Creating a new SqlSession
SqlSession [org.apache.ibatis.session.defaults.DefaultSqlSession@7ed7a9b1] was not registered for synchronization because synchronization is not active
JDBC Connection [com.alibaba.druid.pool.DruidStatementConnection@e2696e8] will not be managed by Spring
==>  Preparing: SELECT * FROM oauth2_authorization_consent ORDER BY principal_name, registered_client_id
==> Parameters: 
<==      Total: 0
Closing non transactional SqlSession [org.apache.ibatis.session.defaults.DefaultSqlSession@7ed7a9b1]
2026-08-15T11:16:25.787+08:00 DEBUG 11564 --- [iam-authorization-server] [nio-9000-exec-9] o.s.security.web.FilterChainProxy        : Securing GET /api/admin/sessions/online
JDBC Connection [com.alibaba.druid.pool.DruidStatementConnection@e2696e8] will not be managed by Spring
==>  Preparing: SELECT id,username,password,nickname,email,phone,avatar,identity_type,enabled,account_non_expired,account_non_locked,credentials_non_expired,create_time,update_time FROM sys_user WHERE (username = ?)
==> Parameters: admin(String)
<==    Columns: id, username, password, nickname, email, phone, avatar, identity_type, enabled, account_non_expired, account_non_locked, credentials_non_expired, create_time, update_time
<==        Row: 1, admin, $2a$10$ov3NUrdkAHujSRdGbDZF6O9h2cjZq4Zl17fL3TA5Nhs94mE/PmH8e, 管理员, admin@example.com, null, null, 1, 1, 1, 1, 1, 2026-08-11 20:00:08, 2026-08-13 22:28:45
<==      Total: 1
2026-08-15T11:16:25.814+08:00 DEBUG 11564 --- [iam-authorization-server] [nio-9000-exec-9] n.x.a.s.t.RedisOpaqueTokenIntrospector   : Opaque token introspect success, sub=admin, scope=[read, openid, profile, write]
2026-08-15T11:16:25.815+08:00 DEBUG 11564 --- [iam-authorization-server] [nio-9000-exec-9] .s.r.a.OpaqueTokenAuthenticationProvider : Authenticated token
2026-08-15T11:16:25.815+08:00 DEBUG 11564 --- [iam-authorization-server] [nio-9000-exec-9] .s.r.w.a.BearerTokenAuthenticationFilter : Set SecurityContextHolder to BearerTokenAuthentication [Principal=net.xzh.authserver.security.token.RedisOpaqueTokenIntrospector$OpaquePrincipal@1f20255, Credentials=[PROTECTED], Authenticated=true, Details=WebAuthenticationDetails [RemoteIpAddress=127.0.0.1, SessionId=null], Granted Authorities=[ROLE_ADMIN]]
2026-08-15T11:16:25.816+08:00 DEBUG 11564 --- [iam-authorization-server] [nio-9000-exec-9] o.s.security.web.FilterChainProxy        : Secured GET /api/admin/sessions/online
JDBC Connection [com.alibaba.druid.pool.DruidStatementConnection@e2696e8] will not be managed by Spring
==>  Preparing: SELECT id,username,password,nickname,email,phone,avatar,identity_type,enabled,account_non_expired,account_non_locked,credentials_non_expired,create_time,update_time FROM sys_user WHERE (username = ?)
==> Parameters: admin(String)
<==    Columns: id, username, password, nickname, email, phone, avatar, identity_type, enabled, account_non_expired, account_non_locked, credentials_non_expired, create_time, update_time
<==        Row: 1, admin, $2a$10$ov3NUrdkAHujSRdGbDZF6O9h2cjZq4Zl17fL3TA5Nhs94mE/PmH8e, 管理员, admin@example.com, null, null, 1, 1, 1, 1, 1, 2026-08-11 20:00:08, 2026-08-13 22:28:45
<==      Total: 1
JDBC Connection [com.alibaba.druid.pool.DruidStatementConnection@e2696e8] will not be managed by Spring
==>  Preparing: SELECT id,username,password,nickname,email,phone,avatar,identity_type,enabled,account_non_expired,account_non_locked,credentials_non_expired,create_time,update_time FROM sys_user WHERE (username = ?)
==> Parameters: admin(String)
<==    Columns: id, username, password, nickname, email, phone, avatar, identity_type, enabled, account_non_expired, account_non_locked, credentials_non_expired, create_time, update_time
<==        Row: 1, admin, $2a$10$ov3NUrdkAHujSRdGbDZF6O9h2cjZq4Zl17fL3TA5Nhs94mE/PmH8e, 管理员, admin@example.com, null, null, 1, 1, 1, 1, 1, 2026-08-11 20:00:08, 2026-08-13 22:28:45
<==      Total: 1
JDBC Connection [com.alibaba.druid.pool.DruidStatementConnection@e2696e8] will not be managed by Spring
==>  Preparing: SELECT id,username,password,nickname,email,phone,avatar,identity_type,enabled,account_non_expired,account_non_locked,credentials_non_expired,create_time,update_time FROM sys_user WHERE (username = ?)
==> Parameters: resource-server(String)
<==      Total: 0
2026-08-15T11:16:27.036+08:00 DEBUG 11564 --- [iam-authorization-server] [nio-9000-exec-9] n.x.a.service.AuthSessionService         : 跳过非用户 principal: resource-server
JDBC Connection [com.alibaba.druid.pool.DruidStatementConnection@e2696e8] will not be managed by Spring
==>  Preparing: SELECT id,username,password,nickname,email,phone,avatar,identity_type,enabled,account_non_expired,account_non_locked,credentials_non_expired,create_time,update_time FROM sys_user WHERE (username = ?)
==> Parameters: admin-app(String)
<==      Total: 0
2026-08-15T11:16:27.045+08:00 DEBUG 11564 --- [iam-authorization-server] [nio-9000-exec-9] n.x.a.service.AuthSessionService         : 跳过非用户 principal: admin-app
JDBC Connection [com.alibaba.druid.pool.DruidStatementConnection@e2696e8] will not be managed by Spring
==>  Preparing: SELECT id,username,password,nickname,email,phone,avatar,identity_type,enabled,account_non_expired,account_non_locked,credentials_non_expired,create_time,update_time FROM sys_user WHERE (username = ?)
==> Parameters: user(String)
<==    Columns: id, username, password, nickname, email, phone, avatar, identity_type, enabled, account_non_expired, account_non_locked, credentials_non_expired, create_time, update_time
<==        Row: 2, user, $2a$10$ov3NUrdkAHujSRdGbDZF6O9h2cjZq4Zl17fL3TA5Nhs94mE/PmH8e, 普通用户, user@example.com, null, null, 2, 1, 1, 1, 1, 2026-08-11 20:00:08, 2026-08-11 20:00:08
<==      Total: 1
JDBC Connection [com.alibaba.druid.pool.DruidStatementConnection@e2696e8] will not be managed by Spring
==>  Preparing: SELECT id,username,password,nickname,email,phone,avatar,identity_type,enabled,account_non_expired,account_non_locked,credentials_non_expired,create_time,update_time FROM sys_user WHERE (username = ?)
==> Parameters: user(String)
<==    Columns: id, username, password, nickname, email, phone, avatar, identity_type, enabled, account_non_expired, account_non_locked, credentials_non_expired, create_time, update_time
<==        Row: 2, user, $2a$10$ov3NUrdkAHujSRdGbDZF6O9h2cjZq4Zl17fL3TA5Nhs94mE/PmH8e, 普通用户, user@example.com, null, null, 2, 1, 1, 1, 1, 2026-08-11 20:00:08, 2026-08-11 20:00:08
<==      Total: 1
2026-08-15T11:16:27.146+08:00 DEBUG 11564 --- [iam-authorization-server] [io-9000-exec-10] o.s.security.web.FilterChainProxy        : Securing GET /api/admin/sessions/online
JDBC Connection [com.alibaba.druid.pool.DruidStatementConnection@e2696e8] will not be managed by Spring
==>  Preparing: SELECT id,username,password,nickname,email,phone,avatar,identity_type,enabled,account_non_expired,account_non_locked,credentials_non_expired,create_time,update_time FROM sys_user WHERE (username = ?)
==> Parameters: admin(String)
<==    Columns: id, username, password, nickname, email, phone, avatar, identity_type, enabled, account_non_expired, account_non_locked, credentials_non_expired, create_time, update_time
<==        Row: 1, admin, $2a$10$ov3NUrdkAHujSRdGbDZF6O9h2cjZq4Zl17fL3TA5Nhs94mE/PmH8e, 管理员, admin@example.com, null, null, 1, 1, 1, 1, 1, 2026-08-11 20:00:08, 2026-08-13 22:28:45
<==      Total: 1
2026-08-15T11:16:27.159+08:00 DEBUG 11564 --- [iam-authorization-server] [io-9000-exec-10] n.x.a.s.t.RedisOpaqueTokenIntrospector   : Opaque token introspect success, sub=admin, scope=[read, openid, profile, write]
2026-08-15T11:16:27.159+08:00 DEBUG 11564 --- [iam-authorization-server] [io-9000-exec-10] .s.r.a.OpaqueTokenAuthenticationProvider : Authenticated token
2026-08-15T11:16:27.160+08:00 DEBUG 11564 --- [iam-authorization-server] [io-9000-exec-10] .s.r.w.a.BearerTokenAuthenticationFilter : Set SecurityContextHolder to BearerTokenAuthentication [Principal=net.xzh.authserver.security.token.RedisOpaqueTokenIntrospector$OpaquePrincipal@6338bbcd, Credentials=[PROTECTED], Authenticated=true, Details=WebAuthenticationDetails [RemoteIpAddress=127.0.0.1, SessionId=null], Granted Authorities=[ROLE_ADMIN]]
2026-08-15T11:16:27.160+08:00 DEBUG 11564 --- [iam-authorization-server] [io-9000-exec-10] o.s.security.web.FilterChainProxy        : Secured GET /api/admin/sessions/online
JDBC Connection [com.alibaba.druid.pool.DruidStatementConnection@e2696e8] will not be managed by Spring
==>  Preparing: SELECT id,username,password,nickname,email,phone,avatar,identity_type,enabled,account_non_expired,account_non_locked,credentials_non_expired,create_time,update_time FROM sys_user WHERE (username = ?)
==> Parameters: admin(String)
<==    Columns: id, username, password, nickname, email, phone, avatar, identity_type, enabled, account_non_expired, account_non_locked, credentials_non_expired, create_time, update_time
<==        Row: 1, admin, $2a$10$ov3NUrdkAHujSRdGbDZF6O9h2cjZq4Zl17fL3TA5Nhs94mE/PmH8e, 管理员, admin@example.com, null, null, 1, 1, 1, 1, 1, 2026-08-11 20:00:08, 2026-08-13 22:28:45
<==      Total: 1
JDBC Connection [com.alibaba.druid.pool.DruidStatementConnection@e2696e8] will not be managed by Spring
==>  Preparing: SELECT id,username,password,nickname,email,phone,avatar,identity_type,enabled,account_non_expired,account_non_locked,credentials_non_expired,create_time,update_time FROM sys_user WHERE (username = ?)
==> Parameters: admin(String)
<==    Columns: id, username, password, nickname, email, phone, avatar, identity_type, enabled, account_non_expired, account_non_locked, credentials_non_expired, create_time, update_time
<==        Row: 1, admin, $2a$10$ov3NUrdkAHujSRdGbDZF6O9h2cjZq4Zl17fL3TA5Nhs94mE/PmH8e, 管理员, admin@example.com, null, null, 1, 1, 1, 1, 1, 2026-08-11 20:00:08, 2026-08-13 22:28:45
<==      Total: 1
JDBC Connection [com.alibaba.druid.pool.DruidStatementConnection@e2696e8] will not be managed by Spring
==>  Preparing: SELECT id,username,password,nickname,email,phone,avatar,identity_type,enabled,account_non_expired,account_non_locked,credentials_non_expired,create_time,update_time FROM sys_user WHERE (username = ?)
==> Parameters: resource-server(String)
<==      Total: 0
2026-08-15T11:16:28.351+08:00 DEBUG 11564 --- [iam-authorization-server] [io-9000-exec-10] n.x.a.service.AuthSessionService         : 跳过非用户 principal: resource-server
JDBC Connection [com.alibaba.druid.pool.DruidStatementConnection@e2696e8] will not be managed by Spring
==>  Preparing: SELECT id,username,password,nickname,email,phone,avatar,identity_type,enabled,account_non_expired,account_non_locked,credentials_non_expired,create_time,update_time FROM sys_user WHERE (username = ?)
==> Parameters: admin-app(String)
<==      Total: 0
2026-08-15T11:16:28.356+08:00 DEBUG 11564 --- [iam-authorization-server] [io-9000-exec-10] n.x.a.service.AuthSessionService         : 跳过非用户 principal: admin-app
JDBC Connection [com.alibaba.druid.pool.DruidStatementConnection@e2696e8] will not be managed by Spring
==>  Preparing: SELECT id,username,password,nickname,email,phone,avatar,identity_type,enabled,account_non_expired,account_non_locked,credentials_non_expired,create_time,update_time FROM sys_user WHERE (username = ?)
==> Parameters: user(String)
<==    Columns: id, username, password, nickname, email, phone, avatar, identity_type, enabled, account_non_expired, account_non_locked, credentials_non_expired, create_time, update_time
<==        Row: 2, user, $2a$10$ov3NUrdkAHujSRdGbDZF6O9h2cjZq4Zl17fL3TA5Nhs94mE/PmH8e, 普通用户, user@example.com, null, null, 2, 1, 1, 1, 1, 2026-08-11 20:00:08, 2026-08-11 20:00:08
<==      Total: 1
JDBC Connection [com.alibaba.druid.pool.DruidStatementConnection@e2696e8] will not be managed by Spring
==>  Preparing: SELECT id,username,password,nickname,email,phone,avatar,identity_type,enabled,account_non_expired,account_non_locked,credentials_non_expired,create_time,update_time FROM sys_user WHERE (username = ?)
==> Parameters: user(String)
<==    Columns: id, username, password, nickname, email, phone, avatar, identity_type, enabled, account_non_expired, account_non_locked, credentials_non_expired, create_time, update_time
<==        Row: 2, user, $2a$10$ov3NUrdkAHujSRdGbDZF6O9h2cjZq4Zl17fL3TA5Nhs94mE/PmH8e, 普通用户, user@example.com, null, null, 2, 1, 1, 1, 1, 2026-08-11 20:00:08, 2026-08-11 20:00:08
<==      Total: 1
2026-08-15T11:16:28.381+08:00 DEBUG 11564 --- [iam-authorization-server] [nio-9000-exec-1] o.s.security.web.FilterChainProxy        : Securing GET /api/admin/sessions/online
JDBC Connection [com.alibaba.druid.pool.DruidStatementConnection@e2696e8] will not be managed by Spring
==>  Preparing: SELECT id,username,password,nickname,email,phone,avatar,identity_type,enabled,account_non_expired,account_non_locked,credentials_non_expired,create_time,update_time FROM sys_user WHERE (username = ?)
==> Parameters: admin(String)
<==    Columns: id, username, password, nickname, email, phone, avatar, identity_type, enabled, account_non_expired, account_non_locked, credentials_non_expired, create_time, update_time
<==        Row: 1, admin, $2a$10$ov3NUrdkAHujSRdGbDZF6O9h2cjZq4Zl17fL3TA5Nhs94mE/PmH8e, 管理员, admin@example.com, null, null, 1, 1, 1, 1, 1, 2026-08-11 20:00:08, 2026-08-13 22:28:45
<==      Total: 1
2026-08-15T11:16:28.393+08:00 DEBUG 11564 --- [iam-authorization-server] [nio-9000-exec-1] n.x.a.s.t.RedisOpaqueTokenIntrospector   : Opaque token introspect success, sub=admin, scope=[read, openid, profile, write]
2026-08-15T11:16:28.394+08:00 DEBUG 11564 --- [iam-authorization-server] [nio-9000-exec-1] .s.r.a.OpaqueTokenAuthenticationProvider : Authenticated token
2026-08-15T11:16:28.394+08:00 DEBUG 11564 --- [iam-authorization-server] [nio-9000-exec-1] .s.r.w.a.BearerTokenAuthenticationFilter : Set SecurityContextHolder to BearerTokenAuthentication [Principal=net.xzh.authserver.security.token.RedisOpaqueTokenIntrospector$OpaquePrincipal@2604ffe7, Credentials=[PROTECTED], Authenticated=true, Details=WebAuthenticationDetails [RemoteIpAddress=127.0.0.1, SessionId=null], Granted Authorities=[ROLE_ADMIN]]
2026-08-15T11:16:28.395+08:00 DEBUG 11564 --- [iam-authorization-server] [nio-9000-exec-1] o.s.security.web.FilterChainProxy        : Secured GET /api/admin/sessions/online
JDBC Connection [com.alibaba.druid.pool.DruidStatementConnection@e2696e8] will not be managed by Spring
==>  Preparing: SELECT id,username,password,nickname,email,phone,avatar,identity_type,enabled,account_non_expired,account_non_locked,credentials_non_expired,create_time,update_time FROM sys_user WHERE (username = ?)
==> Parameters: admin(String)
<==    Columns: id, username, password, nickname, email, phone, avatar, identity_type, enabled, account_non_expired, account_non_locked, credentials_non_expired, create_time, update_time
<==        Row: 1, admin, $2a$10$ov3NUrdkAHujSRdGbDZF6O9h2cjZq4Zl17fL3TA5Nhs94mE/PmH8e, 管理员, admin@example.com, null, null, 1, 1, 1, 1, 1, 2026-08-11 20:00:08, 2026-08-13 22:28:45
<==      Total: 1
JDBC Connection [com.alibaba.druid.pool.DruidStatementConnection@e2696e8] will not be managed by Spring
==>  Preparing: SELECT id,username,password,nickname,email,phone,avatar,identity_type,enabled,account_non_expired,account_non_locked,credentials_non_expired,create_time,update_time FROM sys_user WHERE (username = ?)
==> Parameters: admin(String)
<==    Columns: id, username, password, nickname, email, phone, avatar, identity_type, enabled, account_non_expired, account_non_locked, credentials_non_expired, create_time, update_time
<==        Row: 1, admin, $2a$10$ov3NUrdkAHujSRdGbDZF6O9h2cjZq4Zl17fL3TA5Nhs94mE/PmH8e, 管理员, admin@example.com, null, null, 1, 1, 1, 1, 1, 2026-08-11 20:00:08, 2026-08-13 22:28:45
<==      Total: 1
JDBC Connection [com.alibaba.druid.pool.DruidStatementConnection@e2696e8] will not be managed by Spring
==>  Preparing: SELECT id,username,password,nickname,email,phone,avatar,identity_type,enabled,account_non_expired,account_non_locked,credentials_non_expired,create_time,update_time FROM sys_user WHERE (username = ?)
==> Parameters: resource-server(String)
<==      Total: 0
2026-08-15T11:16:29.547+08:00 DEBUG 11564 --- [iam-authorization-server] [nio-9000-exec-1] n.x.a.service.AuthSessionService         : 跳过非用户 principal: resource-server
JDBC Connection [com.alibaba.druid.pool.DruidStatementConnection@e2696e8] will not be managed by Spring
==>  Preparing: SELECT id,username,password,nickname,email,phone,avatar,identity_type,enabled,account_non_expired,account_non_locked,credentials_non_expired,create_time,update_time FROM sys_user WHERE (username = ?)
==> Parameters: admin-app(String)
<==      Total: 0
2026-08-15T11:16:29.553+08:00 DEBUG 11564 --- [iam-authorization-server] [nio-9000-exec-1] n.x.a.service.AuthSessionService         : 跳过非用户 principal: admin-app
JDBC Connection [com.alibaba.druid.pool.DruidStatementConnection@e2696e8] will not be managed by Spring
==>  Preparing: SELECT id,username,password,nickname,email,phone,avatar,identity_type,enabled,account_non_expired,account_non_locked,credentials_non_expired,create_time,update_time FROM sys_user WHERE (username = ?)
==> Parameters: user(String)
<==    Columns: id, username, password, nickname, email, phone, avatar, identity_type, enabled, account_non_expired, account_non_locked, credentials_non_expired, create_time, update_time
<==        Row: 2, user, $2a$10$ov3NUrdkAHujSRdGbDZF6O9h2cjZq4Zl17fL3TA5Nhs94mE/PmH8e, 普通用户, user@example.com, null, null, 2, 1, 1, 1, 1, 2026-08-11 20:00:08, 2026-08-11 20:00:08
<==      Total: 1
JDBC Connection [com.alibaba.druid.pool.DruidStatementConnection@e2696e8] will not be managed by Spring
==>  Preparing: SELECT id,username,password,nickname,email,phone,avatar,identity_type,enabled,account_non_expired,account_non_locked,credentials_non_expired,create_time,update_time FROM sys_user WHERE (username = ?)
==> Parameters: user(String)
<==    Columns: id, username, password, nickname, email, phone, avatar, identity_type, enabled, account_non_expired, account_non_locked, credentials_non_expired, create_time, update_time
<==        Row: 2, user, $2a$10$ov3NUrdkAHujSRdGbDZF6O9h2cjZq4Zl17fL3TA5Nhs94mE/PmH8e, 普通用户, user@example.com, null, null, 2, 1, 1, 1, 1, 2026-08-11 20:00:08, 2026-08-11 20:00:08
<==      Total: 1
2026-08-15T11:16:29.579+08:00 DEBUG 11564 --- [iam-authorization-server] [nio-9000-exec-2] o.s.security.web.FilterChainProxy        : Securing GET /api/admin/sessions/online
JDBC Connection [com.alibaba.druid.pool.DruidStatementConnection@e2696e8] will not be managed by Spring
==>  Preparing: SELECT id,username,password,nickname,email,phone,avatar,identity_type,enabled,account_non_expired,account_non_locked,credentials_non_expired,create_time,update_time FROM sys_user WHERE (username = ?)
==> Parameters: admin(String)
<==    Columns: id, username, password, nickname, email, phone, avatar, identity_type, enabled, account_non_expired, account_non_locked, credentials_non_expired, create_time, update_time
<==        Row: 1, admin, $2a$10$ov3NUrdkAHujSRdGbDZF6O9h2cjZq4Zl17fL3TA5Nhs94mE/PmH8e, 管理员, admin@example.com, null, null, 1, 1, 1, 1, 1, 2026-08-11 20:00:08, 2026-08-13 22:28:45
<==      Total: 1
2026-08-15T11:16:29.599+08:00 DEBUG 11564 --- [iam-authorization-server] [nio-9000-exec-2] n.x.a.s.t.RedisOpaqueTokenIntrospector   : Opaque token introspect success, sub=admin, scope=[read, openid, profile, write]
2026-08-15T11:16:29.599+08:00 DEBUG 11564 --- [iam-authorization-server] [nio-9000-exec-2] .s.r.a.OpaqueTokenAuthenticationProvider : Authenticated token
2026-08-15T11:16:29.600+08:00 DEBUG 11564 --- [iam-authorization-server] [nio-9000-exec-2] .s.r.w.a.BearerTokenAuthenticationFilter : Set SecurityContextHolder to BearerTokenAuthentication [Principal=net.xzh.authserver.security.token.RedisOpaqueTokenIntrospector$OpaquePrincipal@50f79d65, Credentials=[PROTECTED], Authenticated=true, Details=WebAuthenticationDetails [RemoteIpAddress=127.0.0.1, SessionId=null], Granted Authorities=[ROLE_ADMIN]]
2026-08-15T11:16:29.600+08:00 DEBUG 11564 --- [iam-authorization-server] [nio-9000-exec-2] o.s.security.web.FilterChainProxy        : Secured GET /api/admin/sessions/online
JDBC Connection [com.alibaba.druid.pool.DruidStatementConnection@e2696e8] will not be managed by Spring
==>  Preparing: SELECT id,username,password,nickname,email,phone,avatar,identity_type,enabled,account_non_expired,account_non_locked,credentials_non_expired,create_time,update_time FROM sys_user WHERE (username = ?)
==> Parameters: admin(String)
<==    Columns: id, username, password, nickname, email, phone, avatar, identity_type, enabled, account_non_expired, account_non_locked, credentials_non_expired, create_time, update_time
<==        Row: 1, admin, $2a$10$ov3NUrdkAHujSRdGbDZF6O9h2cjZq4Zl17fL3TA5Nhs94mE/PmH8e, 管理员, admin@example.com, null, null, 1, 1, 1, 1, 1, 2026-08-11 20:00:08, 2026-08-13 22:28:45
<==      Total: 1
JDBC Connection [com.alibaba.druid.pool.DruidStatementConnection@e2696e8] will not be managed by Spring
==>  Preparing: SELECT id,username,password,nickname,email,phone,avatar,identity_type,enabled,account_non_expired,account_non_locked,credentials_non_expired,create_time,update_time FROM sys_user WHERE (username = ?)
==> Parameters: admin(String)
<==    Columns: id, username, password, nickname, email, phone, avatar, identity_type, enabled, account_non_expired, account_non_locked, credentials_non_expired, create_time, update_time
<==        Row: 1, admin, $2a$10$ov3NUrdkAHujSRdGbDZF6O9h2cjZq4Zl17fL3TA5Nhs94mE/PmH8e, 管理员, admin@example.com, null, null, 1, 1, 1, 1, 1, 2026-08-11 20:00:08, 2026-08-13 22:28:45
<==      Total: 1
JDBC Connection [com.alibaba.druid.pool.DruidStatementConnection@e2696e8] will not be managed by Spring
==>  Preparing: SELECT id,username,password,nickname,email,phone,avatar,identity_type,enabled,account_non_expired,account_non_locked,credentials_non_expired,create_time,update_time FROM sys_user WHERE (username = ?)
==> Parameters: resource-server(String)
<==      Total: 0
2026-08-15T11:16:30.767+08:00 DEBUG 11564 --- [iam-authorization-server] [nio-9000-exec-2] n.x.a.service.AuthSessionService         : 跳过非用户 principal: resource-server
JDBC Connection [com.alibaba.druid.pool.DruidStatementConnection@e2696e8] will not be managed by Spring
==>  Preparing: SELECT id,username,password,nickname,email,phone,avatar,identity_type,enabled,account_non_expired,account_non_locked,credentials_non_expired,create_time,update_time FROM sys_user WHERE (username = ?)
==> Parameters: admin-app(String)
<==      Total: 0
2026-08-15T11:16:30.773+08:00 DEBUG 11564 --- [iam-authorization-server] [nio-9000-exec-2] n.x.a.service.AuthSessionService         : 跳过非用户 principal: admin-app
JDBC Connection [com.alibaba.druid.pool.DruidStatementConnection@e2696e8] will not be managed by Spring
==>  Preparing: SELECT id,username,password,nickname,email,phone,avatar,identity_type,enabled,account_non_expired,account_non_locked,credentials_non_expired,create_time,update_time FROM sys_user WHERE (username = ?)
==> Parameters: user(String)
<==    Columns: id, username, password, nickname, email, phone, avatar, identity_type, enabled, account_non_expired, account_non_locked, credentials_non_expired, create_time, update_time
<==        Row: 2, user, $2a$10$ov3NUrdkAHujSRdGbDZF6O9h2cjZq4Zl17fL3TA5Nhs94mE/PmH8e, 普通用户, user@example.com, null, null, 2, 1, 1, 1, 1, 2026-08-11 20:00:08, 2026-08-11 20:00:08
<==      Total: 1
JDBC Connection [com.alibaba.druid.pool.DruidStatementConnection@e2696e8] will not be managed by Spring
==>  Preparing: SELECT id,username,password,nickname,email,phone,avatar,identity_type,enabled,account_non_expired,account_non_locked,credentials_non_expired,create_time,update_time FROM sys_user WHERE (username = ?)
==> Parameters: user(String)
<==    Columns: id, username, password, nickname, email, phone, avatar, identity_type, enabled, account_non_expired, account_non_locked, credentials_non_expired, create_time, update_time
<==        Row: 2, user, $2a$10$ov3NUrdkAHujSRdGbDZF6O9h2cjZq4Zl17fL3TA5Nhs94mE/PmH8e, 普通用户, user@example.com, null, null, 2, 1, 1, 1, 1, 2026-08-11 20:00:08, 2026-08-11 20:00:08
<==      Total: 1
2026-08-15T11:16:30.798+08:00 DEBUG 11564 --- [iam-authorization-server] [nio-9000-exec-3] o.s.security.web.FilterChainProxy        : Securing GET /api/admin/sessions/online
JDBC Connection [com.alibaba.druid.pool.DruidStatementConnection@e2696e8] will not be managed by Spring
==>  Preparing: SELECT id,username,password,nickname,email,phone,avatar,identity_type,enabled,account_non_expired,account_non_locked,credentials_non_expired,create_time,update_time FROM sys_user WHERE (username = ?)
==> Parameters: admin(String)
<==    Columns: id, username, password, nickname, email, phone, avatar, identity_type, enabled, account_non_expired, account_non_locked, credentials_non_expired, create_time, update_time
<==        Row: 1, admin, $2a$10$ov3NUrdkAHujSRdGbDZF6O9h2cjZq4Zl17fL3TA5Nhs94mE/PmH8e, 管理员, admin@example.com, null, null, 1, 1, 1, 1, 1, 2026-08-11 20:00:08, 2026-08-13 22:28:45
<==      Total: 1
2026-08-15T11:16:30.813+08:00 DEBUG 11564 --- [iam-authorization-server] [nio-9000-exec-3] n.x.a.s.t.RedisOpaqueTokenIntrospector   : Opaque token introspect success, sub=admin, scope=[read, openid, profile, write]
2026-08-15T11:16:30.813+08:00 DEBUG 11564 --- [iam-authorization-server] [nio-9000-exec-3] .s.r.a.OpaqueTokenAuthenticationProvider : Authenticated token
2026-08-15T11:16:30.813+08:00 DEBUG 11564 --- [iam-authorization-server] [nio-9000-exec-3] .s.r.w.a.BearerTokenAuthenticationFilter : Set SecurityContextHolder to BearerTokenAuthentication [Principal=net.xzh.authserver.security.token.RedisOpaqueTokenIntrospector$OpaquePrincipal@54228938, Credentials=[PROTECTED], Authenticated=true, Details=WebAuthenticationDetails [RemoteIpAddress=127.0.0.1, SessionId=null], Granted Authorities=[ROLE_ADMIN]]
2026-08-15T11:16:30.814+08:00 DEBUG 11564 --- [iam-authorization-server] [nio-9000-exec-3] o.s.security.web.FilterChainProxy        : Secured GET /api/admin/sessions/online
JDBC Connection [com.alibaba.druid.pool.DruidStatementConnection@e2696e8] will not be managed by Spring
==>  Preparing: SELECT id,username,password,nickname,email,phone,avatar,identity_type,enabled,account_non_expired,account_non_locked,credentials_non_expired,create_time,update_time FROM sys_user WHERE (username = ?)
==> Parameters: admin(String)
<==    Columns: id, username, password, nickname, email, phone, avatar, identity_type, enabled, account_non_expired, account_non_locked, credentials_non_expired, create_time, update_time
<==        Row: 1, admin, $2a$10$ov3NUrdkAHujSRdGbDZF6O9h2cjZq4Zl17fL3TA5Nhs94mE/PmH8e, 管理员, admin@example.com, null, null, 1, 1, 1, 1, 1, 2026-08-11 20:00:08, 2026-08-13 22:28:45
<==      Total: 1
JDBC Connection [com.alibaba.druid.pool.DruidStatementConnection@e2696e8] will not be managed by Spring
==>  Preparing: SELECT id,username,password,nickname,email,phone,avatar,identity_type,enabled,account_non_expired,account_non_locked,credentials_non_expired,create_time,update_time FROM sys_user WHERE (username = ?)
==> Parameters: admin(String)
<==    Columns: id, username, password, nickname, email, phone, avatar, identity_type, enabled, account_non_expired, account_non_locked, credentials_non_expired, create_time, update_time
<==        Row: 1, admin, $2a$10$ov3NUrdkAHujSRdGbDZF6O9h2cjZq4Zl17fL3TA5Nhs94mE/PmH8e, 管理员, admin@example.com, null, null, 1, 1, 1, 1, 1, 2026-08-11 20:00:08, 2026-08-13 22:28:45
<==      Total: 1
JDBC Connection [com.alibaba.druid.pool.DruidStatementConnection@e2696e8] will not be managed by Spring
==>  Preparing: SELECT id,username,password,nickname,email,phone,avatar,identity_type,enabled,account_non_expired,account_non_locked,credentials_non_expired,create_time,update_time FROM sys_user WHERE (username = ?)
==> Parameters: resource-server(String)
<==      Total: 0
2026-08-15T11:16:31.997+08:00 DEBUG 11564 --- [iam-authorization-server] [nio-9000-exec-3] n.x.a.service.AuthSessionService         : 跳过非用户 principal: resource-server
JDBC Connection [com.alibaba.druid.pool.DruidStatementConnection@e2696e8] will not be managed by Spring
==>  Preparing: SELECT id,username,password,nickname,email,phone,avatar,identity_type,enabled,account_non_expired,account_non_locked,credentials_non_expired,create_time,update_time FROM sys_user WHERE (username = ?)
==> Parameters: admin-app(String)
<==      Total: 0
2026-08-15T11:16:32.003+08:00 DEBUG 11564 --- [iam-authorization-server] [nio-9000-exec-3] n.x.a.service.AuthSessionService         : 跳过非用户 principal: admin-app
JDBC Connection [com.alibaba.druid.pool.DruidStatementConnection@e2696e8] will not be managed by Spring
==>  Preparing: SELECT id,username,password,nickname,email,phone,avatar,identity_type,enabled,account_non_expired,account_non_locked,credentials_non_expired,create_time,update_time FROM sys_user WHERE (username = ?)
==> Parameters: user(String)
<==    Columns: id, username, password, nickname, email, phone, avatar, identity_type, enabled, account_non_expired, account_non_locked, credentials_non_expired, create_time, update_time
<==        Row: 2, user, $2a$10$ov3NUrdkAHujSRdGbDZF6O9h2cjZq4Zl17fL3TA5Nhs94mE/PmH8e, 普通用户, user@example.com, null, null, 2, 1, 1, 1, 1, 2026-08-11 20:00:08, 2026-08-11 20:00:08
<==      Total: 1
JDBC Connection [com.alibaba.druid.pool.DruidStatementConnection@e2696e8] will not be managed by Spring
==>  Preparing: SELECT id,username,password,nickname,email,phone,avatar,identity_type,enabled,account_non_expired,account_non_locked,credentials_non_expired,create_time,update_time FROM sys_user WHERE (username = ?)
==> Parameters: user(String)
<==    Columns: id, username, password, nickname, email, phone, avatar, identity_type, enabled, account_non_expired, account_non_locked, credentials_non_expired, create_time, update_time
<==        Row: 2, user, $2a$10$ov3NUrdkAHujSRdGbDZF6O9h2cjZq4Zl17fL3TA5Nhs94mE/PmH8e, 普通用户, user@example.com, null, null, 2, 1, 1, 1, 1, 2026-08-11 20:00:08, 2026-08-11 20:00:08
<==      Total: 1
2026-08-15T11:16:32.028+08:00 DEBUG 11564 --- [iam-authorization-server] [nio-9000-exec-4] o.s.security.web.FilterChainProxy        : Securing GET /api/admin/sessions/online
JDBC Connection [com.alibaba.druid.pool.DruidStatementConnection@e2696e8] will not be managed by Spring
==>  Preparing: SELECT id,username,password,nickname,email,phone,avatar,identity_type,enabled,account_non_expired,account_non_locked,credentials_non_expired,create_time,update_time FROM sys_user WHERE (username = ?)
==> Parameters: admin(String)
<==    Columns: id, username, password, nickname, email, phone, avatar, identity_type, enabled, account_non_expired, account_non_locked, credentials_non_expired, create_time, update_time
<==        Row: 1, admin, $2a$10$ov3NUrdkAHujSRdGbDZF6O9h2cjZq4Zl17fL3TA5Nhs94mE/PmH8e, 管理员, admin@example.com, null, null, 1, 1, 1, 1, 1, 2026-08-11 20:00:08, 2026-08-13 22:28:45
<==      Total: 1
2026-08-15T11:16:32.041+08:00 DEBUG 11564 --- [iam-authorization-server] [nio-9000-exec-4] n.x.a.s.t.RedisOpaqueTokenIntrospector   : Opaque token introspect success, sub=admin, scope=[read, openid, profile, write]
2026-08-15T11:16:32.042+08:00 DEBUG 11564 --- [iam-authorization-server] [nio-9000-exec-4] .s.r.a.OpaqueTokenAuthenticationProvider : Authenticated token
2026-08-15T11:16:32.042+08:00 DEBUG 11564 --- [iam-authorization-server] [nio-9000-exec-4] .s.r.w.a.BearerTokenAuthenticationFilter : Set SecurityContextHolder to BearerTokenAuthentication [Principal=net.xzh.authserver.security.token.RedisOpaqueTokenIntrospector$OpaquePrincipal@65591c31, Credentials=[PROTECTED], Authenticated=true, Details=WebAuthenticationDetails [RemoteIpAddress=127.0.0.1, SessionId=null], Granted Authorities=[ROLE_ADMIN]]
2026-08-15T11:16:32.043+08:00 DEBUG 11564 --- [iam-authorization-server] [nio-9000-exec-4] o.s.security.web.FilterChainProxy        : Secured GET /api/admin/sessions/online
JDBC Connection [com.alibaba.druid.pool.DruidStatementConnection@e2696e8] will not be managed by Spring
==>  Preparing: SELECT id,username,password,nickname,email,phone,avatar,identity_type,enabled,account_non_expired,account_non_locked,credentials_non_expired,create_time,update_time FROM sys_user WHERE (username = ?)
==> Parameters: admin(String)
<==    Columns: id, username, password, nickname, email, phone, avatar, identity_type, enabled, account_non_expired, account_non_locked, credentials_non_expired, create_time, update_time
<==        Row: 1, admin, $2a$10$ov3NUrdkAHujSRdGbDZF6O9h2cjZq4Zl17fL3TA5Nhs94mE/PmH8e, 管理员, admin@example.com, null, null, 1, 1, 1, 1, 1, 2026-08-11 20:00:08, 2026-08-13 22:28:45
<==      Total: 1
JDBC Connection [com.alibaba.druid.pool.DruidStatementConnection@e2696e8] will not be managed by Spring
==>  Preparing: SELECT id,username,password,nickname,email,phone,avatar,identity_type,enabled,account_non_expired,account_non_locked,credentials_non_expired,create_time,update_time FROM sys_user WHERE (username = ?)
==> Parameters: admin(String)
<==    Columns: id, username, password, nickname, email, phone, avatar, identity_type, enabled, account_non_expired, account_non_locked, credentials_non_expired, create_time, update_time
<==        Row: 1, admin, $2a$10$ov3NUrdkAHujSRdGbDZF6O9h2cjZq4Zl17fL3TA5Nhs94mE/PmH8e, 管理员, admin@example.com, null, null, 1, 1, 1, 1, 1, 2026-08-11 20:00:08, 2026-08-13 22:28:45
<==      Total: 1
JDBC Connection [com.alibaba.druid.pool.DruidStatementConnection@e2696e8] will not be managed by Spring
==>  Preparing: SELECT id,username,password,nickname,email,phone,avatar,identity_type,enabled,account_non_expired,account_non_locked,credentials_non_expired,create_time,update_time FROM sys_user WHERE (username = ?)
==> Parameters: resource-server(String)
<==      Total: 0
2026-08-15T11:16:33.176+08:00 DEBUG 11564 --- [iam-authorization-server] [nio-9000-exec-4] n.x.a.service.AuthSessionService         : 跳过非用户 principal: resource-server
JDBC Connection [com.alibaba.druid.pool.DruidStatementConnection@e2696e8] will not be managed by Spring
==>  Preparing: SELECT id,username,password,nickname,email,phone,avatar,identity_type,enabled,account_non_expired,account_non_locked,credentials_non_expired,create_time,update_time FROM sys_user WHERE (username = ?)
==> Parameters: admin-app(String)
<==      Total: 0
2026-08-15T11:16:33.181+08:00 DEBUG 11564 --- [iam-authorization-server] [nio-9000-exec-4] n.x.a.service.AuthSessionService         : 跳过非用户 principal: admin-app
JDBC Connection [com.alibaba.druid.pool.DruidStatementConnection@e2696e8] will not be managed by Spring
==>  Preparing: SELECT id,username,password,nickname,email,phone,avatar,identity_type,enabled,account_non_expired,account_non_locked,credentials_non_expired,create_time,update_time FROM sys_user WHERE (username = ?)
==> Parameters: user(String)
<==    Columns: id, username, password, nickname, email, phone, avatar, identity_type, enabled, account_non_expired, account_non_locked, credentials_non_expired, create_time, update_time
<==        Row: 2, user, $2a$10$ov3NUrdkAHujSRdGbDZF6O9h2cjZq4Zl17fL3TA5Nhs94mE/PmH8e, 普通用户, user@example.com, null, null, 2, 1, 1, 1, 1, 2026-08-11 20:00:08, 2026-08-11 20:00:08
<==      Total: 1
JDBC Connection [com.alibaba.druid.pool.DruidStatementConnection@e2696e8] will not be managed by Spring
==>  Preparing: SELECT id,username,password,nickname,email,phone,avatar,identity_type,enabled,account_non_expired,account_non_locked,credentials_non_expired,create_time,update_time FROM sys_user WHERE (username = ?)
==> Parameters: user(String)
<==    Columns: id, username, password, nickname, email, phone, avatar, identity_type, enabled, account_non_expired, account_non_locked, credentials_non_expired, create_time, update_time
<==        Row: 2, user, $2a$10$ov3NUrdkAHujSRdGbDZF6O9h2cjZq4Zl17fL3TA5Nhs94mE/PmH8e, 普通用户, user@example.com, null, null, 2, 1, 1, 1, 1, 2026-08-11 20:00:08, 2026-08-11 20:00:08
<==      Total: 1
2026-08-15T11:16:33.210+08:00 DEBUG 11564 --- [iam-authorization-server] [nio-9000-exec-5] o.s.security.web.FilterChainProxy        : Securing GET /api/admin/sessions/online
JDBC Connection [com.alibaba.druid.pool.DruidStatementConnection@e2696e8] will not be managed by Spring
==>  Preparing: SELECT id,username,password,nickname,email,phone,avatar,identity_type,enabled,account_non_expired,account_non_locked,credentials_non_expired,create_time,update_time FROM sys_user WHERE (username = ?)
==> Parameters: admin(String)
<==    Columns: id, username, password, nickname, email, phone, avatar, identity_type, enabled, account_non_expired, account_non_locked, credentials_non_expired, create_time, update_time
<==        Row: 1, admin, $2a$10$ov3NUrdkAHujSRdGbDZF6O9h2cjZq4Zl17fL3TA5Nhs94mE/PmH8e, 管理员, admin@example.com, null, null, 1, 1, 1, 1, 1, 2026-08-11 20:00:08, 2026-08-13 22:28:45
<==      Total: 1
2026-08-15T11:16:33.221+08:00 DEBUG 11564 --- [iam-authorization-server] [nio-9000-exec-5] n.x.a.s.t.RedisOpaqueTokenIntrospector   : Opaque token introspect success, sub=admin, scope=[read, openid, profile, write]
2026-08-15T11:16:33.222+08:00 DEBUG 11564 --- [iam-authorization-server] [nio-9000-exec-5] .s.r.a.OpaqueTokenAuthenticationProvider : Authenticated token
2026-08-15T11:16:33.222+08:00 DEBUG 11564 --- [iam-authorization-server] [nio-9000-exec-5] .s.r.w.a.BearerTokenAuthenticationFilter : Set SecurityContextHolder to BearerTokenAuthentication [Principal=net.xzh.authserver.security.token.RedisOpaqueTokenIntrospector$OpaquePrincipal@624bd0c2, Credentials=[PROTECTED], Authenticated=true, Details=WebAuthenticationDetails [RemoteIpAddress=127.0.0.1, SessionId=null], Granted Authorities=[ROLE_ADMIN]]
2026-08-15T11:16:33.223+08:00 DEBUG 11564 --- [iam-authorization-server] [nio-9000-exec-5] o.s.security.web.FilterChainProxy        : Secured GET /api/admin/sessions/online
2026-08-15T11:16:33.981+08:00 DEBUG 11564 --- [iam-authorization-server] [nio-9000-exec-6] o.s.security.web.FilterChainProxy        : Securing GET /api/admin/sessions/users/1
JDBC Connection [com.alibaba.druid.pool.DruidStatementConnection@e2696e8] will not be managed by Spring
==>  Preparing: SELECT id,username,password,nickname,email,phone,avatar,identity_type,enabled,account_non_expired,account_non_locked,credentials_non_expired,create_time,update_time FROM sys_user WHERE (username = ?)
==> Parameters: admin(String)
<==    Columns: id, username, password, nickname, email, phone, avatar, identity_type, enabled, account_non_expired, account_non_locked, credentials_non_expired, create_time, update_time
<==        Row: 1, admin, $2a$10$ov3NUrdkAHujSRdGbDZF6O9h2cjZq4Zl17fL3TA5Nhs94mE/PmH8e, 管理员, admin@example.com, null, null, 1, 1, 1, 1, 1, 2026-08-11 20:00:08, 2026-08-13 22:28:45
<==      Total: 1
2026-08-15T11:16:33.994+08:00 DEBUG 11564 --- [iam-authorization-server] [nio-9000-exec-6] n.x.a.s.t.RedisOpaqueTokenIntrospector   : Opaque token introspect success, sub=admin, scope=[read, openid, profile, write]
2026-08-15T11:16:33.996+08:00 DEBUG 11564 --- [iam-authorization-server] [nio-9000-exec-6] .s.r.a.OpaqueTokenAuthenticationProvider : Authenticated token
2026-08-15T11:16:33.996+08:00 DEBUG 11564 --- [iam-authorization-server] [nio-9000-exec-6] .s.r.w.a.BearerTokenAuthenticationFilter : Set SecurityContextHolder to BearerTokenAuthentication [Principal=net.xzh.authserver.security.token.RedisOpaqueTokenIntrospector$OpaquePrincipal@6839978a, Credentials=[PROTECTED], Authenticated=true, Details=WebAuthenticationDetails [RemoteIpAddress=127.0.0.1, SessionId=null], Granted Authorities=[ROLE_ADMIN]]
2026-08-15T11:16:33.997+08:00 DEBUG 11564 --- [iam-authorization-server] [nio-9000-exec-6] o.s.security.web.FilterChainProxy        : Secured GET /api/admin/sessions/users/1
Creating a new SqlSession
SqlSession [org.apache.ibatis.session.defaults.DefaultSqlSession@5d931619] was not registered for synchronization because synchronization is not active
JDBC Connection [com.alibaba.druid.pool.DruidStatementConnection@e2696e8] will not be managed by Spring
==>  Preparing: SELECT id,username,password,nickname,email,phone,avatar,identity_type,enabled,account_non_expired,account_non_locked,credentials_non_expired,create_time,update_time FROM sys_user WHERE id=?
==> Parameters: 1(Long)
<==    Columns: id, username, password, nickname, email, phone, avatar, identity_type, enabled, account_non_expired, account_non_locked, credentials_non_expired, create_time, update_time
<==        Row: 1, admin, $2a$10$ov3NUrdkAHujSRdGbDZF6O9h2cjZq4Zl17fL3TA5Nhs94mE/PmH8e, 管理员, admin@example.com, null, null, 1, 1, 1, 1, 1, 2026-08-11 20:00:08, 2026-08-13 22:28:45
<==      Total: 1
Closing non transactional SqlSession [org.apache.ibatis.session.defaults.DefaultSqlSession@5d931619]
JDBC Connection [com.alibaba.druid.pool.DruidStatementConnection@e2696e8] will not be managed by Spring
==>  Preparing: SELECT id,username,password,nickname,email,phone,avatar,identity_type,enabled,account_non_expired,account_non_locked,credentials_non_expired,create_time,update_time FROM sys_user WHERE (username = ?)
==> Parameters: admin(String)
<==    Columns: id, username, password, nickname, email, phone, avatar, identity_type, enabled, account_non_expired, account_non_locked, credentials_non_expired, create_time, update_time
<==        Row: 1, admin, $2a$10$ov3NUrdkAHujSRdGbDZF6O9h2cjZq4Zl17fL3TA5Nhs94mE/PmH8e, 管理员, admin@example.com, null, null, 1, 1, 1, 1, 1, 2026-08-11 20:00:08, 2026-08-13 22:28:45
<==      Total: 1
JDBC Connection [com.alibaba.druid.pool.DruidStatementConnection@e2696e8] will not be managed by Spring
==>  Preparing: SELECT id,username,password,nickname,email,phone,avatar,identity_type,enabled,account_non_expired,account_non_locked,credentials_non_expired,create_time,update_time FROM sys_user WHERE (username = ?)
==> Parameters: admin(String)
<==    Columns: id, username, password, nickname, email, phone, avatar, identity_type, enabled, account_non_expired, account_non_locked, credentials_non_expired, create_time, update_time
<==        Row: 1, admin, $2a$10$ov3NUrdkAHujSRdGbDZF6O9h2cjZq4Zl17fL3TA5Nhs94mE/PmH8e, 管理员, admin@example.com, null, null, 1, 1, 1, 1, 1, 2026-08-11 20:00:08, 2026-08-13 22:28:45
<==      Total: 1
JDBC Connection [com.alibaba.druid.pool.DruidStatementConnection@e2696e8] will not be managed by Spring
==>  Preparing: SELECT id,username,password,nickname,email,phone,avatar,identity_type,enabled,account_non_expired,account_non_locked,credentials_non_expired,create_time,update_time FROM sys_user WHERE (username = ?)
==> Parameters: admin(String)
<==    Columns: id, username, password, nickname, email, phone, avatar, identity_type, enabled, account_non_expired, account_non_locked, credentials_non_expired, create_time, update_time
<==        Row: 1, admin, $2a$10$ov3NUrdkAHujSRdGbDZF6O9h2cjZq4Zl17fL3TA5Nhs94mE/PmH8e, 管理员, admin@example.com, null, null, 1, 1, 1, 1, 1, 2026-08-11 20:00:08, 2026-08-13 22:28:45
<==      Total: 1
JDBC Connection [com.alibaba.druid.pool.DruidStatementConnection@e2696e8] will not be managed by Spring
==>  Preparing: SELECT id,username,password,nickname,email,phone,avatar,identity_type,enabled,account_non_expired,account_non_locked,credentials_non_expired,create_time,update_time FROM sys_user WHERE (username = ?)
==> Parameters: resource-server(String)
<==      Total: 0
2026-08-15T11:16:34.392+08:00 DEBUG 11564 --- [iam-authorization-server] [nio-9000-exec-5] n.x.a.service.AuthSessionService         : 跳过非用户 principal: resource-server
JDBC Connection [com.alibaba.druid.pool.DruidStatementConnection@e2696e8] will not be managed by Spring
==>  Preparing: SELECT id,username,password,nickname,email,phone,avatar,identity_type,enabled,account_non_expired,account_non_locked,credentials_non_expired,create_time,update_time FROM sys_user WHERE (username = ?)
==> Parameters: admin-app(String)
<==      Total: 0
2026-08-15T11:16:34.398+08:00 DEBUG 11564 --- [iam-authorization-server] [nio-9000-exec-5] n.x.a.service.AuthSessionService         : 跳过非用户 principal: admin-app
JDBC Connection [com.alibaba.druid.pool.DruidStatementConnection@e2696e8] will not be managed by Spring
==>  Preparing: SELECT id,username,password,nickname,email,phone,avatar,identity_type,enabled,account_non_expired,account_non_locked,credentials_non_expired,create_time,update_time FROM sys_user WHERE (username = ?)
==> Parameters: user(String)
<==    Columns: id, username, password, nickname, email, phone, avatar, identity_type, enabled, account_non_expired, account_non_locked, credentials_non_expired, create_time, update_time
<==        Row: 2, user, $2a$10$ov3NUrdkAHujSRdGbDZF6O9h2cjZq4Zl17fL3TA5Nhs94mE/PmH8e, 普通用户, user@example.com, null, null, 2, 1, 1, 1, 1, 2026-08-11 20:00:08, 2026-08-11 20:00:08
<==      Total: 1
JDBC Connection [com.alibaba.druid.pool.DruidStatementConnection@e2696e8] will not be managed by Spring
==>  Preparing: SELECT id,username,password,nickname,email,phone,avatar,identity_type,enabled,account_non_expired,account_non_locked,credentials_non_expired,create_time,update_time FROM sys_user WHERE (username = ?)
==> Parameters: user(String)
<==    Columns: id, username, password, nickname, email, phone, avatar, identity_type, enabled, account_non_expired, account_non_locked, credentials_non_expired, create_time, update_time
<==        Row: 2, user, $2a$10$ov3NUrdkAHujSRdGbDZF6O9h2cjZq4Zl17fL3TA5Nhs94mE/PmH8e, 普通用户, user@example.com, null, null, 2, 1, 1, 1, 1, 2026-08-11 20:00:08, 2026-08-11 20:00:08
<==      Total: 1
2026-08-15T11:16:34.424+08:00 DEBUG 11564 --- [iam-authorization-server] [nio-9000-exec-7] o.s.security.web.FilterChainProxy        : Securing GET /api/admin/sessions/online
JDBC Connection [com.alibaba.druid.pool.DruidStatementConnection@e2696e8] will not be managed by Spring
==>  Preparing: SELECT id,username,password,nickname,email,phone,avatar,identity_type,enabled,account_non_expired,account_non_locked,credentials_non_expired,create_time,update_time FROM sys_user WHERE (username = ?)
==> Parameters: admin(String)
<==    Columns: id, username, password, nickname, email, phone, avatar, identity_type, enabled, account_non_expired, account_non_locked, credentials_non_expired, create_time, update_time
<==        Row: 1, admin, $2a$10$ov3NUrdkAHujSRdGbDZF6O9h2cjZq4Zl17fL3TA5Nhs94mE/PmH8e, 管理员, admin@example.com, null, null, 1, 1, 1, 1, 1, 2026-08-11 20:00:08, 2026-08-13 22:28:45
<==      Total: 1
2026-08-15T11:16:34.435+08:00 DEBUG 11564 --- [iam-authorization-server] [nio-9000-exec-7] n.x.a.s.t.RedisOpaqueTokenIntrospector   : Opaque token introspect success, sub=admin, scope=[read, openid, profile, write]
2026-08-15T11:16:34.435+08:00 DEBUG 11564 --- [iam-authorization-server] [nio-9000-exec-7] .s.r.a.OpaqueTokenAuthenticationProvider : Authenticated token
2026-08-15T11:16:34.436+08:00 DEBUG 11564 --- [iam-authorization-server] [nio-9000-exec-7] .s.r.w.a.BearerTokenAuthenticationFilter : Set SecurityContextHolder to BearerTokenAuthentication [Principal=net.xzh.authserver.security.token.RedisOpaqueTokenIntrospector$OpaquePrincipal@174b5a93, Credentials=[PROTECTED], Authenticated=true, Details=WebAuthenticationDetails [RemoteIpAddress=127.0.0.1, SessionId=null], Granted Authorities=[ROLE_ADMIN]]
2026-08-15T11:16:34.436+08:00 DEBUG 11564 --- [iam-authorization-server] [nio-9000-exec-7] o.s.security.web.FilterChainProxy        : Secured GET /api/admin/sessions/online
JDBC Connection [com.alibaba.druid.pool.DruidStatementConnection@e2696e8] will not be managed by Spring
==>  Preparing: SELECT id,username,password,nickname,email,phone,avatar,identity_type,enabled,account_non_expired,account_non_locked,credentials_non_expired,create_time,update_time FROM sys_user WHERE (username = ?)
==> Parameters: admin(String)
<==    Columns: id, username, password, nickname, email, phone, avatar, identity_type, enabled, account_non_expired, account_non_locked, credentials_non_expired, create_time, update_time
<==        Row: 1, admin, $2a$10$ov3NUrdkAHujSRdGbDZF6O9h2cjZq4Zl17fL3TA5Nhs94mE/PmH8e, 管理员, admin@example.com, null, null, 1, 1, 1, 1, 1, 2026-08-11 20:00:08, 2026-08-13 22:28:45
<==      Total: 1
JDBC Connection [com.alibaba.druid.pool.DruidStatementConnection@e2696e8] will not be managed by Spring
==>  Preparing: SELECT id,username,password,nickname,email,phone,avatar,identity_type,enabled,account_non_expired,account_non_locked,credentials_non_expired,create_time,update_time FROM sys_user WHERE (username = ?)
==> Parameters: admin(String)
<==    Columns: id, username, password, nickname, email, phone, avatar, identity_type, enabled, account_non_expired, account_non_locked, credentials_non_expired, create_time, update_time
<==        Row: 1, admin, $2a$10$ov3NUrdkAHujSRdGbDZF6O9h2cjZq4Zl17fL3TA5Nhs94mE/PmH8e, 管理员, admin@example.com, null, null, 1, 1, 1, 1, 1, 2026-08-11 20:00:08, 2026-08-13 22:28:45
<==      Total: 1
JDBC Connection [com.alibaba.druid.pool.DruidStatementConnection@e2696e8] will not be managed by Spring
==>  Preparing: SELECT id,username,password,nickname,email,phone,avatar,identity_type,enabled,account_non_expired,account_non_locked,credentials_non_expired,create_time,update_time FROM sys_user WHERE (username = ?)
==> Parameters: resource-server(String)
<==      Total: 0
2026-08-15T11:16:35.541+08:00 DEBUG 11564 --- [iam-authorization-server] [nio-9000-exec-7] n.x.a.service.AuthSessionService         : 跳过非用户 principal: resource-server
JDBC Connection [com.alibaba.druid.pool.DruidStatementConnection@e2696e8] will not be managed by Spring
==>  Preparing: SELECT id,username,password,nickname,email,phone,avatar,identity_type,enabled,account_non_expired,account_non_locked,credentials_non_expired,create_time,update_time FROM sys_user WHERE (username = ?)
==> Parameters: admin-app(String)
<==      Total: 0
2026-08-15T11:16:35.546+08:00 DEBUG 11564 --- [iam-authorization-server] [nio-9000-exec-7] n.x.a.service.AuthSessionService         : 跳过非用户 principal: admin-app
JDBC Connection [com.alibaba.druid.pool.DruidStatementConnection@e2696e8] will not be managed by Spring
==>  Preparing: SELECT id,username,password,nickname,email,phone,avatar,identity_type,enabled,account_non_expired,account_non_locked,credentials_non_expired,create_time,update_time FROM sys_user WHERE (username = ?)
==> Parameters: user(String)
<==    Columns: id, username, password, nickname, email, phone, avatar, identity_type, enabled, account_non_expired, account_non_locked, credentials_non_expired, create_time, update_time
<==        Row: 2, user, $2a$10$ov3NUrdkAHujSRdGbDZF6O9h2cjZq4Zl17fL3TA5Nhs94mE/PmH8e, 普通用户, user@example.com, null, null, 2, 1, 1, 1, 1, 2026-08-11 20:00:08, 2026-08-11 20:00:08
<==      Total: 1
JDBC Connection [com.alibaba.druid.pool.DruidStatementConnection@e2696e8] will not be managed by Spring
==>  Preparing: SELECT id,username,password,nickname,email,phone,avatar,identity_type,enabled,account_non_expired,account_non_locked,credentials_non_expired,create_time,update_time FROM sys_user WHERE (username = ?)
==> Parameters: user(String)
<==    Columns: id, username, password, nickname, email, phone, avatar, identity_type, enabled, account_non_expired, account_non_locked, credentials_non_expired, create_time, update_time
<==        Row: 2, user, $2a$10$ov3NUrdkAHujSRdGbDZF6O9h2cjZq4Zl17fL3TA5Nhs94mE/PmH8e, 普通用户, user@example.com, null, null, 2, 1, 1, 1, 1, 2026-08-11 20:00:08, 2026-08-11 20:00:08
<==      Total: 1
2026-08-15T11:16:35.569+08:00 DEBUG 11564 --- [iam-authorization-server] [nio-9000-exec-8] o.s.security.web.FilterChainProxy        : Securing GET /api/admin/sessions/online
JDBC Connection [com.alibaba.druid.pool.DruidStatementConnection@e2696e8] will not be managed by Spring
==>  Preparing: SELECT id,username,password,nickname,email,phone,avatar,identity_type,enabled,account_non_expired,account_non_locked,credentials_non_expired,create_time,update_time FROM sys_user WHERE (username = ?)
==> Parameters: admin(String)
<==    Columns: id, username, password, nickname, email, phone, avatar, identity_type, enabled, account_non_expired, account_non_locked, credentials_non_expired, create_time, update_time
<==        Row: 1, admin, $2a$10$ov3NUrdkAHujSRdGbDZF6O9h2cjZq4Zl17fL3TA5Nhs94mE/PmH8e, 管理员, admin@example.com, null, null, 1, 1, 1, 1, 1, 2026-08-11 20:00:08, 2026-08-13 22:28:45
<==      Total: 1
2026-08-15T11:16:35.581+08:00 DEBUG 11564 --- [iam-authorization-server] [nio-9000-exec-8] n.x.a.s.t.RedisOpaqueTokenIntrospector   : Opaque token introspect success, sub=admin, scope=[read, openid, profile, write]
2026-08-15T11:16:35.582+08:00 DEBUG 11564 --- [iam-authorization-server] [nio-9000-exec-8] .s.r.a.OpaqueTokenAuthenticationProvider : Authenticated token
2026-08-15T11:16:35.582+08:00 DEBUG 11564 --- [iam-authorization-server] [nio-9000-exec-8] .s.r.w.a.BearerTokenAuthenticationFilter : Set SecurityContextHolder to BearerTokenAuthentication [Principal=net.xzh.authserver.security.token.RedisOpaqueTokenIntrospector$OpaquePrincipal@5c4ad6fa, Credentials=[PROTECTED], Authenticated=true, Details=WebAuthenticationDetails [RemoteIpAddress=127.0.0.1, SessionId=null], Granted Authorities=[ROLE_ADMIN]]
2026-08-15T11:16:35.583+08:00 DEBUG 11564 --- [iam-authorization-server] [nio-9000-exec-8] o.s.security.web.FilterChainProxy        : Secured GET /api/admin/sessions/online
JDBC Connection [com.alibaba.druid.pool.DruidStatementConnection@e2696e8] will not be managed by Spring
==>  Preparing: SELECT id,username,password,nickname,email,phone,avatar,identity_type,enabled,account_non_expired,account_non_locked,credentials_non_expired,create_time,update_time FROM sys_user WHERE (username = ?)
==> Parameters: admin(String)
<==    Columns: id, username, password, nickname, email, phone, avatar, identity_type, enabled, account_non_expired, account_non_locked, credentials_non_expired, create_time, update_time
<==        Row: 1, admin, $2a$10$ov3NUrdkAHujSRdGbDZF6O9h2cjZq4Zl17fL3TA5Nhs94mE/PmH8e, 管理员, admin@example.com, null, null, 1, 1, 1, 1, 1, 2026-08-11 20:00:08, 2026-08-13 22:28:45
<==      Total: 1
JDBC Connection [com.alibaba.druid.pool.DruidStatementConnection@e2696e8] will not be managed by Spring
==>  Preparing: SELECT id,username,password,nickname,email,phone,avatar,identity_type,enabled,account_non_expired,account_non_locked,credentials_non_expired,create_time,update_time FROM sys_user WHERE (username = ?)
==> Parameters: admin(String)
<==    Columns: id, username, password, nickname, email, phone, avatar, identity_type, enabled, account_non_expired, account_non_locked, credentials_non_expired, create_time, update_time
<==        Row: 1, admin, $2a$10$ov3NUrdkAHujSRdGbDZF6O9h2cjZq4Zl17fL3TA5Nhs94mE/PmH8e, 管理员, admin@example.com, null, null, 1, 1, 1, 1, 1, 2026-08-11 20:00:08, 2026-08-13 22:28:45
<==      Total: 1
JDBC Connection [com.alibaba.druid.pool.DruidStatementConnection@e2696e8] will not be managed by Spring
==>  Preparing: SELECT id,username,password,nickname,email,phone,avatar,identity_type,enabled,account_non_expired,account_non_locked,credentials_non_expired,create_time,update_time FROM sys_user WHERE (username = ?)
==> Parameters: resource-server(String)
<==      Total: 0
2026-08-15T11:16:36.765+08:00 DEBUG 11564 --- [iam-authorization-server] [nio-9000-exec-8] n.x.a.service.AuthSessionService         : 跳过非用户 principal: resource-server
JDBC Connection [com.alibaba.druid.pool.DruidStatementConnection@e2696e8] will not be managed by Spring
==>  Preparing: SELECT id,username,password,nickname,email,phone,avatar,identity_type,enabled,account_non_expired,account_non_locked,credentials_non_expired,create_time,update_time FROM sys_user WHERE (username = ?)
==> Parameters: admin-app(String)
<==      Total: 0
2026-08-15T11:16:36.770+08:00 DEBUG 11564 --- [iam-authorization-server] [nio-9000-exec-8] n.x.a.service.AuthSessionService         : 跳过非用户 principal: admin-app
JDBC Connection [com.alibaba.druid.pool.DruidStatementConnection@e2696e8] will not be managed by Spring
==>  Preparing: SELECT id,username,password,nickname,email,phone,avatar,identity_type,enabled,account_non_expired,account_non_locked,credentials_non_expired,create_time,update_time FROM sys_user WHERE (username = ?)
==> Parameters: user(String)
<==    Columns: id, username, password, nickname, email, phone, avatar, identity_type, enabled, account_non_expired, account_non_locked, credentials_non_expired, create_time, update_time
<==        Row: 2, user, $2a$10$ov3NUrdkAHujSRdGbDZF6O9h2cjZq4Zl17fL3TA5Nhs94mE/PmH8e, 普通用户, user@example.com, null, null, 2, 1, 1, 1, 1, 2026-08-11 20:00:08, 2026-08-11 20:00:08
<==      Total: 1
JDBC Connection [com.alibaba.druid.pool.DruidStatementConnection@e2696e8] will not be managed by Spring
==>  Preparing: SELECT id,username,password,nickname,email,phone,avatar,identity_type,enabled,account_non_expired,account_non_locked,credentials_non_expired,create_time,update_time FROM sys_user WHERE (username = ?)
==> Parameters: user(String)
<==    Columns: id, username, password, nickname, email, phone, avatar, identity_type, enabled, account_non_expired, account_non_locked, credentials_non_expired, create_time, update_time
<==        Row: 2, user, $2a$10$ov3NUrdkAHujSRdGbDZF6O9h2cjZq4Zl17fL3TA5Nhs94mE/PmH8e, 普通用户, user@example.com, null, null, 2, 1, 1, 1, 1, 2026-08-11 20:00:08, 2026-08-11 20:00:08
<==      Total: 1
2026-08-15T11:16:36.794+08:00 DEBUG 11564 --- [iam-authorization-server] [nio-9000-exec-9] o.s.security.web.FilterChainProxy        : Securing GET /api/admin/sessions/online
JDBC Connection [com.alibaba.druid.pool.DruidStatementConnection@e2696e8] will not be managed by Spring
==>  Preparing: SELECT id,username,password,nickname,email,phone,avatar,identity_type,enabled,account_non_expired,account_non_locked,credentials_non_expired,create_time,update_time FROM sys_user WHERE (username = ?)
==> Parameters: admin(String)
<==    Columns: id, username, password, nickname, email, phone, avatar, identity_type, enabled, account_non_expired, account_non_locked, credentials_non_expired, create_time, update_time
<==        Row: 1, admin, $2a$10$ov3NUrdkAHujSRdGbDZF6O9h2cjZq4Zl17fL3TA5Nhs94mE/PmH8e, 管理员, admin@example.com, null, null, 1, 1, 1, 1, 1, 2026-08-11 20:00:08, 2026-08-13 22:28:45
<==      Total: 1
2026-08-15T11:16:36.806+08:00 DEBUG 11564 --- [iam-authorization-server] [nio-9000-exec-9] n.x.a.s.t.RedisOpaqueTokenIntrospector   : Opaque token introspect success, sub=admin, scope=[read, openid, profile, write]
2026-08-15T11:16:36.807+08:00 DEBUG 11564 --- [iam-authorization-server] [nio-9000-exec-9] .s.r.a.OpaqueTokenAuthenticationProvider : Authenticated token
2026-08-15T11:16:36.807+08:00 DEBUG 11564 --- [iam-authorization-server] [nio-9000-exec-9] .s.r.w.a.BearerTokenAuthenticationFilter : Set SecurityContextHolder to BearerTokenAuthentication [Principal=net.xzh.authserver.security.token.RedisOpaqueTokenIntrospector$OpaquePrincipal@2273dc84, Credentials=[PROTECTED], Authenticated=true, Details=WebAuthenticationDetails [RemoteIpAddress=127.0.0.1, SessionId=null], Granted Authorities=[ROLE_ADMIN]]
2026-08-15T11:16:36.808+08:00 DEBUG 11564 --- [iam-authorization-server] [nio-9000-exec-9] o.s.security.web.FilterChainProxy        : Secured GET /api/admin/sessions/online
JDBC Connection [com.alibaba.druid.pool.DruidStatementConnection@e2696e8] will not be managed by Spring
==>  Preparing: SELECT id,username,password,nickname,email,phone,avatar,identity_type,enabled,account_non_expired,account_non_locked,credentials_non_expired,create_time,update_time FROM sys_user WHERE (username = ?)
==> Parameters: admin(String)
<==    Columns: id, username, password, nickname, email, phone, avatar, identity_type, enabled, account_non_expired, account_non_locked, credentials_non_expired, create_time, update_time
<==        Row: 1, admin, $2a$10$ov3NUrdkAHujSRdGbDZF6O9h2cjZq4Zl17fL3TA5Nhs94mE/PmH8e, 管理员, admin@example.com, null, null, 1, 1, 1, 1, 1, 2026-08-11 20:00:08, 2026-08-13 22:28:45
<==      Total: 1
JDBC Connection [com.alibaba.druid.pool.DruidStatementConnection@e2696e8] will not be managed by Spring
==>  Preparing: SELECT id,username,password,nickname,email,phone,avatar,identity_type,enabled,account_non_expired,account_non_locked,credentials_non_expired,create_time,update_time FROM sys_user WHERE (username = ?)
==> Parameters: admin(String)
<==    Columns: id, username, password, nickname, email, phone, avatar, identity_type, enabled, account_non_expired, account_non_locked, credentials_non_expired, create_time, update_time
<==        Row: 1, admin, $2a$10$ov3NUrdkAHujSRdGbDZF6O9h2cjZq4Zl17fL3TA5Nhs94mE/PmH8e, 管理员, admin@example.com, null, null, 1, 1, 1, 1, 1, 2026-08-11 20:00:08, 2026-08-13 22:28:45
<==      Total: 1
JDBC Connection [com.alibaba.druid.pool.DruidStatementConnection@e2696e8] will not be managed by Spring
==>  Preparing: SELECT id,username,password,nickname,email,phone,avatar,identity_type,enabled,account_non_expired,account_non_locked,credentials_non_expired,create_time,update_time FROM sys_user WHERE (username = ?)
==> Parameters: resource-server(String)
<==      Total: 0
2026-08-15T11:16:37.956+08:00 DEBUG 11564 --- [iam-authorization-server] [nio-9000-exec-9] n.x.a.service.AuthSessionService         : 跳过非用户 principal: resource-server
JDBC Connection [com.alibaba.druid.pool.DruidStatementConnection@e2696e8] will not be managed by Spring
==>  Preparing: SELECT id,username,password,nickname,email,phone,avatar,identity_type,enabled,account_non_expired,account_non_locked,credentials_non_expired,create_time,update_time FROM sys_user WHERE (username = ?)
==> Parameters: admin-app(String)
<==      Total: 0
2026-08-15T11:16:37.960+08:00 DEBUG 11564 --- [iam-authorization-server] [nio-9000-exec-9] n.x.a.service.AuthSessionService         : 跳过非用户 principal: admin-app
JDBC Connection [com.alibaba.druid.pool.DruidStatementConnection@e2696e8] will not be managed by Spring
==>  Preparing: SELECT id,username,password,nickname,email,phone,avatar,identity_type,enabled,account_non_expired,account_non_locked,credentials_non_expired,create_time,update_time FROM sys_user WHERE (username = ?)
==> Parameters: user(String)
<==    Columns: id, username, password, nickname, email, phone, avatar, identity_type, enabled, account_non_expired, account_non_locked, credentials_non_expired, create_time, update_time
<==        Row: 2, user, $2a$10$ov3NUrdkAHujSRdGbDZF6O9h2cjZq4Zl17fL3TA5Nhs94mE/PmH8e, 普通用户, user@example.com, null, null, 2, 1, 1, 1, 1, 2026-08-11 20:00:08, 2026-08-11 20:00:08
<==      Total: 1
JDBC Connection [com.alibaba.druid.pool.DruidStatementConnection@e2696e8] will not be managed by Spring
==>  Preparing: SELECT id,username,password,nickname,email,phone,avatar,identity_type,enabled,account_non_expired,account_non_locked,credentials_non_expired,create_time,update_time FROM sys_user WHERE (username = ?)
==> Parameters: user(String)
<==    Columns: id, username, password, nickname, email, phone, avatar, identity_type, enabled, account_non_expired, account_non_locked, credentials_non_expired, create_time, update_time
<==        Row: 2, user, $2a$10$ov3NUrdkAHujSRdGbDZF6O9h2cjZq4Zl17fL3TA5Nhs94mE/PmH8e, 普通用户, user@example.com, null, null, 2, 1, 1, 1, 1, 2026-08-11 20:00:08, 2026-08-11 20:00:08
<==      Total: 1
2026-08-15T11:16:37.987+08:00 DEBUG 11564 --- [iam-authorization-server] [io-9000-exec-10] o.s.security.web.FilterChainProxy        : Securing GET /api/admin/sessions/online
JDBC Connection [com.alibaba.druid.pool.DruidStatementConnection@e2696e8] will not be managed by Spring
==>  Preparing: SELECT id,username,password,nickname,email,phone,avatar,identity_type,enabled,account_non_expired,account_non_locked,credentials_non_expired,create_time,update_time FROM sys_user WHERE (username = ?)
==> Parameters: admin(String)
<==    Columns: id, username, password, nickname, email, phone, avatar, identity_type, enabled, account_non_expired, account_non_locked, credentials_non_expired, create_time, update_time
<==        Row: 1, admin, $2a$10$ov3NUrdkAHujSRdGbDZF6O9h2cjZq4Zl17fL3TA5Nhs94mE/PmH8e, 管理员, admin@example.com, null, null, 1, 1, 1, 1, 1, 2026-08-11 20:00:08, 2026-08-13 22:28:45
<==      Total: 1
2026-08-15T11:16:38.001+08:00 DEBUG 11564 --- [iam-authorization-server] [io-9000-exec-10] n.x.a.s.t.RedisOpaqueTokenIntrospector   : Opaque token introspect success, sub=admin, scope=[read, openid, profile, write]
2026-08-15T11:16:38.001+08:00 DEBUG 11564 --- [iam-authorization-server] [io-9000-exec-10] .s.r.a.OpaqueTokenAuthenticationProvider : Authenticated token
2026-08-15T11:16:38.002+08:00 DEBUG 11564 --- [iam-authorization-server] [io-9000-exec-10] .s.r.w.a.BearerTokenAuthenticationFilter : Set SecurityContextHolder to BearerTokenAuthentication [Principal=net.xzh.authserver.security.token.RedisOpaqueTokenIntrospector$OpaquePrincipal@2acdefb1, Credentials=[PROTECTED], Authenticated=true, Details=WebAuthenticationDetails [RemoteIpAddress=127.0.0.1, SessionId=null], Granted Authorities=[ROLE_ADMIN]]
2026-08-15T11:16:38.003+08:00 DEBUG 11564 --- [iam-authorization-server] [io-9000-exec-10] o.s.security.web.FilterChainProxy        : Secured GET /api/admin/sessions/online
JDBC Connection [com.alibaba.druid.pool.DruidStatementConnection@e2696e8] will not be managed by Spring
==>  Preparing: SELECT id,username,password,nickname,email,phone,avatar,identity_type,enabled,account_non_expired,account_non_locked,credentials_non_expired,create_time,update_time FROM sys_user WHERE (username = ?)
==> Parameters: admin(String)
<==    Columns: id, username, password, nickname, email, phone, avatar, identity_type, enabled, account_non_expired, account_non_locked, credentials_non_expired, create_time, update_time
<==        Row: 1, admin, $2a$10$ov3NUrdkAHujSRdGbDZF6O9h2cjZq4Zl17fL3TA5Nhs94mE/PmH8e, 管理员, admin@example.com, null, null, 1, 1, 1, 1, 1, 2026-08-11 20:00:08, 2026-08-13 22:28:45
<==      Total: 1
JDBC Connection [com.alibaba.druid.pool.DruidStatementConnection@e2696e8] will not be managed by Spring
==>  Preparing: SELECT id,username,password,nickname,email,phone,avatar,identity_type,enabled,account_non_expired,account_non_locked,credentials_non_expired,create_time,update_time FROM sys_user WHERE (username = ?)
==> Parameters: admin(String)
<==    Columns: id, username, password, nickname, email, phone, avatar, identity_type, enabled, account_non_expired, account_non_locked, credentials_non_expired, create_time, update_time
<==        Row: 1, admin, $2a$10$ov3NUrdkAHujSRdGbDZF6O9h2cjZq4Zl17fL3TA5Nhs94mE/PmH8e, 管理员, admin@example.com, null, null, 1, 1, 1, 1, 1, 2026-08-11 20:00:08, 2026-08-13 22:28:45
<==      Total: 1
JDBC Connection [com.alibaba.druid.pool.DruidStatementConnection@e2696e8] will not be managed by Spring
==>  Preparing: SELECT id,username,password,nickname,email,phone,avatar,identity_type,enabled,account_non_expired,account_non_locked,credentials_non_expired,create_time,update_time FROM sys_user WHERE (username = ?)
==> Parameters: resource-server(String)
<==      Total: 0
2026-08-15T11:16:39.141+08:00 DEBUG 11564 --- [iam-authorization-server] [io-9000-exec-10] n.x.a.service.AuthSessionService         : 跳过非用户 principal: resource-server
JDBC Connection [com.alibaba.druid.pool.DruidStatementConnection@e2696e8] will not be managed by Spring
==>  Preparing: SELECT id,username,password,nickname,email,phone,avatar,identity_type,enabled,account_non_expired,account_non_locked,credentials_non_expired,create_time,update_time FROM sys_user WHERE (username = ?)
==> Parameters: admin-app(String)
<==      Total: 0
2026-08-15T11:16:39.145+08:00 DEBUG 11564 --- [iam-authorization-server] [io-9000-exec-10] n.x.a.service.AuthSessionService         : 跳过非用户 principal: admin-app
JDBC Connection [com.alibaba.druid.pool.DruidStatementConnection@e2696e8] will not be managed by Spring
==>  Preparing: SELECT id,username,password,nickname,email,phone,avatar,identity_type,enabled,account_non_expired,account_non_locked,credentials_non_expired,create_time,update_time FROM sys_user WHERE (username = ?)
==> Parameters: user(String)
<==    Columns: id, username, password, nickname, email, phone, avatar, identity_type, enabled, account_non_expired, account_non_locked, credentials_non_expired, create_time, update_time
<==        Row: 2, user, $2a$10$ov3NUrdkAHujSRdGbDZF6O9h2cjZq4Zl17fL3TA5Nhs94mE/PmH8e, 普通用户, user@example.com, null, null, 2, 1, 1, 1, 1, 2026-08-11 20:00:08, 2026-08-11 20:00:08
<==      Total: 1
JDBC Connection [com.alibaba.druid.pool.DruidStatementConnection@e2696e8] will not be managed by Spring
==>  Preparing: SELECT id,username,password,nickname,email,phone,avatar,identity_type,enabled,account_non_expired,account_non_locked,credentials_non_expired,create_time,update_time FROM sys_user WHERE (username = ?)
==> Parameters: user(String)
<==    Columns: id, username, password, nickname, email, phone, avatar, identity_type, enabled, account_non_expired, account_non_locked, credentials_non_expired, create_time, update_time
<==        Row: 2, user, $2a$10$ov3NUrdkAHujSRdGbDZF6O9h2cjZq4Zl17fL3TA5Nhs94mE/PmH8e, 普通用户, user@example.com, null, null, 2, 1, 1, 1, 1, 2026-08-11 20:00:08, 2026-08-11 20:00:08
<==      Total: 1
2026-08-15T11:16:39.171+08:00 DEBUG 11564 --- [iam-authorization-server] [nio-9000-exec-1] o.s.security.web.FilterChainProxy        : Securing GET /api/admin/sessions/online
JDBC Connection [com.alibaba.druid.pool.DruidStatementConnection@e2696e8] will not be managed by Spring
==>  Preparing: SELECT id,username,password,nickname,email,phone,avatar,identity_type,enabled,account_non_expired,account_non_locked,credentials_non_expired,create_time,update_time FROM sys_user WHERE (username = ?)
==> Parameters: admin(String)
<==    Columns: id, username, password, nickname, email, phone, avatar, identity_type, enabled, account_non_expired, account_non_locked, credentials_non_expired, create_time, update_time
<==        Row: 1, admin, $2a$10$ov3NUrdkAHujSRdGbDZF6O9h2cjZq4Zl17fL3TA5Nhs94mE/PmH8e, 管理员, admin@example.com, null, null, 1, 1, 1, 1, 1, 2026-08-11 20:00:08, 2026-08-13 22:28:45
<==      Total: 1
2026-08-15T11:16:39.183+08:00 DEBUG 11564 --- [iam-authorization-server] [nio-9000-exec-1] n.x.a.s.t.RedisOpaqueTokenIntrospector   : Opaque token introspect success, sub=admin, scope=[read, openid, profile, write]
2026-08-15T11:16:39.184+08:00 DEBUG 11564 --- [iam-authorization-server] [nio-9000-exec-1] .s.r.a.OpaqueTokenAuthenticationProvider : Authenticated token
2026-08-15T11:16:39.184+08:00 DEBUG 11564 --- [iam-authorization-server] [nio-9000-exec-1] .s.r.w.a.BearerTokenAuthenticationFilter : Set SecurityContextHolder to BearerTokenAuthentication [Principal=net.xzh.authserver.security.token.RedisOpaqueTokenIntrospector$OpaquePrincipal@2cfe8873, Credentials=[PROTECTED], Authenticated=true, Details=WebAuthenticationDetails [RemoteIpAddress=127.0.0.1, SessionId=null], Granted Authorities=[ROLE_ADMIN]]
2026-08-15T11:16:39.184+08:00 DEBUG 11564 --- [iam-authorization-server] [nio-9000-exec-1] o.s.security.web.FilterChainProxy        : Secured GET /api/admin/sessions/online
JDBC Connection [com.alibaba.druid.pool.DruidStatementConnection@e2696e8] will not be managed by Spring
==>  Preparing: SELECT id,username,password,nickname,email,phone,avatar,identity_type,enabled,account_non_expired,account_non_locked,credentials_non_expired,create_time,update_time FROM sys_user WHERE (username = ?)
==> Parameters: admin(String)
<==    Columns: id, username, password, nickname, email, phone, avatar, identity_type, enabled, account_non_expired, account_non_locked, credentials_non_expired, create_time, update_time
<==        Row: 1, admin, $2a$10$ov3NUrdkAHujSRdGbDZF6O9h2cjZq4Zl17fL3TA5Nhs94mE/PmH8e, 管理员, admin@example.com, null, null, 1, 1, 1, 1, 1, 2026-08-11 20:00:08, 2026-08-13 22:28:45
<==      Total: 1
JDBC Connection [com.alibaba.druid.pool.DruidStatementConnection@e2696e8] will not be managed by Spring
==>  Preparing: SELECT id,username,password,nickname,email,phone,avatar,identity_type,enabled,account_non_expired,account_non_locked,credentials_non_expired,create_time,update_time FROM sys_user WHERE (username = ?)
==> Parameters: admin(String)
<==    Columns: id, username, password, nickname, email, phone, avatar, identity_type, enabled, account_non_expired, account_non_locked, credentials_non_expired, create_time, update_time
<==        Row: 1, admin, $2a$10$ov3NUrdkAHujSRdGbDZF6O9h2cjZq4Zl17fL3TA5Nhs94mE/PmH8e, 管理员, admin@example.com, null, null, 1, 1, 1, 1, 1, 2026-08-11 20:00:08, 2026-08-13 22:28:45
<==      Total: 1
JDBC Connection [com.alibaba.druid.pool.DruidStatementConnection@e2696e8] will not be managed by Spring
==>  Preparing: SELECT id,username,password,nickname,email,phone,avatar,identity_type,enabled,account_non_expired,account_non_locked,credentials_non_expired,create_time,update_time FROM sys_user WHERE (username = ?)
==> Parameters: resource-server(String)
<==      Total: 0
2026-08-15T11:16:40.362+08:00 DEBUG 11564 --- [iam-authorization-server] [nio-9000-exec-1] n.x.a.service.AuthSessionService         : 跳过非用户 principal: resource-server
JDBC Connection [com.alibaba.druid.pool.DruidStatementConnection@e2696e8] will not be managed by Spring
==>  Preparing: SELECT id,username,password,nickname,email,phone,avatar,identity_type,enabled,account_non_expired,account_non_locked,credentials_non_expired,create_time,update_time FROM sys_user WHERE (username = ?)
==> Parameters: admin-app(String)
<==      Total: 0
2026-08-15T11:16:40.366+08:00 DEBUG 11564 --- [iam-authorization-server] [nio-9000-exec-1] n.x.a.service.AuthSessionService         : 跳过非用户 principal: admin-app
JDBC Connection [com.alibaba.druid.pool.DruidStatementConnection@e2696e8] will not be managed by Spring
==>  Preparing: SELECT id,username,password,nickname,email,phone,avatar,identity_type,enabled,account_non_expired,account_non_locked,credentials_non_expired,create_time,update_time FROM sys_user WHERE (username = ?)
==> Parameters: user(String)
<==    Columns: id, username, password, nickname, email, phone, avatar, identity_type, enabled, account_non_expired, account_non_locked, credentials_non_expired, create_time, update_time
<==        Row: 2, user, $2a$10$ov3NUrdkAHujSRdGbDZF6O9h2cjZq4Zl17fL3TA5Nhs94mE/PmH8e, 普通用户, user@example.com, null, null, 2, 1, 1, 1, 1, 2026-08-11 20:00:08, 2026-08-11 20:00:08
<==      Total: 1
JDBC Connection [com.alibaba.druid.pool.DruidStatementConnection@e2696e8] will not be managed by Spring
==>  Preparing: SELECT id,username,password,nickname,email,phone,avatar,identity_type,enabled,account_non_expired,account_non_locked,credentials_non_expired,create_time,update_time FROM sys_user WHERE (username = ?)
==> Parameters: user(String)
<==    Columns: id, username, password, nickname, email, phone, avatar, identity_type, enabled, account_non_expired, account_non_locked, credentials_non_expired, create_time, update_time
<==        Row: 2, user, $2a$10$ov3NUrdkAHujSRdGbDZF6O9h2cjZq4Zl17fL3TA5Nhs94mE/PmH8e, 普通用户, user@example.com, null, null, 2, 1, 1, 1, 1, 2026-08-11 20:00:08, 2026-08-11 20:00:08
<==      Total: 1
2026-08-15T11:16:40.389+08:00 DEBUG 11564 --- [iam-authorization-server] [nio-9000-exec-2] o.s.security.web.FilterChainProxy        : Securing GET /api/admin/sessions/online
JDBC Connection [com.alibaba.druid.pool.DruidStatementConnection@e2696e8] will not be managed by Spring
==>  Preparing: SELECT id,username,password,nickname,email,phone,avatar,identity_type,enabled,account_non_expired,account_non_locked,credentials_non_expired,create_time,update_time FROM sys_user WHERE (username = ?)
==> Parameters: admin(String)
<==    Columns: id, username, password, nickname, email, phone, avatar, identity_type, enabled, account_non_expired, account_non_locked, credentials_non_expired, create_time, update_time
<==        Row: 1, admin, $2a$10$ov3NUrdkAHujSRdGbDZF6O9h2cjZq4Zl17fL3TA5Nhs94mE/PmH8e, 管理员, admin@example.com, null, null, 1, 1, 1, 1, 1, 2026-08-11 20:00:08, 2026-08-13 22:28:45
<==      Total: 1
2026-08-15T11:16:40.400+08:00 DEBUG 11564 --- [iam-authorization-server] [nio-9000-exec-2] n.x.a.s.t.RedisOpaqueTokenIntrospector   : Opaque token introspect success, sub=admin, scope=[read, openid, profile, write]
2026-08-15T11:16:40.400+08:00 DEBUG 11564 --- [iam-authorization-server] [nio-9000-exec-2] .s.r.a.OpaqueTokenAuthenticationProvider : Authenticated token
2026-08-15T11:16:40.401+08:00 DEBUG 11564 --- [iam-authorization-server] [nio-9000-exec-2] .s.r.w.a.BearerTokenAuthenticationFilter : Set SecurityContextHolder to BearerTokenAuthentication [Principal=net.xzh.authserver.security.token.RedisOpaqueTokenIntrospector$OpaquePrincipal@3a5dd9a2, Credentials=[PROTECTED], Authenticated=true, Details=WebAuthenticationDetails [RemoteIpAddress=127.0.0.1, SessionId=null], Granted Authorities=[ROLE_ADMIN]]
2026-08-15T11:16:40.401+08:00 DEBUG 11564 --- [iam-authorization-server] [nio-9000-exec-2] o.s.security.web.FilterChainProxy        : Secured GET /api/admin/sessions/online
JDBC Connection [com.alibaba.druid.pool.DruidStatementConnection@e2696e8] will not be managed by Spring
==>  Preparing: SELECT id,username,password,nickname,email,phone,avatar,identity_type,enabled,account_non_expired,account_non_locked,credentials_non_expired,create_time,update_time FROM sys_user WHERE (username = ?)
==> Parameters: admin(String)
<==    Columns: id, username, password, nickname, email, phone, avatar, identity_type, enabled, account_non_expired, account_non_locked, credentials_non_expired, create_time, update_time
<==        Row: 1, admin, $2a$10$ov3NUrdkAHujSRdGbDZF6O9h2cjZq4Zl17fL3TA5Nhs94mE/PmH8e, 管理员, admin@example.com, null, null, 1, 1, 1, 1, 1, 2026-08-11 20:00:08, 2026-08-13 22:28:45
<==      Total: 1
JDBC Connection [com.alibaba.druid.pool.DruidStatementConnection@e2696e8] will not be managed by Spring
==>  Preparing: SELECT id,username,password,nickname,email,phone,avatar,identity_type,enabled,account_non_expired,account_non_locked,credentials_non_expired,create_time,update_time FROM sys_user WHERE (username = ?)
==> Parameters: admin(String)
<==    Columns: id, username, password, nickname, email, phone, avatar, identity_type, enabled, account_non_expired, account_non_locked, credentials_non_expired, create_time, update_time
<==        Row: 1, admin, $2a$10$ov3NUrdkAHujSRdGbDZF6O9h2cjZq4Zl17fL3TA5Nhs94mE/PmH8e, 管理员, admin@example.com, null, null, 1, 1, 1, 1, 1, 2026-08-11 20:00:08, 2026-08-13 22:28:45
<==      Total: 1
JDBC Connection [com.alibaba.druid.pool.DruidStatementConnection@e2696e8] will not be managed by Spring
==>  Preparing: SELECT id,username,password,nickname,email,phone,avatar,identity_type,enabled,account_non_expired,account_non_locked,credentials_non_expired,create_time,update_time FROM sys_user WHERE (username = ?)
==> Parameters: resource-server(String)
<==      Total: 0
2026-08-15T11:16:41.481+08:00 DEBUG 11564 --- [iam-authorization-server] [nio-9000-exec-2] n.x.a.service.AuthSessionService         : 跳过非用户 principal: resource-server
JDBC Connection [com.alibaba.druid.pool.DruidStatementConnection@e2696e8] will not be managed by Spring
==>  Preparing: SELECT id,username,password,nickname,email,phone,avatar,identity_type,enabled,account_non_expired,account_non_locked,credentials_non_expired,create_time,update_time FROM sys_user WHERE (username = ?)
==> Parameters: admin-app(String)
<==      Total: 0
2026-08-15T11:16:41.486+08:00 DEBUG 11564 --- [iam-authorization-server] [nio-9000-exec-2] n.x.a.service.AuthSessionService         : 跳过非用户 principal: admin-app
JDBC Connection [com.alibaba.druid.pool.DruidStatementConnection@e2696e8] will not be managed by Spring
==>  Preparing: SELECT id,username,password,nickname,email,phone,avatar,identity_type,enabled,account_non_expired,account_non_locked,credentials_non_expired,create_time,update_time FROM sys_user WHERE (username = ?)
==> Parameters: user(String)
<==    Columns: id, username, password, nickname, email, phone, avatar, identity_type, enabled, account_non_expired, account_non_locked, credentials_non_expired, create_time, update_time
<==        Row: 2, user, $2a$10$ov3NUrdkAHujSRdGbDZF6O9h2cjZq4Zl17fL3TA5Nhs94mE/PmH8e, 普通用户, user@example.com, null, null, 2, 1, 1, 1, 1, 2026-08-11 20:00:08, 2026-08-11 20:00:08
<==      Total: 1
JDBC Connection [com.alibaba.druid.pool.DruidStatementConnection@e2696e8] will not be managed by Spring
==>  Preparing: SELECT id,username,password,nickname,email,phone,avatar,identity_type,enabled,account_non_expired,account_non_locked,credentials_non_expired,create_time,update_time FROM sys_user WHERE (username = ?)
==> Parameters: user(String)
<==    Columns: id, username, password, nickname, email, phone, avatar, identity_type, enabled, account_non_expired, account_non_locked, credentials_non_expired, create_time, update_time
<==        Row: 2, user, $2a$10$ov3NUrdkAHujSRdGbDZF6O9h2cjZq4Zl17fL3TA5Nhs94mE/PmH8e, 普通用户, user@example.com, null, null, 2, 1, 1, 1, 1, 2026-08-11 20:00:08, 2026-08-11 20:00:08
<==      Total: 1
2026-08-15T11:16:41.518+08:00 DEBUG 11564 --- [iam-authorization-server] [nio-9000-exec-6] o.s.security.web.FilterChainProxy        : Securing GET /api/admin/sessions/online
JDBC Connection [com.alibaba.druid.pool.DruidStatementConnection@e2696e8] will not be managed by Spring
==>  Preparing: SELECT id,username,password,nickname,email,phone,avatar,identity_type,enabled,account_non_expired,account_non_locked,credentials_non_expired,create_time,update_time FROM sys_user WHERE (username = ?)
==> Parameters: admin(String)
<==    Columns: id, username, password, nickname, email, phone, avatar, identity_type, enabled, account_non_expired, account_non_locked, credentials_non_expired, create_time, update_time
<==        Row: 1, admin, $2a$10$ov3NUrdkAHujSRdGbDZF6O9h2cjZq4Zl17fL3TA5Nhs94mE/PmH8e, 管理员, admin@example.com, null, null, 1, 1, 1, 1, 1, 2026-08-11 20:00:08, 2026-08-13 22:28:45
<==      Total: 1
2026-08-15T11:16:41.530+08:00 DEBUG 11564 --- [iam-authorization-server] [nio-9000-exec-6] n.x.a.s.t.RedisOpaqueTokenIntrospector   : Opaque token introspect success, sub=admin, scope=[read, openid, profile, write]
2026-08-15T11:16:41.531+08:00 DEBUG 11564 --- [iam-authorization-server] [nio-9000-exec-6] .s.r.a.OpaqueTokenAuthenticationProvider : Authenticated token
2026-08-15T11:16:41.531+08:00 DEBUG 11564 --- [iam-authorization-server] [nio-9000-exec-6] .s.r.w.a.BearerTokenAuthenticationFilter : Set SecurityContextHolder to BearerTokenAuthentication [Principal=net.xzh.authserver.security.token.RedisOpaqueTokenIntrospector$OpaquePrincipal@140ab5c6, Credentials=[PROTECTED], Authenticated=true, Details=WebAuthenticationDetails [RemoteIpAddress=127.0.0.1, SessionId=null], Granted Authorities=[ROLE_ADMIN]]
2026-08-15T11:16:41.532+08:00 DEBUG 11564 --- [iam-authorization-server] [nio-9000-exec-6] o.s.security.web.FilterChainProxy        : Secured GET /api/admin/sessions/online
JDBC Connection [com.alibaba.druid.pool.DruidStatementConnection@e2696e8] will not be managed by Spring
==>  Preparing: SELECT id,username,password,nickname,email,phone,avatar,identity_type,enabled,account_non_expired,account_non_locked,credentials_non_expired,create_time,update_time FROM sys_user WHERE (username = ?)
==> Parameters: admin(String)
<==    Columns: id, username, password, nickname, email, phone, avatar, identity_type, enabled, account_non_expired, account_non_locked, credentials_non_expired, create_time, update_time
<==        Row: 1, admin, $2a$10$ov3NUrdkAHujSRdGbDZF6O9h2cjZq4Zl17fL3TA5Nhs94mE/PmH8e, 管理员, admin@example.com, null, null, 1, 1, 1, 1, 1, 2026-08-11 20:00:08, 2026-08-13 22:28:45
<==      Total: 1
JDBC Connection [com.alibaba.druid.pool.DruidStatementConnection@e2696e8] will not be managed by Spring
==>  Preparing: SELECT id,username,password,nickname,email,phone,avatar,identity_type,enabled,account_non_expired,account_non_locked,credentials_non_expired,create_time,update_time FROM sys_user WHERE (username = ?)
==> Parameters: admin(String)
<==    Columns: id, username, password, nickname, email, phone, avatar, identity_type, enabled, account_non_expired, account_non_locked, credentials_non_expired, create_time, update_time
<==        Row: 1, admin, $2a$10$ov3NUrdkAHujSRdGbDZF6O9h2cjZq4Zl17fL3TA5Nhs94mE/PmH8e, 管理员, admin@example.com, null, null, 1, 1, 1, 1, 1, 2026-08-11 20:00:08, 2026-08-13 22:28:45
<==      Total: 1
JDBC Connection [com.alibaba.druid.pool.DruidStatementConnection@e2696e8] will not be managed by Spring
==>  Preparing: SELECT id,username,password,nickname,email,phone,avatar,identity_type,enabled,account_non_expired,account_non_locked,credentials_non_expired,create_time,update_time FROM sys_user WHERE (username = ?)
==> Parameters: resource-server(String)
<==      Total: 0
2026-08-15T11:16:42.724+08:00 DEBUG 11564 --- [iam-authorization-server] [nio-9000-exec-6] n.x.a.service.AuthSessionService         : 跳过非用户 principal: resource-server
JDBC Connection [com.alibaba.druid.pool.DruidStatementConnection@e2696e8] will not be managed by Spring
==>  Preparing: SELECT id,username,password,nickname,email,phone,avatar,identity_type,enabled,account_non_expired,account_non_locked,credentials_non_expired,create_time,update_time FROM sys_user WHERE (username = ?)
==> Parameters: admin-app(String)
<==      Total: 0
2026-08-15T11:16:42.728+08:00 DEBUG 11564 --- [iam-authorization-server] [nio-9000-exec-6] n.x.a.service.AuthSessionService         : 跳过非用户 principal: admin-app
JDBC Connection [com.alibaba.druid.pool.DruidStatementConnection@e2696e8] will not be managed by Spring
==>  Preparing: SELECT id,username,password,nickname,email,phone,avatar,identity_type,enabled,account_non_expired,account_non_locked,credentials_non_expired,create_time,update_time FROM sys_user WHERE (username = ?)
==> Parameters: user(String)
<==    Columns: id, username, password, nickname, email, phone, avatar, identity_type, enabled, account_non_expired, account_non_locked, credentials_non_expired, create_time, update_time
<==        Row: 2, user, $2a$10$ov3NUrdkAHujSRdGbDZF6O9h2cjZq4Zl17fL3TA5Nhs94mE/PmH8e, 普通用户, user@example.com, null, null, 2, 1, 1, 1, 1, 2026-08-11 20:00:08, 2026-08-11 20:00:08
<==      Total: 1
JDBC Connection [com.alibaba.druid.pool.DruidStatementConnection@e2696e8] will not be managed by Spring
==>  Preparing: SELECT id,username,password,nickname,email,phone,avatar,identity_type,enabled,account_non_expired,account_non_locked,credentials_non_expired,create_time,update_time FROM sys_user WHERE (username = ?)
==> Parameters: user(String)
<==    Columns: id, username, password, nickname, email, phone, avatar, identity_type, enabled, account_non_expired, account_non_locked, credentials_non_expired, create_time, update_time
<==        Row: 2, user, $2a$10$ov3NUrdkAHujSRdGbDZF6O9h2cjZq4Zl17fL3TA5Nhs94mE/PmH8e, 普通用户, user@example.com, null, null, 2, 1, 1, 1, 1, 2026-08-11 20:00:08, 2026-08-11 20:00:08
<==      Total: 1
2026-08-15T11:16:42.752+08:00 DEBUG 11564 --- [iam-authorization-server] [nio-9000-exec-7] o.s.security.web.FilterChainProxy        : Securing GET /api/admin/sessions/online
JDBC Connection [com.alibaba.druid.pool.DruidStatementConnection@e2696e8] will not be managed by Spring
==>  Preparing: SELECT id,username,password,nickname,email,phone,avatar,identity_type,enabled,account_non_expired,account_non_locked,credentials_non_expired,create_time,update_time FROM sys_user WHERE (username = ?)
==> Parameters: admin(String)
<==    Columns: id, username, password, nickname, email, phone, avatar, identity_type, enabled, account_non_expired, account_non_locked, credentials_non_expired, create_time, update_time
<==        Row: 1, admin, $2a$10$ov3NUrdkAHujSRdGbDZF6O9h2cjZq4Zl17fL3TA5Nhs94mE/PmH8e, 管理员, admin@example.com, null, null, 1, 1, 1, 1, 1, 2026-08-11 20:00:08, 2026-08-13 22:28:45
<==      Total: 1
2026-08-15T11:16:42.763+08:00 DEBUG 11564 --- [iam-authorization-server] [nio-9000-exec-7] n.x.a.s.t.RedisOpaqueTokenIntrospector   : Opaque token introspect success, sub=admin, scope=[read, openid, profile, write]
2026-08-15T11:16:42.764+08:00 DEBUG 11564 --- [iam-authorization-server] [nio-9000-exec-7] .s.r.a.OpaqueTokenAuthenticationProvider : Authenticated token
2026-08-15T11:16:42.764+08:00 DEBUG 11564 --- [iam-authorization-server] [nio-9000-exec-7] .s.r.w.a.BearerTokenAuthenticationFilter : Set SecurityContextHolder to BearerTokenAuthentication [Principal=net.xzh.authserver.security.token.RedisOpaqueTokenIntrospector$OpaquePrincipal@365ad249, Credentials=[PROTECTED], Authenticated=true, Details=WebAuthenticationDetails [RemoteIpAddress=127.0.0.1, SessionId=null], Granted Authorities=[ROLE_ADMIN]]
2026-08-15T11:16:42.765+08:00 DEBUG 11564 --- [iam-authorization-server] [nio-9000-exec-7] o.s.security.web.FilterChainProxy        : Secured GET /api/admin/sessions/online
JDBC Connection [com.alibaba.druid.pool.DruidStatementConnection@e2696e8] will not be managed by Spring
==>  Preparing: SELECT id,username,password,nickname,email,phone,avatar,identity_type,enabled,account_non_expired,account_non_locked,credentials_non_expired,create_time,update_time FROM sys_user WHERE (username = ?)
==> Parameters: admin(String)
<==    Columns: id, username, password, nickname, email, phone, avatar, identity_type, enabled, account_non_expired, account_non_locked, credentials_non_expired, create_time, update_time
<==        Row: 1, admin, $2a$10$ov3NUrdkAHujSRdGbDZF6O9h2cjZq4Zl17fL3TA5Nhs94mE/PmH8e, 管理员, admin@example.com, null, null, 1, 1, 1, 1, 1, 2026-08-11 20:00:08, 2026-08-13 22:28:45
<==      Total: 1
JDBC Connection [com.alibaba.druid.pool.DruidStatementConnection@e2696e8] will not be managed by Spring
==>  Preparing: SELECT id,username,password,nickname,email,phone,avatar,identity_type,enabled,account_non_expired,account_non_locked,credentials_non_expired,create_time,update_time FROM sys_user WHERE (username = ?)
==> Parameters: admin(String)
<==    Columns: id, username, password, nickname, email, phone, avatar, identity_type, enabled, account_non_expired, account_non_locked, credentials_non_expired, create_time, update_time
<==        Row: 1, admin, $2a$10$ov3NUrdkAHujSRdGbDZF6O9h2cjZq4Zl17fL3TA5Nhs94mE/PmH8e, 管理员, admin@example.com, null, null, 1, 1, 1, 1, 1, 2026-08-11 20:00:08, 2026-08-13 22:28:45
<==      Total: 1
JDBC Connection [com.alibaba.druid.pool.DruidStatementConnection@e2696e8] will not be managed by Spring
==>  Preparing: SELECT id,username,password,nickname,email,phone,avatar,identity_type,enabled,account_non_expired,account_non_locked,credentials_non_expired,create_time,update_time FROM sys_user WHERE (username = ?)
==> Parameters: resource-server(String)
<==      Total: 0
2026-08-15T11:16:43.909+08:00 DEBUG 11564 --- [iam-authorization-server] [nio-9000-exec-7] n.x.a.service.AuthSessionService         : 跳过非用户 principal: resource-server
JDBC Connection [com.alibaba.druid.pool.DruidStatementConnection@e2696e8] will not be managed by Spring
==>  Preparing: SELECT id,username,password,nickname,email,phone,avatar,identity_type,enabled,account_non_expired,account_non_locked,credentials_non_expired,create_time,update_time FROM sys_user WHERE (username = ?)
==> Parameters: admin-app(String)
<==      Total: 0
2026-08-15T11:16:43.914+08:00 DEBUG 11564 --- [iam-authorization-server] [nio-9000-exec-7] n.x.a.service.AuthSessionService         : 跳过非用户 principal: admin-app
JDBC Connection [com.alibaba.druid.pool.DruidStatementConnection@e2696e8] will not be managed by Spring
==>  Preparing: SELECT id,username,password,nickname,email,phone,avatar,identity_type,enabled,account_non_expired,account_non_locked,credentials_non_expired,create_time,update_time FROM sys_user WHERE (username = ?)
==> Parameters: user(String)
<==    Columns: id, username, password, nickname, email, phone, avatar, identity_type, enabled, account_non_expired, account_non_locked, credentials_non_expired, create_time, update_time
<==        Row: 2, user, $2a$10$ov3NUrdkAHujSRdGbDZF6O9h2cjZq4Zl17fL3TA5Nhs94mE/PmH8e, 普通用户, user@example.com, null, null, 2, 1, 1, 1, 1, 2026-08-11 20:00:08, 2026-08-11 20:00:08
<==      Total: 1
JDBC Connection [com.alibaba.druid.pool.DruidStatementConnection@e2696e8] will not be managed by Spring
==>  Preparing: SELECT id,username,password,nickname,email,phone,avatar,identity_type,enabled,account_non_expired,account_non_locked,credentials_non_expired,create_time,update_time FROM sys_user WHERE (username = ?)
==> Parameters: user(String)
<==    Columns: id, username, password, nickname, email, phone, avatar, identity_type, enabled, account_non_expired, account_non_locked, credentials_non_expired, create_time, update_time
<==        Row: 2, user, $2a$10$ov3NUrdkAHujSRdGbDZF6O9h2cjZq4Zl17fL3TA5Nhs94mE/PmH8e, 普通用户, user@example.com, null, null, 2, 1, 1, 1, 1, 2026-08-11 20:00:08, 2026-08-11 20:00:08
<==      Total: 1
2026-08-15T11:16:43.942+08:00 DEBUG 11564 --- [iam-authorization-server] [nio-9000-exec-8] o.s.security.web.FilterChainProxy        : Securing GET /api/admin/sessions/online
JDBC Connection [com.alibaba.druid.pool.DruidStatementConnection@e2696e8] will not be managed by Spring
==>  Preparing: SELECT id,username,password,nickname,email,phone,avatar,identity_type,enabled,account_non_expired,account_non_locked,credentials_non_expired,create_time,update_time FROM sys_user WHERE (username = ?)
==> Parameters: admin(String)
<==    Columns: id, username, password, nickname, email, phone, avatar, identity_type, enabled, account_non_expired, account_non_locked, credentials_non_expired, create_time, update_time
<==        Row: 1, admin, $2a$10$ov3NUrdkAHujSRdGbDZF6O9h2cjZq4Zl17fL3TA5Nhs94mE/PmH8e, 管理员, admin@example.com, null, null, 1, 1, 1, 1, 1, 2026-08-11 20:00:08, 2026-08-13 22:28:45
<==      Total: 1
2026-08-15T11:16:43.955+08:00 DEBUG 11564 --- [iam-authorization-server] [nio-9000-exec-8] n.x.a.s.t.RedisOpaqueTokenIntrospector   : Opaque token introspect success, sub=admin, scope=[read, openid, profile, write]
2026-08-15T11:16:43.956+08:00 DEBUG 11564 --- [iam-authorization-server] [nio-9000-exec-8] .s.r.a.OpaqueTokenAuthenticationProvider : Authenticated token
2026-08-15T11:16:43.956+08:00 DEBUG 11564 --- [iam-authorization-server] [nio-9000-exec-8] .s.r.w.a.BearerTokenAuthenticationFilter : Set SecurityContextHolder to BearerTokenAuthentication [Principal=net.xzh.authserver.security.token.RedisOpaqueTokenIntrospector$OpaquePrincipal@4975eaf9, Credentials=[PROTECTED], Authenticated=true, Details=WebAuthenticationDetails [RemoteIpAddress=127.0.0.1, SessionId=null], Granted Authorities=[ROLE_ADMIN]]
2026-08-15T11:16:43.957+08:00 DEBUG 11564 --- [iam-authorization-server] [nio-9000-exec-8] o.s.security.web.FilterChainProxy        : Secured GET /api/admin/sessions/online
JDBC Connection [com.alibaba.druid.pool.DruidStatementConnection@e2696e8] will not be managed by Spring
==>  Preparing: SELECT id,username,password,nickname,email,phone,avatar,identity_type,enabled,account_non_expired,account_non_locked,credentials_non_expired,create_time,update_time FROM sys_user WHERE (username = ?)
==> Parameters: admin(String)
<==    Columns: id, username, password, nickname, email, phone, avatar, identity_type, enabled, account_non_expired, account_non_locked, credentials_non_expired, create_time, update_time
<==        Row: 1, admin, $2a$10$ov3NUrdkAHujSRdGbDZF6O9h2cjZq4Zl17fL3TA5Nhs94mE/PmH8e, 管理员, admin@example.com, null, null, 1, 1, 1, 1, 1, 2026-08-11 20:00:08, 2026-08-13 22:28:45
<==      Total: 1
JDBC Connection [com.alibaba.druid.pool.DruidStatementConnection@e2696e8] will not be managed by Spring
==>  Preparing: SELECT id,username,password,nickname,email,phone,avatar,identity_type,enabled,account_non_expired,account_non_locked,credentials_non_expired,create_time,update_time FROM sys_user WHERE (username = ?)
==> Parameters: admin(String)
<==    Columns: id, username, password, nickname, email, phone, avatar, identity_type, enabled, account_non_expired, account_non_locked, credentials_non_expired, create_time, update_time
<==        Row: 1, admin, $2a$10$ov3NUrdkAHujSRdGbDZF6O9h2cjZq4Zl17fL3TA5Nhs94mE/PmH8e, 管理员, admin@example.com, null, null, 1, 1, 1, 1, 1, 2026-08-11 20:00:08, 2026-08-13 22:28:45
<==      Total: 1
JDBC Connection [com.alibaba.druid.pool.DruidStatementConnection@e2696e8] will not be managed by Spring
==>  Preparing: SELECT id,username,password,nickname,email,phone,avatar,identity_type,enabled,account_non_expired,account_non_locked,credentials_non_expired,create_time,update_time FROM sys_user WHERE (username = ?)
==> Parameters: resource-server(String)
<==      Total: 0
2026-08-15T11:16:45.183+08:00 DEBUG 11564 --- [iam-authorization-server] [nio-9000-exec-8] n.x.a.service.AuthSessionService         : 跳过非用户 principal: resource-server
JDBC Connection [com.alibaba.druid.pool.DruidStatementConnection@e2696e8] will not be managed by Spring
==>  Preparing: SELECT id,username,password,nickname,email,phone,avatar,identity_type,enabled,account_non_expired,account_non_locked,credentials_non_expired,create_time,update_time FROM sys_user WHERE (username = ?)
==> Parameters: admin-app(String)
<==      Total: 0
2026-08-15T11:16:45.189+08:00 DEBUG 11564 --- [iam-authorization-server] [nio-9000-exec-8] n.x.a.service.AuthSessionService         : 跳过非用户 principal: admin-app
JDBC Connection [com.alibaba.druid.pool.DruidStatementConnection@e2696e8] will not be managed by Spring
==>  Preparing: SELECT id,username,password,nickname,email,phone,avatar,identity_type,enabled,account_non_expired,account_non_locked,credentials_non_expired,create_time,update_time FROM sys_user WHERE (username = ?)
==> Parameters: user(String)
<==    Columns: id, username, password, nickname, email, phone, avatar, identity_type, enabled, account_non_expired, account_non_locked, credentials_non_expired, create_time, update_time
<==        Row: 2, user, $2a$10$ov3NUrdkAHujSRdGbDZF6O9h2cjZq4Zl17fL3TA5Nhs94mE/PmH8e, 普通用户, user@example.com, null, null, 2, 1, 1, 1, 1, 2026-08-11 20:00:08, 2026-08-11 20:00:08
<==      Total: 1
JDBC Connection [com.alibaba.druid.pool.DruidStatementConnection@e2696e8] will not be managed by Spring
==>  Preparing: SELECT id,username,password,nickname,email,phone,avatar,identity_type,enabled,account_non_expired,account_non_locked,credentials_non_expired,create_time,update_time FROM sys_user WHERE (username = ?)
==> Parameters: user(String)
<==    Columns: id, username, password, nickname, email, phone, avatar, identity_type, enabled, account_non_expired, account_non_locked, credentials_non_expired, create_time, update_time
<==        Row: 2, user, $2a$10$ov3NUrdkAHujSRdGbDZF6O9h2cjZq4Zl17fL3TA5Nhs94mE/PmH8e, 普通用户, user@example.com, null, null, 2, 1, 1, 1, 1, 2026-08-11 20:00:08, 2026-08-11 20:00:08
<==      Total: 1
2026-08-15T11:16:48.499+08:00 DEBUG 11564 --- [iam-authorization-server] [nio-9000-exec-9] o.s.security.web.FilterChainProxy        : Securing POST /api/admin/sessions/users/2/logout
JDBC Connection [com.alibaba.druid.pool.DruidStatementConnection@e2696e8] will not be managed by Spring
==>  Preparing: SELECT id,username,password,nickname,email,phone,avatar,identity_type,enabled,account_non_expired,account_non_locked,credentials_non_expired,create_time,update_time FROM sys_user WHERE (username = ?)
==> Parameters: admin(String)
<==    Columns: id, username, password, nickname, email, phone, avatar, identity_type, enabled, account_non_expired, account_non_locked, credentials_non_expired, create_time, update_time
<==        Row: 1, admin, $2a$10$ov3NUrdkAHujSRdGbDZF6O9h2cjZq4Zl17fL3TA5Nhs94mE/PmH8e, 管理员, admin@example.com, null, null, 1, 1, 1, 1, 1, 2026-08-11 20:00:08, 2026-08-13 22:28:45
<==      Total: 1
2026-08-15T11:16:48.511+08:00 DEBUG 11564 --- [iam-authorization-server] [nio-9000-exec-9] n.x.a.s.t.RedisOpaqueTokenIntrospector   : Opaque token introspect success, sub=admin, scope=[read, openid, profile, write]
2026-08-15T11:16:48.512+08:00 DEBUG 11564 --- [iam-authorization-server] [nio-9000-exec-9] .s.r.a.OpaqueTokenAuthenticationProvider : Authenticated token
2026-08-15T11:16:48.512+08:00 DEBUG 11564 --- [iam-authorization-server] [nio-9000-exec-9] .s.r.w.a.BearerTokenAuthenticationFilter : Set SecurityContextHolder to BearerTokenAuthentication [Principal=net.xzh.authserver.security.token.RedisOpaqueTokenIntrospector$OpaquePrincipal@40c44ee5, Credentials=[PROTECTED], Authenticated=true, Details=WebAuthenticationDetails [RemoteIpAddress=127.0.0.1, SessionId=null], Granted Authorities=[ROLE_ADMIN]]
2026-08-15T11:16:48.513+08:00 DEBUG 11564 --- [iam-authorization-server] [nio-9000-exec-9] o.s.security.web.FilterChainProxy        : Secured POST /api/admin/sessions/users/2/logout
Creating a new SqlSession
SqlSession [org.apache.ibatis.session.defaults.DefaultSqlSession@12f77b8c] was not registered for synchronization because synchronization is not active
JDBC Connection [com.alibaba.druid.pool.DruidStatementConnection@e2696e8] will not be managed by Spring
==>  Preparing: SELECT id,username,password,nickname,email,phone,avatar,identity_type,enabled,account_non_expired,account_non_locked,credentials_non_expired,create_time,update_time FROM sys_user WHERE id=?
==> Parameters: 2(Long)
<==    Columns: id, username, password, nickname, email, phone, avatar, identity_type, enabled, account_non_expired, account_non_locked, credentials_non_expired, create_time, update_time
<==        Row: 2, user, $2a$10$ov3NUrdkAHujSRdGbDZF6O9h2cjZq4Zl17fL3TA5Nhs94mE/PmH8e, 普通用户, user@example.com, null, null, 2, 1, 1, 1, 1, 2026-08-11 20:00:08, 2026-08-11 20:00:08
<==      Total: 1
Closing non transactional SqlSession [org.apache.ibatis.session.defaults.DefaultSqlSession@12f77b8c]
2026-08-15T11:16:49.660+08:00  INFO 11564 --- [iam-authorization-server] [nio-9000-exec-9] n.x.a.s.session.RedisSessionRegistry     : [RedisSessionRegistry] 标记会话过期: sessionId=debe792b-8dc5-4fc6-b6a7-f66ac9b19350
2026-08-15T11:16:49.698+08:00  INFO 11564 --- [iam-authorization-server] [nio-9000-exec-9] n.x.a.service.AuthSessionService         : 已终止 HttpSession sessionId=debe792b-8dc5-4fc6-b6a7-f66ac9b19350, principal=user
2026-08-15T11:16:49.700+08:00  INFO 11564 --- [iam-authorization-server] [nio-9000-exec-9] n.x.a.s.session.RedisSessionRegistry     : [RedisSessionRegistry] 标记会话过期: sessionId=3d0eb091-58f5-4e20-877f-d48b52f97f95
2026-08-15T11:16:49.700+08:00  INFO 11564 --- [iam-authorization-server] [nio-9000-exec-9] n.x.a.service.AuthSessionService         : 已终止 HttpSession sessionId=3d0eb091-58f5-4e20-877f-d48b52f97f95, principal=user
2026-08-15T11:16:49.702+08:00  INFO 11564 --- [iam-authorization-server] [nio-9000-exec-9] n.x.a.c.api.AdminSessionApiController    : [AdminSessionApi] 按用户踢下线 userId=2, 撤销会话数=0
2026-08-15T11:16:50.160+08:00 DEBUG 11564 --- [iam-authorization-server] [io-9000-exec-10] o.s.security.web.FilterChainProxy        : Securing POST /api/admin/sessions/users/1/logout
JDBC Connection [com.alibaba.druid.pool.DruidStatementConnection@e2696e8] will not be managed by Spring
==>  Preparing: SELECT id,username,password,nickname,email,phone,avatar,identity_type,enabled,account_non_expired,account_non_locked,credentials_non_expired,create_time,update_time FROM sys_user WHERE (username = ?)
==> Parameters: admin(String)
<==    Columns: id, username, password, nickname, email, phone, avatar, identity_type, enabled, account_non_expired, account_non_locked, credentials_non_expired, create_time, update_time
<==        Row: 1, admin, $2a$10$ov3NUrdkAHujSRdGbDZF6O9h2cjZq4Zl17fL3TA5Nhs94mE/PmH8e, 管理员, admin@example.com, null, null, 1, 1, 1, 1, 1, 2026-08-11 20:00:08, 2026-08-13 22:28:45
<==      Total: 1
2026-08-15T11:16:50.171+08:00 DEBUG 11564 --- [iam-authorization-server] [io-9000-exec-10] n.x.a.s.t.RedisOpaqueTokenIntrospector   : Opaque token introspect success, sub=admin, scope=[read, openid, profile, write]
2026-08-15T11:16:50.171+08:00 DEBUG 11564 --- [iam-authorization-server] [io-9000-exec-10] .s.r.a.OpaqueTokenAuthenticationProvider : Authenticated token
2026-08-15T11:16:50.171+08:00 DEBUG 11564 --- [iam-authorization-server] [io-9000-exec-10] .s.r.w.a.BearerTokenAuthenticationFilter : Set SecurityContextHolder to BearerTokenAuthentication [Principal=net.xzh.authserver.security.token.RedisOpaqueTokenIntrospector$OpaquePrincipal@2ee96c3b, Credentials=[PROTECTED], Authenticated=true, Details=WebAuthenticationDetails [RemoteIpAddress=127.0.0.1, SessionId=null], Granted Authorities=[ROLE_ADMIN]]
2026-08-15T11:16:50.172+08:00 DEBUG 11564 --- [iam-authorization-server] [io-9000-exec-10] o.s.security.web.FilterChainProxy        : Secured POST /api/admin/sessions/users/1/logout
Creating a new SqlSession
SqlSession [org.apache.ibatis.session.defaults.DefaultSqlSession@5bc9a421] was not registered for synchronization because synchronization is not active
JDBC Connection [com.alibaba.druid.pool.DruidStatementConnection@e2696e8] will not be managed by Spring
==>  Preparing: SELECT id,username,password,nickname,email,phone,avatar,identity_type,enabled,account_non_expired,account_non_locked,credentials_non_expired,create_time,update_time FROM sys_user WHERE id=?
==> Parameters: 1(Long)
<==    Columns: id, username, password, nickname, email, phone, avatar, identity_type, enabled, account_non_expired, account_non_locked, credentials_non_expired, create_time, update_time
<==        Row: 1, admin, $2a$10$ov3NUrdkAHujSRdGbDZF6O9h2cjZq4Zl17fL3TA5Nhs94mE/PmH8e, 管理员, admin@example.com, null, null, 1, 1, 1, 1, 1, 2026-08-11 20:00:08, 2026-08-13 22:28:45
<==      Total: 1
Closing non transactional SqlSession [org.apache.ibatis.session.defaults.DefaultSqlSession@5bc9a421]
2026-08-15T11:16:50.958+08:00 DEBUG 11564 --- [iam-authorization-server] [nio-9000-exec-1] o.s.security.web.FilterChainProxy        : Securing GET /api/admin/sessions/online
JDBC Connection [com.alibaba.druid.pool.DruidStatementConnection@e2696e8] will not be managed by Spring
==>  Preparing: SELECT id,username,password,nickname,email,phone,avatar,identity_type,enabled,account_non_expired,account_non_locked,credentials_non_expired,create_time,update_time FROM sys_user WHERE (username = ?)
==> Parameters: admin(String)
<==    Columns: id, username, password, nickname, email, phone, avatar, identity_type, enabled, account_non_expired, account_non_locked, credentials_non_expired, create_time, update_time
<==        Row: 1, admin, $2a$10$ov3NUrdkAHujSRdGbDZF6O9h2cjZq4Zl17fL3TA5Nhs94mE/PmH8e, 管理员, admin@example.com, null, null, 1, 1, 1, 1, 1, 2026-08-11 20:00:08, 2026-08-13 22:28:45
<==      Total: 1
2026-08-15T11:16:50.975+08:00 DEBUG 11564 --- [iam-authorization-server] [nio-9000-exec-1] n.x.a.s.t.RedisOpaqueTokenIntrospector   : Opaque token introspect success, sub=admin, scope=[read, openid, profile, write]
2026-08-15T11:16:50.975+08:00 DEBUG 11564 --- [iam-authorization-server] [nio-9000-exec-1] .s.r.a.OpaqueTokenAuthenticationProvider : Authenticated token
2026-08-15T11:16:50.976+08:00 DEBUG 11564 --- [iam-authorization-server] [nio-9000-exec-1] .s.r.w.a.BearerTokenAuthenticationFilter : Set SecurityContextHolder to BearerTokenAuthentication [Principal=net.xzh.authserver.security.token.RedisOpaqueTokenIntrospector$OpaquePrincipal@71e48262, Credentials=[PROTECTED], Authenticated=true, Details=WebAuthenticationDetails [RemoteIpAddress=127.0.0.1, SessionId=null], Granted Authorities=[ROLE_ADMIN]]
2026-08-15T11:16:50.977+08:00 DEBUG 11564 --- [iam-authorization-server] [nio-9000-exec-1] o.s.security.web.FilterChainProxy        : Secured GET /api/admin/sessions/online
2026-08-15T11:16:51.303+08:00  INFO 11564 --- [iam-authorization-server] [io-9000-exec-10] n.x.a.s.session.RedisSessionRegistry     : [RedisSessionRegistry] 标记会话过期: sessionId=7f930ee0-0851-4550-aa8e-a78108c0d7bb
2026-08-15T11:16:51.342+08:00  INFO 11564 --- [iam-authorization-server] [io-9000-exec-10] n.x.a.service.AuthSessionService         : 已终止 HttpSession sessionId=7f930ee0-0851-4550-aa8e-a78108c0d7bb, principal=admin
2026-08-15T11:16:51.343+08:00  INFO 11564 --- [iam-authorization-server] [io-9000-exec-10] n.x.a.s.session.RedisSessionRegistry     : [RedisSessionRegistry] 标记会话过期: sessionId=537ac910-5cf7-4cea-9d70-675f82a90b90
2026-08-15T11:16:51.343+08:00  INFO 11564 --- [iam-authorization-server] [io-9000-exec-10] n.x.a.service.AuthSessionService         : 已终止 HttpSession sessionId=537ac910-5cf7-4cea-9d70-675f82a90b90, principal=admin
2026-08-15T11:16:51.344+08:00  INFO 11564 --- [iam-authorization-server] [io-9000-exec-10] n.x.a.s.session.RedisSessionRegistry     : [RedisSessionRegistry] 标记会话过期: sessionId=3ed91993-6fbb-41b3-bc2f-d6061733ac36
2026-08-15T11:16:51.345+08:00  INFO 11564 --- [iam-authorization-server] [io-9000-exec-10] n.x.a.service.AuthSessionService         : 已终止 HttpSession sessionId=3ed91993-6fbb-41b3-bc2f-d6061733ac36, principal=admin
2026-08-15T11:16:51.346+08:00  INFO 11564 --- [iam-authorization-server] [io-9000-exec-10] n.x.a.s.session.RedisSessionRegistry     : [RedisSessionRegistry] 标记会话过期: sessionId=13977025-61ca-4ebf-a206-cfbe81bf4ef9
2026-08-15T11:16:51.347+08:00  INFO 11564 --- [iam-authorization-server] [io-9000-exec-10] n.x.a.service.AuthSessionService         : 已终止 HttpSession sessionId=13977025-61ca-4ebf-a206-cfbe81bf4ef9, principal=admin
2026-08-15T11:16:51.347+08:00  INFO 11564 --- [iam-authorization-server] [io-9000-exec-10] n.x.a.s.session.RedisSessionRegistry     : [RedisSessionRegistry] 标记会话过期: sessionId=0538476b-a6f2-4b8a-ac85-b5b8883112dd
2026-08-15T11:16:51.348+08:00  INFO 11564 --- [iam-authorization-server] [io-9000-exec-10] n.x.a.service.AuthSessionService         : 已终止 HttpSession sessionId=0538476b-a6f2-4b8a-ac85-b5b8883112dd, principal=admin
2026-08-15T11:16:51.350+08:00  INFO 11564 --- [iam-authorization-server] [io-9000-exec-10] n.x.a.s.session.RedisSessionRegistry     : [RedisSessionRegistry] 标记会话过期: sessionId=92c0e774-4ed4-4af0-8af2-bfe5c16c813c
2026-08-15T11:16:51.351+08:00  INFO 11564 --- [iam-authorization-server] [io-9000-exec-10] n.x.a.service.AuthSessionService         : 已终止 HttpSession sessionId=92c0e774-4ed4-4af0-8af2-bfe5c16c813c, principal=admin
2026-08-15T11:16:51.352+08:00  INFO 11564 --- [iam-authorization-server] [io-9000-exec-10] n.x.a.s.session.RedisSessionRegistry     : [RedisSessionRegistry] 标记会话过期: sessionId=c79488c7-4b68-4a11-9507-23caeb49f44f
2026-08-15T11:16:51.353+08:00  INFO 11564 --- [iam-authorization-server] [io-9000-exec-10] n.x.a.service.AuthSessionService         : 已终止 HttpSession sessionId=c79488c7-4b68-4a11-9507-23caeb49f44f, principal=admin
2026-08-15T11:16:51.399+08:00  INFO 11564 --- [iam-authorization-server] [io-9000-exec-10] .x.a.s.r.RedisOAuth2AuthorizationService : 强制下线 principal=admin, 会话数=6
2026-08-15T11:16:51.400+08:00  INFO 11564 --- [iam-authorization-server] [io-9000-exec-10] n.x.a.c.api.AdminSessionApiController    : [AdminSessionApi] 按用户踢下线 userId=1, 撤销会话数=6
JDBC Connection [com.alibaba.druid.pool.DruidStatementConnection@e2696e8] will not be managed by Spring
==>  Preparing: SELECT id,username,password,nickname,email,phone,avatar,identity_type,enabled,account_non_expired,account_non_locked,credentials_non_expired,create_time,update_time FROM sys_user WHERE (username = ?)
==> Parameters: admin(String)
<==    Columns: id, username, password, nickname, email, phone, avatar, identity_type, enabled, account_non_expired, account_non_locked, credentials_non_expired, create_time, update_time
<==        Row: 1, admin, $2a$10$ov3NUrdkAHujSRdGbDZF6O9h2cjZq4Zl17fL3TA5Nhs94mE/PmH8e, 管理员, admin@example.com, null, null, 1, 1, 1, 1, 1, 2026-08-11 20:00:08, 2026-08-13 22:28:45
<==      Total: 1
JDBC Connection [com.alibaba.druid.pool.DruidStatementConnection@e2696e8] will not be managed by Spring
==>  Preparing: SELECT id,username,password,nickname,email,phone,avatar,identity_type,enabled,account_non_expired,account_non_locked,credentials_non_expired,create_time,update_time FROM sys_user WHERE (username = ?)
==> Parameters: admin(String)
<==    Columns: id, username, password, nickname, email, phone, avatar, identity_type, enabled, account_non_expired, account_non_locked, credentials_non_expired, create_time, update_time
<==        Row: 1, admin, $2a$10$ov3NUrdkAHujSRdGbDZF6O9h2cjZq4Zl17fL3TA5Nhs94mE/PmH8e, 管理员, admin@example.com, null, null, 1, 1, 1, 1, 1, 2026-08-11 20:00:08, 2026-08-13 22:28:45
<==      Total: 1
JDBC Connection [com.alibaba.druid.pool.DruidStatementConnection@e2696e8] will not be managed by Spring
==>  Preparing: SELECT id,username,password,nickname,email,phone,avatar,identity_type,enabled,account_non_expired,account_non_locked,credentials_non_expired,create_time,update_time FROM sys_user WHERE (username = ?)
==> Parameters: resource-server(String)
<==      Total: 0
2026-08-15T11:16:52.129+08:00 DEBUG 11564 --- [iam-authorization-server] [nio-9000-exec-1] n.x.a.service.AuthSessionService         : 跳过非用户 principal: resource-server
JDBC Connection [com.alibaba.druid.pool.DruidStatementConnection@e2696e8] will not be managed by Spring
==>  Preparing: SELECT id,username,password,nickname,email,phone,avatar,identity_type,enabled,account_non_expired,account_non_locked,credentials_non_expired,create_time,update_time FROM sys_user WHERE (username = ?)
==> Parameters: admin-app(String)
<==      Total: 0
2026-08-15T11:16:52.134+08:00 DEBUG 11564 --- [iam-authorization-server] [nio-9000-exec-1] n.x.a.service.AuthSessionService         : 跳过非用户 principal: admin-app
JDBC Connection [com.alibaba.druid.pool.DruidStatementConnection@e2696e8] will not be managed by Spring
==>  Preparing: SELECT id,username,password,nickname,email,phone,avatar,identity_type,enabled,account_non_expired,account_non_locked,credentials_non_expired,create_time,update_time FROM sys_user WHERE (username = ?)
==> Parameters: user(String)
<==    Columns: id, username, password, nickname, email, phone, avatar, identity_type, enabled, account_non_expired, account_non_locked, credentials_non_expired, create_time, update_time
<==        Row: 2, user, $2a$10$ov3NUrdkAHujSRdGbDZF6O9h2cjZq4Zl17fL3TA5Nhs94mE/PmH8e, 普通用户, user@example.com, null, null, 2, 1, 1, 1, 1, 2026-08-11 20:00:08, 2026-08-11 20:00:08
<==      Total: 1
JDBC Connection [com.alibaba.druid.pool.DruidStatementConnection@e2696e8] will not be managed by Spring
==>  Preparing: SELECT id,username,password,nickname,email,phone,avatar,identity_type,enabled,account_non_expired,account_non_locked,credentials_non_expired,create_time,update_time FROM sys_user WHERE (username = ?)
==> Parameters: user(String)
<==    Columns: id, username, password, nickname, email, phone, avatar, identity_type, enabled, account_non_expired, account_non_locked, credentials_non_expired, create_time, update_time
<==        Row: 2, user, $2a$10$ov3NUrdkAHujSRdGbDZF6O9h2cjZq4Zl17fL3TA5Nhs94mE/PmH8e, 普通用户, user@example.com, null, null, 2, 1, 1, 1, 1, 2026-08-11 20:00:08, 2026-08-11 20:00:08
<==      Total: 1
2026-08-15T11:16:52.681+08:00 DEBUG 11564 --- [iam-authorization-server] [nio-9000-exec-4] o.s.security.web.FilterChainProxy        : Securing GET /api/admin/sessions/online
2026-08-15T11:16:52.685+08:00 DEBUG 11564 --- [iam-authorization-server] [nio-9000-exec-4] .s.a.DefaultAuthenticationEventPublisher : No event was found for the exception org.springframework.security.oauth2.core.OAuth2AuthenticationException
2026-08-15T11:16:52.721+08:00 DEBUG 11564 --- [iam-authorization-server] [nio-9000-exec-3] o.s.security.web.FilterChainProxy        : Securing GET /oauth2/authorize?response_type=code&client_id=admin-app&scope=openid%20profile%20read%20write&state=FgEIKhkblB60GmDlBn1lIkp_4ePw-wPUDxwP5s467yM%3D&redirect_uri=http://localhost:8085/login/oauth2/code/admin-app&nonce=D58i4KzJ-Zs-0OPuaPtXBoJ9nzIAnuJtXbsebnuBFOc
2026-08-15T11:16:52.725+08:00 DEBUG 11564 --- [iam-authorization-server] [nio-9000-exec-3] n.x.a.s.web.SessionExpirationFilter      : Session 537ac910-5cf7-4cea-9d70-675f82a90b90 is expired, clearing authentication
2026-08-15T11:16:52.730+08:00  INFO 11564 --- [iam-authorization-server] [nio-9000-exec-3] n.x.a.s.session.RedisSessionRegistry     : [RedisSessionRegistry] 移除会话: sessionId=537ac910-5cf7-4cea-9d70-675f82a90b90, principal=admin
2026-08-15T11:16:52.735+08:00 DEBUG 11564 --- [iam-authorization-server] [nio-9000-exec-3] o.s.s.w.a.AnonymousAuthenticationFilter  : Set SecurityContextHolder to anonymous SecurityContext
2026-08-15T11:16:52.737+08:00 DEBUG 11564 --- [iam-authorization-server] [nio-9000-exec-3] o.s.s.w.s.HttpSessionRequestCache        : Saved request http://localhost:9000/oauth2/authorize?response_type=code&client_id=admin-app&scope=openid%20profile%20read%20write&state=FgEIKhkblB60GmDlBn1lIkp_4ePw-wPUDxwP5s467yM%3D&redirect_uri=http://localhost:8085/login/oauth2/code/admin-app&nonce=D58i4KzJ-Zs-0OPuaPtXBoJ9nzIAnuJtXbsebnuBFOc&continue to session
2026-08-15T11:16:52.738+08:00 DEBUG 11564 --- [iam-authorization-server] [nio-9000-exec-3] s.w.a.DelegatingAuthenticationEntryPoint : Trying to match using MediaTypeRequestMatcher [contentNegotiationStrategy=org.springframework.web.accept.HeaderContentNegotiationStrategy@41b1297d, matchingMediaTypes=[text/html], useEquals=false, ignoredMediaTypes=[]]
2026-08-15T11:16:52.738+08:00 DEBUG 11564 --- [iam-authorization-server] [nio-9000-exec-3] s.w.a.DelegatingAuthenticationEntryPoint : Match found! Executing org.springframework.security.web.authentication.LoginUrlAuthenticationEntryPoint@66a1b96d
2026-08-15T11:16:52.739+08:00 DEBUG 11564 --- [iam-authorization-server] [nio-9000-exec-3] o.s.s.web.DefaultRedirectStrategy        : Redirecting to http://localhost:9000/login.html
2026-08-15T11:16:52.748+08:00 DEBUG 11564 --- [iam-authorization-server] [nio-9000-exec-2] o.s.security.web.FilterChainProxy        : Securing GET /login.html
2026-08-15T11:16:52.753+08:00 DEBUG 11564 --- [iam-authorization-server] [nio-9000-exec-2] o.s.s.w.a.AnonymousAuthenticationFilter  : Set SecurityContextHolder to anonymous SecurityContext
2026-08-15T11:16:52.753+08:00 DEBUG 11564 --- [iam-authorization-server] [nio-9000-exec-2] o.s.security.web.FilterChainProxy        : Secured GET /login.html
2026-08-15T11:16:58.942+08:00 DEBUG 11564 --- [iam-authorization-server] [nio-9000-exec-5] o.s.security.web.FilterChainProxy        : Securing POST /login
JDBC Connection [com.alibaba.druid.pool.DruidStatementConnection@e2696e8] will not be managed by Spring
==>  Preparing: SELECT id,username,password,nickname,email,phone,avatar,identity_type,enabled,account_non_expired,account_non_locked,credentials_non_expired,create_time,update_time FROM sys_user WHERE (username = ?)
==> Parameters: admin(String)
<==    Columns: id, username, password, nickname, email, phone, avatar, identity_type, enabled, account_non_expired, account_non_locked, credentials_non_expired, create_time, update_time
<==        Row: 1, admin, $2a$10$ov3NUrdkAHujSRdGbDZF6O9h2cjZq4Zl17fL3TA5Nhs94mE/PmH8e, 管理员, admin@example.com, null, null, 1, 1, 1, 1, 1, 2026-08-11 20:00:08, 2026-08-13 22:28:45
<==      Total: 1
2026-08-15T11:16:59.073+08:00 DEBUG 11564 --- [iam-authorization-server] [nio-9000-exec-5] o.s.s.a.dao.DaoAuthenticationProvider    : Authenticated user
2026-08-15T11:16:59.112+08:00 DEBUG 11564 --- [iam-authorization-server] [nio-9000-exec-5] .s.ChangeSessionIdAuthenticationStrategy : Changed session id from 9fd80e50-0937-41fe-b720-093640c483d1
2026-08-15T11:16:59.120+08:00  INFO 11564 --- [iam-authorization-server] [nio-9000-exec-5] n.x.a.s.session.RedisSessionRegistry     : [RedisSessionRegistry] 注册会话: principal=admin, sessionId=eb9aa357-4802-470f-91e5-d9312ff4aa22
2026-08-15T11:16:59.121+08:00 DEBUG 11564 --- [iam-authorization-server] [nio-9000-exec-5] w.a.UsernamePasswordAuthenticationFilter : Set SecurityContextHolder to UsernamePasswordAuthenticationToken [Principal=org.springframework.security.core.userdetails.User [Username=admin, Password=[PROTECTED], Enabled=true, AccountNonExpired=true, CredentialsNonExpired=true, AccountNonLocked=true, Granted Authorities=[ROLE_ADMIN]], Credentials=[PROTECTED], Authenticated=true, Details=WebAuthenticationDetails [RemoteIpAddress=0:0:0:0:0:0:0:1, SessionId=9fd80e50-0937-41fe-b720-093640c483d1], Granted Authorities=[ROLE_ADMIN]]
2026-08-15T11:16:59.121+08:00 DEBUG 11564 --- [iam-authorization-server] [nio-9000-exec-5] o.s.s.web.DefaultRedirectStrategy        : Redirecting to http://localhost:9000/oauth2/authorize?response_type=code&client_id=admin-app&scope=openid%20profile%20read%20write&state=FgEIKhkblB60GmDlBn1lIkp_4ePw-wPUDxwP5s467yM%3D&redirect_uri=http://localhost:8085/login/oauth2/code/admin-app&nonce=D58i4KzJ-Zs-0OPuaPtXBoJ9nzIAnuJtXbsebnuBFOc&continue
2026-08-15T11:16:59.132+08:00 DEBUG 11564 --- [iam-authorization-server] [nio-9000-exec-6] o.s.security.web.FilterChainProxy        : Securing GET /oauth2/authorize?response_type=code&client_id=admin-app&scope=openid%20profile%20read%20write&state=FgEIKhkblB60GmDlBn1lIkp_4ePw-wPUDxwP5s467yM%3D&redirect_uri=http://localhost:8085/login/oauth2/code/admin-app&nonce=D58i4KzJ-Zs-0OPuaPtXBoJ9nzIAnuJtXbsebnuBFOc&continue
Creating a new SqlSession
SqlSession [org.apache.ibatis.session.defaults.DefaultSqlSession@62481d28] was not registered for synchronization because synchronization is not active
JDBC Connection [com.alibaba.druid.pool.DruidStatementConnection@e2696e8] will not be managed by Spring
==>  Preparing: SELECT * FROM oauth2_authorization_consent WHERE registered_client_id = ? AND principal_name = ? LIMIT 1
==> Parameters: 2(String), admin(String)
<==      Total: 0
Closing non transactional SqlSession [org.apache.ibatis.session.defaults.DefaultSqlSession@62481d28]
Creating a new SqlSession
SqlSession [org.apache.ibatis.session.defaults.DefaultSqlSession@4022bf60] was not registered for synchronization because synchronization is not active
JDBC Connection [com.alibaba.druid.pool.DruidStatementConnection@e2696e8] will not be managed by Spring
==>  Preparing: SELECT * FROM oauth2_registered_client WHERE client_id = ? LIMIT 1
==> Parameters: admin(String)
<==      Total: 0
Closing non transactional SqlSession [org.apache.ibatis.session.defaults.DefaultSqlSession@4022bf60]
2026-08-15T11:16:59.158+08:00 DEBUG 11564 --- [iam-authorization-server] [nio-9000-exec-6] .x.a.s.r.RedisOAuth2AuthorizationService : OAuth2Authorization saved to Redis, id=a3262198-f0be-40d6-9e69-6bd19c43e746, user=admin
2026-08-15T11:16:59.161+08:00 DEBUG 11564 --- [iam-authorization-server] [nio-9000-exec-6] o.s.s.web.DefaultRedirectStrategy        : Redirecting to http://localhost:8085/login/oauth2/code/admin-app?code=gjTTmKayjF90-jkv9t1zoaeCd0QgaJsxrxUEHIIANXjwI6loKFHTOp5oxHUiJeareHilzGIw0Jfr88WmbLtfLP52jcTwEPoKf2MS5OBJdeX9Y9QwPzrhyl5mxV08W48f&state=FgEIKhkblB60GmDlBn1lIkp_4ePw-wPUDxwP5s467yM%3D
2026-08-15T11:16:59.174+08:00 DEBUG 11564 --- [iam-authorization-server] [nio-9000-exec-7] o.s.security.web.FilterChainProxy        : Securing POST /oauth2/token
2026-08-15T11:16:59.297+08:00 DEBUG 11564 --- [iam-authorization-server] [nio-9000-exec-7] o.s.a.w.OAuth2ClientAuthenticationFilter : Set SecurityContextHolder authentication to OAuth2ClientAuthenticationToken
2026-08-15T11:16:59.307+08:00  INFO 11564 --- [iam-authorization-server] [nio-9000-exec-7] n.x.a.s.session.RedisSessionRegistry     : [RedisSessionRegistry] 注册会话: principal=admin-app, sessionId=40263344-378b-4126-aa09-812a462136ea
Creating a new SqlSession
SqlSession [org.apache.ibatis.session.defaults.DefaultSqlSession@37c7e629] was not registered for synchronization because synchronization is not active
JDBC Connection [com.alibaba.druid.pool.DruidStatementConnection@e2696e8] will not be managed by Spring
==>  Preparing: SELECT * FROM oauth2_registered_client WHERE client_id = ? LIMIT 1
==> Parameters: admin(String)
<==      Total: 0
Closing non transactional SqlSession [org.apache.ibatis.session.defaults.DefaultSqlSession@37c7e629]
2026-08-15T11:16:59.349+08:00 DEBUG 11564 --- [iam-authorization-server] [nio-9000-exec-7] .x.a.s.r.RedisOAuth2AuthorizationService : OAuth2Authorization saved to Redis, id=a3262198-f0be-40d6-9e69-6bd19c43e746, user=admin
2026-08-15T11:16:59.352+08:00 DEBUG 11564 --- [iam-authorization-server] [nio-9000-exec-7] n.x.a.s.web.ActiveClientTrackingFilter   : [ActiveClientTracking] 响应已提交, 跳过 session 写入 clientId=admin-app
JDBC Connection [com.alibaba.druid.pool.DruidStatementConnection@e2696e8] will not be managed by Spring
==>  Preparing: SELECT id,username,password,nickname,email,phone,avatar,identity_type,enabled,account_non_expired,account_non_locked,credentials_non_expired,create_time,update_time FROM sys_user WHERE (username = ?)
==> Parameters: admin(String)
<==    Columns: id, username, password, nickname, email, phone, avatar, identity_type, enabled, account_non_expired, account_non_locked, credentials_non_expired, create_time, update_time
<==        Row: 1, admin, $2a$10$ov3NUrdkAHujSRdGbDZF6O9h2cjZq4Zl17fL3TA5Nhs94mE/PmH8e, 管理员, admin@example.com, null, null, 1, 1, 1, 1, 1, 2026-08-11 20:00:08, 2026-08-13 22:28:45
<==      Total: 1
2026-08-15T11:16:59.368+08:00 DEBUG 11564 --- [iam-authorization-server] [nio-9000-exec-8] n.x.a.s.t.RedisOpaqueTokenIntrospector   : Opaque token introspect success, sub=admin, scope=[read, openid, profile, write]
2026-08-15T11:17:01.579+08:00 DEBUG 11564 --- [iam-authorization-server] [nio-9000-exec-9] o.s.security.web.FilterChainProxy        : Securing GET /api/admin/records/consents
JDBC Connection [com.alibaba.druid.pool.DruidStatementConnection@e2696e8] will not be managed by Spring
==>  Preparing: SELECT id,username,password,nickname,email,phone,avatar,identity_type,enabled,account_non_expired,account_non_locked,credentials_non_expired,create_time,update_time FROM sys_user WHERE (username = ?)
==> Parameters: admin(String)
<==    Columns: id, username, password, nickname, email, phone, avatar, identity_type, enabled, account_non_expired, account_non_locked, credentials_non_expired, create_time, update_time
<==        Row: 1, admin, $2a$10$ov3NUrdkAHujSRdGbDZF6O9h2cjZq4Zl17fL3TA5Nhs94mE/PmH8e, 管理员, admin@example.com, null, null, 1, 1, 1, 1, 1, 2026-08-11 20:00:08, 2026-08-13 22:28:45
<==      Total: 1
2026-08-15T11:17:01.594+08:00 DEBUG 11564 --- [iam-authorization-server] [nio-9000-exec-9] n.x.a.s.t.RedisOpaqueTokenIntrospector   : Opaque token introspect success, sub=admin, scope=[read, openid, profile, write]
2026-08-15T11:17:01.595+08:00 DEBUG 11564 --- [iam-authorization-server] [nio-9000-exec-9] .s.r.a.OpaqueTokenAuthenticationProvider : Authenticated token
2026-08-15T11:17:01.596+08:00 DEBUG 11564 --- [iam-authorization-server] [nio-9000-exec-9] .s.r.w.a.BearerTokenAuthenticationFilter : Set SecurityContextHolder to BearerTokenAuthentication [Principal=net.xzh.authserver.security.token.RedisOpaqueTokenIntrospector$OpaquePrincipal@5ae724e1, Credentials=[PROTECTED], Authenticated=true, Details=WebAuthenticationDetails [RemoteIpAddress=127.0.0.1, SessionId=null], Granted Authorities=[ROLE_ADMIN]]
2026-08-15T11:17:01.597+08:00 DEBUG 11564 --- [iam-authorization-server] [nio-9000-exec-9] o.s.security.web.FilterChainProxy        : Secured GET /api/admin/records/consents
Creating a new SqlSession
SqlSession [org.apache.ibatis.session.defaults.DefaultSqlSession@53245a0e] was not registered for synchronization because synchronization is not active
JDBC Connection [com.alibaba.druid.pool.DruidStatementConnection@e2696e8] will not be managed by Spring
==>  Preparing: SELECT * FROM oauth2_authorization_consent ORDER BY principal_name, registered_client_id
==> Parameters: 
<==      Total: 0
Closing non transactional SqlSession [org.apache.ibatis.session.defaults.DefaultSqlSession@53245a0e]
2026-08-15T11:17:02.704+08:00 DEBUG 11564 --- [iam-authorization-server] [io-9000-exec-10] o.s.security.web.FilterChainProxy        : Securing GET /api/admin/records/consents
JDBC Connection [com.alibaba.druid.pool.DruidStatementConnection@e2696e8] will not be managed by Spring
==>  Preparing: SELECT id,username,password,nickname,email,phone,avatar,identity_type,enabled,account_non_expired,account_non_locked,credentials_non_expired,create_time,update_time FROM sys_user WHERE (username = ?)
==> Parameters: admin(String)
<==    Columns: id, username, password, nickname, email, phone, avatar, identity_type, enabled, account_non_expired, account_non_locked, credentials_non_expired, create_time, update_time
<==        Row: 1, admin, $2a$10$ov3NUrdkAHujSRdGbDZF6O9h2cjZq4Zl17fL3TA5Nhs94mE/PmH8e, 管理员, admin@example.com, null, null, 1, 1, 1, 1, 1, 2026-08-11 20:00:08, 2026-08-13 22:28:45
<==      Total: 1
2026-08-15T11:17:02.718+08:00 DEBUG 11564 --- [iam-authorization-server] [io-9000-exec-10] n.x.a.s.t.RedisOpaqueTokenIntrospector   : Opaque token introspect success, sub=admin, scope=[read, openid, profile, write]
2026-08-15T11:17:02.718+08:00 DEBUG 11564 --- [iam-authorization-server] [io-9000-exec-10] .s.r.a.OpaqueTokenAuthenticationProvider : Authenticated token
2026-08-15T11:17:02.719+08:00 DEBUG 11564 --- [iam-authorization-server] [io-9000-exec-10] .s.r.w.a.BearerTokenAuthenticationFilter : Set SecurityContextHolder to BearerTokenAuthentication [Principal=net.xzh.authserver.security.token.RedisOpaqueTokenIntrospector$OpaquePrincipal@57aab701, Credentials=[PROTECTED], Authenticated=true, Details=WebAuthenticationDetails [RemoteIpAddress=127.0.0.1, SessionId=null], Granted Authorities=[ROLE_ADMIN]]
2026-08-15T11:17:02.719+08:00 DEBUG 11564 --- [iam-authorization-server] [io-9000-exec-10] o.s.security.web.FilterChainProxy        : Secured GET /api/admin/records/consents
Creating a new SqlSession
SqlSession [org.apache.ibatis.session.defaults.DefaultSqlSession@1ae32145] was not registered for synchronization because synchronization is not active
JDBC Connection [com.alibaba.druid.pool.DruidStatementConnection@e2696e8] will not be managed by Spring
==>  Preparing: SELECT * FROM oauth2_authorization_consent ORDER BY principal_name, registered_client_id
==> Parameters: 
<==      Total: 0
Closing non transactional SqlSession [org.apache.ibatis.session.defaults.DefaultSqlSession@1ae32145]
2026-08-15T11:17:03.748+08:00 DEBUG 11564 --- [iam-authorization-server] [nio-9000-exec-1] o.s.security.web.FilterChainProxy        : Securing GET /api/admin/sessions/online
JDBC Connection [com.alibaba.druid.pool.DruidStatementConnection@e2696e8] will not be managed by Spring
==>  Preparing: SELECT id,username,password,nickname,email,phone,avatar,identity_type,enabled,account_non_expired,account_non_locked,credentials_non_expired,create_time,update_time FROM sys_user WHERE (username = ?)
==> Parameters: admin(String)
<==    Columns: id, username, password, nickname, email, phone, avatar, identity_type, enabled, account_non_expired, account_non_locked, credentials_non_expired, create_time, update_time
<==        Row: 1, admin, $2a$10$ov3NUrdkAHujSRdGbDZF6O9h2cjZq4Zl17fL3TA5Nhs94mE/PmH8e, 管理员, admin@example.com, null, null, 1, 1, 1, 1, 1, 2026-08-11 20:00:08, 2026-08-13 22:28:45
<==      Total: 1
2026-08-15T11:17:03.764+08:00 DEBUG 11564 --- [iam-authorization-server] [nio-9000-exec-1] n.x.a.s.t.RedisOpaqueTokenIntrospector   : Opaque token introspect success, sub=admin, scope=[read, openid, profile, write]
2026-08-15T11:17:03.765+08:00 DEBUG 11564 --- [iam-authorization-server] [nio-9000-exec-1] .s.r.a.OpaqueTokenAuthenticationProvider : Authenticated token
2026-08-15T11:17:03.765+08:00 DEBUG 11564 --- [iam-authorization-server] [nio-9000-exec-1] .s.r.w.a.BearerTokenAuthenticationFilter : Set SecurityContextHolder to BearerTokenAuthentication [Principal=net.xzh.authserver.security.token.RedisOpaqueTokenIntrospector$OpaquePrincipal@467a9065, Credentials=[PROTECTED], Authenticated=true, Details=WebAuthenticationDetails [RemoteIpAddress=127.0.0.1, SessionId=null], Granted Authorities=[ROLE_ADMIN]]
2026-08-15T11:17:03.766+08:00 DEBUG 11564 --- [iam-authorization-server] [nio-9000-exec-1] o.s.security.web.FilterChainProxy        : Secured GET /api/admin/sessions/online
JDBC Connection [com.alibaba.druid.pool.DruidStatementConnection@e2696e8] will not be managed by Spring
==>  Preparing: SELECT id,username,password,nickname,email,phone,avatar,identity_type,enabled,account_non_expired,account_non_locked,credentials_non_expired,create_time,update_time FROM sys_user WHERE (username = ?)
==> Parameters: admin(String)
<==    Columns: id, username, password, nickname, email, phone, avatar, identity_type, enabled, account_non_expired, account_non_locked, credentials_non_expired, create_time, update_time
<==        Row: 1, admin, $2a$10$ov3NUrdkAHujSRdGbDZF6O9h2cjZq4Zl17fL3TA5Nhs94mE/PmH8e, 管理员, admin@example.com, null, null, 1, 1, 1, 1, 1, 2026-08-11 20:00:08, 2026-08-13 22:28:45
<==      Total: 1
JDBC Connection [com.alibaba.druid.pool.DruidStatementConnection@e2696e8] will not be managed by Spring
==>  Preparing: SELECT id,username,password,nickname,email,phone,avatar,identity_type,enabled,account_non_expired,account_non_locked,credentials_non_expired,create_time,update_time FROM sys_user WHERE (username = ?)
==> Parameters: admin(String)
<==    Columns: id, username, password, nickname, email, phone, avatar, identity_type, enabled, account_non_expired, account_non_locked, credentials_non_expired, create_time, update_time
<==        Row: 1, admin, $2a$10$ov3NUrdkAHujSRdGbDZF6O9h2cjZq4Zl17fL3TA5Nhs94mE/PmH8e, 管理员, admin@example.com, null, null, 1, 1, 1, 1, 1, 2026-08-11 20:00:08, 2026-08-13 22:28:45
<==      Total: 1
JDBC Connection [com.alibaba.druid.pool.DruidStatementConnection@e2696e8] will not be managed by Spring
==>  Preparing: SELECT id,username,password,nickname,email,phone,avatar,identity_type,enabled,account_non_expired,account_non_locked,credentials_non_expired,create_time,update_time FROM sys_user WHERE (username = ?)
==> Parameters: resource-server(String)
<==      Total: 0
2026-08-15T11:17:04.919+08:00 DEBUG 11564 --- [iam-authorization-server] [nio-9000-exec-1] n.x.a.service.AuthSessionService         : 跳过非用户 principal: resource-server
JDBC Connection [com.alibaba.druid.pool.DruidStatementConnection@e2696e8] will not be managed by Spring
==>  Preparing: SELECT id,username,password,nickname,email,phone,avatar,identity_type,enabled,account_non_expired,account_non_locked,credentials_non_expired,create_time,update_time FROM sys_user WHERE (username = ?)
==> Parameters: admin-app(String)
<==      Total: 0
2026-08-15T11:17:04.924+08:00 DEBUG 11564 --- [iam-authorization-server] [nio-9000-exec-1] n.x.a.service.AuthSessionService         : 跳过非用户 principal: admin-app
JDBC Connection [com.alibaba.druid.pool.DruidStatementConnection@e2696e8] will not be managed by Spring
==>  Preparing: SELECT id,username,password,nickname,email,phone,avatar,identity_type,enabled,account_non_expired,account_non_locked,credentials_non_expired,create_time,update_time FROM sys_user WHERE (username = ?)
==> Parameters: user(String)
<==    Columns: id, username, password, nickname, email, phone, avatar, identity_type, enabled, account_non_expired, account_non_locked, credentials_non_expired, create_time, update_time
<==        Row: 2, user, $2a$10$ov3NUrdkAHujSRdGbDZF6O9h2cjZq4Zl17fL3TA5Nhs94mE/PmH8e, 普通用户, user@example.com, null, null, 2, 1, 1, 1, 1, 2026-08-11 20:00:08, 2026-08-11 20:00:08
<==      Total: 1
JDBC Connection [com.alibaba.druid.pool.DruidStatementConnection@e2696e8] will not be managed by Spring
==>  Preparing: SELECT id,username,password,nickname,email,phone,avatar,identity_type,enabled,account_non_expired,account_non_locked,credentials_non_expired,create_time,update_time FROM sys_user WHERE (username = ?)
==> Parameters: user(String)
<==    Columns: id, username, password, nickname, email, phone, avatar, identity_type, enabled, account_non_expired, account_non_locked, credentials_non_expired, create_time, update_time
<==        Row: 2, user, $2a$10$ov3NUrdkAHujSRdGbDZF6O9h2cjZq4Zl17fL3TA5Nhs94mE/PmH8e, 普通用户, user@example.com, null, null, 2, 1, 1, 1, 1, 2026-08-11 20:00:08, 2026-08-11 20:00:08
<==      Total: 1
2026-08-15T11:17:04.949+08:00 DEBUG 11564 --- [iam-authorization-server] [nio-9000-exec-2] o.s.security.web.FilterChainProxy        : Securing GET /api/admin/sessions/online
JDBC Connection [com.alibaba.druid.pool.DruidStatementConnection@e2696e8] will not be managed by Spring
==>  Preparing: SELECT id,username,password,nickname,email,phone,avatar,identity_type,enabled,account_non_expired,account_non_locked,credentials_non_expired,create_time,update_time FROM sys_user WHERE (username = ?)
==> Parameters: admin(String)
<==    Columns: id, username, password, nickname, email, phone, avatar, identity_type, enabled, account_non_expired, account_non_locked, credentials_non_expired, create_time, update_time
<==        Row: 1, admin, $2a$10$ov3NUrdkAHujSRdGbDZF6O9h2cjZq4Zl17fL3TA5Nhs94mE/PmH8e, 管理员, admin@example.com, null, null, 1, 1, 1, 1, 1, 2026-08-11 20:00:08, 2026-08-13 22:28:45
<==      Total: 1
2026-08-15T11:17:04.959+08:00 DEBUG 11564 --- [iam-authorization-server] [nio-9000-exec-2] n.x.a.s.t.RedisOpaqueTokenIntrospector   : Opaque token introspect success, sub=admin, scope=[read, openid, profile, write]
2026-08-15T11:17:04.960+08:00 DEBUG 11564 --- [iam-authorization-server] [nio-9000-exec-2] .s.r.a.OpaqueTokenAuthenticationProvider : Authenticated token
2026-08-15T11:17:04.960+08:00 DEBUG 11564 --- [iam-authorization-server] [nio-9000-exec-2] .s.r.w.a.BearerTokenAuthenticationFilter : Set SecurityContextHolder to BearerTokenAuthentication [Principal=net.xzh.authserver.security.token.RedisOpaqueTokenIntrospector$OpaquePrincipal@29823e7a, Credentials=[PROTECTED], Authenticated=true, Details=WebAuthenticationDetails [RemoteIpAddress=127.0.0.1, SessionId=null], Granted Authorities=[ROLE_ADMIN]]
2026-08-15T11:17:04.961+08:00 DEBUG 11564 --- [iam-authorization-server] [nio-9000-exec-2] o.s.security.web.FilterChainProxy        : Secured GET /api/admin/sessions/online
JDBC Connection [com.alibaba.druid.pool.DruidStatementConnection@e2696e8] will not be managed by Spring
==>  Preparing: SELECT id,username,password,nickname,email,phone,avatar,identity_type,enabled,account_non_expired,account_non_locked,credentials_non_expired,create_time,update_time FROM sys_user WHERE (username = ?)
==> Parameters: admin(String)
<==    Columns: id, username, password, nickname, email, phone, avatar, identity_type, enabled, account_non_expired, account_non_locked, credentials_non_expired, create_time, update_time
<==        Row: 1, admin, $2a$10$ov3NUrdkAHujSRdGbDZF6O9h2cjZq4Zl17fL3TA5Nhs94mE/PmH8e, 管理员, admin@example.com, null, null, 1, 1, 1, 1, 1, 2026-08-11 20:00:08, 2026-08-13 22:28:45
<==      Total: 1
JDBC Connection [com.alibaba.druid.pool.DruidStatementConnection@e2696e8] will not be managed by Spring
==>  Preparing: SELECT id,username,password,nickname,email,phone,avatar,identity_type,enabled,account_non_expired,account_non_locked,credentials_non_expired,create_time,update_time FROM sys_user WHERE (username = ?)
==> Parameters: admin(String)
<==    Columns: id, username, password, nickname, email, phone, avatar, identity_type, enabled, account_non_expired, account_non_locked, credentials_non_expired, create_time, update_time
<==        Row: 1, admin, $2a$10$ov3NUrdkAHujSRdGbDZF6O9h2cjZq4Zl17fL3TA5Nhs94mE/PmH8e, 管理员, admin@example.com, null, null, 1, 1, 1, 1, 1, 2026-08-11 20:00:08, 2026-08-13 22:28:45
<==      Total: 1
JDBC Connection [com.alibaba.druid.pool.DruidStatementConnection@e2696e8] will not be managed by Spring
==>  Preparing: SELECT id,username,password,nickname,email,phone,avatar,identity_type,enabled,account_non_expired,account_non_locked,credentials_non_expired,create_time,update_time FROM sys_user WHERE (username = ?)
==> Parameters: resource-server(String)
<==      Total: 0
2026-08-15T11:17:06.057+08:00 DEBUG 11564 --- [iam-authorization-server] [nio-9000-exec-2] n.x.a.service.AuthSessionService         : 跳过非用户 principal: resource-server
JDBC Connection [com.alibaba.druid.pool.DruidStatementConnection@e2696e8] will not be managed by Spring
==>  Preparing: SELECT id,username,password,nickname,email,phone,avatar,identity_type,enabled,account_non_expired,account_non_locked,credentials_non_expired,create_time,update_time FROM sys_user WHERE (username = ?)
==> Parameters: admin-app(String)
<==      Total: 0
2026-08-15T11:17:06.063+08:00 DEBUG 11564 --- [iam-authorization-server] [nio-9000-exec-2] n.x.a.service.AuthSessionService         : 跳过非用户 principal: admin-app
JDBC Connection [com.alibaba.druid.pool.DruidStatementConnection@e2696e8] will not be managed by Spring
==>  Preparing: SELECT id,username,password,nickname,email,phone,avatar,identity_type,enabled,account_non_expired,account_non_locked,credentials_non_expired,create_time,update_time FROM sys_user WHERE (username = ?)
==> Parameters: user(String)
<==    Columns: id, username, password, nickname, email, phone, avatar, identity_type, enabled, account_non_expired, account_non_locked, credentials_non_expired, create_time, update_time
<==        Row: 2, user, $2a$10$ov3NUrdkAHujSRdGbDZF6O9h2cjZq4Zl17fL3TA5Nhs94mE/PmH8e, 普通用户, user@example.com, null, null, 2, 1, 1, 1, 1, 2026-08-11 20:00:08, 2026-08-11 20:00:08
<==      Total: 1
JDBC Connection [com.alibaba.druid.pool.DruidStatementConnection@e2696e8] will not be managed by Spring
==>  Preparing: SELECT id,username,password,nickname,email,phone,avatar,identity_type,enabled,account_non_expired,account_non_locked,credentials_non_expired,create_time,update_time FROM sys_user WHERE (username = ?)
==> Parameters: user(String)
<==    Columns: id, username, password, nickname, email, phone, avatar, identity_type, enabled, account_non_expired, account_non_locked, credentials_non_expired, create_time, update_time
<==        Row: 2, user, $2a$10$ov3NUrdkAHujSRdGbDZF6O9h2cjZq4Zl17fL3TA5Nhs94mE/PmH8e, 普通用户, user@example.com, null, null, 2, 1, 1, 1, 1, 2026-08-11 20:00:08, 2026-08-11 20:00:08
<==      Total: 1
2026-08-15T11:17:12.783+08:00 DEBUG 11564 --- [iam-authorization-server] [nio-9000-exec-5] o.s.security.web.FilterChainProxy        : Securing GET /api/admin/records/consents
JDBC Connection [com.alibaba.druid.pool.DruidStatementConnection@e2696e8] will not be managed by Spring
==>  Preparing: SELECT id,username,password,nickname,email,phone,avatar,identity_type,enabled,account_non_expired,account_non_locked,credentials_non_expired,create_time,update_time FROM sys_user WHERE (username = ?)
==> Parameters: admin(String)
<==    Columns: id, username, password, nickname, email, phone, avatar, identity_type, enabled, account_non_expired, account_non_locked, credentials_non_expired, create_time, update_time
<==        Row: 1, admin, $2a$10$ov3NUrdkAHujSRdGbDZF6O9h2cjZq4Zl17fL3TA5Nhs94mE/PmH8e, 管理员, admin@example.com, null, null, 1, 1, 1, 1, 1, 2026-08-11 20:00:08, 2026-08-13 22:28:45
<==      Total: 1
2026-08-15T11:17:12.796+08:00 DEBUG 11564 --- [iam-authorization-server] [nio-9000-exec-5] n.x.a.s.t.RedisOpaqueTokenIntrospector   : Opaque token introspect success, sub=admin, scope=[read, openid, profile, write]
2026-08-15T11:17:12.797+08:00 DEBUG 11564 --- [iam-authorization-server] [nio-9000-exec-5] .s.r.a.OpaqueTokenAuthenticationProvider : Authenticated token
2026-08-15T11:17:12.798+08:00 DEBUG 11564 --- [iam-authorization-server] [nio-9000-exec-5] .s.r.w.a.BearerTokenAuthenticationFilter : Set SecurityContextHolder to BearerTokenAuthentication [Principal=net.xzh.authserver.security.token.RedisOpaqueTokenIntrospector$OpaquePrincipal@1237d101, Credentials=[PROTECTED], Authenticated=true, Details=WebAuthenticationDetails [RemoteIpAddress=127.0.0.1, SessionId=null], Granted Authorities=[ROLE_ADMIN]]
2026-08-15T11:17:12.798+08:00 DEBUG 11564 --- [iam-authorization-server] [nio-9000-exec-5] o.s.security.web.FilterChainProxy        : Secured GET /api/admin/records/consents
Creating a new SqlSession
SqlSession [org.apache.ibatis.session.defaults.DefaultSqlSession@6e2ad895] was not registered for synchronization because synchronization is not active
JDBC Connection [com.alibaba.druid.pool.DruidStatementConnection@e2696e8] will not be managed by Spring
==>  Preparing: SELECT * FROM oauth2_authorization_consent ORDER BY principal_name, registered_client_id
==> Parameters: 
<==      Total: 0
Closing non transactional SqlSession [org.apache.ibatis.session.defaults.DefaultSqlSession@6e2ad895]
2026-08-15T11:17:16.574+08:00 DEBUG 11564 --- [iam-authorization-server] [nio-9000-exec-6] o.s.security.web.FilterChainProxy        : Securing GET /api/admin/users
2026-08-15T11:17:16.579+08:00 DEBUG 11564 --- [iam-authorization-server] [nio-9000-exec-7] o.s.security.web.FilterChainProxy        : Securing POST /oauth2/introspect
JDBC Connection [com.alibaba.druid.pool.DruidStatementConnection@e2696e8] will not be managed by Spring
==>  Preparing: SELECT id,username,password,nickname,email,phone,avatar,identity_type,enabled,account_non_expired,account_non_locked,credentials_non_expired,create_time,update_time FROM sys_user WHERE (username = ?)
==> Parameters: admin(String)
<==    Columns: id, username, password, nickname, email, phone, avatar, identity_type, enabled, account_non_expired, account_non_locked, credentials_non_expired, create_time, update_time
<==        Row: 1, admin, $2a$10$ov3NUrdkAHujSRdGbDZF6O9h2cjZq4Zl17fL3TA5Nhs94mE/PmH8e, 管理员, admin@example.com, null, null, 1, 1, 1, 1, 1, 2026-08-11 20:00:08, 2026-08-13 22:28:45
<==      Total: 1
2026-08-15T11:17:16.586+08:00 DEBUG 11564 --- [iam-authorization-server] [nio-9000-exec-6] n.x.a.s.t.RedisOpaqueTokenIntrospector   : Opaque token introspect success, sub=admin, scope=[read, openid, profile, write]
2026-08-15T11:17:16.586+08:00 DEBUG 11564 --- [iam-authorization-server] [nio-9000-exec-6] .s.r.a.OpaqueTokenAuthenticationProvider : Authenticated token
2026-08-15T11:17:16.587+08:00 DEBUG 11564 --- [iam-authorization-server] [nio-9000-exec-6] .s.r.w.a.BearerTokenAuthenticationFilter : Set SecurityContextHolder to BearerTokenAuthentication [Principal=net.xzh.authserver.security.token.RedisOpaqueTokenIntrospector$OpaquePrincipal@3a8dc011, Credentials=[PROTECTED], Authenticated=true, Details=WebAuthenticationDetails [RemoteIpAddress=127.0.0.1, SessionId=null], Granted Authorities=[ROLE_ADMIN]]
2026-08-15T11:17:16.587+08:00 DEBUG 11564 --- [iam-authorization-server] [nio-9000-exec-6] o.s.security.web.FilterChainProxy        : Secured GET /api/admin/users
Creating a new SqlSession
SqlSession [org.apache.ibatis.session.defaults.DefaultSqlSession@3c58658e] was not registered for synchronization because synchronization is not active
JDBC Connection [com.alibaba.druid.pool.DruidStatementConnection@e2696e8] will not be managed by Spring
==>  Preparing: SELECT id,username,password,nickname,email,phone,avatar,identity_type,enabled,account_non_expired,account_non_locked,credentials_non_expired,create_time,update_time FROM sys_user
==> Parameters: 
<==    Columns: id, username, password, nickname, email, phone, avatar, identity_type, enabled, account_non_expired, account_non_locked, credentials_non_expired, create_time, update_time
<==        Row: 1, admin, $2a$10$ov3NUrdkAHujSRdGbDZF6O9h2cjZq4Zl17fL3TA5Nhs94mE/PmH8e, 管理员, admin@example.com, null, null, 1, 1, 1, 1, 1, 2026-08-11 20:00:08, 2026-08-13 22:28:45
<==        Row: 2, user, $2a$10$ov3NUrdkAHujSRdGbDZF6O9h2cjZq4Zl17fL3TA5Nhs94mE/PmH8e, 普通用户, user@example.com, null, null, 2, 1, 1, 1, 1, 2026-08-11 20:00:08, 2026-08-11 20:00:08
<==      Total: 2
Closing non transactional SqlSession [org.apache.ibatis.session.defaults.DefaultSqlSession@3c58658e]
2026-08-15T11:17:16.698+08:00 DEBUG 11564 --- [iam-authorization-server] [nio-9000-exec-7] o.s.a.w.OAuth2ClientAuthenticationFilter : Set SecurityContextHolder authentication to OAuth2ClientAuthenticationToken
2026-08-15T11:17:16.706+08:00  INFO 11564 --- [iam-authorization-server] [nio-9000-exec-7] n.x.a.s.session.RedisSessionRegistry     : [RedisSessionRegistry] 注册会话: principal=resource-server, sessionId=2ba563b2-be76-4038-901a-ef059f901ed7
2026-08-15T11:17:26.532+08:00 DEBUG 11564 --- [iam-authorization-server] [nio-9000-exec-8] o.s.security.web.FilterChainProxy        : Securing GET /api/admin/users/1
JDBC Connection [com.alibaba.druid.pool.DruidStatementConnection@e2696e8] will not be managed by Spring
==>  Preparing: SELECT id,username,password,nickname,email,phone,avatar,identity_type,enabled,account_non_expired,account_non_locked,credentials_non_expired,create_time,update_time FROM sys_user WHERE (username = ?)
==> Parameters: admin(String)
<==    Columns: id, username, password, nickname, email, phone, avatar, identity_type, enabled, account_non_expired, account_non_locked, credentials_non_expired, create_time, update_time
<==        Row: 1, admin, $2a$10$ov3NUrdkAHujSRdGbDZF6O9h2cjZq4Zl17fL3TA5Nhs94mE/PmH8e, 管理员, admin@example.com, null, null, 1, 1, 1, 1, 1, 2026-08-11 20:00:08, 2026-08-13 22:28:45
<==      Total: 1
2026-08-15T11:17:26.542+08:00 DEBUG 11564 --- [iam-authorization-server] [nio-9000-exec-8] n.x.a.s.t.RedisOpaqueTokenIntrospector   : Opaque token introspect success, sub=admin, scope=[read, openid, profile, write]
2026-08-15T11:17:26.542+08:00 DEBUG 11564 --- [iam-authorization-server] [nio-9000-exec-8] .s.r.a.OpaqueTokenAuthenticationProvider : Authenticated token
2026-08-15T11:17:26.542+08:00 DEBUG 11564 --- [iam-authorization-server] [nio-9000-exec-8] .s.r.w.a.BearerTokenAuthenticationFilter : Set SecurityContextHolder to BearerTokenAuthentication [Principal=net.xzh.authserver.security.token.RedisOpaqueTokenIntrospector$OpaquePrincipal@4c5d8956, Credentials=[PROTECTED], Authenticated=true, Details=WebAuthenticationDetails [RemoteIpAddress=127.0.0.1, SessionId=null], Granted Authorities=[ROLE_ADMIN]]
2026-08-15T11:17:26.543+08:00 DEBUG 11564 --- [iam-authorization-server] [nio-9000-exec-8] o.s.security.web.FilterChainProxy        : Secured GET /api/admin/users/1
Creating a new SqlSession
SqlSession [org.apache.ibatis.session.defaults.DefaultSqlSession@255ee796] was not registered for synchronization because synchronization is not active
JDBC Connection [com.alibaba.druid.pool.DruidStatementConnection@e2696e8] will not be managed by Spring
==>  Preparing: SELECT id,username,password,nickname,email,phone,avatar,identity_type,enabled,account_non_expired,account_non_locked,credentials_non_expired,create_time,update_time FROM sys_user WHERE id=?
==> Parameters: 1(Long)
<==    Columns: id, username, password, nickname, email, phone, avatar, identity_type, enabled, account_non_expired, account_non_locked, credentials_non_expired, create_time, update_time
<==        Row: 1, admin, $2a$10$ov3NUrdkAHujSRdGbDZF6O9h2cjZq4Zl17fL3TA5Nhs94mE/PmH8e, 管理员, admin@example.com, null, null, 1, 1, 1, 1, 1, 2026-08-11 20:00:08, 2026-08-13 22:28:45
<==      Total: 1
Closing non transactional SqlSession [org.apache.ibatis.session.defaults.DefaultSqlSession@255ee796]
2026-08-15T11:17:29.343+08:00 DEBUG 11564 --- [iam-authorization-server] [nio-9000-exec-9] o.s.security.web.FilterChainProxy        : Securing GET /api/admin/users/1
JDBC Connection [com.alibaba.druid.pool.DruidStatementConnection@e2696e8] will not be managed by Spring
==>  Preparing: SELECT id,username,password,nickname,email,phone,avatar,identity_type,enabled,account_non_expired,account_non_locked,credentials_non_expired,create_time,update_time FROM sys_user WHERE (username = ?)
==> Parameters: admin(String)
<==    Columns: id, username, password, nickname, email, phone, avatar, identity_type, enabled, account_non_expired, account_non_locked, credentials_non_expired, create_time, update_time
<==        Row: 1, admin, $2a$10$ov3NUrdkAHujSRdGbDZF6O9h2cjZq4Zl17fL3TA5Nhs94mE/PmH8e, 管理员, admin@example.com, null, null, 1, 1, 1, 1, 1, 2026-08-11 20:00:08, 2026-08-13 22:28:45
<==      Total: 1
2026-08-15T11:17:29.355+08:00 DEBUG 11564 --- [iam-authorization-server] [nio-9000-exec-9] n.x.a.s.t.RedisOpaqueTokenIntrospector   : Opaque token introspect success, sub=admin, scope=[read, openid, profile, write]
2026-08-15T11:17:29.356+08:00 DEBUG 11564 --- [iam-authorization-server] [nio-9000-exec-9] .s.r.a.OpaqueTokenAuthenticationProvider : Authenticated token
2026-08-15T11:17:29.356+08:00 DEBUG 11564 --- [iam-authorization-server] [nio-9000-exec-9] .s.r.w.a.BearerTokenAuthenticationFilter : Set SecurityContextHolder to BearerTokenAuthentication [Principal=net.xzh.authserver.security.token.RedisOpaqueTokenIntrospector$OpaquePrincipal@594288c8, Credentials=[PROTECTED], Authenticated=true, Details=WebAuthenticationDetails [RemoteIpAddress=127.0.0.1, SessionId=null], Granted Authorities=[ROLE_ADMIN]]
2026-08-15T11:17:29.357+08:00 DEBUG 11564 --- [iam-authorization-server] [nio-9000-exec-9] o.s.security.web.FilterChainProxy        : Secured GET /api/admin/users/1
Creating a new SqlSession
SqlSession [org.apache.ibatis.session.defaults.DefaultSqlSession@1e973cbb] was not registered for synchronization because synchronization is not active
JDBC Connection [com.alibaba.druid.pool.DruidStatementConnection@e2696e8] will not be managed by Spring
==>  Preparing: SELECT id,username,password,nickname,email,phone,avatar,identity_type,enabled,account_non_expired,account_non_locked,credentials_non_expired,create_time,update_time FROM sys_user WHERE id=?
==> Parameters: 1(Long)
<==    Columns: id, username, password, nickname, email, phone, avatar, identity_type, enabled, account_non_expired, account_non_locked, credentials_non_expired, create_time, update_time
<==        Row: 1, admin, $2a$10$ov3NUrdkAHujSRdGbDZF6O9h2cjZq4Zl17fL3TA5Nhs94mE/PmH8e, 管理员, admin@example.com, null, null, 1, 1, 1, 1, 1, 2026-08-11 20:00:08, 2026-08-13 22:28:45
<==      Total: 1
Closing non transactional SqlSession [org.apache.ibatis.session.defaults.DefaultSqlSession@1e973cbb]
2026-08-15T11:17:31.226+08:00 DEBUG 11564 --- [iam-authorization-server] [io-9000-exec-10] o.s.security.web.FilterChainProxy        : Securing POST /oauth2/introspect
2026-08-15T11:17:31.348+08:00 DEBUG 11564 --- [iam-authorization-server] [io-9000-exec-10] o.s.a.w.OAuth2ClientAuthenticationFilter : Set SecurityContextHolder authentication to OAuth2ClientAuthenticationToken
2026-08-15T11:17:31.394+08:00  INFO 11564 --- [iam-authorization-server] [io-9000-exec-10] n.x.a.s.session.RedisSessionRegistry     : [RedisSessionRegistry] 注册会话: principal=resource-server, sessionId=64b7a40e-5859-435e-aad8-b78643962e59
2026-08-15T11:17:52.712+08:00 DEBUG 11564 --- [iam-authorization-server] [nio-9000-exec-4] o.s.security.web.FilterChainProxy        : Securing POST /oauth2/introspect
2026-08-15T11:17:52.834+08:00 DEBUG 11564 --- [iam-authorization-server] [nio-9000-exec-4] o.s.a.w.OAuth2ClientAuthenticationFilter : Set SecurityContextHolder authentication to OAuth2ClientAuthenticationToken
2026-08-15T11:17:52.882+08:00  INFO 11564 --- [iam-authorization-server] [nio-9000-exec-4] n.x.a.s.session.RedisSessionRegistry     : [RedisSessionRegistry] 注册会话: principal=resource-server, sessionId=a842c6ee-6033-44c7-925e-51bed83f6139
2026-08-15T11:17:53.988+08:00 DEBUG 11564 --- [iam-authorization-server] [nio-9000-exec-3] o.s.security.web.FilterChainProxy        : Securing POST /oauth2/introspect
2026-08-15T11:17:54.108+08:00 DEBUG 11564 --- [iam-authorization-server] [nio-9000-exec-3] o.s.a.w.OAuth2ClientAuthenticationFilter : Set SecurityContextHolder authentication to OAuth2ClientAuthenticationToken
2026-08-15T11:17:54.155+08:00  INFO 11564 --- [iam-authorization-server] [nio-9000-exec-3] n.x.a.s.session.RedisSessionRegistry     : [RedisSessionRegistry] 注册会话: principal=resource-server, sessionId=2b0268ad-d8fe-48b8-80e0-4793af43e8a5
2026-08-15T11:18:01.007+08:00 DEBUG 11564 --- [iam-authorization-server] [nio-9000-exec-2] o.s.security.web.FilterChainProxy        : Securing GET /api/admin/users
2026-08-15T11:18:01.012+08:00 DEBUG 11564 --- [iam-authorization-server] [nio-9000-exec-5] o.s.security.web.FilterChainProxy        : Securing POST /oauth2/introspect
JDBC Connection [com.alibaba.druid.pool.DruidStatementConnection@e2696e8] will not be managed by Spring
==>  Preparing: SELECT id,username,password,nickname,email,phone,avatar,identity_type,enabled,account_non_expired,account_non_locked,credentials_non_expired,create_time,update_time FROM sys_user WHERE (username = ?)
==> Parameters: admin(String)
<==    Columns: id, username, password, nickname, email, phone, avatar, identity_type, enabled, account_non_expired, account_non_locked, credentials_non_expired, create_time, update_time
<==        Row: 1, admin, $2a$10$ov3NUrdkAHujSRdGbDZF6O9h2cjZq4Zl17fL3TA5Nhs94mE/PmH8e, 管理员, admin@example.com, null, null, 1, 1, 1, 1, 1, 2026-08-11 20:00:08, 2026-08-13 22:28:45
<==      Total: 1
2026-08-15T11:18:01.020+08:00 DEBUG 11564 --- [iam-authorization-server] [nio-9000-exec-2] n.x.a.s.t.RedisOpaqueTokenIntrospector   : Opaque token introspect success, sub=admin, scope=[read, openid, profile, write]
2026-08-15T11:18:01.020+08:00 DEBUG 11564 --- [iam-authorization-server] [nio-9000-exec-2] .s.r.a.OpaqueTokenAuthenticationProvider : Authenticated token
2026-08-15T11:18:01.021+08:00 DEBUG 11564 --- [iam-authorization-server] [nio-9000-exec-2] .s.r.w.a.BearerTokenAuthenticationFilter : Set SecurityContextHolder to BearerTokenAuthentication [Principal=net.xzh.authserver.security.token.RedisOpaqueTokenIntrospector$OpaquePrincipal@64cf0a96, Credentials=[PROTECTED], Authenticated=true, Details=WebAuthenticationDetails [RemoteIpAddress=127.0.0.1, SessionId=null], Granted Authorities=[ROLE_ADMIN]]
2026-08-15T11:18:01.021+08:00 DEBUG 11564 --- [iam-authorization-server] [nio-9000-exec-2] o.s.security.web.FilterChainProxy        : Secured GET /api/admin/users
Creating a new SqlSession
SqlSession [org.apache.ibatis.session.defaults.DefaultSqlSession@34f45672] was not registered for synchronization because synchronization is not active
JDBC Connection [com.alibaba.druid.pool.DruidStatementConnection@e2696e8] will not be managed by Spring
==>  Preparing: SELECT id,username,password,nickname,email,phone,avatar,identity_type,enabled,account_non_expired,account_non_locked,credentials_non_expired,create_time,update_time FROM sys_user
==> Parameters: 
<==    Columns: id, username, password, nickname, email, phone, avatar, identity_type, enabled, account_non_expired, account_non_locked, credentials_non_expired, create_time, update_time
<==        Row: 1, admin, $2a$10$ov3NUrdkAHujSRdGbDZF6O9h2cjZq4Zl17fL3TA5Nhs94mE/PmH8e, 管理员, admin@example.com, null, null, 1, 1, 1, 1, 1, 2026-08-11 20:00:08, 2026-08-13 22:28:45
<==        Row: 2, user, $2a$10$ov3NUrdkAHujSRdGbDZF6O9h2cjZq4Zl17fL3TA5Nhs94mE/PmH8e, 普通用户, user@example.com, null, null, 2, 1, 1, 1, 1, 2026-08-11 20:00:08, 2026-08-11 20:00:08
<==      Total: 2
Closing non transactional SqlSession [org.apache.ibatis.session.defaults.DefaultSqlSession@34f45672]
2026-08-15T11:18:01.135+08:00 DEBUG 11564 --- [iam-authorization-server] [nio-9000-exec-5] o.s.a.w.OAuth2ClientAuthenticationFilter : Set SecurityContextHolder authentication to OAuth2ClientAuthenticationToken
2026-08-15T11:18:01.182+08:00  INFO 11564 --- [iam-authorization-server] [nio-9000-exec-5] n.x.a.s.session.RedisSessionRegistry     : [RedisSessionRegistry] 注册会话: principal=resource-server, sessionId=a0c4c220-bd1d-430e-8a8a-95e0d13524ef
2026-08-15T11:18:02.273+08:00 DEBUG 11564 --- [iam-authorization-server] [nio-9000-exec-6] o.s.security.web.FilterChainProxy        : Securing GET /api/admin/users/1
JDBC Connection [com.alibaba.druid.pool.DruidStatementConnection@e2696e8] will not be managed by Spring
==>  Preparing: SELECT id,username,password,nickname,email,phone,avatar,identity_type,enabled,account_non_expired,account_non_locked,credentials_non_expired,create_time,update_time FROM sys_user WHERE (username = ?)
==> Parameters: admin(String)
<==    Columns: id, username, password, nickname, email, phone, avatar, identity_type, enabled, account_non_expired, account_non_locked, credentials_non_expired, create_time, update_time
<==        Row: 1, admin, $2a$10$ov3NUrdkAHujSRdGbDZF6O9h2cjZq4Zl17fL3TA5Nhs94mE/PmH8e, 管理员, admin@example.com, null, null, 1, 1, 1, 1, 1, 2026-08-11 20:00:08, 2026-08-13 22:28:45
<==      Total: 1
2026-08-15T11:18:02.283+08:00 DEBUG 11564 --- [iam-authorization-server] [nio-9000-exec-6] n.x.a.s.t.RedisOpaqueTokenIntrospector   : Opaque token introspect success, sub=admin, scope=[read, openid, profile, write]
2026-08-15T11:18:02.283+08:00 DEBUG 11564 --- [iam-authorization-server] [nio-9000-exec-6] .s.r.a.OpaqueTokenAuthenticationProvider : Authenticated token
2026-08-15T11:18:02.284+08:00 DEBUG 11564 --- [iam-authorization-server] [nio-9000-exec-6] .s.r.w.a.BearerTokenAuthenticationFilter : Set SecurityContextHolder to BearerTokenAuthentication [Principal=net.xzh.authserver.security.token.RedisOpaqueTokenIntrospector$OpaquePrincipal@2985f0f2, Credentials=[PROTECTED], Authenticated=true, Details=WebAuthenticationDetails [RemoteIpAddress=127.0.0.1, SessionId=null], Granted Authorities=[ROLE_ADMIN]]
2026-08-15T11:18:02.284+08:00 DEBUG 11564 --- [iam-authorization-server] [nio-9000-exec-6] o.s.security.web.FilterChainProxy        : Secured GET /api/admin/users/1
Creating a new SqlSession
SqlSession [org.apache.ibatis.session.defaults.DefaultSqlSession@3c6168e5] was not registered for synchronization because synchronization is not active
JDBC Connection [com.alibaba.druid.pool.DruidStatementConnection@e2696e8] will not be managed by Spring
==>  Preparing: SELECT id,username,password,nickname,email,phone,avatar,identity_type,enabled,account_non_expired,account_non_locked,credentials_non_expired,create_time,update_time FROM sys_user WHERE id=?
==> Parameters: 1(Long)
<==    Columns: id, username, password, nickname, email, phone, avatar, identity_type, enabled, account_non_expired, account_non_locked, credentials_non_expired, create_time, update_time
<==        Row: 1, admin, $2a$10$ov3NUrdkAHujSRdGbDZF6O9h2cjZq4Zl17fL3TA5Nhs94mE/PmH8e, 管理员, admin@example.com, null, null, 1, 1, 1, 1, 1, 2026-08-11 20:00:08, 2026-08-13 22:28:45
<==      Total: 1
Closing non transactional SqlSession [org.apache.ibatis.session.defaults.DefaultSqlSession@3c6168e5]
2026-08-15T11:18:43.786+08:00 DEBUG 11564 --- [iam-authorization-server] [nio-9000-exec-7] o.s.security.web.FilterChainProxy        : Securing POST /oauth2/introspect
2026-08-15T11:18:43.911+08:00 DEBUG 11564 --- [iam-authorization-server] [nio-9000-exec-7] o.s.a.w.OAuth2ClientAuthenticationFilter : Set SecurityContextHolder authentication to OAuth2ClientAuthenticationToken
2026-08-15T11:18:43.960+08:00  INFO 11564 --- [iam-authorization-server] [nio-9000-exec-7] n.x.a.s.session.RedisSessionRegistry     : [RedisSessionRegistry] 注册会话: principal=resource-server, sessionId=d5359e8e-651a-41d7-8ae5-778746735c8c
2026-08-15T11:18:46.724+08:00 DEBUG 11564 --- [iam-authorization-server] [nio-9000-exec-8] o.s.security.web.FilterChainProxy        : Securing POST /oauth2/introspect
2026-08-15T11:18:46.858+08:00 DEBUG 11564 --- [iam-authorization-server] [nio-9000-exec-8] o.s.a.w.OAuth2ClientAuthenticationFilter : Set SecurityContextHolder authentication to OAuth2ClientAuthenticationToken
2026-08-15T11:18:46.905+08:00  INFO 11564 --- [iam-authorization-server] [nio-9000-exec-8] n.x.a.s.session.RedisSessionRegistry     : [RedisSessionRegistry] 注册会话: principal=resource-server, sessionId=eb82b376-70ca-4f64-b660-674c860b0e6e
2026-08-15T11:19:23.826+08:00 DEBUG 11564 --- [iam-authorization-server] [nio-9000-exec-4] o.s.security.web.FilterChainProxy        : Securing POST /oauth2/introspect
2026-08-15T11:19:23.951+08:00 DEBUG 11564 --- [iam-authorization-server] [nio-9000-exec-4] o.s.a.w.OAuth2ClientAuthenticationFilter : Set SecurityContextHolder authentication to OAuth2ClientAuthenticationToken
2026-08-15T11:19:23.999+08:00  INFO 11564 --- [iam-authorization-server] [nio-9000-exec-4] n.x.a.s.session.RedisSessionRegistry     : [RedisSessionRegistry] 注册会话: principal=resource-server, sessionId=052463e8-e676-4dda-860d-0c4557aa7814
2026-08-15T11:20:51.182+08:00 DEBUG 11564 --- [iam-authorization-server] [nio-9000-exec-1] o.s.security.web.FilterChainProxy        : Securing GET /api/admin/clients
JDBC Connection [com.alibaba.druid.pool.DruidStatementConnection@e2696e8] will not be managed by Spring
==>  Preparing: SELECT id,username,password,nickname,email,phone,avatar,identity_type,enabled,account_non_expired,account_non_locked,credentials_non_expired,create_time,update_time FROM sys_user WHERE (username = ?)
==> Parameters: admin(String)
<==    Columns: id, username, password, nickname, email, phone, avatar, identity_type, enabled, account_non_expired, account_non_locked, credentials_non_expired, create_time, update_time
<==        Row: 1, admin, $2a$10$ov3NUrdkAHujSRdGbDZF6O9h2cjZq4Zl17fL3TA5Nhs94mE/PmH8e, 管理员, admin@example.com, null, null, 1, 1, 1, 1, 1, 2026-08-11 20:00:08, 2026-08-13 22:28:45
<==      Total: 1
2026-08-15T11:20:51.195+08:00 DEBUG 11564 --- [iam-authorization-server] [nio-9000-exec-1] n.x.a.s.t.RedisOpaqueTokenIntrospector   : Opaque token introspect success, sub=admin, scope=[read, openid, profile, write]
2026-08-15T11:20:51.195+08:00 DEBUG 11564 --- [iam-authorization-server] [nio-9000-exec-1] .s.r.a.OpaqueTokenAuthenticationProvider : Authenticated token
2026-08-15T11:20:51.196+08:00 DEBUG 11564 --- [iam-authorization-server] [nio-9000-exec-1] .s.r.w.a.BearerTokenAuthenticationFilter : Set SecurityContextHolder to BearerTokenAuthentication [Principal=net.xzh.authserver.security.token.RedisOpaqueTokenIntrospector$OpaquePrincipal@14eaebba, Credentials=[PROTECTED], Authenticated=true, Details=WebAuthenticationDetails [RemoteIpAddress=127.0.0.1, SessionId=null], Granted Authorities=[ROLE_ADMIN]]
2026-08-15T11:20:51.196+08:00 DEBUG 11564 --- [iam-authorization-server] [nio-9000-exec-1] o.s.security.web.FilterChainProxy        : Secured GET /api/admin/clients
Creating a new SqlSession
SqlSession [org.apache.ibatis.session.defaults.DefaultSqlSession@56bb07c] was not registered for synchronization because synchronization is not active
JDBC Connection [com.alibaba.druid.pool.DruidStatementConnection@e2696e8] will not be managed by Spring
==>  Preparing: SELECT id,client_id,client_id_issued_at,client_secret,client_secret_expires_at,client_name,client_authentication_methods,authorization_grant_types,redirect_uris,post_logout_redirect_uris,scopes,client_settings,token_settings FROM oauth2_registered_client
==> Parameters: 
<==    Columns: id, client_id, client_id_issued_at, client_secret, client_secret_expires_at, client_name, client_authentication_methods, authorization_grant_types, redirect_uris, post_logout_redirect_uris, scopes, client_settings, token_settings
<==        Row: 1, resource-server, 2026-08-13 09:56:12, $2a$10$ov3NUrdkAHujSRdGbDZF6O9h2cjZq4Zl17fL3TA5Nhs94mE/PmH8e, null, 资源服务器, client_secret_basic, client_credentials, , , read,write, {"requireProofKey":false,"requireAuthorizationConsent":false}, {"accessTokenFormat":"reference","authorizationCodeTimeToLive":"PT5M","accessTokenTimeToLive":"PT30M","reuseRefreshTokens":false}
<==        Row: 2, admin-app, 2026-08-13 12:00:00, $2a$10$ov3NUrdkAHujSRdGbDZF6O9h2cjZq4Zl17fL3TA5Nhs94mE/PmH8e, null, 管理后台, client_secret_basic, refresh_token,authorization_code, http://localhost:8085/login/oauth2/code/admin-app, http://localhost:8001/logged-out, openid,profile,read,write, {"requireProofKey":false,"requireAuthorizationConsent":false}, {"accessTokenFormat":"reference","authorizationCodeTimeToLive":"PT5M","accessTokenTimeToLive":"PT2H","reuseRefreshTokens":true}
<==        Row: 3, portal-app, 2026-08-11 20:00:08, $2a$10$ov3NUrdkAHujSRdGbDZF6O9h2cjZq4Zl17fL3TA5Nhs94mE/PmH8e, null, 门户应用 (SSO), client_secret_basic, refresh_token,authorization_code, http://localhost:8083/portal-sso-callback,http://localhost:8081/portal-sso-callback,http://localhost:8080/login/oauth2/code/portal-app-oidc, http://localhost:8000/logged-out,http://localhost:8080/logged-out, openid,profile,email, {"requireProofKey":false,"requireAuthorizationConsent":false}, {"accessTokenFormat":"reference","authorizationCodeTimeToLive":"PT5M","accessTokenTimeToLive":"PT2H","reuseRefreshTokens":false}
<==        Row: 4, web-app, 2026-08-11 20:00:08, $2a$10$ov3NUrdkAHujSRdGbDZF6O9h2cjZq4Zl17fL3TA5Nhs94mE/PmH8e, null, Web 应用客户端, client_secret_basic,client_secret_post, authorization_code,refresh_token,password, http://localhost:8081/callback,http://127.0.0.1:8081/callback, http://localhost:8081/logout, openid,profile,email,read,write, {"requireProofKey":false,"requireAuthorizationConsent":true}, {"accessTokenFormat":"REFERENCE","accessTokenTimeToLive":"PT2H","reuseRefreshTokens":false,"idTokenSignatureAlgorithm":"RS256"}
<==        Row: 5, device-app, 2026-08-11 20:00:08, null, null, 设备码客户端, none, refresh_token,urn:ietf:params:oauth:grant-type:device_code, null, null, openid,profile,email,read, {"requireProofKey":false,"requireAuthorizationConsent":true}, {"accessTokenFormat":"REFERENCE","accessTokenTimeToLive":"PT1H","reuseRefreshTokens":false}
<==        Row: 6, mobile-app, 2026-08-11 20:00:08, null, null, 移动应用客户端(PKCE), none, authorization_code,refresh_token, com.example.mobileapp://oauth2/redirect,http://localhost:8083/callback, http://localhost:8083/logout, openid,profile,email,read,write, {"requireProofKey":true,"requireAuthorizationConsent":true}, {"accessTokenFormat":"REFERENCE","accessTokenTimeToLive":"PT2H","reuseRefreshTokens":false,"idTokenSignatureAlgorithm":"RS256"}
<==        Row: 7, service-app, 2026-08-11 20:00:08, $2a$10$ov3NUrdkAHujSRdGbDZF6O9h2cjZq4Zl17fL3TA5Nhs94mE/PmH8e, null, 服务间调用客户端, client_secret_basic, client_credentials, null, null, read,write, {"requireProofKey":false,"requireAuthorizationConsent":true}, {"accessTokenFormat":"REFERENCE","accessTokenTimeToLive":"PT30M","reuseRefreshTokens":false}
<==      Total: 7
Closing non transactional SqlSession [org.apache.ibatis.session.defaults.DefaultSqlSession@56bb07c]
2026-08-15T11:21:05.159+08:00 DEBUG 11564 --- [iam-authorization-server] [nio-9000-exec-2] o.s.security.web.FilterChainProxy        : Securing GET /api/admin/records/consents
JDBC Connection [com.alibaba.druid.pool.DruidStatementConnection@e2696e8] will not be managed by Spring
==>  Preparing: SELECT id,username,password,nickname,email,phone,avatar,identity_type,enabled,account_non_expired,account_non_locked,credentials_non_expired,create_time,update_time FROM sys_user WHERE (username = ?)
==> Parameters: admin(String)
<==    Columns: id, username, password, nickname, email, phone, avatar, identity_type, enabled, account_non_expired, account_non_locked, credentials_non_expired, create_time, update_time
<==        Row: 1, admin, $2a$10$ov3NUrdkAHujSRdGbDZF6O9h2cjZq4Zl17fL3TA5Nhs94mE/PmH8e, 管理员, admin@example.com, null, null, 1, 1, 1, 1, 1, 2026-08-11 20:00:08, 2026-08-13 22:28:45
<==      Total: 1
2026-08-15T11:21:05.170+08:00 DEBUG 11564 --- [iam-authorization-server] [nio-9000-exec-2] n.x.a.s.t.RedisOpaqueTokenIntrospector   : Opaque token introspect success, sub=admin, scope=[read, openid, profile, write]
2026-08-15T11:21:05.171+08:00 DEBUG 11564 --- [iam-authorization-server] [nio-9000-exec-2] .s.r.a.OpaqueTokenAuthenticationProvider : Authenticated token
2026-08-15T11:21:05.172+08:00 DEBUG 11564 --- [iam-authorization-server] [nio-9000-exec-2] .s.r.w.a.BearerTokenAuthenticationFilter : Set SecurityContextHolder to BearerTokenAuthentication [Principal=net.xzh.authserver.security.token.RedisOpaqueTokenIntrospector$OpaquePrincipal@4bd3775d, Credentials=[PROTECTED], Authenticated=true, Details=WebAuthenticationDetails [RemoteIpAddress=127.0.0.1, SessionId=null], Granted Authorities=[ROLE_ADMIN]]
2026-08-15T11:21:05.172+08:00 DEBUG 11564 --- [iam-authorization-server] [nio-9000-exec-2] o.s.security.web.FilterChainProxy        : Secured GET /api/admin/records/consents
Creating a new SqlSession
SqlSession [org.apache.ibatis.session.defaults.DefaultSqlSession@521e54b0] was not registered for synchronization because synchronization is not active
JDBC Connection [com.alibaba.druid.pool.DruidStatementConnection@e2696e8] will not be managed by Spring
==>  Preparing: SELECT * FROM oauth2_authorization_consent ORDER BY principal_name, registered_client_id
==> Parameters: 
<==      Total: 0
Closing non transactional SqlSession [org.apache.ibatis.session.defaults.DefaultSqlSession@521e54b0]
2026-08-15T11:21:16.426+08:00 DEBUG 11564 --- [iam-authorization-server] [nio-9000-exec-5] o.s.security.web.FilterChainProxy        : Securing GET /api/admin/sessions/online
JDBC Connection [com.alibaba.druid.pool.DruidStatementConnection@e2696e8] will not be managed by Spring
==>  Preparing: SELECT id,username,password,nickname,email,phone,avatar,identity_type,enabled,account_non_expired,account_non_locked,credentials_non_expired,create_time,update_time FROM sys_user WHERE (username = ?)
==> Parameters: admin(String)
<==    Columns: id, username, password, nickname, email, phone, avatar, identity_type, enabled, account_non_expired, account_non_locked, credentials_non_expired, create_time, update_time
<==        Row: 1, admin, $2a$10$ov3NUrdkAHujSRdGbDZF6O9h2cjZq4Zl17fL3TA5Nhs94mE/PmH8e, 管理员, admin@example.com, null, null, 1, 1, 1, 1, 1, 2026-08-11 20:00:08, 2026-08-13 22:28:45
<==      Total: 1
2026-08-15T11:21:16.436+08:00 DEBUG 11564 --- [iam-authorization-server] [nio-9000-exec-5] n.x.a.s.t.RedisOpaqueTokenIntrospector   : Opaque token introspect success, sub=admin, scope=[read, openid, profile, write]
2026-08-15T11:21:16.437+08:00 DEBUG 11564 --- [iam-authorization-server] [nio-9000-exec-5] .s.r.a.OpaqueTokenAuthenticationProvider : Authenticated token
2026-08-15T11:21:16.437+08:00 DEBUG 11564 --- [iam-authorization-server] [nio-9000-exec-5] .s.r.w.a.BearerTokenAuthenticationFilter : Set SecurityContextHolder to BearerTokenAuthentication [Principal=net.xzh.authserver.security.token.RedisOpaqueTokenIntrospector$OpaquePrincipal@54daed86, Credentials=[PROTECTED], Authenticated=true, Details=WebAuthenticationDetails [RemoteIpAddress=127.0.0.1, SessionId=null], Granted Authorities=[ROLE_ADMIN]]
2026-08-15T11:21:16.438+08:00 DEBUG 11564 --- [iam-authorization-server] [nio-9000-exec-5] o.s.security.web.FilterChainProxy        : Secured GET /api/admin/sessions/online
JDBC Connection [com.alibaba.druid.pool.DruidStatementConnection@e2696e8] will not be managed by Spring
==>  Preparing: SELECT id,username,password,nickname,email,phone,avatar,identity_type,enabled,account_non_expired,account_non_locked,credentials_non_expired,create_time,update_time FROM sys_user WHERE (username = ?)
==> Parameters: admin(String)
<==    Columns: id, username, password, nickname, email, phone, avatar, identity_type, enabled, account_non_expired, account_non_locked, credentials_non_expired, create_time, update_time
<==        Row: 1, admin, $2a$10$ov3NUrdkAHujSRdGbDZF6O9h2cjZq4Zl17fL3TA5Nhs94mE/PmH8e, 管理员, admin@example.com, null, null, 1, 1, 1, 1, 1, 2026-08-11 20:00:08, 2026-08-13 22:28:45
<==      Total: 1
JDBC Connection [com.alibaba.druid.pool.DruidStatementConnection@e2696e8] will not be managed by Spring
==>  Preparing: SELECT id,username,password,nickname,email,phone,avatar,identity_type,enabled,account_non_expired,account_non_locked,credentials_non_expired,create_time,update_time FROM sys_user WHERE (username = ?)
==> Parameters: admin(String)
<==    Columns: id, username, password, nickname, email, phone, avatar, identity_type, enabled, account_non_expired, account_non_locked, credentials_non_expired, create_time, update_time
<==        Row: 1, admin, $2a$10$ov3NUrdkAHujSRdGbDZF6O9h2cjZq4Zl17fL3TA5Nhs94mE/PmH8e, 管理员, admin@example.com, null, null, 1, 1, 1, 1, 1, 2026-08-11 20:00:08, 2026-08-13 22:28:45
<==      Total: 1
JDBC Connection [com.alibaba.druid.pool.DruidStatementConnection@e2696e8] will not be managed by Spring
==>  Preparing: SELECT id,username,password,nickname,email,phone,avatar,identity_type,enabled,account_non_expired,account_non_locked,credentials_non_expired,create_time,update_time FROM sys_user WHERE (username = ?)
==> Parameters: resource-server(String)
<==      Total: 0
2026-08-15T11:21:17.682+08:00 DEBUG 11564 --- [iam-authorization-server] [nio-9000-exec-5] n.x.a.service.AuthSessionService         : 跳过非用户 principal: resource-server
JDBC Connection [com.alibaba.druid.pool.DruidStatementConnection@e2696e8] will not be managed by Spring
==>  Preparing: SELECT id,username,password,nickname,email,phone,avatar,identity_type,enabled,account_non_expired,account_non_locked,credentials_non_expired,create_time,update_time FROM sys_user WHERE (username = ?)
==> Parameters: admin-app(String)
<==      Total: 0
2026-08-15T11:21:17.687+08:00 DEBUG 11564 --- [iam-authorization-server] [nio-9000-exec-5] n.x.a.service.AuthSessionService         : 跳过非用户 principal: admin-app
JDBC Connection [com.alibaba.druid.pool.DruidStatementConnection@e2696e8] will not be managed by Spring
==>  Preparing: SELECT id,username,password,nickname,email,phone,avatar,identity_type,enabled,account_non_expired,account_non_locked,credentials_non_expired,create_time,update_time FROM sys_user WHERE (username = ?)
==> Parameters: user(String)
<==    Columns: id, username, password, nickname, email, phone, avatar, identity_type, enabled, account_non_expired, account_non_locked, credentials_non_expired, create_time, update_time
<==        Row: 2, user, $2a$10$ov3NUrdkAHujSRdGbDZF6O9h2cjZq4Zl17fL3TA5Nhs94mE/PmH8e, 普通用户, user@example.com, null, null, 2, 1, 1, 1, 1, 2026-08-11 20:00:08, 2026-08-11 20:00:08
<==      Total: 1
JDBC Connection [com.alibaba.druid.pool.DruidStatementConnection@e2696e8] will not be managed by Spring
==>  Preparing: SELECT id,username,password,nickname,email,phone,avatar,identity_type,enabled,account_non_expired,account_non_locked,credentials_non_expired,create_time,update_time FROM sys_user WHERE (username = ?)
==> Parameters: user(String)
<==    Columns: id, username, password, nickname, email, phone, avatar, identity_type, enabled, account_non_expired, account_non_locked, credentials_non_expired, create_time, update_time
<==        Row: 2, user, $2a$10$ov3NUrdkAHujSRdGbDZF6O9h2cjZq4Zl17fL3TA5Nhs94mE/PmH8e, 普通用户, user@example.com, null, null, 2, 1, 1, 1, 1, 2026-08-11 20:00:08, 2026-08-11 20:00:08
<==      Total: 1
2026-08-15T11:21:37.226+08:00 DEBUG 11564 --- [iam-authorization-server] [nio-9000-exec-6] o.s.security.web.FilterChainProxy        : Securing GET /api/admin/sessions/users/2
JDBC Connection [com.alibaba.druid.pool.DruidStatementConnection@e2696e8] will not be managed by Spring
==>  Preparing: SELECT id,username,password,nickname,email,phone,avatar,identity_type,enabled,account_non_expired,account_non_locked,credentials_non_expired,create_time,update_time FROM sys_user WHERE (username = ?)
==> Parameters: admin(String)
<==    Columns: id, username, password, nickname, email, phone, avatar, identity_type, enabled, account_non_expired, account_non_locked, credentials_non_expired, create_time, update_time
<==        Row: 1, admin, $2a$10$ov3NUrdkAHujSRdGbDZF6O9h2cjZq4Zl17fL3TA5Nhs94mE/PmH8e, 管理员, admin@example.com, null, null, 1, 1, 1, 1, 1, 2026-08-11 20:00:08, 2026-08-13 22:28:45
<==      Total: 1
2026-08-15T11:21:37.234+08:00 DEBUG 11564 --- [iam-authorization-server] [nio-9000-exec-6] n.x.a.s.t.RedisOpaqueTokenIntrospector   : Opaque token introspect success, sub=admin, scope=[read, openid, profile, write]
2026-08-15T11:21:37.235+08:00 DEBUG 11564 --- [iam-authorization-server] [nio-9000-exec-6] .s.r.a.OpaqueTokenAuthenticationProvider : Authenticated token
2026-08-15T11:21:37.235+08:00 DEBUG 11564 --- [iam-authorization-server] [nio-9000-exec-6] .s.r.w.a.BearerTokenAuthenticationFilter : Set SecurityContextHolder to BearerTokenAuthentication [Principal=net.xzh.authserver.security.token.RedisOpaqueTokenIntrospector$OpaquePrincipal@6b66691a, Credentials=[PROTECTED], Authenticated=true, Details=WebAuthenticationDetails [RemoteIpAddress=127.0.0.1, SessionId=null], Granted Authorities=[ROLE_ADMIN]]
2026-08-15T11:21:37.236+08:00 DEBUG 11564 --- [iam-authorization-server] [nio-9000-exec-6] o.s.security.web.FilterChainProxy        : Secured GET /api/admin/sessions/users/2
Creating a new SqlSession
SqlSession [org.apache.ibatis.session.defaults.DefaultSqlSession@78423179] was not registered for synchronization because synchronization is not active
JDBC Connection [com.alibaba.druid.pool.DruidStatementConnection@e2696e8] will not be managed by Spring
==>  Preparing: SELECT id,username,password,nickname,email,phone,avatar,identity_type,enabled,account_non_expired,account_non_locked,credentials_non_expired,create_time,update_time FROM sys_user WHERE id=?
==> Parameters: 2(Long)
<==    Columns: id, username, password, nickname, email, phone, avatar, identity_type, enabled, account_non_expired, account_non_locked, credentials_non_expired, create_time, update_time
<==        Row: 2, user, $2a$10$ov3NUrdkAHujSRdGbDZF6O9h2cjZq4Zl17fL3TA5Nhs94mE/PmH8e, 普通用户, user@example.com, null, null, 2, 1, 1, 1, 1, 2026-08-11 20:00:08, 2026-08-11 20:00:08
<==      Total: 1
Closing non transactional SqlSession [org.apache.ibatis.session.defaults.DefaultSqlSession@78423179]
JDBC Connection [com.alibaba.druid.pool.DruidStatementConnection@e2696e8] will not be managed by Spring
==>  Preparing: SELECT id,username,password,nickname,email,phone,avatar,identity_type,enabled,account_non_expired,account_non_locked,credentials_non_expired,create_time,update_time FROM sys_user WHERE (username = ?)
==> Parameters: user(String)
<==    Columns: id, username, password, nickname, email, phone, avatar, identity_type, enabled, account_non_expired, account_non_locked, credentials_non_expired, create_time, update_time
<==        Row: 2, user, $2a$10$ov3NUrdkAHujSRdGbDZF6O9h2cjZq4Zl17fL3TA5Nhs94mE/PmH8e, 普通用户, user@example.com, null, null, 2, 1, 1, 1, 1, 2026-08-11 20:00:08, 2026-08-11 20:00:08
<==      Total: 1
2026-08-15T11:21:41.236+08:00 DEBUG 11564 --- [iam-authorization-server] [nio-9000-exec-7] o.s.security.web.FilterChainProxy        : Securing GET /api/admin/sessions/users/1
JDBC Connection [com.alibaba.druid.pool.DruidStatementConnection@e2696e8] will not be managed by Spring
==>  Preparing: SELECT id,username,password,nickname,email,phone,avatar,identity_type,enabled,account_non_expired,account_non_locked,credentials_non_expired,create_time,update_time FROM sys_user WHERE (username = ?)
==> Parameters: admin(String)
<==    Columns: id, username, password, nickname, email, phone, avatar, identity_type, enabled, account_non_expired, account_non_locked, credentials_non_expired, create_time, update_time
<==        Row: 1, admin, $2a$10$ov3NUrdkAHujSRdGbDZF6O9h2cjZq4Zl17fL3TA5Nhs94mE/PmH8e, 管理员, admin@example.com, null, null, 1, 1, 1, 1, 1, 2026-08-11 20:00:08, 2026-08-13 22:28:45
<==      Total: 1
2026-08-15T11:21:41.245+08:00 DEBUG 11564 --- [iam-authorization-server] [nio-9000-exec-7] n.x.a.s.t.RedisOpaqueTokenIntrospector   : Opaque token introspect success, sub=admin, scope=[read, openid, profile, write]
2026-08-15T11:21:41.246+08:00 DEBUG 11564 --- [iam-authorization-server] [nio-9000-exec-7] .s.r.a.OpaqueTokenAuthenticationProvider : Authenticated token
2026-08-15T11:21:41.246+08:00 DEBUG 11564 --- [iam-authorization-server] [nio-9000-exec-7] .s.r.w.a.BearerTokenAuthenticationFilter : Set SecurityContextHolder to BearerTokenAuthentication [Principal=net.xzh.authserver.security.token.RedisOpaqueTokenIntrospector$OpaquePrincipal@6f9fc11e, Credentials=[PROTECTED], Authenticated=true, Details=WebAuthenticationDetails [RemoteIpAddress=127.0.0.1, SessionId=null], Granted Authorities=[ROLE_ADMIN]]
2026-08-15T11:21:41.246+08:00 DEBUG 11564 --- [iam-authorization-server] [nio-9000-exec-7] o.s.security.web.FilterChainProxy        : Secured GET /api/admin/sessions/users/1
Creating a new SqlSession
SqlSession [org.apache.ibatis.session.defaults.DefaultSqlSession@4898a0fc] was not registered for synchronization because synchronization is not active
JDBC Connection [com.alibaba.druid.pool.DruidStatementConnection@e2696e8] will not be managed by Spring
==>  Preparing: SELECT id,username,password,nickname,email,phone,avatar,identity_type,enabled,account_non_expired,account_non_locked,credentials_non_expired,create_time,update_time FROM sys_user WHERE id=?
==> Parameters: 1(Long)
<==    Columns: id, username, password, nickname, email, phone, avatar, identity_type, enabled, account_non_expired, account_non_locked, credentials_non_expired, create_time, update_time
<==        Row: 1, admin, $2a$10$ov3NUrdkAHujSRdGbDZF6O9h2cjZq4Zl17fL3TA5Nhs94mE/PmH8e, 管理员, admin@example.com, null, null, 1, 1, 1, 1, 1, 2026-08-11 20:00:08, 2026-08-13 22:28:45
<==      Total: 1
Closing non transactional SqlSession [org.apache.ibatis.session.defaults.DefaultSqlSession@4898a0fc]
JDBC Connection [com.alibaba.druid.pool.DruidStatementConnection@e2696e8] will not be managed by Spring
==>  Preparing: SELECT id,username,password,nickname,email,phone,avatar,identity_type,enabled,account_non_expired,account_non_locked,credentials_non_expired,create_time,update_time FROM sys_user WHERE (username = ?)
==> Parameters: admin(String)
<==    Columns: id, username, password, nickname, email, phone, avatar, identity_type, enabled, account_non_expired, account_non_locked, credentials_non_expired, create_time, update_time
<==        Row: 1, admin, $2a$10$ov3NUrdkAHujSRdGbDZF6O9h2cjZq4Zl17fL3TA5Nhs94mE/PmH8e, 管理员, admin@example.com, null, null, 1, 1, 1, 1, 1, 2026-08-11 20:00:08, 2026-08-13 22:28:45
<==      Total: 1
2026-08-15T11:21:52.644+08:00 DEBUG 11564 --- [iam-authorization-server] [nio-9000-exec-8] o.s.security.web.FilterChainProxy        : Securing GET /api/admin/sessions/users/2
JDBC Connection [com.alibaba.druid.pool.DruidStatementConnection@e2696e8] will not be managed by Spring
==>  Preparing: SELECT id,username,password,nickname,email,phone,avatar,identity_type,enabled,account_non_expired,account_non_locked,credentials_non_expired,create_time,update_time FROM sys_user WHERE (username = ?)
==> Parameters: admin(String)
<==    Columns: id, username, password, nickname, email, phone, avatar, identity_type, enabled, account_non_expired, account_non_locked, credentials_non_expired, create_time, update_time
<==        Row: 1, admin, $2a$10$ov3NUrdkAHujSRdGbDZF6O9h2cjZq4Zl17fL3TA5Nhs94mE/PmH8e, 管理员, admin@example.com, null, null, 1, 1, 1, 1, 1, 2026-08-11 20:00:08, 2026-08-13 22:28:45
<==      Total: 1
2026-08-15T11:21:52.655+08:00 DEBUG 11564 --- [iam-authorization-server] [nio-9000-exec-8] n.x.a.s.t.RedisOpaqueTokenIntrospector   : Opaque token introspect success, sub=admin, scope=[read, openid, profile, write]
2026-08-15T11:21:52.656+08:00 DEBUG 11564 --- [iam-authorization-server] [nio-9000-exec-8] .s.r.a.OpaqueTokenAuthenticationProvider : Authenticated token
2026-08-15T11:21:52.656+08:00 DEBUG 11564 --- [iam-authorization-server] [nio-9000-exec-8] .s.r.w.a.BearerTokenAuthenticationFilter : Set SecurityContextHolder to BearerTokenAuthentication [Principal=net.xzh.authserver.security.token.RedisOpaqueTokenIntrospector$OpaquePrincipal@7ba0f5ac, Credentials=[PROTECTED], Authenticated=true, Details=WebAuthenticationDetails [RemoteIpAddress=127.0.0.1, SessionId=null], Granted Authorities=[ROLE_ADMIN]]
2026-08-15T11:21:52.657+08:00 DEBUG 11564 --- [iam-authorization-server] [nio-9000-exec-8] o.s.security.web.FilterChainProxy        : Secured GET /api/admin/sessions/users/2
Creating a new SqlSession
SqlSession [org.apache.ibatis.session.defaults.DefaultSqlSession@66901975] was not registered for synchronization because synchronization is not active
JDBC Connection [com.alibaba.druid.pool.DruidStatementConnection@e2696e8] will not be managed by Spring
==>  Preparing: SELECT id,username,password,nickname,email,phone,avatar,identity_type,enabled,account_non_expired,account_non_locked,credentials_non_expired,create_time,update_time FROM sys_user WHERE id=?
==> Parameters: 2(Long)
<==    Columns: id, username, password, nickname, email, phone, avatar, identity_type, enabled, account_non_expired, account_non_locked, credentials_non_expired, create_time, update_time
<==        Row: 2, user, $2a$10$ov3NUrdkAHujSRdGbDZF6O9h2cjZq4Zl17fL3TA5Nhs94mE/PmH8e, 普通用户, user@example.com, null, null, 2, 1, 1, 1, 1, 2026-08-11 20:00:08, 2026-08-11 20:00:08
<==      Total: 1
Closing non transactional SqlSession [org.apache.ibatis.session.defaults.DefaultSqlSession@66901975]
JDBC Connection [com.alibaba.druid.pool.DruidStatementConnection@e2696e8] will not be managed by Spring
==>  Preparing: SELECT id,username,password,nickname,email,phone,avatar,identity_type,enabled,account_non_expired,account_non_locked,credentials_non_expired,create_time,update_time FROM sys_user WHERE (username = ?)
==> Parameters: user(String)
<==    Columns: id, username, password, nickname, email, phone, avatar, identity_type, enabled, account_non_expired, account_non_locked, credentials_non_expired, create_time, update_time
<==        Row: 2, user, $2a$10$ov3NUrdkAHujSRdGbDZF6O9h2cjZq4Zl17fL3TA5Nhs94mE/PmH8e, 普通用户, user@example.com, null, null, 2, 1, 1, 1, 1, 2026-08-11 20:00:08, 2026-08-11 20:00:08
<==      Total: 1
2026-08-15T11:25:05.886+08:00 DEBUG 11564 --- [iam-authorization-server] [io-9000-exec-10] o.s.security.web.FilterChainProxy        : Securing GET /api/admin/sessions/online
JDBC Connection [com.alibaba.druid.pool.DruidStatementConnection@e2696e8] will not be managed by Spring
==>  Preparing: SELECT id,username,password,nickname,email,phone,avatar,identity_type,enabled,account_non_expired,account_non_locked,credentials_non_expired,create_time,update_time FROM sys_user WHERE (username = ?)
==> Parameters: admin(String)
<==    Columns: id, username, password, nickname, email, phone, avatar, identity_type, enabled, account_non_expired, account_non_locked, credentials_non_expired, create_time, update_time
<==        Row: 1, admin, $2a$10$ov3NUrdkAHujSRdGbDZF6O9h2cjZq4Zl17fL3TA5Nhs94mE/PmH8e, 管理员, admin@example.com, null, null, 1, 1, 1, 1, 1, 2026-08-11 20:00:08, 2026-08-13 22:28:45
<==      Total: 1
2026-08-15T11:25:05.901+08:00 DEBUG 11564 --- [iam-authorization-server] [io-9000-exec-10] n.x.a.s.t.RedisOpaqueTokenIntrospector   : Opaque token introspect success, sub=admin, scope=[read, openid, profile, write]
2026-08-15T11:25:05.901+08:00 DEBUG 11564 --- [iam-authorization-server] [io-9000-exec-10] .s.r.a.OpaqueTokenAuthenticationProvider : Authenticated token
2026-08-15T11:25:05.902+08:00 DEBUG 11564 --- [iam-authorization-server] [io-9000-exec-10] .s.r.w.a.BearerTokenAuthenticationFilter : Set SecurityContextHolder to BearerTokenAuthentication [Principal=net.xzh.authserver.security.token.RedisOpaqueTokenIntrospector$OpaquePrincipal@43735b01, Credentials=[PROTECTED], Authenticated=true, Details=WebAuthenticationDetails [RemoteIpAddress=127.0.0.1, SessionId=null], Granted Authorities=[ROLE_ADMIN]]
2026-08-15T11:25:05.902+08:00 DEBUG 11564 --- [iam-authorization-server] [io-9000-exec-10] o.s.security.web.FilterChainProxy        : Secured GET /api/admin/sessions/online
2026-08-15T11:25:06.808+08:00 DEBUG 11564 --- [iam-authorization-server] [nio-9000-exec-4] o.s.security.web.FilterChainProxy        : Securing GET /api/admin/sessions/online
JDBC Connection [com.alibaba.druid.pool.DruidStatementConnection@e2696e8] will not be managed by Spring
==>  Preparing: SELECT id,username,password,nickname,email,phone,avatar,identity_type,enabled,account_non_expired,account_non_locked,credentials_non_expired,create_time,update_time FROM sys_user WHERE (username = ?)
==> Parameters: admin(String)
<==    Columns: id, username, password, nickname, email, phone, avatar, identity_type, enabled, account_non_expired, account_non_locked, credentials_non_expired, create_time, update_time
<==        Row: 1, admin, $2a$10$ov3NUrdkAHujSRdGbDZF6O9h2cjZq4Zl17fL3TA5Nhs94mE/PmH8e, 管理员, admin@example.com, null, null, 1, 1, 1, 1, 1, 2026-08-11 20:00:08, 2026-08-13 22:28:45
<==      Total: 1
2026-08-15T11:25:06.827+08:00 DEBUG 11564 --- [iam-authorization-server] [nio-9000-exec-4] n.x.a.s.t.RedisOpaqueTokenIntrospector   : Opaque token introspect success, sub=admin, scope=[read, openid, profile, write]
2026-08-15T11:25:06.828+08:00 DEBUG 11564 --- [iam-authorization-server] [nio-9000-exec-4] .s.r.a.OpaqueTokenAuthenticationProvider : Authenticated token
2026-08-15T11:25:06.830+08:00 DEBUG 11564 --- [iam-authorization-server] [nio-9000-exec-4] .s.r.w.a.BearerTokenAuthenticationFilter : Set SecurityContextHolder to BearerTokenAuthentication [Principal=net.xzh.authserver.security.token.RedisOpaqueTokenIntrospector$OpaquePrincipal@7fcbedc2, Credentials=[PROTECTED], Authenticated=true, Details=WebAuthenticationDetails [RemoteIpAddress=127.0.0.1, SessionId=null], Granted Authorities=[ROLE_ADMIN]]
2026-08-15T11:25:06.831+08:00 DEBUG 11564 --- [iam-authorization-server] [nio-9000-exec-4] o.s.security.web.FilterChainProxy        : Secured GET /api/admin/sessions/online
JDBC Connection [com.alibaba.druid.pool.DruidStatementConnection@e2696e8] will not be managed by Spring
==>  Preparing: SELECT id,username,password,nickname,email,phone,avatar,identity_type,enabled,account_non_expired,account_non_locked,credentials_non_expired,create_time,update_time FROM sys_user WHERE (username = ?)
==> Parameters: admin(String)
<==    Columns: id, username, password, nickname, email, phone, avatar, identity_type, enabled, account_non_expired, account_non_locked, credentials_non_expired, create_time, update_time
<==        Row: 1, admin, $2a$10$ov3NUrdkAHujSRdGbDZF6O9h2cjZq4Zl17fL3TA5Nhs94mE/PmH8e, 管理员, admin@example.com, null, null, 1, 1, 1, 1, 1, 2026-08-11 20:00:08, 2026-08-13 22:28:45
<==      Total: 1
JDBC Connection [com.alibaba.druid.pool.DruidStatementConnection@e2696e8] will not be managed by Spring
==>  Preparing: SELECT id,username,password,nickname,email,phone,avatar,identity_type,enabled,account_non_expired,account_non_locked,credentials_non_expired,create_time,update_time FROM sys_user WHERE (username = ?)
==> Parameters: admin(String)
<==    Columns: id, username, password, nickname, email, phone, avatar, identity_type, enabled, account_non_expired, account_non_locked, credentials_non_expired, create_time, update_time
<==        Row: 1, admin, $2a$10$ov3NUrdkAHujSRdGbDZF6O9h2cjZq4Zl17fL3TA5Nhs94mE/PmH8e, 管理员, admin@example.com, null, null, 1, 1, 1, 1, 1, 2026-08-11 20:00:08, 2026-08-13 22:28:45
<==      Total: 1
JDBC Connection [com.alibaba.druid.pool.DruidStatementConnection@e2696e8] will not be managed by Spring
==>  Preparing: SELECT id,username,password,nickname,email,phone,avatar,identity_type,enabled,account_non_expired,account_non_locked,credentials_non_expired,create_time,update_time FROM sys_user WHERE (username = ?)
==> Parameters: resource-server(String)
<==      Total: 0
2026-08-15T11:25:07.008+08:00 DEBUG 11564 --- [iam-authorization-server] [io-9000-exec-10] n.x.a.service.AuthSessionService         : 跳过非用户 principal: resource-server
JDBC Connection [com.alibaba.druid.pool.DruidStatementConnection@e2696e8] will not be managed by Spring
==>  Preparing: SELECT id,username,password,nickname,email,phone,avatar,identity_type,enabled,account_non_expired,account_non_locked,credentials_non_expired,create_time,update_time FROM sys_user WHERE (username = ?)
==> Parameters: admin-app(String)
<==      Total: 0
2026-08-15T11:25:07.016+08:00 DEBUG 11564 --- [iam-authorization-server] [io-9000-exec-10] n.x.a.service.AuthSessionService         : 跳过非用户 principal: admin-app
JDBC Connection [com.alibaba.druid.pool.DruidStatementConnection@e2696e8] will not be managed by Spring
==>  Preparing: SELECT id,username,password,nickname,email,phone,avatar,identity_type,enabled,account_non_expired,account_non_locked,credentials_non_expired,create_time,update_time FROM sys_user WHERE (username = ?)
==> Parameters: user(String)
<==    Columns: id, username, password, nickname, email, phone, avatar, identity_type, enabled, account_non_expired, account_non_locked, credentials_non_expired, create_time, update_time
<==        Row: 2, user, $2a$10$ov3NUrdkAHujSRdGbDZF6O9h2cjZq4Zl17fL3TA5Nhs94mE/PmH8e, 普通用户, user@example.com, null, null, 2, 1, 1, 1, 1, 2026-08-11 20:00:08, 2026-08-11 20:00:08
<==      Total: 1
JDBC Connection [com.alibaba.druid.pool.DruidStatementConnection@e2696e8] will not be managed by Spring
==>  Preparing: SELECT id,username,password,nickname,email,phone,avatar,identity_type,enabled,account_non_expired,account_non_locked,credentials_non_expired,create_time,update_time FROM sys_user WHERE (username = ?)
==> Parameters: user(String)
<==    Columns: id, username, password, nickname, email, phone, avatar, identity_type, enabled, account_non_expired, account_non_locked, credentials_non_expired, create_time, update_time
<==        Row: 2, user, $2a$10$ov3NUrdkAHujSRdGbDZF6O9h2cjZq4Zl17fL3TA5Nhs94mE/PmH8e, 普通用户, user@example.com, null, null, 2, 1, 1, 1, 1, 2026-08-11 20:00:08, 2026-08-11 20:00:08
<==      Total: 1
2026-08-15T11:25:07.657+08:00 DEBUG 11564 --- [iam-authorization-server] [nio-9000-exec-3] o.s.security.web.FilterChainProxy        : Securing GET /api/admin/users
JDBC Connection [com.alibaba.druid.pool.DruidStatementConnection@e2696e8] will not be managed by Spring
==>  Preparing: SELECT id,username,password,nickname,email,phone,avatar,identity_type,enabled,account_non_expired,account_non_locked,credentials_non_expired,create_time,update_time FROM sys_user WHERE (username = ?)
2026-08-15T11:25:07.673+08:00 DEBUG 11564 --- [iam-authorization-server] [nio-9000-exec-1] o.s.security.web.FilterChainProxy        : Securing POST /oauth2/introspect
==> Parameters: admin(String)
<==    Columns: id, username, password, nickname, email, phone, avatar, identity_type, enabled, account_non_expired, account_non_locked, credentials_non_expired, create_time, update_time
<==        Row: 1, admin, $2a$10$ov3NUrdkAHujSRdGbDZF6O9h2cjZq4Zl17fL3TA5Nhs94mE/PmH8e, 管理员, admin@example.com, null, null, 1, 1, 1, 1, 1, 2026-08-11 20:00:08, 2026-08-13 22:28:45
<==      Total: 1
2026-08-15T11:25:07.684+08:00 DEBUG 11564 --- [iam-authorization-server] [nio-9000-exec-3] n.x.a.s.t.RedisOpaqueTokenIntrospector   : Opaque token introspect success, sub=admin, scope=[read, openid, profile, write]
2026-08-15T11:25:07.686+08:00 DEBUG 11564 --- [iam-authorization-server] [nio-9000-exec-3] .s.r.a.OpaqueTokenAuthenticationProvider : Authenticated token
2026-08-15T11:25:07.686+08:00 DEBUG 11564 --- [iam-authorization-server] [nio-9000-exec-3] .s.r.w.a.BearerTokenAuthenticationFilter : Set SecurityContextHolder to BearerTokenAuthentication [Principal=net.xzh.authserver.security.token.RedisOpaqueTokenIntrospector$OpaquePrincipal@5cf42ce9, Credentials=[PROTECTED], Authenticated=true, Details=WebAuthenticationDetails [RemoteIpAddress=127.0.0.1, SessionId=null], Granted Authorities=[ROLE_ADMIN]]
2026-08-15T11:25:07.687+08:00 DEBUG 11564 --- [iam-authorization-server] [nio-9000-exec-3] o.s.security.web.FilterChainProxy        : Secured GET /api/admin/users
Creating a new SqlSession
SqlSession [org.apache.ibatis.session.defaults.DefaultSqlSession@7531731f] was not registered for synchronization because synchronization is not active
JDBC Connection [com.alibaba.druid.pool.DruidStatementConnection@e2696e8] will not be managed by Spring
==>  Preparing: SELECT id,username,password,nickname,email,phone,avatar,identity_type,enabled,account_non_expired,account_non_locked,credentials_non_expired,create_time,update_time FROM sys_user
==> Parameters: 
<==    Columns: id, username, password, nickname, email, phone, avatar, identity_type, enabled, account_non_expired, account_non_locked, credentials_non_expired, create_time, update_time
<==        Row: 1, admin, $2a$10$ov3NUrdkAHujSRdGbDZF6O9h2cjZq4Zl17fL3TA5Nhs94mE/PmH8e, 管理员, admin@example.com, null, null, 1, 1, 1, 1, 1, 2026-08-11 20:00:08, 2026-08-13 22:28:45
<==        Row: 2, user, $2a$10$ov3NUrdkAHujSRdGbDZF6O9h2cjZq4Zl17fL3TA5Nhs94mE/PmH8e, 普通用户, user@example.com, null, null, 2, 1, 1, 1, 1, 2026-08-11 20:00:08, 2026-08-11 20:00:08
<==      Total: 2
Closing non transactional SqlSession [org.apache.ibatis.session.defaults.DefaultSqlSession@7531731f]
2026-08-15T11:25:07.800+08:00 DEBUG 11564 --- [iam-authorization-server] [nio-9000-exec-1] o.s.a.w.OAuth2ClientAuthenticationFilter : Set SecurityContextHolder authentication to OAuth2ClientAuthenticationToken
2026-08-15T11:25:07.808+08:00  INFO 11564 --- [iam-authorization-server] [nio-9000-exec-1] n.x.a.s.session.RedisSessionRegistry     : [RedisSessionRegistry] 注册会话: principal=resource-server, sessionId=d759339c-abb5-4fa6-a4a6-eea92d7cb47c
JDBC Connection [com.alibaba.druid.pool.DruidStatementConnection@e2696e8] will not be managed by Spring
==>  Preparing: SELECT id,username,password,nickname,email,phone,avatar,identity_type,enabled,account_non_expired,account_non_locked,credentials_non_expired,create_time,update_time FROM sys_user WHERE (username = ?)
==> Parameters: admin(String)
<==    Columns: id, username, password, nickname, email, phone, avatar, identity_type, enabled, account_non_expired, account_non_locked, credentials_non_expired, create_time, update_time
<==        Row: 1, admin, $2a$10$ov3NUrdkAHujSRdGbDZF6O9h2cjZq4Zl17fL3TA5Nhs94mE/PmH8e, 管理员, admin@example.com, null, null, 1, 1, 1, 1, 1, 2026-08-11 20:00:08, 2026-08-13 22:28:45
<==      Total: 1
JDBC Connection [com.alibaba.druid.pool.DruidStatementConnection@e2696e8] will not be managed by Spring
==>  Preparing: SELECT id,username,password,nickname,email,phone,avatar,identity_type,enabled,account_non_expired,account_non_locked,credentials_non_expired,create_time,update_time FROM sys_user WHERE (username = ?)
==> Parameters: admin(String)
<==    Columns: id, username, password, nickname, email, phone, avatar, identity_type, enabled, account_non_expired, account_non_locked, credentials_non_expired, create_time, update_time
<==        Row: 1, admin, $2a$10$ov3NUrdkAHujSRdGbDZF6O9h2cjZq4Zl17fL3TA5Nhs94mE/PmH8e, 管理员, admin@example.com, null, null, 1, 1, 1, 1, 1, 2026-08-11 20:00:08, 2026-08-13 22:28:45
<==      Total: 1
JDBC Connection [com.alibaba.druid.pool.DruidStatementConnection@e2696e8] will not be managed by Spring
==>  Preparing: SELECT id,username,password,nickname,email,phone,avatar,identity_type,enabled,account_non_expired,account_non_locked,credentials_non_expired,create_time,update_time FROM sys_user WHERE (username = ?)
==> Parameters: resource-server(String)
<==      Total: 0
2026-08-15T11:25:08.124+08:00 DEBUG 11564 --- [iam-authorization-server] [nio-9000-exec-4] n.x.a.service.AuthSessionService         : 跳过非用户 principal: resource-server
JDBC Connection [com.alibaba.druid.pool.DruidStatementConnection@e2696e8] will not be managed by Spring
==>  Preparing: SELECT id,username,password,nickname,email,phone,avatar,identity_type,enabled,account_non_expired,account_non_locked,credentials_non_expired,create_time,update_time FROM sys_user WHERE (username = ?)
==> Parameters: admin-app(String)
<==      Total: 0
2026-08-15T11:25:08.130+08:00 DEBUG 11564 --- [iam-authorization-server] [nio-9000-exec-4] n.x.a.service.AuthSessionService         : 跳过非用户 principal: admin-app
JDBC Connection [com.alibaba.druid.pool.DruidStatementConnection@e2696e8] will not be managed by Spring
==>  Preparing: SELECT id,username,password,nickname,email,phone,avatar,identity_type,enabled,account_non_expired,account_non_locked,credentials_non_expired,create_time,update_time FROM sys_user WHERE (username = ?)
==> Parameters: user(String)
<==    Columns: id, username, password, nickname, email, phone, avatar, identity_type, enabled, account_non_expired, account_non_locked, credentials_non_expired, create_time, update_time
<==        Row: 2, user, $2a$10$ov3NUrdkAHujSRdGbDZF6O9h2cjZq4Zl17fL3TA5Nhs94mE/PmH8e, 普通用户, user@example.com, null, null, 2, 1, 1, 1, 1, 2026-08-11 20:00:08, 2026-08-11 20:00:08
<==      Total: 1
JDBC Connection [com.alibaba.druid.pool.DruidStatementConnection@e2696e8] will not be managed by Spring
==>  Preparing: SELECT id,username,password,nickname,email,phone,avatar,identity_type,enabled,account_non_expired,account_non_locked,credentials_non_expired,create_time,update_time FROM sys_user WHERE (username = ?)
==> Parameters: user(String)
<==    Columns: id, username, password, nickname, email, phone, avatar, identity_type, enabled, account_non_expired, account_non_locked, credentials_non_expired, create_time, update_time
<==        Row: 2, user, $2a$10$ov3NUrdkAHujSRdGbDZF6O9h2cjZq4Zl17fL3TA5Nhs94mE/PmH8e, 普通用户, user@example.com, null, null, 2, 1, 1, 1, 1, 2026-08-11 20:00:08, 2026-08-11 20:00:08
<==      Total: 1
2026-08-15T11:25:09.050+08:00 DEBUG 11564 --- [iam-authorization-server] [nio-9000-exec-2] o.s.security.web.FilterChainProxy        : Securing POST /oauth2/introspect
2026-08-15T11:25:09.170+08:00 DEBUG 11564 --- [iam-authorization-server] [nio-9000-exec-2] o.s.a.w.OAuth2ClientAuthenticationFilter : Set SecurityContextHolder authentication to OAuth2ClientAuthenticationToken
2026-08-15T11:25:09.218+08:00  INFO 11564 --- [iam-authorization-server] [nio-9000-exec-2] n.x.a.s.session.RedisSessionRegistry     : [RedisSessionRegistry] 注册会话: principal=resource-server, sessionId=105fd7a2-090d-457c-b539-88d87cac1788
2026-08-15T11:25:09.643+08:00 DEBUG 11564 --- [iam-authorization-server] [nio-9000-exec-5] o.s.security.web.FilterChainProxy        : Securing POST /oauth2/introspect
2026-08-15T11:25:09.764+08:00 DEBUG 11564 --- [iam-authorization-server] [nio-9000-exec-5] o.s.a.w.OAuth2ClientAuthenticationFilter : Set SecurityContextHolder authentication to OAuth2ClientAuthenticationToken
2026-08-15T11:25:09.813+08:00  INFO 11564 --- [iam-authorization-server] [nio-9000-exec-5] n.x.a.s.session.RedisSessionRegistry     : [RedisSessionRegistry] 注册会话: principal=resource-server, sessionId=281f4442-276f-48f6-9924-9cbc042303e2
2026-08-15T11:25:10.254+08:00 DEBUG 11564 --- [iam-authorization-server] [nio-9000-exec-6] o.s.security.web.FilterChainProxy        : Securing GET /api/admin/clients
JDBC Connection [com.alibaba.druid.pool.DruidStatementConnection@e2696e8] will not be managed by Spring
==>  Preparing: SELECT id,username,password,nickname,email,phone,avatar,identity_type,enabled,account_non_expired,account_non_locked,credentials_non_expired,create_time,update_time FROM sys_user WHERE (username = ?)
==> Parameters: admin(String)
<==    Columns: id, username, password, nickname, email, phone, avatar, identity_type, enabled, account_non_expired, account_non_locked, credentials_non_expired, create_time, update_time
<==        Row: 1, admin, $2a$10$ov3NUrdkAHujSRdGbDZF6O9h2cjZq4Zl17fL3TA5Nhs94mE/PmH8e, 管理员, admin@example.com, null, null, 1, 1, 1, 1, 1, 2026-08-11 20:00:08, 2026-08-13 22:28:45
<==      Total: 1
2026-08-15T11:25:10.271+08:00 DEBUG 11564 --- [iam-authorization-server] [nio-9000-exec-6] n.x.a.s.t.RedisOpaqueTokenIntrospector   : Opaque token introspect success, sub=admin, scope=[read, openid, profile, write]
2026-08-15T11:25:10.271+08:00 DEBUG 11564 --- [iam-authorization-server] [nio-9000-exec-6] .s.r.a.OpaqueTokenAuthenticationProvider : Authenticated token
2026-08-15T11:25:10.271+08:00 DEBUG 11564 --- [iam-authorization-server] [nio-9000-exec-6] .s.r.w.a.BearerTokenAuthenticationFilter : Set SecurityContextHolder to BearerTokenAuthentication [Principal=net.xzh.authserver.security.token.RedisOpaqueTokenIntrospector$OpaquePrincipal@7d38743c, Credentials=[PROTECTED], Authenticated=true, Details=WebAuthenticationDetails [RemoteIpAddress=127.0.0.1, SessionId=null], Granted Authorities=[ROLE_ADMIN]]
2026-08-15T11:25:10.272+08:00 DEBUG 11564 --- [iam-authorization-server] [nio-9000-exec-6] o.s.security.web.FilterChainProxy        : Secured GET /api/admin/clients
Creating a new SqlSession
SqlSession [org.apache.ibatis.session.defaults.DefaultSqlSession@5fbbd1b9] was not registered for synchronization because synchronization is not active
JDBC Connection [com.alibaba.druid.pool.DruidStatementConnection@e2696e8] will not be managed by Spring
==>  Preparing: SELECT id,client_id,client_id_issued_at,client_secret,client_secret_expires_at,client_name,client_authentication_methods,authorization_grant_types,redirect_uris,post_logout_redirect_uris,scopes,client_settings,token_settings FROM oauth2_registered_client
==> Parameters: 
<==    Columns: id, client_id, client_id_issued_at, client_secret, client_secret_expires_at, client_name, client_authentication_methods, authorization_grant_types, redirect_uris, post_logout_redirect_uris, scopes, client_settings, token_settings
<==        Row: 1, resource-server, 2026-08-13 09:56:12, $2a$10$ov3NUrdkAHujSRdGbDZF6O9h2cjZq4Zl17fL3TA5Nhs94mE/PmH8e, null, 资源服务器, client_secret_basic, client_credentials, , , read,write, {"requireProofKey":false,"requireAuthorizationConsent":false}, {"accessTokenFormat":"reference","authorizationCodeTimeToLive":"PT5M","accessTokenTimeToLive":"PT30M","reuseRefreshTokens":false}
<==        Row: 2, admin-app, 2026-08-13 12:00:00, $2a$10$ov3NUrdkAHujSRdGbDZF6O9h2cjZq4Zl17fL3TA5Nhs94mE/PmH8e, null, 管理后台, client_secret_basic, refresh_token,authorization_code, http://localhost:8085/login/oauth2/code/admin-app, http://localhost:8001/logged-out, openid,profile,read,write, {"requireProofKey":false,"requireAuthorizationConsent":false}, {"accessTokenFormat":"reference","authorizationCodeTimeToLive":"PT5M","accessTokenTimeToLive":"PT2H","reuseRefreshTokens":true}
<==        Row: 3, portal-app, 2026-08-11 20:00:08, $2a$10$ov3NUrdkAHujSRdGbDZF6O9h2cjZq4Zl17fL3TA5Nhs94mE/PmH8e, null, 门户应用 (SSO), client_secret_basic, refresh_token,authorization_code, http://localhost:8083/portal-sso-callback,http://localhost:8081/portal-sso-callback,http://localhost:8080/login/oauth2/code/portal-app-oidc, http://localhost:8000/logged-out,http://localhost:8080/logged-out, openid,profile,email, {"requireProofKey":false,"requireAuthorizationConsent":false}, {"accessTokenFormat":"reference","authorizationCodeTimeToLive":"PT5M","accessTokenTimeToLive":"PT2H","reuseRefreshTokens":false}
<==        Row: 4, web-app, 2026-08-11 20:00:08, $2a$10$ov3NUrdkAHujSRdGbDZF6O9h2cjZq4Zl17fL3TA5Nhs94mE/PmH8e, null, Web 应用客户端, client_secret_basic,client_secret_post, authorization_code,refresh_token,password, http://localhost:8081/callback,http://127.0.0.1:8081/callback, http://localhost:8081/logout, openid,profile,email,read,write, {"requireProofKey":false,"requireAuthorizationConsent":true}, {"accessTokenFormat":"REFERENCE","accessTokenTimeToLive":"PT2H","reuseRefreshTokens":false,"idTokenSignatureAlgorithm":"RS256"}
<==        Row: 5, device-app, 2026-08-11 20:00:08, null, null, 设备码客户端, none, refresh_token,urn:ietf:params:oauth:grant-type:device_code, null, null, openid,profile,email,read, {"requireProofKey":false,"requireAuthorizationConsent":true}, {"accessTokenFormat":"REFERENCE","accessTokenTimeToLive":"PT1H","reuseRefreshTokens":false}
<==        Row: 6, mobile-app, 2026-08-11 20:00:08, null, null, 移动应用客户端(PKCE), none, authorization_code,refresh_token, com.example.mobileapp://oauth2/redirect,http://localhost:8083/callback, http://localhost:8083/logout, openid,profile,email,read,write, {"requireProofKey":true,"requireAuthorizationConsent":true}, {"accessTokenFormat":"REFERENCE","accessTokenTimeToLive":"PT2H","reuseRefreshTokens":false,"idTokenSignatureAlgorithm":"RS256"}
<==        Row: 7, service-app, 2026-08-11 20:00:08, $2a$10$ov3NUrdkAHujSRdGbDZF6O9h2cjZq4Zl17fL3TA5Nhs94mE/PmH8e, null, 服务间调用客户端, client_secret_basic, client_credentials, null, null, read,write, {"requireProofKey":false,"requireAuthorizationConsent":true}, {"accessTokenFormat":"REFERENCE","accessTokenTimeToLive":"PT30M","reuseRefreshTokens":false}
<==      Total: 7
Closing non transactional SqlSession [org.apache.ibatis.session.defaults.DefaultSqlSession@5fbbd1b9]
2026-08-15T11:25:20.276+08:00 DEBUG 11564 --- [iam-authorization-server] [nio-9000-exec-7] o.s.security.web.FilterChainProxy        : Securing GET /api/admin/users
2026-08-15T11:25:20.282+08:00 DEBUG 11564 --- [iam-authorization-server] [nio-9000-exec-8] o.s.security.web.FilterChainProxy        : Securing POST /oauth2/introspect
JDBC Connection [com.alibaba.druid.pool.DruidStatementConnection@e2696e8] will not be managed by Spring
==>  Preparing: SELECT id,username,password,nickname,email,phone,avatar,identity_type,enabled,account_non_expired,account_non_locked,credentials_non_expired,create_time,update_time FROM sys_user WHERE (username = ?)
==> Parameters: admin(String)
<==    Columns: id, username, password, nickname, email, phone, avatar, identity_type, enabled, account_non_expired, account_non_locked, credentials_non_expired, create_time, update_time
<==        Row: 1, admin, $2a$10$ov3NUrdkAHujSRdGbDZF6O9h2cjZq4Zl17fL3TA5Nhs94mE/PmH8e, 管理员, admin@example.com, null, null, 1, 1, 1, 1, 1, 2026-08-11 20:00:08, 2026-08-13 22:28:45
<==      Total: 1
2026-08-15T11:25:20.290+08:00 DEBUG 11564 --- [iam-authorization-server] [nio-9000-exec-7] n.x.a.s.t.RedisOpaqueTokenIntrospector   : Opaque token introspect success, sub=admin, scope=[read, openid, profile, write]
2026-08-15T11:25:20.290+08:00 DEBUG 11564 --- [iam-authorization-server] [nio-9000-exec-7] .s.r.a.OpaqueTokenAuthenticationProvider : Authenticated token
2026-08-15T11:25:20.291+08:00 DEBUG 11564 --- [iam-authorization-server] [nio-9000-exec-7] .s.r.w.a.BearerTokenAuthenticationFilter : Set SecurityContextHolder to BearerTokenAuthentication [Principal=net.xzh.authserver.security.token.RedisOpaqueTokenIntrospector$OpaquePrincipal@48a20375, Credentials=[PROTECTED], Authenticated=true, Details=WebAuthenticationDetails [RemoteIpAddress=127.0.0.1, SessionId=null], Granted Authorities=[ROLE_ADMIN]]
2026-08-15T11:25:20.292+08:00 DEBUG 11564 --- [iam-authorization-server] [nio-9000-exec-7] o.s.security.web.FilterChainProxy        : Secured GET /api/admin/users
Creating a new SqlSession
SqlSession [org.apache.ibatis.session.defaults.DefaultSqlSession@7e8a69bd] was not registered for synchronization because synchronization is not active
JDBC Connection [com.alibaba.druid.pool.DruidStatementConnection@e2696e8] will not be managed by Spring
==>  Preparing: SELECT id,username,password,nickname,email,phone,avatar,identity_type,enabled,account_non_expired,account_non_locked,credentials_non_expired,create_time,update_time FROM sys_user
==> Parameters: 
<==    Columns: id, username, password, nickname, email, phone, avatar, identity_type, enabled, account_non_expired, account_non_locked, credentials_non_expired, create_time, update_time
<==        Row: 1, admin, $2a$10$ov3NUrdkAHujSRdGbDZF6O9h2cjZq4Zl17fL3TA5Nhs94mE/PmH8e, 管理员, admin@example.com, null, null, 1, 1, 1, 1, 1, 2026-08-11 20:00:08, 2026-08-13 22:28:45
<==        Row: 2, user, $2a$10$ov3NUrdkAHujSRdGbDZF6O9h2cjZq4Zl17fL3TA5Nhs94mE/PmH8e, 普通用户, user@example.com, null, null, 2, 1, 1, 1, 1, 2026-08-11 20:00:08, 2026-08-11 20:00:08
<==      Total: 2
Closing non transactional SqlSession [org.apache.ibatis.session.defaults.DefaultSqlSession@7e8a69bd]
2026-08-15T11:25:20.403+08:00 DEBUG 11564 --- [iam-authorization-server] [nio-9000-exec-8] o.s.a.w.OAuth2ClientAuthenticationFilter : Set SecurityContextHolder authentication to OAuth2ClientAuthenticationToken
2026-08-15T11:25:20.415+08:00  INFO 11564 --- [iam-authorization-server] [nio-9000-exec-8] n.x.a.s.session.RedisSessionRegistry     : [RedisSessionRegistry] 注册会话: principal=resource-server, sessionId=ac5d1f16-bd69-447d-9ef3-15f16708bed5
2026-08-15T11:26:39.251+08:00 DEBUG 11564 --- [iam-authorization-server] [nio-9000-exec-1] o.s.security.web.FilterChainProxy        : Securing POST /oauth2/introspect
2026-08-15T11:26:39.370+08:00 DEBUG 11564 --- [iam-authorization-server] [nio-9000-exec-1] o.s.a.w.OAuth2ClientAuthenticationFilter : Set SecurityContextHolder authentication to OAuth2ClientAuthenticationToken
2026-08-15T11:26:39.421+08:00  INFO 11564 --- [iam-authorization-server] [nio-9000-exec-1] n.x.a.s.session.RedisSessionRegistry     : [RedisSessionRegistry] 注册会话: principal=resource-server, sessionId=e0812310-83eb-4e40-92dd-9c70932b68a8
2026-08-15T11:26:40.875+08:00 DEBUG 11564 --- [iam-authorization-server] [nio-9000-exec-4] o.s.security.web.FilterChainProxy        : Securing GET /api/admin/users
2026-08-15T11:26:40.879+08:00 DEBUG 11564 --- [iam-authorization-server] [nio-9000-exec-2] o.s.security.web.FilterChainProxy        : Securing POST /oauth2/introspect
JDBC Connection [com.alibaba.druid.pool.DruidStatementConnection@e2696e8] will not be managed by Spring
==>  Preparing: SELECT id,username,password,nickname,email,phone,avatar,identity_type,enabled,account_non_expired,account_non_locked,credentials_non_expired,create_time,update_time FROM sys_user WHERE (username = ?)
==> Parameters: admin(String)
<==    Columns: id, username, password, nickname, email, phone, avatar, identity_type, enabled, account_non_expired, account_non_locked, credentials_non_expired, create_time, update_time
<==        Row: 1, admin, $2a$10$ov3NUrdkAHujSRdGbDZF6O9h2cjZq4Zl17fL3TA5Nhs94mE/PmH8e, 管理员, admin@example.com, null, null, 1, 1, 1, 1, 1, 2026-08-11 20:00:08, 2026-08-13 22:28:45
<==      Total: 1
2026-08-15T11:26:40.888+08:00 DEBUG 11564 --- [iam-authorization-server] [nio-9000-exec-4] n.x.a.s.t.RedisOpaqueTokenIntrospector   : Opaque token introspect success, sub=admin, scope=[read, openid, profile, write]
2026-08-15T11:26:40.888+08:00 DEBUG 11564 --- [iam-authorization-server] [nio-9000-exec-4] .s.r.a.OpaqueTokenAuthenticationProvider : Authenticated token
2026-08-15T11:26:40.888+08:00 DEBUG 11564 --- [iam-authorization-server] [nio-9000-exec-4] .s.r.w.a.BearerTokenAuthenticationFilter : Set SecurityContextHolder to BearerTokenAuthentication [Principal=net.xzh.authserver.security.token.RedisOpaqueTokenIntrospector$OpaquePrincipal@7e78529e, Credentials=[PROTECTED], Authenticated=true, Details=WebAuthenticationDetails [RemoteIpAddress=127.0.0.1, SessionId=null], Granted Authorities=[ROLE_ADMIN]]
2026-08-15T11:26:40.889+08:00 DEBUG 11564 --- [iam-authorization-server] [nio-9000-exec-4] o.s.security.web.FilterChainProxy        : Secured GET /api/admin/users
Creating a new SqlSession
SqlSession [org.apache.ibatis.session.defaults.DefaultSqlSession@3d88f754] was not registered for synchronization because synchronization is not active
JDBC Connection [com.alibaba.druid.pool.DruidStatementConnection@e2696e8] will not be managed by Spring
==>  Preparing: SELECT id,username,password,nickname,email,phone,avatar,identity_type,enabled,account_non_expired,account_non_locked,credentials_non_expired,create_time,update_time FROM sys_user
==> Parameters: 
<==    Columns: id, username, password, nickname, email, phone, avatar, identity_type, enabled, account_non_expired, account_non_locked, credentials_non_expired, create_time, update_time
<==        Row: 1, admin, $2a$10$ov3NUrdkAHujSRdGbDZF6O9h2cjZq4Zl17fL3TA5Nhs94mE/PmH8e, 管理员, admin@example.com, null, null, 1, 1, 1, 1, 1, 2026-08-11 20:00:08, 2026-08-13 22:28:45
<==        Row: 2, user, $2a$10$ov3NUrdkAHujSRdGbDZF6O9h2cjZq4Zl17fL3TA5Nhs94mE/PmH8e, 普通用户, user@example.com, null, null, 2, 1, 1, 1, 1, 2026-08-11 20:00:08, 2026-08-11 20:00:08
<==      Total: 2
Closing non transactional SqlSession [org.apache.ibatis.session.defaults.DefaultSqlSession@3d88f754]
2026-08-15T11:26:41.006+08:00 DEBUG 11564 --- [iam-authorization-server] [nio-9000-exec-2] o.s.a.w.OAuth2ClientAuthenticationFilter : Set SecurityContextHolder authentication to OAuth2ClientAuthenticationToken
2026-08-15T11:26:41.016+08:00  INFO 11564 --- [iam-authorization-server] [nio-9000-exec-2] n.x.a.s.session.RedisSessionRegistry     : [RedisSessionRegistry] 注册会话: principal=resource-server, sessionId=90dbbacc-8f6a-4c87-8937-754fd1761b84
2026-08-15T11:26:42.457+08:00 DEBUG 11564 --- [iam-authorization-server] [nio-9000-exec-5] o.s.security.web.FilterChainProxy        : Securing GET /api/admin/users
JDBC Connection [com.alibaba.druid.pool.DruidStatementConnection@e2696e8] will not be managed by Spring
2026-08-15T11:26:42.466+08:00 DEBUG 11564 --- [iam-authorization-server] [nio-9000-exec-6] o.s.security.web.FilterChainProxy        : Securing POST /oauth2/introspect
==>  Preparing: SELECT id,username,password,nickname,email,phone,avatar,identity_type,enabled,account_non_expired,account_non_locked,credentials_non_expired,create_time,update_time FROM sys_user WHERE (username = ?)
==> Parameters: admin(String)
<==    Columns: id, username, password, nickname, email, phone, avatar, identity_type, enabled, account_non_expired, account_non_locked, credentials_non_expired, create_time, update_time
<==        Row: 1, admin, $2a$10$ov3NUrdkAHujSRdGbDZF6O9h2cjZq4Zl17fL3TA5Nhs94mE/PmH8e, 管理员, admin@example.com, null, null, 1, 1, 1, 1, 1, 2026-08-11 20:00:08, 2026-08-13 22:28:45
<==      Total: 1
2026-08-15T11:26:42.472+08:00 DEBUG 11564 --- [iam-authorization-server] [nio-9000-exec-5] n.x.a.s.t.RedisOpaqueTokenIntrospector   : Opaque token introspect success, sub=admin, scope=[read, openid, profile, write]
2026-08-15T11:26:42.472+08:00 DEBUG 11564 --- [iam-authorization-server] [nio-9000-exec-5] .s.r.a.OpaqueTokenAuthenticationProvider : Authenticated token
2026-08-15T11:26:42.473+08:00 DEBUG 11564 --- [iam-authorization-server] [nio-9000-exec-5] .s.r.w.a.BearerTokenAuthenticationFilter : Set SecurityContextHolder to BearerTokenAuthentication [Principal=net.xzh.authserver.security.token.RedisOpaqueTokenIntrospector$OpaquePrincipal@261b8da7, Credentials=[PROTECTED], Authenticated=true, Details=WebAuthenticationDetails [RemoteIpAddress=127.0.0.1, SessionId=null], Granted Authorities=[ROLE_ADMIN]]
2026-08-15T11:26:42.473+08:00 DEBUG 11564 --- [iam-authorization-server] [nio-9000-exec-5] o.s.security.web.FilterChainProxy        : Secured GET /api/admin/users
Creating a new SqlSession
SqlSession [org.apache.ibatis.session.defaults.DefaultSqlSession@4f2e89e5] was not registered for synchronization because synchronization is not active
JDBC Connection [com.alibaba.druid.pool.DruidStatementConnection@e2696e8] will not be managed by Spring
==>  Preparing: SELECT id,username,password,nickname,email,phone,avatar,identity_type,enabled,account_non_expired,account_non_locked,credentials_non_expired,create_time,update_time FROM sys_user
==> Parameters: 
<==    Columns: id, username, password, nickname, email, phone, avatar, identity_type, enabled, account_non_expired, account_non_locked, credentials_non_expired, create_time, update_time
<==        Row: 1, admin, $2a$10$ov3NUrdkAHujSRdGbDZF6O9h2cjZq4Zl17fL3TA5Nhs94mE/PmH8e, 管理员, admin@example.com, null, null, 1, 1, 1, 1, 1, 2026-08-11 20:00:08, 2026-08-13 22:28:45
<==        Row: 2, user, $2a$10$ov3NUrdkAHujSRdGbDZF6O9h2cjZq4Zl17fL3TA5Nhs94mE/PmH8e, 普通用户, user@example.com, null, null, 2, 1, 1, 1, 1, 2026-08-11 20:00:08, 2026-08-11 20:00:08
<==      Total: 2
Closing non transactional SqlSession [org.apache.ibatis.session.defaults.DefaultSqlSession@4f2e89e5]
2026-08-15T11:26:42.602+08:00 DEBUG 11564 --- [iam-authorization-server] [nio-9000-exec-6] o.s.a.w.OAuth2ClientAuthenticationFilter : Set SecurityContextHolder authentication to OAuth2ClientAuthenticationToken
2026-08-15T11:26:42.652+08:00  INFO 11564 --- [iam-authorization-server] [nio-9000-exec-6] n.x.a.s.session.RedisSessionRegistry     : [RedisSessionRegistry] 注册会话: principal=resource-server, sessionId=3d0bd523-6638-402e-a501-6b1991ff3a1d
2026-08-15T11:26:44.000+08:00 DEBUG 11564 --- [iam-authorization-server] [nio-9000-exec-7] o.s.security.web.FilterChainProxy        : Securing POST /oauth2/introspect
2026-08-15T11:26:44.121+08:00 DEBUG 11564 --- [iam-authorization-server] [nio-9000-exec-7] o.s.a.w.OAuth2ClientAuthenticationFilter : Set SecurityContextHolder authentication to OAuth2ClientAuthenticationToken
2026-08-15T11:26:44.132+08:00  INFO 11564 --- [iam-authorization-server] [nio-9000-exec-7] n.x.a.s.session.RedisSessionRegistry     : [RedisSessionRegistry] 注册会话: principal=resource-server, sessionId=3bfe7b38-87a2-4d43-97f0-70cc4890137b
2026-08-15T11:26:44.598+08:00 DEBUG 11564 --- [iam-authorization-server] [nio-9000-exec-8] o.s.security.web.FilterChainProxy        : Securing POST /oauth2/introspect
2026-08-15T11:26:44.717+08:00 DEBUG 11564 --- [iam-authorization-server] [nio-9000-exec-8] o.s.a.w.OAuth2ClientAuthenticationFilter : Set SecurityContextHolder authentication to OAuth2ClientAuthenticationToken
2026-08-15T11:26:44.725+08:00  INFO 11564 --- [iam-authorization-server] [nio-9000-exec-8] n.x.a.s.session.RedisSessionRegistry     : [RedisSessionRegistry] 注册会话: principal=resource-server, sessionId=3ec60986-43de-49a3-882b-94ec3d51ce0d
2026-08-15T11:26:45.099+08:00 DEBUG 11564 --- [iam-authorization-server] [nio-9000-exec-9] o.s.security.web.FilterChainProxy        : Securing GET /api/admin/clients
JDBC Connection [com.alibaba.druid.pool.DruidStatementConnection@e2696e8] will not be managed by Spring
==>  Preparing: SELECT id,username,password,nickname,email,phone,avatar,identity_type,enabled,account_non_expired,account_non_locked,credentials_non_expired,create_time,update_time FROM sys_user WHERE (username = ?)
==> Parameters: admin(String)
<==    Columns: id, username, password, nickname, email, phone, avatar, identity_type, enabled, account_non_expired, account_non_locked, credentials_non_expired, create_time, update_time
<==        Row: 1, admin, $2a$10$ov3NUrdkAHujSRdGbDZF6O9h2cjZq4Zl17fL3TA5Nhs94mE/PmH8e, 管理员, admin@example.com, null, null, 1, 1, 1, 1, 1, 2026-08-11 20:00:08, 2026-08-13 22:28:45
<==      Total: 1
2026-08-15T11:26:45.112+08:00 DEBUG 11564 --- [iam-authorization-server] [nio-9000-exec-9] n.x.a.s.t.RedisOpaqueTokenIntrospector   : Opaque token introspect success, sub=admin, scope=[read, openid, profile, write]
2026-08-15T11:26:45.113+08:00 DEBUG 11564 --- [iam-authorization-server] [nio-9000-exec-9] .s.r.a.OpaqueTokenAuthenticationProvider : Authenticated token
2026-08-15T11:26:45.114+08:00 DEBUG 11564 --- [iam-authorization-server] [nio-9000-exec-9] .s.r.w.a.BearerTokenAuthenticationFilter : Set SecurityContextHolder to BearerTokenAuthentication [Principal=net.xzh.authserver.security.token.RedisOpaqueTokenIntrospector$OpaquePrincipal@87981c6, Credentials=[PROTECTED], Authenticated=true, Details=WebAuthenticationDetails [RemoteIpAddress=127.0.0.1, SessionId=null], Granted Authorities=[ROLE_ADMIN]]
2026-08-15T11:26:45.115+08:00 DEBUG 11564 --- [iam-authorization-server] [nio-9000-exec-9] o.s.security.web.FilterChainProxy        : Secured GET /api/admin/clients
Creating a new SqlSession
SqlSession [org.apache.ibatis.session.defaults.DefaultSqlSession@7e4758c] was not registered for synchronization because synchronization is not active
JDBC Connection [com.alibaba.druid.pool.DruidStatementConnection@e2696e8] will not be managed by Spring
==>  Preparing: SELECT id,client_id,client_id_issued_at,client_secret,client_secret_expires_at,client_name,client_authentication_methods,authorization_grant_types,redirect_uris,post_logout_redirect_uris,scopes,client_settings,token_settings FROM oauth2_registered_client
==> Parameters: 
<==    Columns: id, client_id, client_id_issued_at, client_secret, client_secret_expires_at, client_name, client_authentication_methods, authorization_grant_types, redirect_uris, post_logout_redirect_uris, scopes, client_settings, token_settings
<==        Row: 1, resource-server, 2026-08-13 09:56:12, $2a$10$ov3NUrdkAHujSRdGbDZF6O9h2cjZq4Zl17fL3TA5Nhs94mE/PmH8e, null, 资源服务器, client_secret_basic, client_credentials, , , read,write, {"requireProofKey":false,"requireAuthorizationConsent":false}, {"accessTokenFormat":"reference","authorizationCodeTimeToLive":"PT5M","accessTokenTimeToLive":"PT30M","reuseRefreshTokens":false}
<==        Row: 2, admin-app, 2026-08-13 12:00:00, $2a$10$ov3NUrdkAHujSRdGbDZF6O9h2cjZq4Zl17fL3TA5Nhs94mE/PmH8e, null, 管理后台, client_secret_basic, refresh_token,authorization_code, http://localhost:8085/login/oauth2/code/admin-app, http://localhost:8001/logged-out, openid,profile,read,write, {"requireProofKey":false,"requireAuthorizationConsent":false}, {"accessTokenFormat":"reference","authorizationCodeTimeToLive":"PT5M","accessTokenTimeToLive":"PT2H","reuseRefreshTokens":true}
<==        Row: 3, portal-app, 2026-08-11 20:00:08, $2a$10$ov3NUrdkAHujSRdGbDZF6O9h2cjZq4Zl17fL3TA5Nhs94mE/PmH8e, null, 门户应用 (SSO), client_secret_basic, refresh_token,authorization_code, http://localhost:8083/portal-sso-callback,http://localhost:8081/portal-sso-callback,http://localhost:8080/login/oauth2/code/portal-app-oidc, http://localhost:8000/logged-out,http://localhost:8080/logged-out, openid,profile,email, {"requireProofKey":false,"requireAuthorizationConsent":false}, {"accessTokenFormat":"reference","authorizationCodeTimeToLive":"PT5M","accessTokenTimeToLive":"PT2H","reuseRefreshTokens":false}
<==        Row: 4, web-app, 2026-08-11 20:00:08, $2a$10$ov3NUrdkAHujSRdGbDZF6O9h2cjZq4Zl17fL3TA5Nhs94mE/PmH8e, null, Web 应用客户端, client_secret_basic,client_secret_post, authorization_code,refresh_token,password, http://localhost:8081/callback,http://127.0.0.1:8081/callback, http://localhost:8081/logout, openid,profile,email,read,write, {"requireProofKey":false,"requireAuthorizationConsent":true}, {"accessTokenFormat":"REFERENCE","accessTokenTimeToLive":"PT2H","reuseRefreshTokens":false,"idTokenSignatureAlgorithm":"RS256"}
<==        Row: 5, device-app, 2026-08-11 20:00:08, null, null, 设备码客户端, none, refresh_token,urn:ietf:params:oauth:grant-type:device_code, null, null, openid,profile,email,read, {"requireProofKey":false,"requireAuthorizationConsent":true}, {"accessTokenFormat":"REFERENCE","accessTokenTimeToLive":"PT1H","reuseRefreshTokens":false}
<==        Row: 6, mobile-app, 2026-08-11 20:00:08, null, null, 移动应用客户端(PKCE), none, authorization_code,refresh_token, com.example.mobileapp://oauth2/redirect,http://localhost:8083/callback, http://localhost:8083/logout, openid,profile,email,read,write, {"requireProofKey":true,"requireAuthorizationConsent":true}, {"accessTokenFormat":"REFERENCE","accessTokenTimeToLive":"PT2H","reuseRefreshTokens":false,"idTokenSignatureAlgorithm":"RS256"}
<==        Row: 7, service-app, 2026-08-11 20:00:08, $2a$10$ov3NUrdkAHujSRdGbDZF6O9h2cjZq4Zl17fL3TA5Nhs94mE/PmH8e, null, 服务间调用客户端, client_secret_basic, client_credentials, null, null, read,write, {"requireProofKey":false,"requireAuthorizationConsent":true}, {"accessTokenFormat":"REFERENCE","accessTokenTimeToLive":"PT30M","reuseRefreshTokens":false}
<==      Total: 7
Closing non transactional SqlSession [org.apache.ibatis.session.defaults.DefaultSqlSession@7e4758c]
2026-08-15T11:26:45.583+08:00 DEBUG 11564 --- [iam-authorization-server] [io-9000-exec-10] o.s.security.web.FilterChainProxy        : Securing GET /api/admin/records/consents
JDBC Connection [com.alibaba.druid.pool.DruidStatementConnection@e2696e8] will not be managed by Spring
==>  Preparing: SELECT id,username,password,nickname,email,phone,avatar,identity_type,enabled,account_non_expired,account_non_locked,credentials_non_expired,create_time,update_time FROM sys_user WHERE (username = ?)
==> Parameters: admin(String)
<==    Columns: id, username, password, nickname, email, phone, avatar, identity_type, enabled, account_non_expired, account_non_locked, credentials_non_expired, create_time, update_time
<==        Row: 1, admin, $2a$10$ov3NUrdkAHujSRdGbDZF6O9h2cjZq4Zl17fL3TA5Nhs94mE/PmH8e, 管理员, admin@example.com, null, null, 1, 1, 1, 1, 1, 2026-08-11 20:00:08, 2026-08-13 22:28:45
<==      Total: 1
2026-08-15T11:26:45.597+08:00 DEBUG 11564 --- [iam-authorization-server] [io-9000-exec-10] n.x.a.s.t.RedisOpaqueTokenIntrospector   : Opaque token introspect success, sub=admin, scope=[read, openid, profile, write]
2026-08-15T11:26:45.597+08:00 DEBUG 11564 --- [iam-authorization-server] [io-9000-exec-10] .s.r.a.OpaqueTokenAuthenticationProvider : Authenticated token
2026-08-15T11:26:45.598+08:00 DEBUG 11564 --- [iam-authorization-server] [io-9000-exec-10] .s.r.w.a.BearerTokenAuthenticationFilter : Set SecurityContextHolder to BearerTokenAuthentication [Principal=net.xzh.authserver.security.token.RedisOpaqueTokenIntrospector$OpaquePrincipal@434497ae, Credentials=[PROTECTED], Authenticated=true, Details=WebAuthenticationDetails [RemoteIpAddress=127.0.0.1, SessionId=null], Granted Authorities=[ROLE_ADMIN]]
2026-08-15T11:26:45.598+08:00 DEBUG 11564 --- [iam-authorization-server] [io-9000-exec-10] o.s.security.web.FilterChainProxy        : Secured GET /api/admin/records/consents
Creating a new SqlSession
SqlSession [org.apache.ibatis.session.defaults.DefaultSqlSession@5c37c098] was not registered for synchronization because synchronization is not active
JDBC Connection [com.alibaba.druid.pool.DruidStatementConnection@e2696e8] will not be managed by Spring
==>  Preparing: SELECT * FROM oauth2_authorization_consent ORDER BY principal_name, registered_client_id
==> Parameters: 
<==      Total: 0
Closing non transactional SqlSession [org.apache.ibatis.session.defaults.DefaultSqlSession@5c37c098]
2026-08-15T11:26:46.380+08:00 DEBUG 11564 --- [iam-authorization-server] [nio-9000-exec-3] o.s.security.web.FilterChainProxy        : Securing GET /api/admin/sessions/online
JDBC Connection [com.alibaba.druid.pool.DruidStatementConnection@e2696e8] will not be managed by Spring
==>  Preparing: SELECT id,username,password,nickname,email,phone,avatar,identity_type,enabled,account_non_expired,account_non_locked,credentials_non_expired,create_time,update_time FROM sys_user WHERE (username = ?)
==> Parameters: admin(String)
<==    Columns: id, username, password, nickname, email, phone, avatar, identity_type, enabled, account_non_expired, account_non_locked, credentials_non_expired, create_time, update_time
<==        Row: 1, admin, $2a$10$ov3NUrdkAHujSRdGbDZF6O9h2cjZq4Zl17fL3TA5Nhs94mE/PmH8e, 管理员, admin@example.com, null, null, 1, 1, 1, 1, 1, 2026-08-11 20:00:08, 2026-08-13 22:28:45
<==      Total: 1
2026-08-15T11:26:46.391+08:00 DEBUG 11564 --- [iam-authorization-server] [nio-9000-exec-3] n.x.a.s.t.RedisOpaqueTokenIntrospector   : Opaque token introspect success, sub=admin, scope=[read, openid, profile, write]
2026-08-15T11:26:46.391+08:00 DEBUG 11564 --- [iam-authorization-server] [nio-9000-exec-3] .s.r.a.OpaqueTokenAuthenticationProvider : Authenticated token
2026-08-15T11:26:46.391+08:00 DEBUG 11564 --- [iam-authorization-server] [nio-9000-exec-3] .s.r.w.a.BearerTokenAuthenticationFilter : Set SecurityContextHolder to BearerTokenAuthentication [Principal=net.xzh.authserver.security.token.RedisOpaqueTokenIntrospector$OpaquePrincipal@29456b7d, Credentials=[PROTECTED], Authenticated=true, Details=WebAuthenticationDetails [RemoteIpAddress=127.0.0.1, SessionId=null], Granted Authorities=[ROLE_ADMIN]]
2026-08-15T11:26:46.392+08:00 DEBUG 11564 --- [iam-authorization-server] [nio-9000-exec-3] o.s.security.web.FilterChainProxy        : Secured GET /api/admin/sessions/online
2026-08-15T11:26:47.099+08:00 DEBUG 11564 --- [iam-authorization-server] [nio-9000-exec-1] o.s.security.web.FilterChainProxy        : Securing GET /api/admin/records/consents
JDBC Connection [com.alibaba.druid.pool.DruidStatementConnection@e2696e8] will not be managed by Spring
==>  Preparing: SELECT id,username,password,nickname,email,phone,avatar,identity_type,enabled,account_non_expired,account_non_locked,credentials_non_expired,create_time,update_time FROM sys_user WHERE (username = ?)
==> Parameters: admin(String)
<==    Columns: id, username, password, nickname, email, phone, avatar, identity_type, enabled, account_non_expired, account_non_locked, credentials_non_expired, create_time, update_time
<==        Row: 1, admin, $2a$10$ov3NUrdkAHujSRdGbDZF6O9h2cjZq4Zl17fL3TA5Nhs94mE/PmH8e, 管理员, admin@example.com, null, null, 1, 1, 1, 1, 1, 2026-08-11 20:00:08, 2026-08-13 22:28:45
<==      Total: 1
2026-08-15T11:26:47.112+08:00 DEBUG 11564 --- [iam-authorization-server] [nio-9000-exec-1] n.x.a.s.t.RedisOpaqueTokenIntrospector   : Opaque token introspect success, sub=admin, scope=[read, openid, profile, write]
2026-08-15T11:26:47.113+08:00 DEBUG 11564 --- [iam-authorization-server] [nio-9000-exec-1] .s.r.a.OpaqueTokenAuthenticationProvider : Authenticated token
2026-08-15T11:26:47.114+08:00 DEBUG 11564 --- [iam-authorization-server] [nio-9000-exec-1] .s.r.w.a.BearerTokenAuthenticationFilter : Set SecurityContextHolder to BearerTokenAuthentication [Principal=net.xzh.authserver.security.token.RedisOpaqueTokenIntrospector$OpaquePrincipal@3f3560b, Credentials=[PROTECTED], Authenticated=true, Details=WebAuthenticationDetails [RemoteIpAddress=127.0.0.1, SessionId=null], Granted Authorities=[ROLE_ADMIN]]
2026-08-15T11:26:47.115+08:00 DEBUG 11564 --- [iam-authorization-server] [nio-9000-exec-1] o.s.security.web.FilterChainProxy        : Secured GET /api/admin/records/consents
Creating a new SqlSession
SqlSession [org.apache.ibatis.session.defaults.DefaultSqlSession@2bea2c76] was not registered for synchronization because synchronization is not active
JDBC Connection [com.alibaba.druid.pool.DruidStatementConnection@e2696e8] will not be managed by Spring
==>  Preparing: SELECT * FROM oauth2_authorization_consent ORDER BY principal_name, registered_client_id
==> Parameters: 
<==      Total: 0
Closing non transactional SqlSession [org.apache.ibatis.session.defaults.DefaultSqlSession@2bea2c76]
2026-08-15T11:26:47.487+08:00 DEBUG 11564 --- [iam-authorization-server] [nio-9000-exec-4] o.s.security.web.FilterChainProxy        : Securing GET /api/admin/clients
JDBC Connection [com.alibaba.druid.pool.DruidStatementConnection@e2696e8] will not be managed by Spring
==>  Preparing: SELECT id,username,password,nickname,email,phone,avatar,identity_type,enabled,account_non_expired,account_non_locked,credentials_non_expired,create_time,update_time FROM sys_user WHERE (username = ?)
==> Parameters: admin(String)
<==    Columns: id, username, password, nickname, email, phone, avatar, identity_type, enabled, account_non_expired, account_non_locked, credentials_non_expired, create_time, update_time
<==        Row: 1, admin, $2a$10$ov3NUrdkAHujSRdGbDZF6O9h2cjZq4Zl17fL3TA5Nhs94mE/PmH8e, 管理员, admin@example.com, null, null, 1, 1, 1, 1, 1, 2026-08-11 20:00:08, 2026-08-13 22:28:45
<==      Total: 1
2026-08-15T11:26:47.501+08:00 DEBUG 11564 --- [iam-authorization-server] [nio-9000-exec-4] n.x.a.s.t.RedisOpaqueTokenIntrospector   : Opaque token introspect success, sub=admin, scope=[read, openid, profile, write]
2026-08-15T11:26:47.501+08:00 DEBUG 11564 --- [iam-authorization-server] [nio-9000-exec-4] .s.r.a.OpaqueTokenAuthenticationProvider : Authenticated token
2026-08-15T11:26:47.502+08:00 DEBUG 11564 --- [iam-authorization-server] [nio-9000-exec-4] .s.r.w.a.BearerTokenAuthenticationFilter : Set SecurityContextHolder to BearerTokenAuthentication [Principal=net.xzh.authserver.security.token.RedisOpaqueTokenIntrospector$OpaquePrincipal@48c1e1bf, Credentials=[PROTECTED], Authenticated=true, Details=WebAuthenticationDetails [RemoteIpAddress=127.0.0.1, SessionId=null], Granted Authorities=[ROLE_ADMIN]]
2026-08-15T11:26:47.502+08:00 DEBUG 11564 --- [iam-authorization-server] [nio-9000-exec-4] o.s.security.web.FilterChainProxy        : Secured GET /api/admin/clients
Creating a new SqlSession
SqlSession [org.apache.ibatis.session.defaults.DefaultSqlSession@1a66217a] was not registered for synchronization because synchronization is not active
JDBC Connection [com.alibaba.druid.pool.DruidStatementConnection@e2696e8] will not be managed by Spring
==>  Preparing: SELECT id,client_id,client_id_issued_at,client_secret,client_secret_expires_at,client_name,client_authentication_methods,authorization_grant_types,redirect_uris,post_logout_redirect_uris,scopes,client_settings,token_settings FROM oauth2_registered_client
==> Parameters: 
<==    Columns: id, client_id, client_id_issued_at, client_secret, client_secret_expires_at, client_name, client_authentication_methods, authorization_grant_types, redirect_uris, post_logout_redirect_uris, scopes, client_settings, token_settings
<==        Row: 1, resource-server, 2026-08-13 09:56:12, $2a$10$ov3NUrdkAHujSRdGbDZF6O9h2cjZq4Zl17fL3TA5Nhs94mE/PmH8e, null, 资源服务器, client_secret_basic, client_credentials, , , read,write, {"requireProofKey":false,"requireAuthorizationConsent":false}, {"accessTokenFormat":"reference","authorizationCodeTimeToLive":"PT5M","accessTokenTimeToLive":"PT30M","reuseRefreshTokens":false}
<==        Row: 2, admin-app, 2026-08-13 12:00:00, $2a$10$ov3NUrdkAHujSRdGbDZF6O9h2cjZq4Zl17fL3TA5Nhs94mE/PmH8e, null, 管理后台, client_secret_basic, refresh_token,authorization_code, http://localhost:8085/login/oauth2/code/admin-app, http://localhost:8001/logged-out, openid,profile,read,write, {"requireProofKey":false,"requireAuthorizationConsent":false}, {"accessTokenFormat":"reference","authorizationCodeTimeToLive":"PT5M","accessTokenTimeToLive":"PT2H","reuseRefreshTokens":true}
<==        Row: 3, portal-app, 2026-08-11 20:00:08, $2a$10$ov3NUrdkAHujSRdGbDZF6O9h2cjZq4Zl17fL3TA5Nhs94mE/PmH8e, null, 门户应用 (SSO), client_secret_basic, refresh_token,authorization_code, http://localhost:8083/portal-sso-callback,http://localhost:8081/portal-sso-callback,http://localhost:8080/login/oauth2/code/portal-app-oidc, http://localhost:8000/logged-out,http://localhost:8080/logged-out, openid,profile,email, {"requireProofKey":false,"requireAuthorizationConsent":false}, {"accessTokenFormat":"reference","authorizationCodeTimeToLive":"PT5M","accessTokenTimeToLive":"PT2H","reuseRefreshTokens":false}
<==        Row: 4, web-app, 2026-08-11 20:00:08, $2a$10$ov3NUrdkAHujSRdGbDZF6O9h2cjZq4Zl17fL3TA5Nhs94mE/PmH8e, null, Web 应用客户端, client_secret_basic,client_secret_post, authorization_code,refresh_token,password, http://localhost:8081/callback,http://127.0.0.1:8081/callback, http://localhost:8081/logout, openid,profile,email,read,write, {"requireProofKey":false,"requireAuthorizationConsent":true}, {"accessTokenFormat":"REFERENCE","accessTokenTimeToLive":"PT2H","reuseRefreshTokens":false,"idTokenSignatureAlgorithm":"RS256"}
<==        Row: 5, device-app, 2026-08-11 20:00:08, null, null, 设备码客户端, none, refresh_token,urn:ietf:params:oauth:grant-type:device_code, null, null, openid,profile,email,read, {"requireProofKey":false,"requireAuthorizationConsent":true}, {"accessTokenFormat":"REFERENCE","accessTokenTimeToLive":"PT1H","reuseRefreshTokens":false}
<==        Row: 6, mobile-app, 2026-08-11 20:00:08, null, null, 移动应用客户端(PKCE), none, authorization_code,refresh_token, com.example.mobileapp://oauth2/redirect,http://localhost:8083/callback, http://localhost:8083/logout, openid,profile,email,read,write, {"requireProofKey":true,"requireAuthorizationConsent":true}, {"accessTokenFormat":"REFERENCE","accessTokenTimeToLive":"PT2H","reuseRefreshTokens":false,"idTokenSignatureAlgorithm":"RS256"}
<==        Row: 7, service-app, 2026-08-11 20:00:08, $2a$10$ov3NUrdkAHujSRdGbDZF6O9h2cjZq4Zl17fL3TA5Nhs94mE/PmH8e, null, 服务间调用客户端, client_secret_basic, client_credentials, null, null, read,write, {"requireProofKey":false,"requireAuthorizationConsent":true}, {"accessTokenFormat":"REFERENCE","accessTokenTimeToLive":"PT30M","reuseRefreshTokens":false}
<==      Total: 7
Closing non transactional SqlSession [org.apache.ibatis.session.defaults.DefaultSqlSession@1a66217a]
JDBC Connection [com.alibaba.druid.pool.DruidStatementConnection@e2696e8] will not be managed by Spring
==>  Preparing: SELECT id,username,password,nickname,email,phone,avatar,identity_type,enabled,account_non_expired,account_non_locked,credentials_non_expired,create_time,update_time FROM sys_user WHERE (username = ?)
==> Parameters: admin(String)
<==    Columns: id, username, password, nickname, email, phone, avatar, identity_type, enabled, account_non_expired, account_non_locked, credentials_non_expired, create_time, update_time
<==        Row: 1, admin, $2a$10$ov3NUrdkAHujSRdGbDZF6O9h2cjZq4Zl17fL3TA5Nhs94mE/PmH8e, 管理员, admin@example.com, null, null, 1, 1, 1, 1, 1, 2026-08-11 20:00:08, 2026-08-13 22:28:45
<==      Total: 1
JDBC Connection [com.alibaba.druid.pool.DruidStatementConnection@e2696e8] will not be managed by Spring
==>  Preparing: SELECT id,username,password,nickname,email,phone,avatar,identity_type,enabled,account_non_expired,account_non_locked,credentials_non_expired,create_time,update_time FROM sys_user WHERE (username = ?)
==> Parameters: admin(String)
<==    Columns: id, username, password, nickname, email, phone, avatar, identity_type, enabled, account_non_expired, account_non_locked, credentials_non_expired, create_time, update_time
<==        Row: 1, admin, $2a$10$ov3NUrdkAHujSRdGbDZF6O9h2cjZq4Zl17fL3TA5Nhs94mE/PmH8e, 管理员, admin@example.com, null, null, 1, 1, 1, 1, 1, 2026-08-11 20:00:08, 2026-08-13 22:28:45
<==      Total: 1
JDBC Connection [com.alibaba.druid.pool.DruidStatementConnection@e2696e8] will not be managed by Spring
==>  Preparing: SELECT id,username,password,nickname,email,phone,avatar,identity_type,enabled,account_non_expired,account_non_locked,credentials_non_expired,create_time,update_time FROM sys_user WHERE (username = ?)
==> Parameters: resource-server(String)
<==      Total: 0
2026-08-15T11:26:47.701+08:00 DEBUG 11564 --- [iam-authorization-server] [nio-9000-exec-3] n.x.a.service.AuthSessionService         : 跳过非用户 principal: resource-server
JDBC Connection [com.alibaba.druid.pool.DruidStatementConnection@e2696e8] will not be managed by Spring
==>  Preparing: SELECT id,username,password,nickname,email,phone,avatar,identity_type,enabled,account_non_expired,account_non_locked,credentials_non_expired,create_time,update_time FROM sys_user WHERE (username = ?)
==> Parameters: admin-app(String)
<==      Total: 0
2026-08-15T11:26:47.704+08:00 DEBUG 11564 --- [iam-authorization-server] [nio-9000-exec-3] n.x.a.service.AuthSessionService         : 跳过非用户 principal: admin-app
2026-08-15T11:26:47.906+08:00 DEBUG 11564 --- [iam-authorization-server] [nio-9000-exec-2] o.s.security.web.FilterChainProxy        : Securing POST /oauth2/introspect
2026-08-15T11:26:48.025+08:00 DEBUG 11564 --- [iam-authorization-server] [nio-9000-exec-2] o.s.a.w.OAuth2ClientAuthenticationFilter : Set SecurityContextHolder authentication to OAuth2ClientAuthenticationToken
2026-08-15T11:26:48.071+08:00  INFO 11564 --- [iam-authorization-server] [nio-9000-exec-2] n.x.a.s.session.RedisSessionRegistry     : [RedisSessionRegistry] 注册会话: principal=resource-server, sessionId=1c9eccff-589c-4f6d-8d4a-3403b8ec8891
2026-08-15T11:26:48.597+08:00 DEBUG 11564 --- [iam-authorization-server] [nio-9000-exec-5] o.s.security.web.FilterChainProxy        : Securing POST /oauth2/introspect
2026-08-15T11:26:48.721+08:00 DEBUG 11564 --- [iam-authorization-server] [nio-9000-exec-5] o.s.a.w.OAuth2ClientAuthenticationFilter : Set SecurityContextHolder authentication to OAuth2ClientAuthenticationToken
2026-08-15T11:26:48.771+08:00  INFO 11564 --- [iam-authorization-server] [nio-9000-exec-5] n.x.a.s.session.RedisSessionRegistry     : [RedisSessionRegistry] 注册会话: principal=resource-server, sessionId=0387cdef-ee22-468e-bfb5-7fece621c5a4
2026-08-15T11:26:49.095+08:00 DEBUG 11564 --- [iam-authorization-server] [nio-9000-exec-6] o.s.security.web.FilterChainProxy        : Securing POST /oauth2/introspect
2026-08-15T11:26:49.244+08:00 DEBUG 11564 --- [iam-authorization-server] [nio-9000-exec-6] o.s.a.w.OAuth2ClientAuthenticationFilter : Set SecurityContextHolder authentication to OAuth2ClientAuthenticationToken
2026-08-15T11:26:49.253+08:00  INFO 11564 --- [iam-authorization-server] [nio-9000-exec-6] n.x.a.s.session.RedisSessionRegistry     : [RedisSessionRegistry] 注册会话: principal=resource-server, sessionId=fc942e21-e47a-4993-90d4-98e515f55bc9
2026-08-15T11:26:49.538+08:00 DEBUG 11564 --- [iam-authorization-server] [nio-9000-exec-7] o.s.security.web.FilterChainProxy        : Securing GET /api/admin/users
2026-08-15T11:26:49.542+08:00 DEBUG 11564 --- [iam-authorization-server] [nio-9000-exec-8] o.s.security.web.FilterChainProxy        : Securing POST /oauth2/introspect
JDBC Connection [com.alibaba.druid.pool.DruidStatementConnection@e2696e8] will not be managed by Spring
==>  Preparing: SELECT id,username,password,nickname,email,phone,avatar,identity_type,enabled,account_non_expired,account_non_locked,credentials_non_expired,create_time,update_time FROM sys_user WHERE (username = ?)
==> Parameters: admin(String)
<==    Columns: id, username, password, nickname, email, phone, avatar, identity_type, enabled, account_non_expired, account_non_locked, credentials_non_expired, create_time, update_time
<==        Row: 1, admin, $2a$10$ov3NUrdkAHujSRdGbDZF6O9h2cjZq4Zl17fL3TA5Nhs94mE/PmH8e, 管理员, admin@example.com, null, null, 1, 1, 1, 1, 1, 2026-08-11 20:00:08, 2026-08-13 22:28:45
<==      Total: 1
2026-08-15T11:26:49.550+08:00 DEBUG 11564 --- [iam-authorization-server] [nio-9000-exec-7] n.x.a.s.t.RedisOpaqueTokenIntrospector   : Opaque token introspect success, sub=admin, scope=[read, openid, profile, write]
2026-08-15T11:26:49.550+08:00 DEBUG 11564 --- [iam-authorization-server] [nio-9000-exec-7] .s.r.a.OpaqueTokenAuthenticationProvider : Authenticated token
2026-08-15T11:26:49.550+08:00 DEBUG 11564 --- [iam-authorization-server] [nio-9000-exec-7] .s.r.w.a.BearerTokenAuthenticationFilter : Set SecurityContextHolder to BearerTokenAuthentication [Principal=net.xzh.authserver.security.token.RedisOpaqueTokenIntrospector$OpaquePrincipal@58508a62, Credentials=[PROTECTED], Authenticated=true, Details=WebAuthenticationDetails [RemoteIpAddress=127.0.0.1, SessionId=null], Granted Authorities=[ROLE_ADMIN]]
2026-08-15T11:26:49.551+08:00 DEBUG 11564 --- [iam-authorization-server] [nio-9000-exec-7] o.s.security.web.FilterChainProxy        : Secured GET /api/admin/users
Creating a new SqlSession
SqlSession [org.apache.ibatis.session.defaults.DefaultSqlSession@3d260911] was not registered for synchronization because synchronization is not active
JDBC Connection [com.alibaba.druid.pool.DruidStatementConnection@e2696e8] will not be managed by Spring
==>  Preparing: SELECT id,username,password,nickname,email,phone,avatar,identity_type,enabled,account_non_expired,account_non_locked,credentials_non_expired,create_time,update_time FROM sys_user
==> Parameters: 
<==    Columns: id, username, password, nickname, email, phone, avatar, identity_type, enabled, account_non_expired, account_non_locked, credentials_non_expired, create_time, update_time
<==        Row: 1, admin, $2a$10$ov3NUrdkAHujSRdGbDZF6O9h2cjZq4Zl17fL3TA5Nhs94mE/PmH8e, 管理员, admin@example.com, null, null, 1, 1, 1, 1, 1, 2026-08-11 20:00:08, 2026-08-13 22:28:45
<==        Row: 2, user, $2a$10$ov3NUrdkAHujSRdGbDZF6O9h2cjZq4Zl17fL3TA5Nhs94mE/PmH8e, 普通用户, user@example.com, null, null, 2, 1, 1, 1, 1, 2026-08-11 20:00:08, 2026-08-11 20:00:08
<==      Total: 2
Closing non transactional SqlSession [org.apache.ibatis.session.defaults.DefaultSqlSession@3d260911]
2026-08-15T11:26:49.681+08:00 DEBUG 11564 --- [iam-authorization-server] [nio-9000-exec-8] o.s.a.w.OAuth2ClientAuthenticationFilter : Set SecurityContextHolder authentication to OAuth2ClientAuthenticationToken
2026-08-15T11:26:49.696+08:00  INFO 11564 --- [iam-authorization-server] [nio-9000-exec-8] n.x.a.s.session.RedisSessionRegistry     : [RedisSessionRegistry] 注册会话: principal=resource-server, sessionId=027f1ae7-a231-49ac-a5bd-30f4f2f08d3b
2026-08-15T11:27:01.404+08:00 DEBUG 11564 --- [iam-authorization-server] [nio-9000-exec-9] o.s.security.web.FilterChainProxy        : Securing GET /api/admin/users
2026-08-15T11:27:01.409+08:00 DEBUG 11564 --- [iam-authorization-server] [io-9000-exec-10] o.s.security.web.FilterChainProxy        : Securing POST /oauth2/introspect
JDBC Connection [com.alibaba.druid.pool.DruidStatementConnection@e2696e8] will not be managed by Spring
==>  Preparing: SELECT id,username,password,nickname,email,phone,avatar,identity_type,enabled,account_non_expired,account_non_locked,credentials_non_expired,create_time,update_time FROM sys_user WHERE (username = ?)
==> Parameters: admin(String)
<==    Columns: id, username, password, nickname, email, phone, avatar, identity_type, enabled, account_non_expired, account_non_locked, credentials_non_expired, create_time, update_time
<==        Row: 1, admin, $2a$10$ov3NUrdkAHujSRdGbDZF6O9h2cjZq4Zl17fL3TA5Nhs94mE/PmH8e, 管理员, admin@example.com, null, null, 1, 1, 1, 1, 1, 2026-08-11 20:00:08, 2026-08-13 22:28:45
<==      Total: 1
2026-08-15T11:27:01.416+08:00 DEBUG 11564 --- [iam-authorization-server] [nio-9000-exec-9] n.x.a.s.t.RedisOpaqueTokenIntrospector   : Opaque token introspect success, sub=admin, scope=[read, openid, profile, write]
2026-08-15T11:27:01.417+08:00 DEBUG 11564 --- [iam-authorization-server] [nio-9000-exec-9] .s.r.a.OpaqueTokenAuthenticationProvider : Authenticated token
2026-08-15T11:27:01.417+08:00 DEBUG 11564 --- [iam-authorization-server] [nio-9000-exec-9] .s.r.w.a.BearerTokenAuthenticationFilter : Set SecurityContextHolder to BearerTokenAuthentication [Principal=net.xzh.authserver.security.token.RedisOpaqueTokenIntrospector$OpaquePrincipal@76960ac3, Credentials=[PROTECTED], Authenticated=true, Details=WebAuthenticationDetails [RemoteIpAddress=127.0.0.1, SessionId=null], Granted Authorities=[ROLE_ADMIN]]
2026-08-15T11:27:01.417+08:00 DEBUG 11564 --- [iam-authorization-server] [nio-9000-exec-9] o.s.security.web.FilterChainProxy        : Secured GET /api/admin/users
Creating a new SqlSession
SqlSession [org.apache.ibatis.session.defaults.DefaultSqlSession@164a4a48] was not registered for synchronization because synchronization is not active
JDBC Connection [com.alibaba.druid.pool.DruidStatementConnection@e2696e8] will not be managed by Spring
==>  Preparing: SELECT id,username,password,nickname,email,phone,avatar,identity_type,enabled,account_non_expired,account_non_locked,credentials_non_expired,create_time,update_time FROM sys_user
==> Parameters: 
<==    Columns: id, username, password, nickname, email, phone, avatar, identity_type, enabled, account_non_expired, account_non_locked, credentials_non_expired, create_time, update_time
<==        Row: 1, admin, $2a$10$ov3NUrdkAHujSRdGbDZF6O9h2cjZq4Zl17fL3TA5Nhs94mE/PmH8e, 管理员, admin@example.com, null, null, 1, 1, 1, 1, 1, 2026-08-11 20:00:08, 2026-08-13 22:28:45
<==        Row: 2, user, $2a$10$ov3NUrdkAHujSRdGbDZF6O9h2cjZq4Zl17fL3TA5Nhs94mE/PmH8e, 普通用户, user@example.com, null, null, 2, 1, 1, 1, 1, 2026-08-11 20:00:08, 2026-08-11 20:00:08
<==      Total: 2
Closing non transactional SqlSession [org.apache.ibatis.session.defaults.DefaultSqlSession@164a4a48]
2026-08-15T11:27:01.527+08:00 DEBUG 11564 --- [iam-authorization-server] [io-9000-exec-10] o.s.a.w.OAuth2ClientAuthenticationFilter : Set SecurityContextHolder authentication to OAuth2ClientAuthenticationToken
2026-08-15T11:27:01.573+08:00  INFO 11564 --- [iam-authorization-server] [io-9000-exec-10] n.x.a.s.session.RedisSessionRegistry     : [RedisSessionRegistry] 注册会话: principal=resource-server, sessionId=2aa43de6-a852-44a8-8934-d332bc63d520
2026-08-15T11:27:02.701+08:00 DEBUG 11564 --- [iam-authorization-server] [nio-9000-exec-1] o.s.security.web.FilterChainProxy        : Securing GET /api/admin/users/1
JDBC Connection [com.alibaba.druid.pool.DruidStatementConnection@e2696e8] will not be managed by Spring
==>  Preparing: SELECT id,username,password,nickname,email,phone,avatar,identity_type,enabled,account_non_expired,account_non_locked,credentials_non_expired,create_time,update_time FROM sys_user WHERE (username = ?)
==> Parameters: admin(String)
<==    Columns: id, username, password, nickname, email, phone, avatar, identity_type, enabled, account_non_expired, account_non_locked, credentials_non_expired, create_time, update_time
<==        Row: 1, admin, $2a$10$ov3NUrdkAHujSRdGbDZF6O9h2cjZq4Zl17fL3TA5Nhs94mE/PmH8e, 管理员, admin@example.com, null, null, 1, 1, 1, 1, 1, 2026-08-11 20:00:08, 2026-08-13 22:28:45
<==      Total: 1
2026-08-15T11:27:02.710+08:00 DEBUG 11564 --- [iam-authorization-server] [nio-9000-exec-1] n.x.a.s.t.RedisOpaqueTokenIntrospector   : Opaque token introspect success, sub=admin, scope=[read, openid, profile, write]
2026-08-15T11:27:02.711+08:00 DEBUG 11564 --- [iam-authorization-server] [nio-9000-exec-1] .s.r.a.OpaqueTokenAuthenticationProvider : Authenticated token
2026-08-15T11:27:02.711+08:00 DEBUG 11564 --- [iam-authorization-server] [nio-9000-exec-1] .s.r.w.a.BearerTokenAuthenticationFilter : Set SecurityContextHolder to BearerTokenAuthentication [Principal=net.xzh.authserver.security.token.RedisOpaqueTokenIntrospector$OpaquePrincipal@4e0d7d97, Credentials=[PROTECTED], Authenticated=true, Details=WebAuthenticationDetails [RemoteIpAddress=127.0.0.1, SessionId=null], Granted Authorities=[ROLE_ADMIN]]
2026-08-15T11:27:02.711+08:00 DEBUG 11564 --- [iam-authorization-server] [nio-9000-exec-1] o.s.security.web.FilterChainProxy        : Secured GET /api/admin/users/1
Creating a new SqlSession
SqlSession [org.apache.ibatis.session.defaults.DefaultSqlSession@1f62e876] was not registered for synchronization because synchronization is not active
JDBC Connection [com.alibaba.druid.pool.DruidStatementConnection@e2696e8] will not be managed by Spring
==>  Preparing: SELECT id,username,password,nickname,email,phone,avatar,identity_type,enabled,account_non_expired,account_non_locked,credentials_non_expired,create_time,update_time FROM sys_user WHERE id=?
==> Parameters: 1(Long)
<==    Columns: id, username, password, nickname, email, phone, avatar, identity_type, enabled, account_non_expired, account_non_locked, credentials_non_expired, create_time, update_time
<==        Row: 1, admin, $2a$10$ov3NUrdkAHujSRdGbDZF6O9h2cjZq4Zl17fL3TA5Nhs94mE/PmH8e, 管理员, admin@example.com, null, null, 1, 1, 1, 1, 1, 2026-08-11 20:00:08, 2026-08-13 22:28:45
<==      Total: 1
Closing non transactional SqlSession [org.apache.ibatis.session.defaults.DefaultSqlSession@1f62e876]
2026-08-15T11:36:36.960+08:00 DEBUG 11564 --- [iam-authorization-server] [nio-9000-exec-5] o.s.security.web.FilterChainProxy        : Securing GET /api/admin/users
2026-08-15T11:36:36.963+08:00 DEBUG 11564 --- [iam-authorization-server] [nio-9000-exec-6] o.s.security.web.FilterChainProxy        : Securing POST /oauth2/introspect
JDBC Connection [com.alibaba.druid.pool.DruidStatementConnection@e2696e8] will not be managed by Spring
==>  Preparing: SELECT id,username,password,nickname,email,phone,avatar,identity_type,enabled,account_non_expired,account_non_locked,credentials_non_expired,create_time,update_time FROM sys_user WHERE (username = ?)
==> Parameters: admin(String)
<==    Columns: id, username, password, nickname, email, phone, avatar, identity_type, enabled, account_non_expired, account_non_locked, credentials_non_expired, create_time, update_time
<==        Row: 1, admin, $2a$10$ov3NUrdkAHujSRdGbDZF6O9h2cjZq4Zl17fL3TA5Nhs94mE/PmH8e, 管理员, admin@example.com, null, null, 1, 1, 1, 1, 1, 2026-08-11 20:00:08, 2026-08-13 22:28:45
<==      Total: 1
2026-08-15T11:36:36.969+08:00 DEBUG 11564 --- [iam-authorization-server] [nio-9000-exec-5] n.x.a.s.t.RedisOpaqueTokenIntrospector   : Opaque token introspect success, sub=admin, scope=[read, openid, profile, write]
2026-08-15T11:36:36.970+08:00 DEBUG 11564 --- [iam-authorization-server] [nio-9000-exec-5] .s.r.a.OpaqueTokenAuthenticationProvider : Authenticated token
2026-08-15T11:36:36.970+08:00 DEBUG 11564 --- [iam-authorization-server] [nio-9000-exec-5] .s.r.w.a.BearerTokenAuthenticationFilter : Set SecurityContextHolder to BearerTokenAuthentication [Principal=net.xzh.authserver.security.token.RedisOpaqueTokenIntrospector$OpaquePrincipal@3236fcda, Credentials=[PROTECTED], Authenticated=true, Details=WebAuthenticationDetails [RemoteIpAddress=127.0.0.1, SessionId=null], Granted Authorities=[ROLE_ADMIN]]
2026-08-15T11:36:36.971+08:00 DEBUG 11564 --- [iam-authorization-server] [nio-9000-exec-5] o.s.security.web.FilterChainProxy        : Secured GET /api/admin/users
Creating a new SqlSession
SqlSession [org.apache.ibatis.session.defaults.DefaultSqlSession@3dce8492] was not registered for synchronization because synchronization is not active
JDBC Connection [com.alibaba.druid.pool.DruidStatementConnection@e2696e8] will not be managed by Spring
==>  Preparing: SELECT id,username,password,nickname,email,phone,avatar,identity_type,enabled,account_non_expired,account_non_locked,credentials_non_expired,create_time,update_time FROM sys_user
==> Parameters: 
<==    Columns: id, username, password, nickname, email, phone, avatar, identity_type, enabled, account_non_expired, account_non_locked, credentials_non_expired, create_time, update_time
<==        Row: 1, admin, $2a$10$ov3NUrdkAHujSRdGbDZF6O9h2cjZq4Zl17fL3TA5Nhs94mE/PmH8e, 管理员, admin@example.com, null, null, 1, 1, 1, 1, 1, 2026-08-11 20:00:08, 2026-08-13 22:28:45
<==        Row: 2, user, $2a$10$ov3NUrdkAHujSRdGbDZF6O9h2cjZq4Zl17fL3TA5Nhs94mE/PmH8e, 普通用户, user@example.com, null, null, 2, 1, 1, 1, 1, 2026-08-11 20:00:08, 2026-08-11 20:00:08
<==      Total: 2
Closing non transactional SqlSession [org.apache.ibatis.session.defaults.DefaultSqlSession@3dce8492]
2026-08-15T11:36:37.084+08:00 DEBUG 11564 --- [iam-authorization-server] [nio-9000-exec-6] o.s.a.w.OAuth2ClientAuthenticationFilter : Set SecurityContextHolder authentication to OAuth2ClientAuthenticationToken
2026-08-15T11:36:37.132+08:00  INFO 11564 --- [iam-authorization-server] [nio-9000-exec-6] n.x.a.s.session.RedisSessionRegistry     : [RedisSessionRegistry] 注册会话: principal=resource-server, sessionId=bf84c6bc-3bfc-4677-850f-3bac02cc4307
2026-08-15T11:36:39.963+08:00 DEBUG 11564 --- [iam-authorization-server] [nio-9000-exec-7] o.s.security.web.FilterChainProxy        : Securing GET /api/admin/users/1
JDBC Connection [com.alibaba.druid.pool.DruidStatementConnection@e2696e8] will not be managed by Spring
==>  Preparing: SELECT id,username,password,nickname,email,phone,avatar,identity_type,enabled,account_non_expired,account_non_locked,credentials_non_expired,create_time,update_time FROM sys_user WHERE (username = ?)
==> Parameters: admin(String)
<==    Columns: id, username, password, nickname, email, phone, avatar, identity_type, enabled, account_non_expired, account_non_locked, credentials_non_expired, create_time, update_time
<==        Row: 1, admin, $2a$10$ov3NUrdkAHujSRdGbDZF6O9h2cjZq4Zl17fL3TA5Nhs94mE/PmH8e, 管理员, admin@example.com, null, null, 1, 1, 1, 1, 1, 2026-08-11 20:00:08, 2026-08-13 22:28:45
<==      Total: 1
2026-08-15T11:36:39.971+08:00 DEBUG 11564 --- [iam-authorization-server] [nio-9000-exec-7] n.x.a.s.t.RedisOpaqueTokenIntrospector   : Opaque token introspect success, sub=admin, scope=[read, openid, profile, write]
2026-08-15T11:36:39.972+08:00 DEBUG 11564 --- [iam-authorization-server] [nio-9000-exec-7] .s.r.a.OpaqueTokenAuthenticationProvider : Authenticated token
2026-08-15T11:36:39.972+08:00 DEBUG 11564 --- [iam-authorization-server] [nio-9000-exec-7] .s.r.w.a.BearerTokenAuthenticationFilter : Set SecurityContextHolder to BearerTokenAuthentication [Principal=net.xzh.authserver.security.token.RedisOpaqueTokenIntrospector$OpaquePrincipal@a2c1b, Credentials=[PROTECTED], Authenticated=true, Details=WebAuthenticationDetails [RemoteIpAddress=127.0.0.1, SessionId=null], Granted Authorities=[ROLE_ADMIN]]
2026-08-15T11:36:39.973+08:00 DEBUG 11564 --- [iam-authorization-server] [nio-9000-exec-7] o.s.security.web.FilterChainProxy        : Secured GET /api/admin/users/1
Creating a new SqlSession
SqlSession [org.apache.ibatis.session.defaults.DefaultSqlSession@1a68091] was not registered for synchronization because synchronization is not active
JDBC Connection [com.alibaba.druid.pool.DruidStatementConnection@e2696e8] will not be managed by Spring
==>  Preparing: SELECT id,username,password,nickname,email,phone,avatar,identity_type,enabled,account_non_expired,account_non_locked,credentials_non_expired,create_time,update_time FROM sys_user WHERE id=?
==> Parameters: 1(Long)
<==    Columns: id, username, password, nickname, email, phone, avatar, identity_type, enabled, account_non_expired, account_non_locked, credentials_non_expired, create_time, update_time
<==        Row: 1, admin, $2a$10$ov3NUrdkAHujSRdGbDZF6O9h2cjZq4Zl17fL3TA5Nhs94mE/PmH8e, 管理员, admin@example.com, null, null, 1, 1, 1, 1, 1, 2026-08-11 20:00:08, 2026-08-13 22:28:45
<==      Total: 1
Closing non transactional SqlSession [org.apache.ibatis.session.defaults.DefaultSqlSession@1a68091]
2026-08-15T11:36:51.514+08:00 DEBUG 11564 --- [iam-authorization-server] [nio-9000-exec-8] o.s.security.web.FilterChainProxy        : Securing POST /oauth2/introspect
2026-08-15T11:36:51.655+08:00 DEBUG 11564 --- [iam-authorization-server] [nio-9000-exec-8] o.s.a.w.OAuth2ClientAuthenticationFilter : Set SecurityContextHolder authentication to OAuth2ClientAuthenticationToken
2026-08-15T11:36:51.682+08:00  INFO 11564 --- [iam-authorization-server] [nio-9000-exec-8] n.x.a.s.session.RedisSessionRegistry     : [RedisSessionRegistry] 注册会话: principal=resource-server, sessionId=3719987e-adbb-4e43-b700-1ab59a3566c5
2026-08-15T11:36:53.382+08:00 DEBUG 11564 --- [iam-authorization-server] [nio-9000-exec-9] o.s.security.web.FilterChainProxy        : Securing POST /oauth2/introspect
2026-08-15T11:36:53.521+08:00 DEBUG 11564 --- [iam-authorization-server] [nio-9000-exec-9] o.s.a.w.OAuth2ClientAuthenticationFilter : Set SecurityContextHolder authentication to OAuth2ClientAuthenticationToken
2026-08-15T11:36:53.568+08:00  INFO 11564 --- [iam-authorization-server] [nio-9000-exec-9] n.x.a.s.session.RedisSessionRegistry     : [RedisSessionRegistry] 注册会话: principal=resource-server, sessionId=70537683-a484-4c82-a69d-2c91ce6da6f0
2026-08-15T11:36:55.165+08:00 DEBUG 11564 --- [iam-authorization-server] [io-9000-exec-10] o.s.security.web.FilterChainProxy        : Securing POST /oauth2/introspect
2026-08-15T11:36:55.294+08:00 DEBUG 11564 --- [iam-authorization-server] [io-9000-exec-10] o.s.a.w.OAuth2ClientAuthenticationFilter : Set SecurityContextHolder authentication to OAuth2ClientAuthenticationToken
2026-08-15T11:36:55.343+08:00  INFO 11564 --- [iam-authorization-server] [io-9000-exec-10] n.x.a.s.session.RedisSessionRegistry     : [RedisSessionRegistry] 注册会话: principal=resource-server, sessionId=a5f0c908-efb9-484f-89cf-3b84a7f1414e
2026-08-15T11:37:05.041+08:00 DEBUG 11564 --- [iam-authorization-server] [nio-9000-exec-1] o.s.security.web.FilterChainProxy        : Securing POST /oauth2/introspect
2026-08-15T11:37:05.179+08:00 DEBUG 11564 --- [iam-authorization-server] [nio-9000-exec-1] o.s.a.w.OAuth2ClientAuthenticationFilter : Set SecurityContextHolder authentication to OAuth2ClientAuthenticationToken
2026-08-15T11:37:05.188+08:00  INFO 11564 --- [iam-authorization-server] [nio-9000-exec-1] n.x.a.s.session.RedisSessionRegistry     : [RedisSessionRegistry] 注册会话: principal=resource-server, sessionId=8c54d683-c808-4947-8532-5b6abaab2166
2026-08-15T11:37:17.181+08:00 DEBUG 11564 --- [iam-authorization-server] [nio-9000-exec-3] o.s.security.web.FilterChainProxy        : Securing GET /api/admin/clients
JDBC Connection [com.alibaba.druid.pool.DruidStatementConnection@e2696e8] will not be managed by Spring
==>  Preparing: SELECT id,username,password,nickname,email,phone,avatar,identity_type,enabled,account_non_expired,account_non_locked,credentials_non_expired,create_time,update_time FROM sys_user WHERE (username = ?)
==> Parameters: admin(String)
<==    Columns: id, username, password, nickname, email, phone, avatar, identity_type, enabled, account_non_expired, account_non_locked, credentials_non_expired, create_time, update_time
<==        Row: 1, admin, $2a$10$ov3NUrdkAHujSRdGbDZF6O9h2cjZq4Zl17fL3TA5Nhs94mE/PmH8e, 管理员, admin@example.com, null, null, 1, 1, 1, 1, 1, 2026-08-11 20:00:08, 2026-08-13 22:28:45
<==      Total: 1
2026-08-15T11:37:17.193+08:00 DEBUG 11564 --- [iam-authorization-server] [nio-9000-exec-3] n.x.a.s.t.RedisOpaqueTokenIntrospector   : Opaque token introspect success, sub=admin, scope=[read, openid, profile, write]
2026-08-15T11:37:17.193+08:00 DEBUG 11564 --- [iam-authorization-server] [nio-9000-exec-3] .s.r.a.OpaqueTokenAuthenticationProvider : Authenticated token
2026-08-15T11:37:17.193+08:00 DEBUG 11564 --- [iam-authorization-server] [nio-9000-exec-3] .s.r.w.a.BearerTokenAuthenticationFilter : Set SecurityContextHolder to BearerTokenAuthentication [Principal=net.xzh.authserver.security.token.RedisOpaqueTokenIntrospector$OpaquePrincipal@19beb06d, Credentials=[PROTECTED], Authenticated=true, Details=WebAuthenticationDetails [RemoteIpAddress=127.0.0.1, SessionId=null], Granted Authorities=[ROLE_ADMIN]]
2026-08-15T11:37:17.193+08:00 DEBUG 11564 --- [iam-authorization-server] [nio-9000-exec-3] o.s.security.web.FilterChainProxy        : Secured GET /api/admin/clients
Creating a new SqlSession
SqlSession [org.apache.ibatis.session.defaults.DefaultSqlSession@315a99a7] was not registered for synchronization because synchronization is not active
JDBC Connection [com.alibaba.druid.pool.DruidStatementConnection@e2696e8] will not be managed by Spring
==>  Preparing: SELECT id,client_id,client_id_issued_at,client_secret,client_secret_expires_at,client_name,client_authentication_methods,authorization_grant_types,redirect_uris,post_logout_redirect_uris,scopes,client_settings,token_settings FROM oauth2_registered_client
==> Parameters: 
<==    Columns: id, client_id, client_id_issued_at, client_secret, client_secret_expires_at, client_name, client_authentication_methods, authorization_grant_types, redirect_uris, post_logout_redirect_uris, scopes, client_settings, token_settings
<==        Row: 1, resource-server, 2026-08-13 09:56:12, $2a$10$ov3NUrdkAHujSRdGbDZF6O9h2cjZq4Zl17fL3TA5Nhs94mE/PmH8e, null, 资源服务器, client_secret_basic, client_credentials, , , read,write, {"requireProofKey":false,"requireAuthorizationConsent":false}, {"accessTokenFormat":"reference","authorizationCodeTimeToLive":"PT5M","accessTokenTimeToLive":"PT30M","reuseRefreshTokens":false}
<==        Row: 2, admin-app, 2026-08-13 12:00:00, $2a$10$ov3NUrdkAHujSRdGbDZF6O9h2cjZq4Zl17fL3TA5Nhs94mE/PmH8e, null, 管理后台, client_secret_basic, refresh_token,authorization_code, http://localhost:8085/login/oauth2/code/admin-app, http://localhost:8001/logged-out, openid,profile,read,write, {"requireProofKey":false,"requireAuthorizationConsent":false}, {"accessTokenFormat":"reference","authorizationCodeTimeToLive":"PT5M","accessTokenTimeToLive":"PT2H","reuseRefreshTokens":true}
<==        Row: 3, portal-app, 2026-08-11 20:00:08, $2a$10$ov3NUrdkAHujSRdGbDZF6O9h2cjZq4Zl17fL3TA5Nhs94mE/PmH8e, null, 门户应用 (SSO), client_secret_basic, refresh_token,authorization_code, http://localhost:8083/portal-sso-callback,http://localhost:8081/portal-sso-callback,http://localhost:8080/login/oauth2/code/portal-app-oidc, http://localhost:8000/logged-out,http://localhost:8080/logged-out, openid,profile,email, {"requireProofKey":false,"requireAuthorizationConsent":false}, {"accessTokenFormat":"reference","authorizationCodeTimeToLive":"PT5M","accessTokenTimeToLive":"PT2H","reuseRefreshTokens":false}
<==        Row: 4, web-app, 2026-08-11 20:00:08, $2a$10$ov3NUrdkAHujSRdGbDZF6O9h2cjZq4Zl17fL3TA5Nhs94mE/PmH8e, null, Web 应用客户端, client_secret_basic,client_secret_post, authorization_code,refresh_token,password, http://localhost:8081/callback,http://127.0.0.1:8081/callback, http://localhost:8081/logout, openid,profile,email,read,write, {"requireProofKey":false,"requireAuthorizationConsent":true}, {"accessTokenFormat":"REFERENCE","accessTokenTimeToLive":"PT2H","reuseRefreshTokens":false,"idTokenSignatureAlgorithm":"RS256"}
<==        Row: 5, device-app, 2026-08-11 20:00:08, null, null, 设备码客户端, none, refresh_token,urn:ietf:params:oauth:grant-type:device_code, null, null, openid,profile,email,read, {"requireProofKey":false,"requireAuthorizationConsent":true}, {"accessTokenFormat":"REFERENCE","accessTokenTimeToLive":"PT1H","reuseRefreshTokens":false}
<==        Row: 6, mobile-app, 2026-08-11 20:00:08, null, null, 移动应用客户端(PKCE), none, authorization_code,refresh_token, com.example.mobileapp://oauth2/redirect,http://localhost:8083/callback, http://localhost:8083/logout, openid,profile,email,read,write, {"requireProofKey":true,"requireAuthorizationConsent":true}, {"accessTokenFormat":"REFERENCE","accessTokenTimeToLive":"PT2H","reuseRefreshTokens":false,"idTokenSignatureAlgorithm":"RS256"}
<==        Row: 7, service-app, 2026-08-11 20:00:08, $2a$10$ov3NUrdkAHujSRdGbDZF6O9h2cjZq4Zl17fL3TA5Nhs94mE/PmH8e, null, 服务间调用客户端, client_secret_basic, client_credentials, null, null, read,write, {"requireProofKey":false,"requireAuthorizationConsent":true}, {"accessTokenFormat":"REFERENCE","accessTokenTimeToLive":"PT30M","reuseRefreshTokens":false}
<==      Total: 7
Closing non transactional SqlSession [org.apache.ibatis.session.defaults.DefaultSqlSession@315a99a7]
2026-08-15T11:37:22.207+08:00 DEBUG 11564 --- [iam-authorization-server] [nio-9000-exec-4] o.s.security.web.FilterChainProxy        : Securing GET /api/admin/clients/1
JDBC Connection [com.alibaba.druid.pool.DruidStatementConnection@e2696e8] will not be managed by Spring
==>  Preparing: SELECT id,username,password,nickname,email,phone,avatar,identity_type,enabled,account_non_expired,account_non_locked,credentials_non_expired,create_time,update_time FROM sys_user WHERE (username = ?)
==> Parameters: admin(String)
<==    Columns: id, username, password, nickname, email, phone, avatar, identity_type, enabled, account_non_expired, account_non_locked, credentials_non_expired, create_time, update_time
<==        Row: 1, admin, $2a$10$ov3NUrdkAHujSRdGbDZF6O9h2cjZq4Zl17fL3TA5Nhs94mE/PmH8e, 管理员, admin@example.com, null, null, 1, 1, 1, 1, 1, 2026-08-11 20:00:08, 2026-08-13 22:28:45
<==      Total: 1
2026-08-15T11:37:22.214+08:00 DEBUG 11564 --- [iam-authorization-server] [nio-9000-exec-4] n.x.a.s.t.RedisOpaqueTokenIntrospector   : Opaque token introspect success, sub=admin, scope=[read, openid, profile, write]
2026-08-15T11:37:22.215+08:00 DEBUG 11564 --- [iam-authorization-server] [nio-9000-exec-4] .s.r.a.OpaqueTokenAuthenticationProvider : Authenticated token
2026-08-15T11:37:22.215+08:00 DEBUG 11564 --- [iam-authorization-server] [nio-9000-exec-4] .s.r.w.a.BearerTokenAuthenticationFilter : Set SecurityContextHolder to BearerTokenAuthentication [Principal=net.xzh.authserver.security.token.RedisOpaqueTokenIntrospector$OpaquePrincipal@48bab028, Credentials=[PROTECTED], Authenticated=true, Details=WebAuthenticationDetails [RemoteIpAddress=127.0.0.1, SessionId=null], Granted Authorities=[ROLE_ADMIN]]
2026-08-15T11:37:22.215+08:00 DEBUG 11564 --- [iam-authorization-server] [nio-9000-exec-4] o.s.security.web.FilterChainProxy        : Secured GET /api/admin/clients/1
Creating a new SqlSession
SqlSession [org.apache.ibatis.session.defaults.DefaultSqlSession@1bbdac9a] was not registered for synchronization because synchronization is not active
JDBC Connection [com.alibaba.druid.pool.DruidStatementConnection@e2696e8] will not be managed by Spring
==>  Preparing: SELECT id,client_id,client_id_issued_at,client_secret,client_secret_expires_at,client_name,client_authentication_methods,authorization_grant_types,redirect_uris,post_logout_redirect_uris,scopes,client_settings,token_settings FROM oauth2_registered_client WHERE id=?
==> Parameters: 1(String)
<==    Columns: id, client_id, client_id_issued_at, client_secret, client_secret_expires_at, client_name, client_authentication_methods, authorization_grant_types, redirect_uris, post_logout_redirect_uris, scopes, client_settings, token_settings
<==        Row: 1, resource-server, 2026-08-13 09:56:12, $2a$10$ov3NUrdkAHujSRdGbDZF6O9h2cjZq4Zl17fL3TA5Nhs94mE/PmH8e, null, 资源服务器, client_secret_basic, client_credentials, , , read,write, {"requireProofKey":false,"requireAuthorizationConsent":false}, {"accessTokenFormat":"reference","authorizationCodeTimeToLive":"PT5M","accessTokenTimeToLive":"PT30M","reuseRefreshTokens":false}
<==      Total: 1
Closing non transactional SqlSession [org.apache.ibatis.session.defaults.DefaultSqlSession@1bbdac9a]
2026-08-15T11:37:24.561+08:00 DEBUG 11564 --- [iam-authorization-server] [nio-9000-exec-2] o.s.security.web.FilterChainProxy        : Securing POST /oauth2/introspect
2026-08-15T11:37:24.700+08:00 DEBUG 11564 --- [iam-authorization-server] [nio-9000-exec-2] o.s.a.w.OAuth2ClientAuthenticationFilter : Set SecurityContextHolder authentication to OAuth2ClientAuthenticationToken
2026-08-15T11:37:24.713+08:00  INFO 11564 --- [iam-authorization-server] [nio-9000-exec-2] n.x.a.s.session.RedisSessionRegistry     : [RedisSessionRegistry] 注册会话: principal=resource-server, sessionId=242b5fb2-bcd2-4d29-9256-09aae4123ca6
2026-08-15T11:37:27.139+08:00 DEBUG 11564 --- [iam-authorization-server] [nio-9000-exec-5] o.s.security.web.FilterChainProxy        : Securing GET /api/admin/clients
JDBC Connection [com.alibaba.druid.pool.DruidStatementConnection@e2696e8] will not be managed by Spring
==>  Preparing: SELECT id,username,password,nickname,email,phone,avatar,identity_type,enabled,account_non_expired,account_non_locked,credentials_non_expired,create_time,update_time FROM sys_user WHERE (username = ?)
==> Parameters: admin(String)
<==    Columns: id, username, password, nickname, email, phone, avatar, identity_type, enabled, account_non_expired, account_non_locked, credentials_non_expired, create_time, update_time
<==        Row: 1, admin, $2a$10$ov3NUrdkAHujSRdGbDZF6O9h2cjZq4Zl17fL3TA5Nhs94mE/PmH8e, 管理员, admin@example.com, null, null, 1, 1, 1, 1, 1, 2026-08-11 20:00:08, 2026-08-13 22:28:45
<==      Total: 1
2026-08-15T11:37:27.151+08:00 DEBUG 11564 --- [iam-authorization-server] [nio-9000-exec-5] n.x.a.s.t.RedisOpaqueTokenIntrospector   : Opaque token introspect success, sub=admin, scope=[read, openid, profile, write]
2026-08-15T11:37:27.152+08:00 DEBUG 11564 --- [iam-authorization-server] [nio-9000-exec-5] .s.r.a.OpaqueTokenAuthenticationProvider : Authenticated token
2026-08-15T11:37:27.152+08:00 DEBUG 11564 --- [iam-authorization-server] [nio-9000-exec-5] .s.r.w.a.BearerTokenAuthenticationFilter : Set SecurityContextHolder to BearerTokenAuthentication [Principal=net.xzh.authserver.security.token.RedisOpaqueTokenIntrospector$OpaquePrincipal@331b0655, Credentials=[PROTECTED], Authenticated=true, Details=WebAuthenticationDetails [RemoteIpAddress=127.0.0.1, SessionId=null], Granted Authorities=[ROLE_ADMIN]]
2026-08-15T11:37:27.152+08:00 DEBUG 11564 --- [iam-authorization-server] [nio-9000-exec-5] o.s.security.web.FilterChainProxy        : Secured GET /api/admin/clients
Creating a new SqlSession
SqlSession [org.apache.ibatis.session.defaults.DefaultSqlSession@4e48d49b] was not registered for synchronization because synchronization is not active
JDBC Connection [com.alibaba.druid.pool.DruidStatementConnection@e2696e8] will not be managed by Spring
==>  Preparing: SELECT id,client_id,client_id_issued_at,client_secret,client_secret_expires_at,client_name,client_authentication_methods,authorization_grant_types,redirect_uris,post_logout_redirect_uris,scopes,client_settings,token_settings FROM oauth2_registered_client
==> Parameters: 
<==    Columns: id, client_id, client_id_issued_at, client_secret, client_secret_expires_at, client_name, client_authentication_methods, authorization_grant_types, redirect_uris, post_logout_redirect_uris, scopes, client_settings, token_settings
<==        Row: 1, resource-server, 2026-08-13 09:56:12, $2a$10$ov3NUrdkAHujSRdGbDZF6O9h2cjZq4Zl17fL3TA5Nhs94mE/PmH8e, null, 资源服务器, client_secret_basic, client_credentials, , , read,write, {"requireProofKey":false,"requireAuthorizationConsent":false}, {"accessTokenFormat":"reference","authorizationCodeTimeToLive":"PT5M","accessTokenTimeToLive":"PT30M","reuseRefreshTokens":false}
<==        Row: 2, admin-app, 2026-08-13 12:00:00, $2a$10$ov3NUrdkAHujSRdGbDZF6O9h2cjZq4Zl17fL3TA5Nhs94mE/PmH8e, null, 管理后台, client_secret_basic, refresh_token,authorization_code, http://localhost:8085/login/oauth2/code/admin-app, http://localhost:8001/logged-out, openid,profile,read,write, {"requireProofKey":false,"requireAuthorizationConsent":false}, {"accessTokenFormat":"reference","authorizationCodeTimeToLive":"PT5M","accessTokenTimeToLive":"PT2H","reuseRefreshTokens":true}
<==        Row: 3, portal-app, 2026-08-11 20:00:08, $2a$10$ov3NUrdkAHujSRdGbDZF6O9h2cjZq4Zl17fL3TA5Nhs94mE/PmH8e, null, 门户应用 (SSO), client_secret_basic, refresh_token,authorization_code, http://localhost:8083/portal-sso-callback,http://localhost:8081/portal-sso-callback,http://localhost:8080/login/oauth2/code/portal-app-oidc, http://localhost:8000/logged-out,http://localhost:8080/logged-out, openid,profile,email, {"requireProofKey":false,"requireAuthorizationConsent":false}, {"accessTokenFormat":"reference","authorizationCodeTimeToLive":"PT5M","accessTokenTimeToLive":"PT2H","reuseRefreshTokens":false}
<==        Row: 4, web-app, 2026-08-11 20:00:08, $2a$10$ov3NUrdkAHujSRdGbDZF6O9h2cjZq4Zl17fL3TA5Nhs94mE/PmH8e, null, Web 应用客户端, client_secret_basic,client_secret_post, authorization_code,refresh_token,password, http://localhost:8081/callback,http://127.0.0.1:8081/callback, http://localhost:8081/logout, openid,profile,email,read,write, {"requireProofKey":false,"requireAuthorizationConsent":true}, {"accessTokenFormat":"REFERENCE","accessTokenTimeToLive":"PT2H","reuseRefreshTokens":false,"idTokenSignatureAlgorithm":"RS256"}
<==        Row: 5, device-app, 2026-08-11 20:00:08, null, null, 设备码客户端, none, refresh_token,urn:ietf:params:oauth:grant-type:device_code, null, null, openid,profile,email,read, {"requireProofKey":false,"requireAuthorizationConsent":true}, {"accessTokenFormat":"REFERENCE","accessTokenTimeToLive":"PT1H","reuseRefreshTokens":false}
<==        Row: 6, mobile-app, 2026-08-11 20:00:08, null, null, 移动应用客户端(PKCE), none, authorization_code,refresh_token, com.example.mobileapp://oauth2/redirect,http://localhost:8083/callback, http://localhost:8083/logout, openid,profile,email,read,write, {"requireProofKey":true,"requireAuthorizationConsent":true}, {"accessTokenFormat":"REFERENCE","accessTokenTimeToLive":"PT2H","reuseRefreshTokens":false,"idTokenSignatureAlgorithm":"RS256"}
<==        Row: 7, service-app, 2026-08-11 20:00:08, $2a$10$ov3NUrdkAHujSRdGbDZF6O9h2cjZq4Zl17fL3TA5Nhs94mE/PmH8e, null, 服务间调用客户端, client_secret_basic, client_credentials, null, null, read,write, {"requireProofKey":false,"requireAuthorizationConsent":true}, {"accessTokenFormat":"REFERENCE","accessTokenTimeToLive":"PT30M","reuseRefreshTokens":false}
<==      Total: 7
Closing non transactional SqlSession [org.apache.ibatis.session.defaults.DefaultSqlSession@4e48d49b]
2026-08-15T11:37:27.583+08:00 DEBUG 11564 --- [iam-authorization-server] [nio-9000-exec-6] o.s.security.web.FilterChainProxy        : Securing GET /api/admin/records/consents
JDBC Connection [com.alibaba.druid.pool.DruidStatementConnection@e2696e8] will not be managed by Spring
==>  Preparing: SELECT id,username,password,nickname,email,phone,avatar,identity_type,enabled,account_non_expired,account_non_locked,credentials_non_expired,create_time,update_time FROM sys_user WHERE (username = ?)
==> Parameters: admin(String)
<==    Columns: id, username, password, nickname, email, phone, avatar, identity_type, enabled, account_non_expired, account_non_locked, credentials_non_expired, create_time, update_time
<==        Row: 1, admin, $2a$10$ov3NUrdkAHujSRdGbDZF6O9h2cjZq4Zl17fL3TA5Nhs94mE/PmH8e, 管理员, admin@example.com, null, null, 1, 1, 1, 1, 1, 2026-08-11 20:00:08, 2026-08-13 22:28:45
<==      Total: 1
2026-08-15T11:37:27.601+08:00 DEBUG 11564 --- [iam-authorization-server] [nio-9000-exec-6] n.x.a.s.t.RedisOpaqueTokenIntrospector   : Opaque token introspect success, sub=admin, scope=[read, openid, profile, write]
2026-08-15T11:37:27.601+08:00 DEBUG 11564 --- [iam-authorization-server] [nio-9000-exec-6] .s.r.a.OpaqueTokenAuthenticationProvider : Authenticated token
2026-08-15T11:37:27.602+08:00 DEBUG 11564 --- [iam-authorization-server] [nio-9000-exec-6] .s.r.w.a.BearerTokenAuthenticationFilter : Set SecurityContextHolder to BearerTokenAuthentication [Principal=net.xzh.authserver.security.token.RedisOpaqueTokenIntrospector$OpaquePrincipal@18ff16ae, Credentials=[PROTECTED], Authenticated=true, Details=WebAuthenticationDetails [RemoteIpAddress=127.0.0.1, SessionId=null], Granted Authorities=[ROLE_ADMIN]]
2026-08-15T11:37:27.602+08:00 DEBUG 11564 --- [iam-authorization-server] [nio-9000-exec-6] o.s.security.web.FilterChainProxy        : Secured GET /api/admin/records/consents
Creating a new SqlSession
SqlSession [org.apache.ibatis.session.defaults.DefaultSqlSession@3f8111e4] was not registered for synchronization because synchronization is not active
JDBC Connection [com.alibaba.druid.pool.DruidStatementConnection@e2696e8] will not be managed by Spring
==>  Preparing: SELECT * FROM oauth2_authorization_consent ORDER BY principal_name, registered_client_id
==> Parameters: 
<==      Total: 0
Closing non transactional SqlSession [org.apache.ibatis.session.defaults.DefaultSqlSession@3f8111e4]
2026-08-15T11:37:28.079+08:00 DEBUG 11564 --- [iam-authorization-server] [nio-9000-exec-7] o.s.security.web.FilterChainProxy        : Securing GET /api/admin/sessions/online
JDBC Connection [com.alibaba.druid.pool.DruidStatementConnection@e2696e8] will not be managed by Spring
==>  Preparing: SELECT id,username,password,nickname,email,phone,avatar,identity_type,enabled,account_non_expired,account_non_locked,credentials_non_expired,create_time,update_time FROM sys_user WHERE (username = ?)
==> Parameters: admin(String)
<==    Columns: id, username, password, nickname, email, phone, avatar, identity_type, enabled, account_non_expired, account_non_locked, credentials_non_expired, create_time, update_time
<==        Row: 1, admin, $2a$10$ov3NUrdkAHujSRdGbDZF6O9h2cjZq4Zl17fL3TA5Nhs94mE/PmH8e, 管理员, admin@example.com, null, null, 1, 1, 1, 1, 1, 2026-08-11 20:00:08, 2026-08-13 22:28:45
<==      Total: 1
2026-08-15T11:37:28.093+08:00 DEBUG 11564 --- [iam-authorization-server] [nio-9000-exec-7] n.x.a.s.t.RedisOpaqueTokenIntrospector   : Opaque token introspect success, sub=admin, scope=[read, openid, profile, write]
2026-08-15T11:37:28.094+08:00 DEBUG 11564 --- [iam-authorization-server] [nio-9000-exec-7] .s.r.a.OpaqueTokenAuthenticationProvider : Authenticated token
2026-08-15T11:37:28.094+08:00 DEBUG 11564 --- [iam-authorization-server] [nio-9000-exec-7] .s.r.w.a.BearerTokenAuthenticationFilter : Set SecurityContextHolder to BearerTokenAuthentication [Principal=net.xzh.authserver.security.token.RedisOpaqueTokenIntrospector$OpaquePrincipal@456b0096, Credentials=[PROTECTED], Authenticated=true, Details=WebAuthenticationDetails [RemoteIpAddress=127.0.0.1, SessionId=null], Granted Authorities=[ROLE_ADMIN]]
2026-08-15T11:37:28.095+08:00 DEBUG 11564 --- [iam-authorization-server] [nio-9000-exec-7] o.s.security.web.FilterChainProxy        : Secured GET /api/admin/sessions/online
JDBC Connection [com.alibaba.druid.pool.DruidStatementConnection@e2696e8] will not be managed by Spring
==>  Preparing: SELECT id,username,password,nickname,email,phone,avatar,identity_type,enabled,account_non_expired,account_non_locked,credentials_non_expired,create_time,update_time FROM sys_user WHERE (username = ?)
==> Parameters: resource-server(String)
<==      Total: 0
2026-08-15T11:37:29.314+08:00 DEBUG 11564 --- [iam-authorization-server] [nio-9000-exec-7] n.x.a.service.AuthSessionService         : 跳过非用户 principal: resource-server
JDBC Connection [com.alibaba.druid.pool.DruidStatementConnection@e2696e8] will not be managed by Spring
==>  Preparing: SELECT id,username,password,nickname,email,phone,avatar,identity_type,enabled,account_non_expired,account_non_locked,credentials_non_expired,create_time,update_time FROM sys_user WHERE (username = ?)
==> Parameters: admin(String)
<==    Columns: id, username, password, nickname, email, phone, avatar, identity_type, enabled, account_non_expired, account_non_locked, credentials_non_expired, create_time, update_time
<==        Row: 1, admin, $2a$10$ov3NUrdkAHujSRdGbDZF6O9h2cjZq4Zl17fL3TA5Nhs94mE/PmH8e, 管理员, admin@example.com, null, null, 1, 1, 1, 1, 1, 2026-08-11 20:00:08, 2026-08-13 22:28:45
<==      Total: 1
JDBC Connection [com.alibaba.druid.pool.DruidStatementConnection@e2696e8] will not be managed by Spring
==>  Preparing: SELECT id,username,password,nickname,email,phone,avatar,identity_type,enabled,account_non_expired,account_non_locked,credentials_non_expired,create_time,update_time FROM sys_user WHERE (username = ?)
==> Parameters: admin(String)
<==    Columns: id, username, password, nickname, email, phone, avatar, identity_type, enabled, account_non_expired, account_non_locked, credentials_non_expired, create_time, update_time
<==        Row: 1, admin, $2a$10$ov3NUrdkAHujSRdGbDZF6O9h2cjZq4Zl17fL3TA5Nhs94mE/PmH8e, 管理员, admin@example.com, null, null, 1, 1, 1, 1, 1, 2026-08-11 20:00:08, 2026-08-13 22:28:45
<==      Total: 1
JDBC Connection [com.alibaba.druid.pool.DruidStatementConnection@e2696e8] will not be managed by Spring
==>  Preparing: SELECT id,username,password,nickname,email,phone,avatar,identity_type,enabled,account_non_expired,account_non_locked,credentials_non_expired,create_time,update_time FROM sys_user WHERE (username = ?)
==> Parameters: admin-app(String)
<==      Total: 0
2026-08-15T11:37:29.338+08:00 DEBUG 11564 --- [iam-authorization-server] [nio-9000-exec-7] n.x.a.service.AuthSessionService         : 跳过非用户 principal: admin-app
2026-08-15T11:37:29.403+08:00 DEBUG 11564 --- [iam-authorization-server] [nio-9000-exec-8] o.s.security.web.FilterChainProxy        : Securing GET /api/admin/sessions/online
JDBC Connection [com.alibaba.druid.pool.DruidStatementConnection@e2696e8] will not be managed by Spring
==>  Preparing: SELECT id,username,password,nickname,email,phone,avatar,identity_type,enabled,account_non_expired,account_non_locked,credentials_non_expired,create_time,update_time FROM sys_user WHERE (username = ?)
==> Parameters: admin(String)
<==    Columns: id, username, password, nickname, email, phone, avatar, identity_type, enabled, account_non_expired, account_non_locked, credentials_non_expired, create_time, update_time
<==        Row: 1, admin, $2a$10$ov3NUrdkAHujSRdGbDZF6O9h2cjZq4Zl17fL3TA5Nhs94mE/PmH8e, 管理员, admin@example.com, null, null, 1, 1, 1, 1, 1, 2026-08-11 20:00:08, 2026-08-13 22:28:45
<==      Total: 1
2026-08-15T11:37:29.413+08:00 DEBUG 11564 --- [iam-authorization-server] [nio-9000-exec-8] n.x.a.s.t.RedisOpaqueTokenIntrospector   : Opaque token introspect success, sub=admin, scope=[read, openid, profile, write]
2026-08-15T11:37:29.413+08:00 DEBUG 11564 --- [iam-authorization-server] [nio-9000-exec-8] .s.r.a.OpaqueTokenAuthenticationProvider : Authenticated token
2026-08-15T11:37:29.414+08:00 DEBUG 11564 --- [iam-authorization-server] [nio-9000-exec-8] .s.r.w.a.BearerTokenAuthenticationFilter : Set SecurityContextHolder to BearerTokenAuthentication [Principal=net.xzh.authserver.security.token.RedisOpaqueTokenIntrospector$OpaquePrincipal@54382efe, Credentials=[PROTECTED], Authenticated=true, Details=WebAuthenticationDetails [RemoteIpAddress=127.0.0.1, SessionId=null], Granted Authorities=[ROLE_ADMIN]]
2026-08-15T11:37:29.414+08:00 DEBUG 11564 --- [iam-authorization-server] [nio-9000-exec-8] o.s.security.web.FilterChainProxy        : Secured GET /api/admin/sessions/online
JDBC Connection [com.alibaba.druid.pool.DruidStatementConnection@e2696e8] will not be managed by Spring
==>  Preparing: SELECT id,username,password,nickname,email,phone,avatar,identity_type,enabled,account_non_expired,account_non_locked,credentials_non_expired,create_time,update_time FROM sys_user WHERE (username = ?)
==> Parameters: resource-server(String)
<==      Total: 0
2026-08-15T11:37:30.659+08:00 DEBUG 11564 --- [iam-authorization-server] [nio-9000-exec-8] n.x.a.service.AuthSessionService         : 跳过非用户 principal: resource-server
JDBC Connection [com.alibaba.druid.pool.DruidStatementConnection@e2696e8] will not be managed by Spring
==>  Preparing: SELECT id,username,password,nickname,email,phone,avatar,identity_type,enabled,account_non_expired,account_non_locked,credentials_non_expired,create_time,update_time FROM sys_user WHERE (username = ?)
==> Parameters: admin(String)
<==    Columns: id, username, password, nickname, email, phone, avatar, identity_type, enabled, account_non_expired, account_non_locked, credentials_non_expired, create_time, update_time
<==        Row: 1, admin, $2a$10$ov3NUrdkAHujSRdGbDZF6O9h2cjZq4Zl17fL3TA5Nhs94mE/PmH8e, 管理员, admin@example.com, null, null, 1, 1, 1, 1, 1, 2026-08-11 20:00:08, 2026-08-13 22:28:45
<==      Total: 1
JDBC Connection [com.alibaba.druid.pool.DruidStatementConnection@e2696e8] will not be managed by Spring
==>  Preparing: SELECT id,username,password,nickname,email,phone,avatar,identity_type,enabled,account_non_expired,account_non_locked,credentials_non_expired,create_time,update_time FROM sys_user WHERE (username = ?)
==> Parameters: admin(String)
<==    Columns: id, username, password, nickname, email, phone, avatar, identity_type, enabled, account_non_expired, account_non_locked, credentials_non_expired, create_time, update_time
<==        Row: 1, admin, $2a$10$ov3NUrdkAHujSRdGbDZF6O9h2cjZq4Zl17fL3TA5Nhs94mE/PmH8e, 管理员, admin@example.com, null, null, 1, 1, 1, 1, 1, 2026-08-11 20:00:08, 2026-08-13 22:28:45
<==      Total: 1
JDBC Connection [com.alibaba.druid.pool.DruidStatementConnection@e2696e8] will not be managed by Spring
==>  Preparing: SELECT id,username,password,nickname,email,phone,avatar,identity_type,enabled,account_non_expired,account_non_locked,credentials_non_expired,create_time,update_time FROM sys_user WHERE (username = ?)
==> Parameters: admin-app(String)
<==      Total: 0
2026-08-15T11:37:30.686+08:00 DEBUG 11564 --- [iam-authorization-server] [nio-9000-exec-8] n.x.a.service.AuthSessionService         : 跳过非用户 principal: admin-app
2026-08-15T11:37:33.575+08:00 DEBUG 11564 --- [iam-authorization-server] [nio-9000-exec-9] o.s.security.web.FilterChainProxy        : Securing GET /api/admin/sessions/users/1
JDBC Connection [com.alibaba.druid.pool.DruidStatementConnection@e2696e8] will not be managed by Spring
==>  Preparing: SELECT id,username,password,nickname,email,phone,avatar,identity_type,enabled,account_non_expired,account_non_locked,credentials_non_expired,create_time,update_time FROM sys_user WHERE (username = ?)
==> Parameters: admin(String)
<==    Columns: id, username, password, nickname, email, phone, avatar, identity_type, enabled, account_non_expired, account_non_locked, credentials_non_expired, create_time, update_time
<==        Row: 1, admin, $2a$10$ov3NUrdkAHujSRdGbDZF6O9h2cjZq4Zl17fL3TA5Nhs94mE/PmH8e, 管理员, admin@example.com, null, null, 1, 1, 1, 1, 1, 2026-08-11 20:00:08, 2026-08-13 22:28:45
<==      Total: 1
2026-08-15T11:37:33.583+08:00 DEBUG 11564 --- [iam-authorization-server] [nio-9000-exec-9] n.x.a.s.t.RedisOpaqueTokenIntrospector   : Opaque token introspect success, sub=admin, scope=[read, openid, profile, write]
2026-08-15T11:37:33.584+08:00 DEBUG 11564 --- [iam-authorization-server] [nio-9000-exec-9] .s.r.a.OpaqueTokenAuthenticationProvider : Authenticated token
2026-08-15T11:37:33.584+08:00 DEBUG 11564 --- [iam-authorization-server] [nio-9000-exec-9] .s.r.w.a.BearerTokenAuthenticationFilter : Set SecurityContextHolder to BearerTokenAuthentication [Principal=net.xzh.authserver.security.token.RedisOpaqueTokenIntrospector$OpaquePrincipal@2c8d4725, Credentials=[PROTECTED], Authenticated=true, Details=WebAuthenticationDetails [RemoteIpAddress=127.0.0.1, SessionId=null], Granted Authorities=[ROLE_ADMIN]]
2026-08-15T11:37:33.584+08:00 DEBUG 11564 --- [iam-authorization-server] [nio-9000-exec-9] o.s.security.web.FilterChainProxy        : Secured GET /api/admin/sessions/users/1
Creating a new SqlSession
SqlSession [org.apache.ibatis.session.defaults.DefaultSqlSession@953d92f] was not registered for synchronization because synchronization is not active
JDBC Connection [com.alibaba.druid.pool.DruidStatementConnection@e2696e8] will not be managed by Spring
==>  Preparing: SELECT id,username,password,nickname,email,phone,avatar,identity_type,enabled,account_non_expired,account_non_locked,credentials_non_expired,create_time,update_time FROM sys_user WHERE id=?
==> Parameters: 1(Long)
<==    Columns: id, username, password, nickname, email, phone, avatar, identity_type, enabled, account_non_expired, account_non_locked, credentials_non_expired, create_time, update_time
<==        Row: 1, admin, $2a$10$ov3NUrdkAHujSRdGbDZF6O9h2cjZq4Zl17fL3TA5Nhs94mE/PmH8e, 管理员, admin@example.com, null, null, 1, 1, 1, 1, 1, 2026-08-11 20:00:08, 2026-08-13 22:28:45
<==      Total: 1
Closing non transactional SqlSession [org.apache.ibatis.session.defaults.DefaultSqlSession@953d92f]
JDBC Connection [com.alibaba.druid.pool.DruidStatementConnection@e2696e8] will not be managed by Spring
==>  Preparing: SELECT id,username,password,nickname,email,phone,avatar,identity_type,enabled,account_non_expired,account_non_locked,credentials_non_expired,create_time,update_time FROM sys_user WHERE (username = ?)
==> Parameters: admin(String)
<==    Columns: id, username, password, nickname, email, phone, avatar, identity_type, enabled, account_non_expired, account_non_locked, credentials_non_expired, create_time, update_time
<==        Row: 1, admin, $2a$10$ov3NUrdkAHujSRdGbDZF6O9h2cjZq4Zl17fL3TA5Nhs94mE/PmH8e, 管理员, admin@example.com, null, null, 1, 1, 1, 1, 1, 2026-08-11 20:00:08, 2026-08-13 22:28:45
<==      Total: 1
2026-08-15T11:37:53.825+08:00 DEBUG 11564 --- [iam-authorization-server] [io-9000-exec-10] o.s.security.web.FilterChainProxy        : Securing GET /api/admin/sessions/users/1
JDBC Connection [com.alibaba.druid.pool.DruidStatementConnection@e2696e8] will not be managed by Spring
==>  Preparing: SELECT id,username,password,nickname,email,phone,avatar,identity_type,enabled,account_non_expired,account_non_locked,credentials_non_expired,create_time,update_time FROM sys_user WHERE (username = ?)
==> Parameters: admin(String)
<==    Columns: id, username, password, nickname, email, phone, avatar, identity_type, enabled, account_non_expired, account_non_locked, credentials_non_expired, create_time, update_time
<==        Row: 1, admin, $2a$10$ov3NUrdkAHujSRdGbDZF6O9h2cjZq4Zl17fL3TA5Nhs94mE/PmH8e, 管理员, admin@example.com, null, null, 1, 1, 1, 1, 1, 2026-08-11 20:00:08, 2026-08-13 22:28:45
<==      Total: 1
2026-08-15T11:37:53.833+08:00 DEBUG 11564 --- [iam-authorization-server] [io-9000-exec-10] n.x.a.s.t.RedisOpaqueTokenIntrospector   : Opaque token introspect success, sub=admin, scope=[read, openid, profile, write]
2026-08-15T11:37:53.833+08:00 DEBUG 11564 --- [iam-authorization-server] [io-9000-exec-10] .s.r.a.OpaqueTokenAuthenticationProvider : Authenticated token
2026-08-15T11:37:53.833+08:00 DEBUG 11564 --- [iam-authorization-server] [io-9000-exec-10] .s.r.w.a.BearerTokenAuthenticationFilter : Set SecurityContextHolder to BearerTokenAuthentication [Principal=net.xzh.authserver.security.token.RedisOpaqueTokenIntrospector$OpaquePrincipal@3b3d100a, Credentials=[PROTECTED], Authenticated=true, Details=WebAuthenticationDetails [RemoteIpAddress=127.0.0.1, SessionId=null], Granted Authorities=[ROLE_ADMIN]]
2026-08-15T11:37:53.834+08:00 DEBUG 11564 --- [iam-authorization-server] [io-9000-exec-10] o.s.security.web.FilterChainProxy        : Secured GET /api/admin/sessions/users/1
Creating a new SqlSession
SqlSession [org.apache.ibatis.session.defaults.DefaultSqlSession@48e288af] was not registered for synchronization because synchronization is not active
JDBC Connection [com.alibaba.druid.pool.DruidStatementConnection@e2696e8] will not be managed by Spring
==>  Preparing: SELECT id,username,password,nickname,email,phone,avatar,identity_type,enabled,account_non_expired,account_non_locked,credentials_non_expired,create_time,update_time FROM sys_user WHERE id=?
==> Parameters: 1(Long)
<==    Columns: id, username, password, nickname, email, phone, avatar, identity_type, enabled, account_non_expired, account_non_locked, credentials_non_expired, create_time, update_time
<==        Row: 1, admin, $2a$10$ov3NUrdkAHujSRdGbDZF6O9h2cjZq4Zl17fL3TA5Nhs94mE/PmH8e, 管理员, admin@example.com, null, null, 1, 1, 1, 1, 1, 2026-08-11 20:00:08, 2026-08-13 22:28:45
<==      Total: 1
Closing non transactional SqlSession [org.apache.ibatis.session.defaults.DefaultSqlSession@48e288af]
JDBC Connection [com.alibaba.druid.pool.DruidStatementConnection@e2696e8] will not be managed by Spring
==>  Preparing: SELECT id,username,password,nickname,email,phone,avatar,identity_type,enabled,account_non_expired,account_non_locked,credentials_non_expired,create_time,update_time FROM sys_user WHERE (username = ?)
==> Parameters: admin(String)
<==    Columns: id, username, password, nickname, email, phone, avatar, identity_type, enabled, account_non_expired, account_non_locked, credentials_non_expired, create_time, update_time
<==        Row: 1, admin, $2a$10$ov3NUrdkAHujSRdGbDZF6O9h2cjZq4Zl17fL3TA5Nhs94mE/PmH8e, 管理员, admin@example.com, null, null, 1, 1, 1, 1, 1, 2026-08-11 20:00:08, 2026-08-13 22:28:45
<==      Total: 1
2026-08-15T11:37:59.091+08:00 DEBUG 11564 --- [iam-authorization-server] [nio-9000-exec-1] o.s.security.web.FilterChainProxy        : Securing GET /api/admin/sessions/online
JDBC Connection [com.alibaba.druid.pool.DruidStatementConnection@e2696e8] will not be managed by Spring
==>  Preparing: SELECT id,username,password,nickname,email,phone,avatar,identity_type,enabled,account_non_expired,account_non_locked,credentials_non_expired,create_time,update_time FROM sys_user WHERE (username = ?)
==> Parameters: admin(String)
<==    Columns: id, username, password, nickname, email, phone, avatar, identity_type, enabled, account_non_expired, account_non_locked, credentials_non_expired, create_time, update_time
<==        Row: 1, admin, $2a$10$ov3NUrdkAHujSRdGbDZF6O9h2cjZq4Zl17fL3TA5Nhs94mE/PmH8e, 管理员, admin@example.com, null, null, 1, 1, 1, 1, 1, 2026-08-11 20:00:08, 2026-08-13 22:28:45
<==      Total: 1
2026-08-15T11:37:59.099+08:00 DEBUG 11564 --- [iam-authorization-server] [nio-9000-exec-1] n.x.a.s.t.RedisOpaqueTokenIntrospector   : Opaque token introspect success, sub=admin, scope=[read, openid, profile, write]
2026-08-15T11:37:59.099+08:00 DEBUG 11564 --- [iam-authorization-server] [nio-9000-exec-1] .s.r.a.OpaqueTokenAuthenticationProvider : Authenticated token
2026-08-15T11:37:59.100+08:00 DEBUG 11564 --- [iam-authorization-server] [nio-9000-exec-1] .s.r.w.a.BearerTokenAuthenticationFilter : Set SecurityContextHolder to BearerTokenAuthentication [Principal=net.xzh.authserver.security.token.RedisOpaqueTokenIntrospector$OpaquePrincipal@426cfc15, Credentials=[PROTECTED], Authenticated=true, Details=WebAuthenticationDetails [RemoteIpAddress=127.0.0.1, SessionId=null], Granted Authorities=[ROLE_ADMIN]]
2026-08-15T11:37:59.100+08:00 DEBUG 11564 --- [iam-authorization-server] [nio-9000-exec-1] o.s.security.web.FilterChainProxy        : Secured GET /api/admin/sessions/online
2026-08-15T11:37:59.604+08:00 DEBUG 11564 --- [iam-authorization-server] [nio-9000-exec-3] o.s.security.web.FilterChainProxy        : Securing GET /api/admin/sessions/online
JDBC Connection [com.alibaba.druid.pool.DruidStatementConnection@e2696e8] will not be managed by Spring
==>  Preparing: SELECT id,username,password,nickname,email,phone,avatar,identity_type,enabled,account_non_expired,account_non_locked,credentials_non_expired,create_time,update_time FROM sys_user WHERE (username = ?)
==> Parameters: admin(String)
<==    Columns: id, username, password, nickname, email, phone, avatar, identity_type, enabled, account_non_expired, account_non_locked, credentials_non_expired, create_time, update_time
<==        Row: 1, admin, $2a$10$ov3NUrdkAHujSRdGbDZF6O9h2cjZq4Zl17fL3TA5Nhs94mE/PmH8e, 管理员, admin@example.com, null, null, 1, 1, 1, 1, 1, 2026-08-11 20:00:08, 2026-08-13 22:28:45
<==      Total: 1
2026-08-15T11:37:59.616+08:00 DEBUG 11564 --- [iam-authorization-server] [nio-9000-exec-3] n.x.a.s.t.RedisOpaqueTokenIntrospector   : Opaque token introspect success, sub=admin, scope=[read, openid, profile, write]
2026-08-15T11:37:59.617+08:00 DEBUG 11564 --- [iam-authorization-server] [nio-9000-exec-3] .s.r.a.OpaqueTokenAuthenticationProvider : Authenticated token
2026-08-15T11:37:59.617+08:00 DEBUG 11564 --- [iam-authorization-server] [nio-9000-exec-3] .s.r.w.a.BearerTokenAuthenticationFilter : Set SecurityContextHolder to BearerTokenAuthentication [Principal=net.xzh.authserver.security.token.RedisOpaqueTokenIntrospector$OpaquePrincipal@68772044, Credentials=[PROTECTED], Authenticated=true, Details=WebAuthenticationDetails [RemoteIpAddress=127.0.0.1, SessionId=null], Granted Authorities=[ROLE_ADMIN]]
2026-08-15T11:37:59.618+08:00 DEBUG 11564 --- [iam-authorization-server] [nio-9000-exec-3] o.s.security.web.FilterChainProxy        : Secured GET /api/admin/sessions/online
JDBC Connection [com.alibaba.druid.pool.DruidStatementConnection@e2696e8] will not be managed by Spring
==>  Preparing: SELECT id,username,password,nickname,email,phone,avatar,identity_type,enabled,account_non_expired,account_non_locked,credentials_non_expired,create_time,update_time FROM sys_user WHERE (username = ?)
==> Parameters: resource-server(String)
<==      Total: 0
2026-08-15T11:38:00.189+08:00 DEBUG 11564 --- [iam-authorization-server] [nio-9000-exec-1] n.x.a.service.AuthSessionService         : 跳过非用户 principal: resource-server
JDBC Connection [com.alibaba.druid.pool.DruidStatementConnection@e2696e8] will not be managed by Spring
==>  Preparing: SELECT id,username,password,nickname,email,phone,avatar,identity_type,enabled,account_non_expired,account_non_locked,credentials_non_expired,create_time,update_time FROM sys_user WHERE (username = ?)
==> Parameters: admin(String)
<==    Columns: id, username, password, nickname, email, phone, avatar, identity_type, enabled, account_non_expired, account_non_locked, credentials_non_expired, create_time, update_time
<==        Row: 1, admin, $2a$10$ov3NUrdkAHujSRdGbDZF6O9h2cjZq4Zl17fL3TA5Nhs94mE/PmH8e, 管理员, admin@example.com, null, null, 1, 1, 1, 1, 1, 2026-08-11 20:00:08, 2026-08-13 22:28:45
<==      Total: 1
JDBC Connection [com.alibaba.druid.pool.DruidStatementConnection@e2696e8] will not be managed by Spring
==>  Preparing: SELECT id,username,password,nickname,email,phone,avatar,identity_type,enabled,account_non_expired,account_non_locked,credentials_non_expired,create_time,update_time FROM sys_user WHERE (username = ?)
==> Parameters: admin(String)
<==    Columns: id, username, password, nickname, email, phone, avatar, identity_type, enabled, account_non_expired, account_non_locked, credentials_non_expired, create_time, update_time
<==        Row: 1, admin, $2a$10$ov3NUrdkAHujSRdGbDZF6O9h2cjZq4Zl17fL3TA5Nhs94mE/PmH8e, 管理员, admin@example.com, null, null, 1, 1, 1, 1, 1, 2026-08-11 20:00:08, 2026-08-13 22:28:45
<==      Total: 1
JDBC Connection [com.alibaba.druid.pool.DruidStatementConnection@e2696e8] will not be managed by Spring
==>  Preparing: SELECT id,username,password,nickname,email,phone,avatar,identity_type,enabled,account_non_expired,account_non_locked,credentials_non_expired,create_time,update_time FROM sys_user WHERE (username = ?)
==> Parameters: admin-app(String)
<==      Total: 0
2026-08-15T11:38:00.224+08:00 DEBUG 11564 --- [iam-authorization-server] [nio-9000-exec-1] n.x.a.service.AuthSessionService         : 跳过非用户 principal: admin-app
JDBC Connection [com.alibaba.druid.pool.DruidStatementConnection@e2696e8] will not be managed by Spring
==>  Preparing: SELECT id,username,password,nickname,email,phone,avatar,identity_type,enabled,account_non_expired,account_non_locked,credentials_non_expired,create_time,update_time FROM sys_user WHERE (username = ?)
==> Parameters: resource-server(String)
<==      Total: 0
2026-08-15T11:38:00.887+08:00 DEBUG 11564 --- [iam-authorization-server] [nio-9000-exec-3] n.x.a.service.AuthSessionService         : 跳过非用户 principal: resource-server
JDBC Connection [com.alibaba.druid.pool.DruidStatementConnection@e2696e8] will not be managed by Spring
==>  Preparing: SELECT id,username,password,nickname,email,phone,avatar,identity_type,enabled,account_non_expired,account_non_locked,credentials_non_expired,create_time,update_time FROM sys_user WHERE (username = ?)
==> Parameters: admin(String)
<==    Columns: id, username, password, nickname, email, phone, avatar, identity_type, enabled, account_non_expired, account_non_locked, credentials_non_expired, create_time, update_time
<==        Row: 1, admin, $2a$10$ov3NUrdkAHujSRdGbDZF6O9h2cjZq4Zl17fL3TA5Nhs94mE/PmH8e, 管理员, admin@example.com, null, null, 1, 1, 1, 1, 1, 2026-08-11 20:00:08, 2026-08-13 22:28:45
<==      Total: 1
JDBC Connection [com.alibaba.druid.pool.DruidStatementConnection@e2696e8] will not be managed by Spring
==>  Preparing: SELECT id,username,password,nickname,email,phone,avatar,identity_type,enabled,account_non_expired,account_non_locked,credentials_non_expired,create_time,update_time FROM sys_user WHERE (username = ?)
==> Parameters: admin(String)
<==    Columns: id, username, password, nickname, email, phone, avatar, identity_type, enabled, account_non_expired, account_non_locked, credentials_non_expired, create_time, update_time
<==        Row: 1, admin, $2a$10$ov3NUrdkAHujSRdGbDZF6O9h2cjZq4Zl17fL3TA5Nhs94mE/PmH8e, 管理员, admin@example.com, null, null, 1, 1, 1, 1, 1, 2026-08-11 20:00:08, 2026-08-13 22:28:45
<==      Total: 1
JDBC Connection [com.alibaba.druid.pool.DruidStatementConnection@e2696e8] will not be managed by Spring
==>  Preparing: SELECT id,username,password,nickname,email,phone,avatar,identity_type,enabled,account_non_expired,account_non_locked,credentials_non_expired,create_time,update_time FROM sys_user WHERE (username = ?)
==> Parameters: admin-app(String)
<==      Total: 0
2026-08-15T11:38:00.912+08:00 DEBUG 11564 --- [iam-authorization-server] [nio-9000-exec-3] n.x.a.service.AuthSessionService         : 跳过非用户 principal: admin-app
2026-08-15T11:40:18.343+08:00 DEBUG 11564 --- [iam-authorization-server] [nio-9000-exec-6] o.s.security.web.FilterChainProxy        : Securing GET /api/admin/records/consents
JDBC Connection [com.alibaba.druid.pool.DruidStatementConnection@e2696e8] will not be managed by Spring
==>  Preparing: SELECT id,username,password,nickname,email,phone,avatar,identity_type,enabled,account_non_expired,account_non_locked,credentials_non_expired,create_time,update_time FROM sys_user WHERE (username = ?)
==> Parameters: admin(String)
<==    Columns: id, username, password, nickname, email, phone, avatar, identity_type, enabled, account_non_expired, account_non_locked, credentials_non_expired, create_time, update_time
<==        Row: 1, admin, $2a$10$ov3NUrdkAHujSRdGbDZF6O9h2cjZq4Zl17fL3TA5Nhs94mE/PmH8e, 管理员, admin@example.com, null, null, 1, 1, 1, 1, 1, 2026-08-11 20:00:08, 2026-08-13 22:28:45
<==      Total: 1
2026-08-15T11:40:18.360+08:00 DEBUG 11564 --- [iam-authorization-server] [nio-9000-exec-6] n.x.a.s.t.RedisOpaqueTokenIntrospector   : Opaque token introspect success, sub=admin, scope=[read, openid, profile, write]
2026-08-15T11:40:18.361+08:00 DEBUG 11564 --- [iam-authorization-server] [nio-9000-exec-6] .s.r.a.OpaqueTokenAuthenticationProvider : Authenticated token
2026-08-15T11:40:18.361+08:00 DEBUG 11564 --- [iam-authorization-server] [nio-9000-exec-6] .s.r.w.a.BearerTokenAuthenticationFilter : Set SecurityContextHolder to BearerTokenAuthentication [Principal=net.xzh.authserver.security.token.RedisOpaqueTokenIntrospector$OpaquePrincipal@691b6f9e, Credentials=[PROTECTED], Authenticated=true, Details=WebAuthenticationDetails [RemoteIpAddress=127.0.0.1, SessionId=null], Granted Authorities=[ROLE_ADMIN]]
2026-08-15T11:40:18.361+08:00 DEBUG 11564 --- [iam-authorization-server] [nio-9000-exec-6] o.s.security.web.FilterChainProxy        : Secured GET /api/admin/records/consents
Creating a new SqlSession
SqlSession [org.apache.ibatis.session.defaults.DefaultSqlSession@2d3283a8] was not registered for synchronization because synchronization is not active
JDBC Connection [com.alibaba.druid.pool.DruidStatementConnection@e2696e8] will not be managed by Spring
==>  Preparing: SELECT * FROM oauth2_authorization_consent ORDER BY principal_name, registered_client_id
==> Parameters: 
<==      Total: 0
Closing non transactional SqlSession [org.apache.ibatis.session.defaults.DefaultSqlSession@2d3283a8]
2026-08-15T11:40:18.924+08:00 DEBUG 11564 --- [iam-authorization-server] [nio-9000-exec-7] o.s.security.web.FilterChainProxy        : Securing GET /api/admin/sessions/online
JDBC Connection [com.alibaba.druid.pool.DruidStatementConnection@e2696e8] will not be managed by Spring
==>  Preparing: SELECT id,username,password,nickname,email,phone,avatar,identity_type,enabled,account_non_expired,account_non_locked,credentials_non_expired,create_time,update_time FROM sys_user WHERE (username = ?)
==> Parameters: admin(String)
<==    Columns: id, username, password, nickname, email, phone, avatar, identity_type, enabled, account_non_expired, account_non_locked, credentials_non_expired, create_time, update_time
<==        Row: 1, admin, $2a$10$ov3NUrdkAHujSRdGbDZF6O9h2cjZq4Zl17fL3TA5Nhs94mE/PmH8e, 管理员, admin@example.com, null, null, 1, 1, 1, 1, 1, 2026-08-11 20:00:08, 2026-08-13 22:28:45
<==      Total: 1
2026-08-15T11:40:18.943+08:00 DEBUG 11564 --- [iam-authorization-server] [nio-9000-exec-7] n.x.a.s.t.RedisOpaqueTokenIntrospector   : Opaque token introspect success, sub=admin, scope=[read, openid, profile, write]
2026-08-15T11:40:18.944+08:00 DEBUG 11564 --- [iam-authorization-server] [nio-9000-exec-7] .s.r.a.OpaqueTokenAuthenticationProvider : Authenticated token
2026-08-15T11:40:18.944+08:00 DEBUG 11564 --- [iam-authorization-server] [nio-9000-exec-7] .s.r.w.a.BearerTokenAuthenticationFilter : Set SecurityContextHolder to BearerTokenAuthentication [Principal=net.xzh.authserver.security.token.RedisOpaqueTokenIntrospector$OpaquePrincipal@80f4104, Credentials=[PROTECTED], Authenticated=true, Details=WebAuthenticationDetails [RemoteIpAddress=127.0.0.1, SessionId=null], Granted Authorities=[ROLE_ADMIN]]
2026-08-15T11:40:18.944+08:00 DEBUG 11564 --- [iam-authorization-server] [nio-9000-exec-7] o.s.security.web.FilterChainProxy        : Secured GET /api/admin/sessions/online
JDBC Connection [com.alibaba.druid.pool.DruidStatementConnection@e2696e8] will not be managed by Spring
==>  Preparing: SELECT id,username,password,nickname,email,phone,avatar,identity_type,enabled,account_non_expired,account_non_locked,credentials_non_expired,create_time,update_time FROM sys_user WHERE (username = ?)
==> Parameters: resource-server(String)
<==      Total: 0
2026-08-15T11:40:19.627+08:00 DEBUG 11564 --- [iam-authorization-server] [nio-9000-exec-7] n.x.a.service.AuthSessionService         : 跳过非用户 principal: resource-server
JDBC Connection [com.alibaba.druid.pool.DruidStatementConnection@e2696e8] will not be managed by Spring
==>  Preparing: SELECT id,username,password,nickname,email,phone,avatar,identity_type,enabled,account_non_expired,account_non_locked,credentials_non_expired,create_time,update_time FROM sys_user WHERE (username = ?)
==> Parameters: admin(String)
<==    Columns: id, username, password, nickname, email, phone, avatar, identity_type, enabled, account_non_expired, account_non_locked, credentials_non_expired, create_time, update_time
<==        Row: 1, admin, $2a$10$ov3NUrdkAHujSRdGbDZF6O9h2cjZq4Zl17fL3TA5Nhs94mE/PmH8e, 管理员, admin@example.com, null, null, 1, 1, 1, 1, 1, 2026-08-11 20:00:08, 2026-08-13 22:28:45
<==      Total: 1
JDBC Connection [com.alibaba.druid.pool.DruidStatementConnection@e2696e8] will not be managed by Spring
==>  Preparing: SELECT id,username,password,nickname,email,phone,avatar,identity_type,enabled,account_non_expired,account_non_locked,credentials_non_expired,create_time,update_time FROM sys_user WHERE (username = ?)
==> Parameters: admin(String)
<==    Columns: id, username, password, nickname, email, phone, avatar, identity_type, enabled, account_non_expired, account_non_locked, credentials_non_expired, create_time, update_time
<==        Row: 1, admin, $2a$10$ov3NUrdkAHujSRdGbDZF6O9h2cjZq4Zl17fL3TA5Nhs94mE/PmH8e, 管理员, admin@example.com, null, null, 1, 1, 1, 1, 1, 2026-08-11 20:00:08, 2026-08-13 22:28:45
<==      Total: 1
JDBC Connection [com.alibaba.druid.pool.DruidStatementConnection@e2696e8] will not be managed by Spring
==>  Preparing: SELECT id,username,password,nickname,email,phone,avatar,identity_type,enabled,account_non_expired,account_non_locked,credentials_non_expired,create_time,update_time FROM sys_user WHERE (username = ?)
==> Parameters: admin-app(String)
<==      Total: 0
2026-08-15T11:40:19.651+08:00 DEBUG 11564 --- [iam-authorization-server] [nio-9000-exec-7] n.x.a.service.AuthSessionService         : 跳过非用户 principal: admin-app
2026-08-15T11:40:20.496+08:00 DEBUG 11564 --- [iam-authorization-server] [nio-9000-exec-8] o.s.security.web.FilterChainProxy        : Securing GET /api/admin/sessions/online
JDBC Connection [com.alibaba.druid.pool.DruidStatementConnection@e2696e8] will not be managed by Spring
==>  Preparing: SELECT id,username,password,nickname,email,phone,avatar,identity_type,enabled,account_non_expired,account_non_locked,credentials_non_expired,create_time,update_time FROM sys_user WHERE (username = ?)
==> Parameters: admin(String)
<==    Columns: id, username, password, nickname, email, phone, avatar, identity_type, enabled, account_non_expired, account_non_locked, credentials_non_expired, create_time, update_time
<==        Row: 1, admin, $2a$10$ov3NUrdkAHujSRdGbDZF6O9h2cjZq4Zl17fL3TA5Nhs94mE/PmH8e, 管理员, admin@example.com, null, null, 1, 1, 1, 1, 1, 2026-08-11 20:00:08, 2026-08-13 22:28:45
<==      Total: 1
2026-08-15T11:40:20.506+08:00 DEBUG 11564 --- [iam-authorization-server] [nio-9000-exec-8] n.x.a.s.t.RedisOpaqueTokenIntrospector   : Opaque token introspect success, sub=admin, scope=[read, openid, profile, write]
2026-08-15T11:40:20.507+08:00 DEBUG 11564 --- [iam-authorization-server] [nio-9000-exec-8] .s.r.a.OpaqueTokenAuthenticationProvider : Authenticated token
2026-08-15T11:40:20.507+08:00 DEBUG 11564 --- [iam-authorization-server] [nio-9000-exec-8] .s.r.w.a.BearerTokenAuthenticationFilter : Set SecurityContextHolder to BearerTokenAuthentication [Principal=net.xzh.authserver.security.token.RedisOpaqueTokenIntrospector$OpaquePrincipal@607caa6b, Credentials=[PROTECTED], Authenticated=true, Details=WebAuthenticationDetails [RemoteIpAddress=127.0.0.1, SessionId=null], Granted Authorities=[ROLE_ADMIN]]
2026-08-15T11:40:20.507+08:00 DEBUG 11564 --- [iam-authorization-server] [nio-9000-exec-8] o.s.security.web.FilterChainProxy        : Secured GET /api/admin/sessions/online
JDBC Connection [com.alibaba.druid.pool.DruidStatementConnection@e2696e8] will not be managed by Spring
==>  Preparing: SELECT id,username,password,nickname,email,phone,avatar,identity_type,enabled,account_non_expired,account_non_locked,credentials_non_expired,create_time,update_time FROM sys_user WHERE (username = ?)
==> Parameters: resource-server(String)
<==      Total: 0
2026-08-15T11:40:21.182+08:00 DEBUG 11564 --- [iam-authorization-server] [nio-9000-exec-8] n.x.a.service.AuthSessionService         : 跳过非用户 principal: resource-server
JDBC Connection [com.alibaba.druid.pool.DruidStatementConnection@e2696e8] will not be managed by Spring
==>  Preparing: SELECT id,username,password,nickname,email,phone,avatar,identity_type,enabled,account_non_expired,account_non_locked,credentials_non_expired,create_time,update_time FROM sys_user WHERE (username = ?)
==> Parameters: admin(String)
<==    Columns: id, username, password, nickname, email, phone, avatar, identity_type, enabled, account_non_expired, account_non_locked, credentials_non_expired, create_time, update_time
<==        Row: 1, admin, $2a$10$ov3NUrdkAHujSRdGbDZF6O9h2cjZq4Zl17fL3TA5Nhs94mE/PmH8e, 管理员, admin@example.com, null, null, 1, 1, 1, 1, 1, 2026-08-11 20:00:08, 2026-08-13 22:28:45
<==      Total: 1
JDBC Connection [com.alibaba.druid.pool.DruidStatementConnection@e2696e8] will not be managed by Spring
==>  Preparing: SELECT id,username,password,nickname,email,phone,avatar,identity_type,enabled,account_non_expired,account_non_locked,credentials_non_expired,create_time,update_time FROM sys_user WHERE (username = ?)
==> Parameters: admin(String)
<==    Columns: id, username, password, nickname, email, phone, avatar, identity_type, enabled, account_non_expired, account_non_locked, credentials_non_expired, create_time, update_time
<==        Row: 1, admin, $2a$10$ov3NUrdkAHujSRdGbDZF6O9h2cjZq4Zl17fL3TA5Nhs94mE/PmH8e, 管理员, admin@example.com, null, null, 1, 1, 1, 1, 1, 2026-08-11 20:00:08, 2026-08-13 22:28:45
<==      Total: 1
JDBC Connection [com.alibaba.druid.pool.DruidStatementConnection@e2696e8] will not be managed by Spring
==>  Preparing: SELECT id,username,password,nickname,email,phone,avatar,identity_type,enabled,account_non_expired,account_non_locked,credentials_non_expired,create_time,update_time FROM sys_user WHERE (username = ?)
==> Parameters: admin-app(String)
<==      Total: 0
2026-08-15T11:40:21.201+08:00 DEBUG 11564 --- [iam-authorization-server] [nio-9000-exec-8] n.x.a.service.AuthSessionService         : 跳过非用户 principal: admin-app
2026-08-15T11:40:22.463+08:00 DEBUG 11564 --- [iam-authorization-server] [nio-9000-exec-9] o.s.security.web.FilterChainProxy        : Securing GET /api/admin/sessions/online
JDBC Connection [com.alibaba.druid.pool.DruidStatementConnection@e2696e8] will not be managed by Spring
==>  Preparing: SELECT id,username,password,nickname,email,phone,avatar,identity_type,enabled,account_non_expired,account_non_locked,credentials_non_expired,create_time,update_time FROM sys_user WHERE (username = ?)
==> Parameters: admin(String)
<==    Columns: id, username, password, nickname, email, phone, avatar, identity_type, enabled, account_non_expired, account_non_locked, credentials_non_expired, create_time, update_time
<==        Row: 1, admin, $2a$10$ov3NUrdkAHujSRdGbDZF6O9h2cjZq4Zl17fL3TA5Nhs94mE/PmH8e, 管理员, admin@example.com, null, null, 1, 1, 1, 1, 1, 2026-08-11 20:00:08, 2026-08-13 22:28:45
<==      Total: 1
2026-08-15T11:40:22.475+08:00 DEBUG 11564 --- [iam-authorization-server] [nio-9000-exec-9] n.x.a.s.t.RedisOpaqueTokenIntrospector   : Opaque token introspect success, sub=admin, scope=[read, openid, profile, write]
2026-08-15T11:40:22.476+08:00 DEBUG 11564 --- [iam-authorization-server] [nio-9000-exec-9] .s.r.a.OpaqueTokenAuthenticationProvider : Authenticated token
2026-08-15T11:40:22.476+08:00 DEBUG 11564 --- [iam-authorization-server] [nio-9000-exec-9] .s.r.w.a.BearerTokenAuthenticationFilter : Set SecurityContextHolder to BearerTokenAuthentication [Principal=net.xzh.authserver.security.token.RedisOpaqueTokenIntrospector$OpaquePrincipal@70d7a915, Credentials=[PROTECTED], Authenticated=true, Details=WebAuthenticationDetails [RemoteIpAddress=127.0.0.1, SessionId=null], Granted Authorities=[ROLE_ADMIN]]
2026-08-15T11:40:22.477+08:00 DEBUG 11564 --- [iam-authorization-server] [nio-9000-exec-9] o.s.security.web.FilterChainProxy        : Secured GET /api/admin/sessions/online
JDBC Connection [com.alibaba.druid.pool.DruidStatementConnection@e2696e8] will not be managed by Spring
==>  Preparing: SELECT id,username,password,nickname,email,phone,avatar,identity_type,enabled,account_non_expired,account_non_locked,credentials_non_expired,create_time,update_time FROM sys_user WHERE (username = ?)
==> Parameters: resource-server(String)
<==      Total: 0
2026-08-15T11:40:23.675+08:00 DEBUG 11564 --- [iam-authorization-server] [nio-9000-exec-9] n.x.a.service.AuthSessionService         : 跳过非用户 principal: resource-server
JDBC Connection [com.alibaba.druid.pool.DruidStatementConnection@e2696e8] will not be managed by Spring
==>  Preparing: SELECT id,username,password,nickname,email,phone,avatar,identity_type,enabled,account_non_expired,account_non_locked,credentials_non_expired,create_time,update_time FROM sys_user WHERE (username = ?)
==> Parameters: admin(String)
<==    Columns: id, username, password, nickname, email, phone, avatar, identity_type, enabled, account_non_expired, account_non_locked, credentials_non_expired, create_time, update_time
<==        Row: 1, admin, $2a$10$ov3NUrdkAHujSRdGbDZF6O9h2cjZq4Zl17fL3TA5Nhs94mE/PmH8e, 管理员, admin@example.com, null, null, 1, 1, 1, 1, 1, 2026-08-11 20:00:08, 2026-08-13 22:28:45
<==      Total: 1
JDBC Connection [com.alibaba.druid.pool.DruidStatementConnection@e2696e8] will not be managed by Spring
==>  Preparing: SELECT id,username,password,nickname,email,phone,avatar,identity_type,enabled,account_non_expired,account_non_locked,credentials_non_expired,create_time,update_time FROM sys_user WHERE (username = ?)
==> Parameters: admin(String)
<==    Columns: id, username, password, nickname, email, phone, avatar, identity_type, enabled, account_non_expired, account_non_locked, credentials_non_expired, create_time, update_time
<==        Row: 1, admin, $2a$10$ov3NUrdkAHujSRdGbDZF6O9h2cjZq4Zl17fL3TA5Nhs94mE/PmH8e, 管理员, admin@example.com, null, null, 1, 1, 1, 1, 1, 2026-08-11 20:00:08, 2026-08-13 22:28:45
<==      Total: 1
JDBC Connection [com.alibaba.druid.pool.DruidStatementConnection@e2696e8] will not be managed by Spring
==>  Preparing: SELECT id,username,password,nickname,email,phone,avatar,identity_type,enabled,account_non_expired,account_non_locked,credentials_non_expired,create_time,update_time FROM sys_user WHERE (username = ?)
==> Parameters: admin-app(String)
<==      Total: 0
2026-08-15T11:40:23.703+08:00 DEBUG 11564 --- [iam-authorization-server] [nio-9000-exec-9] n.x.a.service.AuthSessionService         : 跳过非用户 principal: admin-app
2026-08-15T11:40:26.870+08:00 DEBUG 11564 --- [iam-authorization-server] [io-9000-exec-10] o.s.security.web.FilterChainProxy        : Securing GET /api/admin/sessions/online
JDBC Connection [com.alibaba.druid.pool.DruidStatementConnection@e2696e8] will not be managed by Spring
==>  Preparing: SELECT id,username,password,nickname,email,phone,avatar,identity_type,enabled,account_non_expired,account_non_locked,credentials_non_expired,create_time,update_time FROM sys_user WHERE (username = ?)
==> Parameters: admin(String)
<==    Columns: id, username, password, nickname, email, phone, avatar, identity_type, enabled, account_non_expired, account_non_locked, credentials_non_expired, create_time, update_time
<==        Row: 1, admin, $2a$10$ov3NUrdkAHujSRdGbDZF6O9h2cjZq4Zl17fL3TA5Nhs94mE/PmH8e, 管理员, admin@example.com, null, null, 1, 1, 1, 1, 1, 2026-08-11 20:00:08, 2026-08-13 22:28:45
<==      Total: 1
2026-08-15T11:40:26.892+08:00 DEBUG 11564 --- [iam-authorization-server] [io-9000-exec-10] n.x.a.s.t.RedisOpaqueTokenIntrospector   : Opaque token introspect success, sub=admin, scope=[read, openid, profile, write]
2026-08-15T11:40:26.893+08:00 DEBUG 11564 --- [iam-authorization-server] [io-9000-exec-10] .s.r.a.OpaqueTokenAuthenticationProvider : Authenticated token
2026-08-15T11:40:26.893+08:00 DEBUG 11564 --- [iam-authorization-server] [io-9000-exec-10] .s.r.w.a.BearerTokenAuthenticationFilter : Set SecurityContextHolder to BearerTokenAuthentication [Principal=net.xzh.authserver.security.token.RedisOpaqueTokenIntrospector$OpaquePrincipal@67695da9, Credentials=[PROTECTED], Authenticated=true, Details=WebAuthenticationDetails [RemoteIpAddress=127.0.0.1, SessionId=null], Granted Authorities=[ROLE_ADMIN]]
2026-08-15T11:40:26.894+08:00 DEBUG 11564 --- [iam-authorization-server] [io-9000-exec-10] o.s.security.web.FilterChainProxy        : Secured GET /api/admin/sessions/online
JDBC Connection [com.alibaba.druid.pool.DruidStatementConnection@e2696e8] will not be managed by Spring
==>  Preparing: SELECT id,username,password,nickname,email,phone,avatar,identity_type,enabled,account_non_expired,account_non_locked,credentials_non_expired,create_time,update_time FROM sys_user WHERE (username = ?)
==> Parameters: resource-server(String)
<==      Total: 0
2026-08-15T11:40:27.941+08:00 DEBUG 11564 --- [iam-authorization-server] [io-9000-exec-10] n.x.a.service.AuthSessionService         : 跳过非用户 principal: resource-server
JDBC Connection [com.alibaba.druid.pool.DruidStatementConnection@e2696e8] will not be managed by Spring
==>  Preparing: SELECT id,username,password,nickname,email,phone,avatar,identity_type,enabled,account_non_expired,account_non_locked,credentials_non_expired,create_time,update_time FROM sys_user WHERE (username = ?)
==> Parameters: admin(String)
<==    Columns: id, username, password, nickname, email, phone, avatar, identity_type, enabled, account_non_expired, account_non_locked, credentials_non_expired, create_time, update_time
<==        Row: 1, admin, $2a$10$ov3NUrdkAHujSRdGbDZF6O9h2cjZq4Zl17fL3TA5Nhs94mE/PmH8e, 管理员, admin@example.com, null, null, 1, 1, 1, 1, 1, 2026-08-11 20:00:08, 2026-08-13 22:28:45
<==      Total: 1
JDBC Connection [com.alibaba.druid.pool.DruidStatementConnection@e2696e8] will not be managed by Spring
==>  Preparing: SELECT id,username,password,nickname,email,phone,avatar,identity_type,enabled,account_non_expired,account_non_locked,credentials_non_expired,create_time,update_time FROM sys_user WHERE (username = ?)
==> Parameters: admin(String)
<==    Columns: id, username, password, nickname, email, phone, avatar, identity_type, enabled, account_non_expired, account_non_locked, credentials_non_expired, create_time, update_time
<==        Row: 1, admin, $2a$10$ov3NUrdkAHujSRdGbDZF6O9h2cjZq4Zl17fL3TA5Nhs94mE/PmH8e, 管理员, admin@example.com, null, null, 1, 1, 1, 1, 1, 2026-08-11 20:00:08, 2026-08-13 22:28:45
<==      Total: 1
JDBC Connection [com.alibaba.druid.pool.DruidStatementConnection@e2696e8] will not be managed by Spring
==>  Preparing: SELECT id,username,password,nickname,email,phone,avatar,identity_type,enabled,account_non_expired,account_non_locked,credentials_non_expired,create_time,update_time FROM sys_user WHERE (username = ?)
==> Parameters: admin-app(String)
<==      Total: 0
2026-08-15T11:40:27.964+08:00 DEBUG 11564 --- [iam-authorization-server] [io-9000-exec-10] n.x.a.service.AuthSessionService         : 跳过非用户 principal: admin-app
2026-08-15T11:40:29.156+08:00 DEBUG 11564 --- [iam-authorization-server] [nio-9000-exec-1] o.s.security.web.FilterChainProxy        : Securing GET /api/admin/sessions/users/1
JDBC Connection [com.alibaba.druid.pool.DruidStatementConnection@e2696e8] will not be managed by Spring
==>  Preparing: SELECT id,username,password,nickname,email,phone,avatar,identity_type,enabled,account_non_expired,account_non_locked,credentials_non_expired,create_time,update_time FROM sys_user WHERE (username = ?)
==> Parameters: admin(String)
<==    Columns: id, username, password, nickname, email, phone, avatar, identity_type, enabled, account_non_expired, account_non_locked, credentials_non_expired, create_time, update_time
<==        Row: 1, admin, $2a$10$ov3NUrdkAHujSRdGbDZF6O9h2cjZq4Zl17fL3TA5Nhs94mE/PmH8e, 管理员, admin@example.com, null, null, 1, 1, 1, 1, 1, 2026-08-11 20:00:08, 2026-08-13 22:28:45
<==      Total: 1
2026-08-15T11:40:29.165+08:00 DEBUG 11564 --- [iam-authorization-server] [nio-9000-exec-1] n.x.a.s.t.RedisOpaqueTokenIntrospector   : Opaque token introspect success, sub=admin, scope=[read, openid, profile, write]
2026-08-15T11:40:29.166+08:00 DEBUG 11564 --- [iam-authorization-server] [nio-9000-exec-1] .s.r.a.OpaqueTokenAuthenticationProvider : Authenticated token
2026-08-15T11:40:29.166+08:00 DEBUG 11564 --- [iam-authorization-server] [nio-9000-exec-1] .s.r.w.a.BearerTokenAuthenticationFilter : Set SecurityContextHolder to BearerTokenAuthentication [Principal=net.xzh.authserver.security.token.RedisOpaqueTokenIntrospector$OpaquePrincipal@6cb79819, Credentials=[PROTECTED], Authenticated=true, Details=WebAuthenticationDetails [RemoteIpAddress=127.0.0.1, SessionId=null], Granted Authorities=[ROLE_ADMIN]]
2026-08-15T11:40:29.167+08:00 DEBUG 11564 --- [iam-authorization-server] [nio-9000-exec-1] o.s.security.web.FilterChainProxy        : Secured GET /api/admin/sessions/users/1
Creating a new SqlSession
SqlSession [org.apache.ibatis.session.defaults.DefaultSqlSession@39d451e0] was not registered for synchronization because synchronization is not active
JDBC Connection [com.alibaba.druid.pool.DruidStatementConnection@e2696e8] will not be managed by Spring
==>  Preparing: SELECT id,username,password,nickname,email,phone,avatar,identity_type,enabled,account_non_expired,account_non_locked,credentials_non_expired,create_time,update_time FROM sys_user WHERE id=?
==> Parameters: 1(Long)
<==    Columns: id, username, password, nickname, email, phone, avatar, identity_type, enabled, account_non_expired, account_non_locked, credentials_non_expired, create_time, update_time
<==        Row: 1, admin, $2a$10$ov3NUrdkAHujSRdGbDZF6O9h2cjZq4Zl17fL3TA5Nhs94mE/PmH8e, 管理员, admin@example.com, null, null, 1, 1, 1, 1, 1, 2026-08-11 20:00:08, 2026-08-13 22:28:45
<==      Total: 1
Closing non transactional SqlSession [org.apache.ibatis.session.defaults.DefaultSqlSession@39d451e0]
JDBC Connection [com.alibaba.druid.pool.DruidStatementConnection@e2696e8] will not be managed by Spring
==>  Preparing: SELECT id,username,password,nickname,email,phone,avatar,identity_type,enabled,account_non_expired,account_non_locked,credentials_non_expired,create_time,update_time FROM sys_user WHERE (username = ?)
==> Parameters: admin(String)
<==    Columns: id, username, password, nickname, email, phone, avatar, identity_type, enabled, account_non_expired, account_non_locked, credentials_non_expired, create_time, update_time
<==        Row: 1, admin, $2a$10$ov3NUrdkAHujSRdGbDZF6O9h2cjZq4Zl17fL3TA5Nhs94mE/PmH8e, 管理员, admin@example.com, null, null, 1, 1, 1, 1, 1, 2026-08-11 20:00:08, 2026-08-13 22:28:45
<==      Total: 1
2026-08-15T11:41:19.033+08:00 DEBUG 11564 --- [iam-authorization-server] [nio-9000-exec-3] o.s.security.web.FilterChainProxy        : Securing GET /api/admin/records/consents
JDBC Connection [com.alibaba.druid.pool.DruidStatementConnection@e2696e8] will not be managed by Spring
==>  Preparing: SELECT id,username,password,nickname,email,phone,avatar,identity_type,enabled,account_non_expired,account_non_locked,credentials_non_expired,create_time,update_time FROM sys_user WHERE (username = ?)
==> Parameters: admin(String)
<==    Columns: id, username, password, nickname, email, phone, avatar, identity_type, enabled, account_non_expired, account_non_locked, credentials_non_expired, create_time, update_time
<==        Row: 1, admin, $2a$10$ov3NUrdkAHujSRdGbDZF6O9h2cjZq4Zl17fL3TA5Nhs94mE/PmH8e, 管理员, admin@example.com, null, null, 1, 1, 1, 1, 1, 2026-08-11 20:00:08, 2026-08-13 22:28:45
<==      Total: 1
2026-08-15T11:41:19.042+08:00 DEBUG 11564 --- [iam-authorization-server] [nio-9000-exec-3] n.x.a.s.t.RedisOpaqueTokenIntrospector   : Opaque token introspect success, sub=admin, scope=[read, openid, profile, write]
2026-08-15T11:41:19.042+08:00 DEBUG 11564 --- [iam-authorization-server] [nio-9000-exec-3] .s.r.a.OpaqueTokenAuthenticationProvider : Authenticated token
2026-08-15T11:41:19.042+08:00 DEBUG 11564 --- [iam-authorization-server] [nio-9000-exec-3] .s.r.w.a.BearerTokenAuthenticationFilter : Set SecurityContextHolder to BearerTokenAuthentication [Principal=net.xzh.authserver.security.token.RedisOpaqueTokenIntrospector$OpaquePrincipal@670ef985, Credentials=[PROTECTED], Authenticated=true, Details=WebAuthenticationDetails [RemoteIpAddress=127.0.0.1, SessionId=null], Granted Authorities=[ROLE_ADMIN]]
2026-08-15T11:41:19.043+08:00 DEBUG 11564 --- [iam-authorization-server] [nio-9000-exec-3] o.s.security.web.FilterChainProxy        : Secured GET /api/admin/records/consents
Creating a new SqlSession
SqlSession [org.apache.ibatis.session.defaults.DefaultSqlSession@26802b83] was not registered for synchronization because synchronization is not active
JDBC Connection [com.alibaba.druid.pool.DruidStatementConnection@e2696e8] will not be managed by Spring
==>  Preparing: SELECT * FROM oauth2_authorization_consent ORDER BY principal_name, registered_client_id
==> Parameters: 
<==      Total: 0
Closing non transactional SqlSession [org.apache.ibatis.session.defaults.DefaultSqlSession@26802b83]
2026-08-15T11:41:29.067+08:00 DEBUG 11564 --- [iam-authorization-server] [nio-9000-exec-4] o.s.security.web.FilterChainProxy        : Securing POST /oauth2/introspect
2026-08-15T11:41:29.194+08:00 DEBUG 11564 --- [iam-authorization-server] [nio-9000-exec-4] o.s.a.w.OAuth2ClientAuthenticationFilter : Set SecurityContextHolder authentication to OAuth2ClientAuthenticationToken
2026-08-15T11:41:29.244+08:00  INFO 11564 --- [iam-authorization-server] [nio-9000-exec-4] n.x.a.s.session.RedisSessionRegistry     : [RedisSessionRegistry] 注册会话: principal=resource-server, sessionId=9ba8a47a-3b34-4c4f-9770-a71441342d5e
2026-08-15T12:00:55.262+08:00 DEBUG 11564 --- [iam-authorization-server] [nio-9000-exec-8] o.s.security.web.FilterChainProxy        : Securing GET /.well-known/openid-configuration
2026-08-15T12:05:29.069+08:00 DEBUG 11564 --- [iam-authorization-server] [io-9000-exec-10] o.s.security.web.FilterChainProxy        : Securing GET /oauth2/authorize?response_type=code&client_id=admin-app&scope=openid%20profile%20read%20write&state=xlpTE2uUqLNJNrlqlt8Rloz8kG32QWNmG9vTPIVkSyI%3D&redirect_uri=http://localhost:8085/login/oauth2/code/admin-app&nonce=rDSD3P7YO01dwfHDgrTGUknuYIBZGeflm-Lk8ocmrSs
Creating a new SqlSession
SqlSession [org.apache.ibatis.session.defaults.DefaultSqlSession@649ab0ba] was not registered for synchronization because synchronization is not active
JDBC Connection [com.alibaba.druid.pool.DruidStatementConnection@e2696e8] will not be managed by Spring
==>  Preparing: SELECT * FROM oauth2_registered_client WHERE client_id = ? LIMIT 1
==> Parameters: admin-app(String)
<==    Columns: id, client_id, client_id_issued_at, client_secret, client_secret_expires_at, client_name, client_authentication_methods, authorization_grant_types, redirect_uris, post_logout_redirect_uris, scopes, client_settings, token_settings
<==        Row: 2, admin-app, 2026-08-13 12:00:00, $2a$10$ov3NUrdkAHujSRdGbDZF6O9h2cjZq4Zl17fL3TA5Nhs94mE/PmH8e, null, 管理后台, client_secret_basic, refresh_token,authorization_code, http://localhost:8085/login/oauth2/code/admin-app, http://localhost:8001/logged-out, openid,profile,read,write, {"requireProofKey":false,"requireAuthorizationConsent":false}, {"accessTokenFormat":"reference","authorizationCodeTimeToLive":"PT5M","accessTokenTimeToLive":"PT2H","reuseRefreshTokens":true}
<==      Total: 1
Closing non transactional SqlSession [org.apache.ibatis.session.defaults.DefaultSqlSession@649ab0ba]
2026-08-15T12:05:29.118+08:00 DEBUG 11564 --- [iam-authorization-server] [io-9000-exec-10] o.s.s.w.a.AnonymousAuthenticationFilter  : Set SecurityContextHolder to anonymous SecurityContext
2026-08-15T12:05:29.118+08:00 DEBUG 11564 --- [iam-authorization-server] [io-9000-exec-10] o.s.s.w.session.SessionManagementFilter  : Request requested invalid session id eb9aa357-4802-470f-91e5-d9312ff4aa22
2026-08-15T12:05:29.120+08:00 DEBUG 11564 --- [iam-authorization-server] [io-9000-exec-10] o.s.s.w.s.HttpSessionRequestCache        : Saved request http://localhost:9000/oauth2/authorize?response_type=code&client_id=admin-app&scope=openid%20profile%20read%20write&state=xlpTE2uUqLNJNrlqlt8Rloz8kG32QWNmG9vTPIVkSyI%3D&redirect_uri=http://localhost:8085/login/oauth2/code/admin-app&nonce=rDSD3P7YO01dwfHDgrTGUknuYIBZGeflm-Lk8ocmrSs&continue to session
2026-08-15T12:05:29.120+08:00 DEBUG 11564 --- [iam-authorization-server] [io-9000-exec-10] s.w.a.DelegatingAuthenticationEntryPoint : Trying to match using MediaTypeRequestMatcher [contentNegotiationStrategy=org.springframework.web.accept.HeaderContentNegotiationStrategy@41b1297d, matchingMediaTypes=[text/html], useEquals=false, ignoredMediaTypes=[]]
2026-08-15T12:05:29.120+08:00 DEBUG 11564 --- [iam-authorization-server] [io-9000-exec-10] s.w.a.DelegatingAuthenticationEntryPoint : Match found! Executing org.springframework.security.web.authentication.LoginUrlAuthenticationEntryPoint@66a1b96d
2026-08-15T12:05:29.121+08:00 DEBUG 11564 --- [iam-authorization-server] [io-9000-exec-10] o.s.s.web.DefaultRedirectStrategy        : Redirecting to http://localhost:9000/login.html
2026-08-15T12:05:29.127+08:00 DEBUG 11564 --- [iam-authorization-server] [nio-9000-exec-1] o.s.security.web.FilterChainProxy        : Securing GET /login.html
2026-08-15T12:05:29.130+08:00 DEBUG 11564 --- [iam-authorization-server] [nio-9000-exec-1] o.s.s.w.a.AnonymousAuthenticationFilter  : Set SecurityContextHolder to anonymous SecurityContext
2026-08-15T12:05:29.131+08:00 DEBUG 11564 --- [iam-authorization-server] [nio-9000-exec-1] o.s.security.web.FilterChainProxy        : Secured GET /login.html
2026-08-15T12:05:31.178+08:00 DEBUG 11564 --- [iam-authorization-server] [nio-9000-exec-4] o.s.security.web.FilterChainProxy        : Securing POST /login
JDBC Connection [com.alibaba.druid.pool.DruidStatementConnection@e2696e8] will not be managed by Spring
==>  Preparing: SELECT id,username,password,nickname,email,phone,avatar,identity_type,enabled,account_non_expired,account_non_locked,credentials_non_expired,create_time,update_time FROM sys_user WHERE (username = ?)
==> Parameters: admin(String)
<==    Columns: id, username, password, nickname, email, phone, avatar, identity_type, enabled, account_non_expired, account_non_locked, credentials_non_expired, create_time, update_time
<==        Row: 1, admin, $2a$10$ov3NUrdkAHujSRdGbDZF6O9h2cjZq4Zl17fL3TA5Nhs94mE/PmH8e, 管理员, admin@example.com, null, null, 1, 1, 1, 1, 1, 2026-08-11 20:00:08, 2026-08-13 22:28:45
<==      Total: 1
2026-08-15T12:05:31.342+08:00 DEBUG 11564 --- [iam-authorization-server] [nio-9000-exec-4] o.s.s.a.dao.DaoAuthenticationProvider    : Authenticated user
2026-08-15T12:05:31.381+08:00 DEBUG 11564 --- [iam-authorization-server] [nio-9000-exec-4] .s.ChangeSessionIdAuthenticationStrategy : Changed session id from 64597467-7396-4a1b-89a4-453be19eeabb
2026-08-15T12:05:31.392+08:00  INFO 11564 --- [iam-authorization-server] [nio-9000-exec-4] n.x.a.s.session.RedisSessionRegistry     : [RedisSessionRegistry] 注册会话: principal=admin, sessionId=baa28ba8-0c81-4d40-b33f-6d905075161d
2026-08-15T12:05:31.393+08:00 DEBUG 11564 --- [iam-authorization-server] [nio-9000-exec-4] w.a.UsernamePasswordAuthenticationFilter : Set SecurityContextHolder to UsernamePasswordAuthenticationToken [Principal=org.springframework.security.core.userdetails.User [Username=admin, Password=[PROTECTED], Enabled=true, AccountNonExpired=true, CredentialsNonExpired=true, AccountNonLocked=true, Granted Authorities=[ROLE_ADMIN]], Credentials=[PROTECTED], Authenticated=true, Details=WebAuthenticationDetails [RemoteIpAddress=0:0:0:0:0:0:0:1, SessionId=64597467-7396-4a1b-89a4-453be19eeabb], Granted Authorities=[ROLE_ADMIN]]
2026-08-15T12:05:31.394+08:00 DEBUG 11564 --- [iam-authorization-server] [nio-9000-exec-4] o.s.s.web.DefaultRedirectStrategy        : Redirecting to http://localhost:9000/oauth2/authorize?response_type=code&client_id=admin-app&scope=openid%20profile%20read%20write&state=xlpTE2uUqLNJNrlqlt8Rloz8kG32QWNmG9vTPIVkSyI%3D&redirect_uri=http://localhost:8085/login/oauth2/code/admin-app&nonce=rDSD3P7YO01dwfHDgrTGUknuYIBZGeflm-Lk8ocmrSs&continue
2026-08-15T12:05:31.409+08:00 DEBUG 11564 --- [iam-authorization-server] [nio-9000-exec-5] o.s.security.web.FilterChainProxy        : Securing GET /oauth2/authorize?response_type=code&client_id=admin-app&scope=openid%20profile%20read%20write&state=xlpTE2uUqLNJNrlqlt8Rloz8kG32QWNmG9vTPIVkSyI%3D&redirect_uri=http://localhost:8085/login/oauth2/code/admin-app&nonce=rDSD3P7YO01dwfHDgrTGUknuYIBZGeflm-Lk8ocmrSs&continue
Creating a new SqlSession
SqlSession [org.apache.ibatis.session.defaults.DefaultSqlSession@64af3050] was not registered for synchronization because synchronization is not active
JDBC Connection [com.alibaba.druid.pool.DruidStatementConnection@e2696e8] will not be managed by Spring
==>  Preparing: SELECT * FROM oauth2_authorization_consent WHERE registered_client_id = ? AND principal_name = ? LIMIT 1
==> Parameters: 2(String), admin(String)
<==      Total: 0
Closing non transactional SqlSession [org.apache.ibatis.session.defaults.DefaultSqlSession@64af3050]
Creating a new SqlSession
SqlSession [org.apache.ibatis.session.defaults.DefaultSqlSession@7894a44] was not registered for synchronization because synchronization is not active
JDBC Connection [com.alibaba.druid.pool.DruidStatementConnection@e2696e8] will not be managed by Spring
==>  Preparing: SELECT * FROM oauth2_registered_client WHERE client_id = ? LIMIT 1
==> Parameters: admin(String)
<==      Total: 0
Closing non transactional SqlSession [org.apache.ibatis.session.defaults.DefaultSqlSession@7894a44]
2026-08-15T12:05:31.442+08:00 DEBUG 11564 --- [iam-authorization-server] [nio-9000-exec-5] .x.a.s.r.RedisOAuth2AuthorizationService : OAuth2Authorization saved to Redis, id=3df33a72-29f5-4368-8a6a-de33da39f472, user=admin
2026-08-15T12:05:31.448+08:00 DEBUG 11564 --- [iam-authorization-server] [nio-9000-exec-5] o.s.s.web.DefaultRedirectStrategy        : Redirecting to http://localhost:8085/login/oauth2/code/admin-app?code=g1oU7AaCrWVmmDx28zk3Gyosaq1FF9WWdTb3qqlBWn0o2_PMj3szFfRwJIEUsuyl5rJDEnNh4x16BKTuvUjSieW7zZVuG73AJGOsRAc2s357SFMsjPOcJuUfwKFgJ38z&state=xlpTE2uUqLNJNrlqlt8Rloz8kG32QWNmG9vTPIVkSyI%3D
2026-08-15T12:05:31.481+08:00 DEBUG 11564 --- [iam-authorization-server] [nio-9000-exec-2] o.s.security.web.FilterChainProxy        : Securing POST /oauth2/token
2026-08-15T12:05:31.699+08:00 DEBUG 11564 --- [iam-authorization-server] [nio-9000-exec-2] o.s.a.w.OAuth2ClientAuthenticationFilter : Set SecurityContextHolder authentication to OAuth2ClientAuthenticationToken
2026-08-15T12:05:31.711+08:00  INFO 11564 --- [iam-authorization-server] [nio-9000-exec-2] n.x.a.s.session.RedisSessionRegistry     : [RedisSessionRegistry] 注册会话: principal=admin-app, sessionId=f50bed54-aff6-4708-a824-1e218c3dd190
Creating a new SqlSession
SqlSession [org.apache.ibatis.session.defaults.DefaultSqlSession@7a5f2640] was not registered for synchronization because synchronization is not active
JDBC Connection [com.alibaba.druid.pool.DruidStatementConnection@e2696e8] will not be managed by Spring
==>  Preparing: SELECT * FROM oauth2_registered_client WHERE client_id = ? LIMIT 1
==> Parameters: admin(String)
<==      Total: 0
Closing non transactional SqlSession [org.apache.ibatis.session.defaults.DefaultSqlSession@7a5f2640]
2026-08-15T12:05:31.775+08:00 DEBUG 11564 --- [iam-authorization-server] [nio-9000-exec-2] .x.a.s.r.RedisOAuth2AuthorizationService : OAuth2Authorization saved to Redis, id=3df33a72-29f5-4368-8a6a-de33da39f472, user=admin
2026-08-15T12:05:31.780+08:00 DEBUG 11564 --- [iam-authorization-server] [nio-9000-exec-2] n.x.a.s.web.ActiveClientTrackingFilter   : [ActiveClientTracking] 响应已提交, 跳过 session 写入 clientId=admin-app
2026-08-15T12:05:31.924+08:00 DEBUG 11564 --- [iam-authorization-server] [nio-9000-exec-6] o.s.security.web.FilterChainProxy        : Securing GET /oauth2/jwks
JDBC Connection [com.alibaba.druid.pool.DruidStatementConnection@e2696e8] will not be managed by Spring
==>  Preparing: SELECT id,username,password,nickname,email,phone,avatar,identity_type,enabled,account_non_expired,account_non_locked,credentials_non_expired,create_time,update_time FROM sys_user WHERE (username = ?)
==> Parameters: admin(String)
<==    Columns: id, username, password, nickname, email, phone, avatar, identity_type, enabled, account_non_expired, account_non_locked, credentials_non_expired, create_time, update_time
<==        Row: 1, admin, $2a$10$ov3NUrdkAHujSRdGbDZF6O9h2cjZq4Zl17fL3TA5Nhs94mE/PmH8e, 管理员, admin@example.com, null, null, 1, 1, 1, 1, 1, 2026-08-11 20:00:08, 2026-08-13 22:28:45
<==      Total: 1
2026-08-15T12:05:32.028+08:00 DEBUG 11564 --- [iam-authorization-server] [nio-9000-exec-7] n.x.a.s.t.RedisOpaqueTokenIntrospector   : Opaque token introspect success, sub=admin, scope=[read, openid, profile, write]
2026-08-15T12:05:35.071+08:00 DEBUG 11564 --- [iam-authorization-server] [nio-9000-exec-8] o.s.security.web.FilterChainProxy        : Securing GET /api/admin/users
2026-08-15T12:05:35.075+08:00 DEBUG 11564 --- [iam-authorization-server] [nio-9000-exec-9] o.s.security.web.FilterChainProxy        : Securing POST /oauth2/introspect
JDBC Connection [com.alibaba.druid.pool.DruidStatementConnection@e2696e8] will not be managed by Spring
Creating a new SqlSession
==>  Preparing: SELECT id,username,password,nickname,email,phone,avatar,identity_type,enabled,account_non_expired,account_non_locked,credentials_non_expired,create_time,update_time FROM sys_user WHERE (username = ?)
SqlSession [org.apache.ibatis.session.defaults.DefaultSqlSession@2c95deb2] was not registered for synchronization because synchronization is not active
==> Parameters: admin(String)
<==    Columns: id, username, password, nickname, email, phone, avatar, identity_type, enabled, account_non_expired, account_non_locked, credentials_non_expired, create_time, update_time
<==        Row: 1, admin, $2a$10$ov3NUrdkAHujSRdGbDZF6O9h2cjZq4Zl17fL3TA5Nhs94mE/PmH8e, 管理员, admin@example.com, null, null, 1, 1, 1, 1, 1, 2026-08-11 20:00:08, 2026-08-13 22:28:45
<==      Total: 1
JDBC Connection [com.alibaba.druid.pool.DruidStatementConnection@e2696e8] will not be managed by Spring
2026-08-15T12:05:35.085+08:00 DEBUG 11564 --- [iam-authorization-server] [nio-9000-exec-8] n.x.a.s.t.RedisOpaqueTokenIntrospector   : Opaque token introspect success, sub=admin, scope=[read, openid, profile, write]
==>  Preparing: SELECT * FROM oauth2_registered_client WHERE client_id = ? LIMIT 1
2026-08-15T12:05:35.086+08:00 DEBUG 11564 --- [iam-authorization-server] [nio-9000-exec-8] .s.r.a.OpaqueTokenAuthenticationProvider : Authenticated token
==> Parameters: resource-server(String)
2026-08-15T12:05:35.087+08:00 DEBUG 11564 --- [iam-authorization-server] [nio-9000-exec-8] .s.r.w.a.BearerTokenAuthenticationFilter : Set SecurityContextHolder to BearerTokenAuthentication [Principal=net.xzh.authserver.security.token.RedisOpaqueTokenIntrospector$OpaquePrincipal@72ad225, Credentials=[PROTECTED], Authenticated=true, Details=WebAuthenticationDetails [RemoteIpAddress=127.0.0.1, SessionId=null], Granted Authorities=[ROLE_ADMIN]]
2026-08-15T12:05:35.088+08:00 DEBUG 11564 --- [iam-authorization-server] [nio-9000-exec-8] o.s.security.web.FilterChainProxy        : Secured GET /api/admin/users
Creating a new SqlSession
<==    Columns: id, client_id, client_id_issued_at, client_secret, client_secret_expires_at, client_name, client_authentication_methods, authorization_grant_types, redirect_uris, post_logout_redirect_uris, scopes, client_settings, token_settings
SqlSession [org.apache.ibatis.session.defaults.DefaultSqlSession@578ea377] was not registered for synchronization because synchronization is not active
<==        Row: 1, resource-server, 2026-08-13 09:56:12, $2a$10$ov3NUrdkAHujSRdGbDZF6O9h2cjZq4Zl17fL3TA5Nhs94mE/PmH8e, null, 资源服务器, client_secret_basic, client_credentials, , , read,write, {"requireProofKey":false,"requireAuthorizationConsent":false}, {"accessTokenFormat":"reference","authorizationCodeTimeToLive":"PT5M","accessTokenTimeToLive":"PT30M","reuseRefreshTokens":false}
<==      Total: 1
Closing non transactional SqlSession [org.apache.ibatis.session.defaults.DefaultSqlSession@2c95deb2]
JDBC Connection [com.alibaba.druid.pool.DruidStatementConnection@e2696e8] will not be managed by Spring
==>  Preparing: SELECT id,username,password,nickname,email,phone,avatar,identity_type,enabled,account_non_expired,account_non_locked,credentials_non_expired,create_time,update_time FROM sys_user
==> Parameters: 
<==    Columns: id, username, password, nickname, email, phone, avatar, identity_type, enabled, account_non_expired, account_non_locked, credentials_non_expired, create_time, update_time
<==        Row: 1, admin, $2a$10$ov3NUrdkAHujSRdGbDZF6O9h2cjZq4Zl17fL3TA5Nhs94mE/PmH8e, 管理员, admin@example.com, null, null, 1, 1, 1, 1, 1, 2026-08-11 20:00:08, 2026-08-13 22:28:45
<==        Row: 2, user, $2a$10$ov3NUrdkAHujSRdGbDZF6O9h2cjZq4Zl17fL3TA5Nhs94mE/PmH8e, 普通用户, user@example.com, null, null, 2, 1, 1, 1, 1, 2026-08-11 20:00:08, 2026-08-11 20:00:08
<==      Total: 2
Closing non transactional SqlSession [org.apache.ibatis.session.defaults.DefaultSqlSession@578ea377]
2026-08-15T12:05:35.211+08:00 DEBUG 11564 --- [iam-authorization-server] [nio-9000-exec-9] o.s.a.w.OAuth2ClientAuthenticationFilter : Set SecurityContextHolder authentication to OAuth2ClientAuthenticationToken
2026-08-15T12:05:35.222+08:00  INFO 11564 --- [iam-authorization-server] [nio-9000-exec-9] n.x.a.s.session.RedisSessionRegistry     : [RedisSessionRegistry] 注册会话: principal=resource-server, sessionId=3744797b-6961-434a-a85e-fac793c17f53
2026-08-15T12:12:38.184+08:00 DEBUG 11564 --- [iam-authorization-server] [nio-9000-exec-2] o.s.security.web.FilterChainProxy        : Securing GET /api/admin/users
2026-08-15T12:12:38.191+08:00 DEBUG 11564 --- [iam-authorization-server] [nio-9000-exec-6] o.s.security.web.FilterChainProxy        : Securing POST /oauth2/introspect
JDBC Connection [com.alibaba.druid.pool.DruidStatementConnection@20b1ccc3] will not be managed by Spring
==>  Preparing: SELECT id,username,password,nickname,email,phone,avatar,identity_type,enabled,account_non_expired,account_non_locked,credentials_non_expired,create_time,update_time FROM sys_user WHERE (username = ?)
==> Parameters: admin(String)
<==    Columns: id, username, password, nickname, email, phone, avatar, identity_type, enabled, account_non_expired, account_non_locked, credentials_non_expired, create_time, update_time
<==        Row: 1, admin, $2a$10$ov3NUrdkAHujSRdGbDZF6O9h2cjZq4Zl17fL3TA5Nhs94mE/PmH8e, 管理员, admin@example.com, null, null, 1, 1, 1, 1, 1, 2026-08-11 20:00:08, 2026-08-13 22:28:45
<==      Total: 1
2026-08-15T12:12:38.199+08:00 DEBUG 11564 --- [iam-authorization-server] [nio-9000-exec-2] n.x.a.s.t.RedisOpaqueTokenIntrospector   : Opaque token introspect success, sub=admin, scope=[read, openid, profile, write]
2026-08-15T12:12:38.199+08:00 DEBUG 11564 --- [iam-authorization-server] [nio-9000-exec-2] .s.r.a.OpaqueTokenAuthenticationProvider : Authenticated token
2026-08-15T12:12:38.199+08:00 DEBUG 11564 --- [iam-authorization-server] [nio-9000-exec-2] .s.r.w.a.BearerTokenAuthenticationFilter : Set SecurityContextHolder to BearerTokenAuthentication [Principal=net.xzh.authserver.security.token.RedisOpaqueTokenIntrospector$OpaquePrincipal@51454139, Credentials=[PROTECTED], Authenticated=true, Details=WebAuthenticationDetails [RemoteIpAddress=127.0.0.1, SessionId=null], Granted Authorities=[ROLE_ADMIN]]
2026-08-15T12:12:38.199+08:00 DEBUG 11564 --- [iam-authorization-server] [nio-9000-exec-2] o.s.security.web.FilterChainProxy        : Secured GET /api/admin/users
Creating a new SqlSession
SqlSession [org.apache.ibatis.session.defaults.DefaultSqlSession@71d1966b] was not registered for synchronization because synchronization is not active
JDBC Connection [com.alibaba.druid.pool.DruidStatementConnection@20b1ccc3] will not be managed by Spring
==>  Preparing: SELECT id,username,password,nickname,email,phone,avatar,identity_type,enabled,account_non_expired,account_non_locked,credentials_non_expired,create_time,update_time FROM sys_user
==> Parameters: 
<==    Columns: id, username, password, nickname, email, phone, avatar, identity_type, enabled, account_non_expired, account_non_locked, credentials_non_expired, create_time, update_time
<==        Row: 1, admin, $2a$10$ov3NUrdkAHujSRdGbDZF6O9h2cjZq4Zl17fL3TA5Nhs94mE/PmH8e, 管理员, admin@example.com, null, null, 1, 1, 1, 1, 1, 2026-08-11 20:00:08, 2026-08-13 22:28:45
<==        Row: 2, user, $2a$10$ov3NUrdkAHujSRdGbDZF6O9h2cjZq4Zl17fL3TA5Nhs94mE/PmH8e, 普通用户, user@example.com, null, null, 2, 1, 1, 1, 1, 2026-08-11 20:00:08, 2026-08-11 20:00:08
<==      Total: 2
Closing non transactional SqlSession [org.apache.ibatis.session.defaults.DefaultSqlSession@71d1966b]
2026-08-15T12:12:38.310+08:00 DEBUG 11564 --- [iam-authorization-server] [nio-9000-exec-6] o.s.a.w.OAuth2ClientAuthenticationFilter : Set SecurityContextHolder authentication to OAuth2ClientAuthenticationToken
2026-08-15T12:12:38.359+08:00  INFO 11564 --- [iam-authorization-server] [nio-9000-exec-6] n.x.a.s.session.RedisSessionRegistry     : [RedisSessionRegistry] 注册会话: principal=resource-server, sessionId=d75add93-6896-490f-acc7-e745ff001a83
2026-08-15T12:12:39.849+08:00 DEBUG 11564 --- [iam-authorization-server] [nio-9000-exec-7] o.s.security.web.FilterChainProxy        : Securing GET /api/admin/users/1
JDBC Connection [com.alibaba.druid.pool.DruidStatementConnection@20b1ccc3] will not be managed by Spring
==>  Preparing: SELECT id,username,password,nickname,email,phone,avatar,identity_type,enabled,account_non_expired,account_non_locked,credentials_non_expired,create_time,update_time FROM sys_user WHERE (username = ?)
==> Parameters: admin(String)
<==    Columns: id, username, password, nickname, email, phone, avatar, identity_type, enabled, account_non_expired, account_non_locked, credentials_non_expired, create_time, update_time
<==        Row: 1, admin, $2a$10$ov3NUrdkAHujSRdGbDZF6O9h2cjZq4Zl17fL3TA5Nhs94mE/PmH8e, 管理员, admin@example.com, null, null, 1, 1, 1, 1, 1, 2026-08-11 20:00:08, 2026-08-13 22:28:45
<==      Total: 1
2026-08-15T12:12:39.858+08:00 DEBUG 11564 --- [iam-authorization-server] [nio-9000-exec-7] n.x.a.s.t.RedisOpaqueTokenIntrospector   : Opaque token introspect success, sub=admin, scope=[read, openid, profile, write]
2026-08-15T12:12:39.858+08:00 DEBUG 11564 --- [iam-authorization-server] [nio-9000-exec-7] .s.r.a.OpaqueTokenAuthenticationProvider : Authenticated token
2026-08-15T12:12:39.858+08:00 DEBUG 11564 --- [iam-authorization-server] [nio-9000-exec-7] .s.r.w.a.BearerTokenAuthenticationFilter : Set SecurityContextHolder to BearerTokenAuthentication [Principal=net.xzh.authserver.security.token.RedisOpaqueTokenIntrospector$OpaquePrincipal@78414519, Credentials=[PROTECTED], Authenticated=true, Details=WebAuthenticationDetails [RemoteIpAddress=127.0.0.1, SessionId=null], Granted Authorities=[ROLE_ADMIN]]
2026-08-15T12:12:39.859+08:00 DEBUG 11564 --- [iam-authorization-server] [nio-9000-exec-7] o.s.security.web.FilterChainProxy        : Secured GET /api/admin/users/1
Creating a new SqlSession
SqlSession [org.apache.ibatis.session.defaults.DefaultSqlSession@2b7ee3cb] was not registered for synchronization because synchronization is not active
JDBC Connection [com.alibaba.druid.pool.DruidStatementConnection@20b1ccc3] will not be managed by Spring
==>  Preparing: SELECT id,username,password,nickname,email,phone,avatar,identity_type,enabled,account_non_expired,account_non_locked,credentials_non_expired,create_time,update_time FROM sys_user WHERE id=?
==> Parameters: 1(Long)
<==    Columns: id, username, password, nickname, email, phone, avatar, identity_type, enabled, account_non_expired, account_non_locked, credentials_non_expired, create_time, update_time
<==        Row: 1, admin, $2a$10$ov3NUrdkAHujSRdGbDZF6O9h2cjZq4Zl17fL3TA5Nhs94mE/PmH8e, 管理员, admin@example.com, null, null, 1, 1, 1, 1, 1, 2026-08-11 20:00:08, 2026-08-13 22:28:45
<==      Total: 1
Closing non transactional SqlSession [org.apache.ibatis.session.defaults.DefaultSqlSession@2b7ee3cb]
2026-08-15T12:12:43.932+08:00 DEBUG 11564 --- [iam-authorization-server] [nio-9000-exec-8] o.s.security.web.FilterChainProxy        : Securing GET /api/admin/sessions/online
JDBC Connection [com.alibaba.druid.pool.DruidStatementConnection@20b1ccc3] will not be managed by Spring
==>  Preparing: SELECT id,username,password,nickname,email,phone,avatar,identity_type,enabled,account_non_expired,account_non_locked,credentials_non_expired,create_time,update_time FROM sys_user WHERE (username = ?)
==> Parameters: admin(String)
<==    Columns: id, username, password, nickname, email, phone, avatar, identity_type, enabled, account_non_expired, account_non_locked, credentials_non_expired, create_time, update_time
<==        Row: 1, admin, $2a$10$ov3NUrdkAHujSRdGbDZF6O9h2cjZq4Zl17fL3TA5Nhs94mE/PmH8e, 管理员, admin@example.com, null, null, 1, 1, 1, 1, 1, 2026-08-11 20:00:08, 2026-08-13 22:28:45
<==      Total: 1
2026-08-15T12:12:43.942+08:00 DEBUG 11564 --- [iam-authorization-server] [nio-9000-exec-8] n.x.a.s.t.RedisOpaqueTokenIntrospector   : Opaque token introspect success, sub=admin, scope=[read, openid, profile, write]
2026-08-15T12:12:43.942+08:00 DEBUG 11564 --- [iam-authorization-server] [nio-9000-exec-8] .s.r.a.OpaqueTokenAuthenticationProvider : Authenticated token
2026-08-15T12:12:43.943+08:00 DEBUG 11564 --- [iam-authorization-server] [nio-9000-exec-8] .s.r.w.a.BearerTokenAuthenticationFilter : Set SecurityContextHolder to BearerTokenAuthentication [Principal=net.xzh.authserver.security.token.RedisOpaqueTokenIntrospector$OpaquePrincipal@67d9d169, Credentials=[PROTECTED], Authenticated=true, Details=WebAuthenticationDetails [RemoteIpAddress=127.0.0.1, SessionId=null], Granted Authorities=[ROLE_ADMIN]]
2026-08-15T12:12:43.943+08:00 DEBUG 11564 --- [iam-authorization-server] [nio-9000-exec-8] o.s.security.web.FilterChainProxy        : Secured GET /api/admin/sessions/online
JDBC Connection [com.alibaba.druid.pool.DruidStatementConnection@20b1ccc3] will not be managed by Spring
==>  Preparing: SELECT id,username,password,nickname,email,phone,avatar,identity_type,enabled,account_non_expired,account_non_locked,credentials_non_expired,create_time,update_time FROM sys_user WHERE (username = ?)
==> Parameters: resource-server(String)
<==      Total: 0
2026-08-15T12:12:44.995+08:00 DEBUG 11564 --- [iam-authorization-server] [nio-9000-exec-8] n.x.a.service.AuthSessionService         : 跳过非用户 principal: resource-server
JDBC Connection [com.alibaba.druid.pool.DruidStatementConnection@20b1ccc3] will not be managed by Spring
==>  Preparing: SELECT id,username,password,nickname,email,phone,avatar,identity_type,enabled,account_non_expired,account_non_locked,credentials_non_expired,create_time,update_time FROM sys_user WHERE (username = ?)
==> Parameters: admin-app(String)
<==      Total: 0
2026-08-15T12:12:45.001+08:00 DEBUG 11564 --- [iam-authorization-server] [nio-9000-exec-8] n.x.a.service.AuthSessionService         : 跳过非用户 principal: admin-app
JDBC Connection [com.alibaba.druid.pool.DruidStatementConnection@20b1ccc3] will not be managed by Spring
==>  Preparing: SELECT id,username,password,nickname,email,phone,avatar,identity_type,enabled,account_non_expired,account_non_locked,credentials_non_expired,create_time,update_time FROM sys_user WHERE (username = ?)
==> Parameters: admin(String)
<==    Columns: id, username, password, nickname, email, phone, avatar, identity_type, enabled, account_non_expired, account_non_locked, credentials_non_expired, create_time, update_time
<==        Row: 1, admin, $2a$10$ov3NUrdkAHujSRdGbDZF6O9h2cjZq4Zl17fL3TA5Nhs94mE/PmH8e, 管理员, admin@example.com, null, null, 1, 1, 1, 1, 1, 2026-08-11 20:00:08, 2026-08-13 22:28:45
<==      Total: 1
JDBC Connection [com.alibaba.druid.pool.DruidStatementConnection@20b1ccc3] will not be managed by Spring
==>  Preparing: SELECT id,username,password,nickname,email,phone,avatar,identity_type,enabled,account_non_expired,account_non_locked,credentials_non_expired,create_time,update_time FROM sys_user WHERE (username = ?)
==> Parameters: admin(String)
<==    Columns: id, username, password, nickname, email, phone, avatar, identity_type, enabled, account_non_expired, account_non_locked, credentials_non_expired, create_time, update_time
<==        Row: 1, admin, $2a$10$ov3NUrdkAHujSRdGbDZF6O9h2cjZq4Zl17fL3TA5Nhs94mE/PmH8e, 管理员, admin@example.com, null, null, 1, 1, 1, 1, 1, 2026-08-11 20:00:08, 2026-08-13 22:28:45
<==      Total: 1
2026-08-15T12:12:49.231+08:00 DEBUG 11564 --- [iam-authorization-server] [nio-9000-exec-9] o.s.security.web.FilterChainProxy        : Securing GET /api/admin/records/consents
JDBC Connection [com.alibaba.druid.pool.DruidStatementConnection@20b1ccc3] will not be managed by Spring
==>  Preparing: SELECT id,username,password,nickname,email,phone,avatar,identity_type,enabled,account_non_expired,account_non_locked,credentials_non_expired,create_time,update_time FROM sys_user WHERE (username = ?)
==> Parameters: admin(String)
<==    Columns: id, username, password, nickname, email, phone, avatar, identity_type, enabled, account_non_expired, account_non_locked, credentials_non_expired, create_time, update_time
<==        Row: 1, admin, $2a$10$ov3NUrdkAHujSRdGbDZF6O9h2cjZq4Zl17fL3TA5Nhs94mE/PmH8e, 管理员, admin@example.com, null, null, 1, 1, 1, 1, 1, 2026-08-11 20:00:08, 2026-08-13 22:28:45
<==      Total: 1
2026-08-15T12:12:49.246+08:00 DEBUG 11564 --- [iam-authorization-server] [nio-9000-exec-9] n.x.a.s.t.RedisOpaqueTokenIntrospector   : Opaque token introspect success, sub=admin, scope=[read, openid, profile, write]
2026-08-15T12:12:49.246+08:00 DEBUG 11564 --- [iam-authorization-server] [nio-9000-exec-9] .s.r.a.OpaqueTokenAuthenticationProvider : Authenticated token
2026-08-15T12:12:49.247+08:00 DEBUG 11564 --- [iam-authorization-server] [nio-9000-exec-9] .s.r.w.a.BearerTokenAuthenticationFilter : Set SecurityContextHolder to BearerTokenAuthentication [Principal=net.xzh.authserver.security.token.RedisOpaqueTokenIntrospector$OpaquePrincipal@3c7f55d7, Credentials=[PROTECTED], Authenticated=true, Details=WebAuthenticationDetails [RemoteIpAddress=127.0.0.1, SessionId=null], Granted Authorities=[ROLE_ADMIN]]
2026-08-15T12:12:49.248+08:00 DEBUG 11564 --- [iam-authorization-server] [nio-9000-exec-9] o.s.security.web.FilterChainProxy        : Secured GET /api/admin/records/consents
Creating a new SqlSession
SqlSession [org.apache.ibatis.session.defaults.DefaultSqlSession@ca0797d] was not registered for synchronization because synchronization is not active
JDBC Connection [com.alibaba.druid.pool.DruidStatementConnection@20b1ccc3] will not be managed by Spring
==>  Preparing: SELECT * FROM oauth2_authorization_consent ORDER BY principal_name, registered_client_id
==> Parameters: 
<==      Total: 0
Closing non transactional SqlSession [org.apache.ibatis.session.defaults.DefaultSqlSession@ca0797d]
2026-08-15T12:12:50.111+08:00 DEBUG 11564 --- [iam-authorization-server] [io-9000-exec-10] o.s.security.web.FilterChainProxy        : Securing GET /api/admin/sessions/online
JDBC Connection [com.alibaba.druid.pool.DruidStatementConnection@20b1ccc3] will not be managed by Spring
==>  Preparing: SELECT id,username,password,nickname,email,phone,avatar,identity_type,enabled,account_non_expired,account_non_locked,credentials_non_expired,create_time,update_time FROM sys_user WHERE (username = ?)
==> Parameters: admin(String)
<==    Columns: id, username, password, nickname, email, phone, avatar, identity_type, enabled, account_non_expired, account_non_locked, credentials_non_expired, create_time, update_time
<==        Row: 1, admin, $2a$10$ov3NUrdkAHujSRdGbDZF6O9h2cjZq4Zl17fL3TA5Nhs94mE/PmH8e, 管理员, admin@example.com, null, null, 1, 1, 1, 1, 1, 2026-08-11 20:00:08, 2026-08-13 22:28:45
<==      Total: 1
2026-08-15T12:12:50.126+08:00 DEBUG 11564 --- [iam-authorization-server] [io-9000-exec-10] n.x.a.s.t.RedisOpaqueTokenIntrospector   : Opaque token introspect success, sub=admin, scope=[read, openid, profile, write]
2026-08-15T12:12:50.126+08:00 DEBUG 11564 --- [iam-authorization-server] [io-9000-exec-10] .s.r.a.OpaqueTokenAuthenticationProvider : Authenticated token
2026-08-15T12:12:50.127+08:00 DEBUG 11564 --- [iam-authorization-server] [io-9000-exec-10] .s.r.w.a.BearerTokenAuthenticationFilter : Set SecurityContextHolder to BearerTokenAuthentication [Principal=net.xzh.authserver.security.token.RedisOpaqueTokenIntrospector$OpaquePrincipal@4201e1c0, Credentials=[PROTECTED], Authenticated=true, Details=WebAuthenticationDetails [RemoteIpAddress=127.0.0.1, SessionId=null], Granted Authorities=[ROLE_ADMIN]]
2026-08-15T12:12:50.128+08:00 DEBUG 11564 --- [iam-authorization-server] [io-9000-exec-10] o.s.security.web.FilterChainProxy        : Secured GET /api/admin/sessions/online
JDBC Connection [com.alibaba.druid.pool.DruidStatementConnection@20b1ccc3] will not be managed by Spring
==>  Preparing: SELECT id,username,password,nickname,email,phone,avatar,identity_type,enabled,account_non_expired,account_non_locked,credentials_non_expired,create_time,update_time FROM sys_user WHERE (username = ?)
==> Parameters: resource-server(String)
<==      Total: 0
2026-08-15T12:12:51.204+08:00 DEBUG 11564 --- [iam-authorization-server] [io-9000-exec-10] n.x.a.service.AuthSessionService         : 跳过非用户 principal: resource-server
JDBC Connection [com.alibaba.druid.pool.DruidStatementConnection@20b1ccc3] will not be managed by Spring
==>  Preparing: SELECT id,username,password,nickname,email,phone,avatar,identity_type,enabled,account_non_expired,account_non_locked,credentials_non_expired,create_time,update_time FROM sys_user WHERE (username = ?)
==> Parameters: admin-app(String)
<==      Total: 0
2026-08-15T12:12:51.208+08:00 DEBUG 11564 --- [iam-authorization-server] [io-9000-exec-10] n.x.a.service.AuthSessionService         : 跳过非用户 principal: admin-app
JDBC Connection [com.alibaba.druid.pool.DruidStatementConnection@20b1ccc3] will not be managed by Spring
==>  Preparing: SELECT id,username,password,nickname,email,phone,avatar,identity_type,enabled,account_non_expired,account_non_locked,credentials_non_expired,create_time,update_time FROM sys_user WHERE (username = ?)
==> Parameters: admin(String)
<==    Columns: id, username, password, nickname, email, phone, avatar, identity_type, enabled, account_non_expired, account_non_locked, credentials_non_expired, create_time, update_time
<==        Row: 1, admin, $2a$10$ov3NUrdkAHujSRdGbDZF6O9h2cjZq4Zl17fL3TA5Nhs94mE/PmH8e, 管理员, admin@example.com, null, null, 1, 1, 1, 1, 1, 2026-08-11 20:00:08, 2026-08-13 22:28:45
<==      Total: 1
JDBC Connection [com.alibaba.druid.pool.DruidStatementConnection@20b1ccc3] will not be managed by Spring
==>  Preparing: SELECT id,username,password,nickname,email,phone,avatar,identity_type,enabled,account_non_expired,account_non_locked,credentials_non_expired,create_time,update_time FROM sys_user WHERE (username = ?)
==> Parameters: admin(String)
<==    Columns: id, username, password, nickname, email, phone, avatar, identity_type, enabled, account_non_expired, account_non_locked, credentials_non_expired, create_time, update_time
<==        Row: 1, admin, $2a$10$ov3NUrdkAHujSRdGbDZF6O9h2cjZq4Zl17fL3TA5Nhs94mE/PmH8e, 管理员, admin@example.com, null, null, 1, 1, 1, 1, 1, 2026-08-11 20:00:08, 2026-08-13 22:28:45
<==      Total: 1
2026-08-15T12:12:52.828+08:00 DEBUG 11564 --- [iam-authorization-server] [nio-9000-exec-1] o.s.security.web.FilterChainProxy        : Securing GET /api/admin/sessions/users/1
JDBC Connection [com.alibaba.druid.pool.DruidStatementConnection@20b1ccc3] will not be managed by Spring
==>  Preparing: SELECT id,username,password,nickname,email,phone,avatar,identity_type,enabled,account_non_expired,account_non_locked,credentials_non_expired,create_time,update_time FROM sys_user WHERE (username = ?)
==> Parameters: admin(String)
<==    Columns: id, username, password, nickname, email, phone, avatar, identity_type, enabled, account_non_expired, account_non_locked, credentials_non_expired, create_time, update_time
<==        Row: 1, admin, $2a$10$ov3NUrdkAHujSRdGbDZF6O9h2cjZq4Zl17fL3TA5Nhs94mE/PmH8e, 管理员, admin@example.com, null, null, 1, 1, 1, 1, 1, 2026-08-11 20:00:08, 2026-08-13 22:28:45
<==      Total: 1
2026-08-15T12:12:52.837+08:00 DEBUG 11564 --- [iam-authorization-server] [nio-9000-exec-1] n.x.a.s.t.RedisOpaqueTokenIntrospector   : Opaque token introspect success, sub=admin, scope=[read, openid, profile, write]
2026-08-15T12:12:52.837+08:00 DEBUG 11564 --- [iam-authorization-server] [nio-9000-exec-1] .s.r.a.OpaqueTokenAuthenticationProvider : Authenticated token
2026-08-15T12:12:52.838+08:00 DEBUG 11564 --- [iam-authorization-server] [nio-9000-exec-1] .s.r.w.a.BearerTokenAuthenticationFilter : Set SecurityContextHolder to BearerTokenAuthentication [Principal=net.xzh.authserver.security.token.RedisOpaqueTokenIntrospector$OpaquePrincipal@6c4c7f32, Credentials=[PROTECTED], Authenticated=true, Details=WebAuthenticationDetails [RemoteIpAddress=127.0.0.1, SessionId=null], Granted Authorities=[ROLE_ADMIN]]
2026-08-15T12:12:52.838+08:00 DEBUG 11564 --- [iam-authorization-server] [nio-9000-exec-1] o.s.security.web.FilterChainProxy        : Secured GET /api/admin/sessions/users/1
Creating a new SqlSession
SqlSession [org.apache.ibatis.session.defaults.DefaultSqlSession@17bc3d50] was not registered for synchronization because synchronization is not active
JDBC Connection [com.alibaba.druid.pool.DruidStatementConnection@20b1ccc3] will not be managed by Spring
==>  Preparing: SELECT id,username,password,nickname,email,phone,avatar,identity_type,enabled,account_non_expired,account_non_locked,credentials_non_expired,create_time,update_time FROM sys_user WHERE id=?
==> Parameters: 1(Long)
<==    Columns: id, username, password, nickname, email, phone, avatar, identity_type, enabled, account_non_expired, account_non_locked, credentials_non_expired, create_time, update_time
<==        Row: 1, admin, $2a$10$ov3NUrdkAHujSRdGbDZF6O9h2cjZq4Zl17fL3TA5Nhs94mE/PmH8e, 管理员, admin@example.com, null, null, 1, 1, 1, 1, 1, 2026-08-11 20:00:08, 2026-08-13 22:28:45
<==      Total: 1
Closing non transactional SqlSession [org.apache.ibatis.session.defaults.DefaultSqlSession@17bc3d50]
JDBC Connection [com.alibaba.druid.pool.DruidStatementConnection@20b1ccc3] will not be managed by Spring
==>  Preparing: SELECT id,username,password,nickname,email,phone,avatar,identity_type,enabled,account_non_expired,account_non_locked,credentials_non_expired,create_time,update_time FROM sys_user WHERE (username = ?)
==> Parameters: admin(String)
<==    Columns: id, username, password, nickname, email, phone, avatar, identity_type, enabled, account_non_expired, account_non_locked, credentials_non_expired, create_time, update_time
<==        Row: 1, admin, $2a$10$ov3NUrdkAHujSRdGbDZF6O9h2cjZq4Zl17fL3TA5Nhs94mE/PmH8e, 管理员, admin@example.com, null, null, 1, 1, 1, 1, 1, 2026-08-11 20:00:08, 2026-08-13 22:28:45
<==      Total: 1
2026-08-15T12:12:57.411+08:00 DEBUG 11564 --- [iam-authorization-server] [nio-9000-exec-3] o.s.security.web.FilterChainProxy        : Securing GET /api/admin/records/consents
JDBC Connection [com.alibaba.druid.pool.DruidStatementConnection@20b1ccc3] will not be managed by Spring
==>  Preparing: SELECT id,username,password,nickname,email,phone,avatar,identity_type,enabled,account_non_expired,account_non_locked,credentials_non_expired,create_time,update_time FROM sys_user WHERE (username = ?)
==> Parameters: admin(String)
<==    Columns: id, username, password, nickname, email, phone, avatar, identity_type, enabled, account_non_expired, account_non_locked, credentials_non_expired, create_time, update_time
<==        Row: 1, admin, $2a$10$ov3NUrdkAHujSRdGbDZF6O9h2cjZq4Zl17fL3TA5Nhs94mE/PmH8e, 管理员, admin@example.com, null, null, 1, 1, 1, 1, 1, 2026-08-11 20:00:08, 2026-08-13 22:28:45
<==      Total: 1
2026-08-15T12:12:57.425+08:00 DEBUG 11564 --- [iam-authorization-server] [nio-9000-exec-3] n.x.a.s.t.RedisOpaqueTokenIntrospector   : Opaque token introspect success, sub=admin, scope=[read, openid, profile, write]
2026-08-15T12:12:57.426+08:00 DEBUG 11564 --- [iam-authorization-server] [nio-9000-exec-3] .s.r.a.OpaqueTokenAuthenticationProvider : Authenticated token
2026-08-15T12:12:57.427+08:00 DEBUG 11564 --- [iam-authorization-server] [nio-9000-exec-3] .s.r.w.a.BearerTokenAuthenticationFilter : Set SecurityContextHolder to BearerTokenAuthentication [Principal=net.xzh.authserver.security.token.RedisOpaqueTokenIntrospector$OpaquePrincipal@1a5645ad, Credentials=[PROTECTED], Authenticated=true, Details=WebAuthenticationDetails [RemoteIpAddress=127.0.0.1, SessionId=null], Granted Authorities=[ROLE_ADMIN]]
2026-08-15T12:12:57.428+08:00 DEBUG 11564 --- [iam-authorization-server] [nio-9000-exec-3] o.s.security.web.FilterChainProxy        : Secured GET /api/admin/records/consents
Creating a new SqlSession
SqlSession [org.apache.ibatis.session.defaults.DefaultSqlSession@47e7c437] was not registered for synchronization because synchronization is not active
JDBC Connection [com.alibaba.druid.pool.DruidStatementConnection@20b1ccc3] will not be managed by Spring
==>  Preparing: SELECT * FROM oauth2_authorization_consent ORDER BY principal_name, registered_client_id
==> Parameters: 
<==      Total: 0
Closing non transactional SqlSession [org.apache.ibatis.session.defaults.DefaultSqlSession@47e7c437]
2026-08-15T12:12:58.866+08:00 DEBUG 11564 --- [iam-authorization-server] [nio-9000-exec-4] o.s.security.web.FilterChainProxy        : Securing GET /api/admin/clients
JDBC Connection [com.alibaba.druid.pool.DruidStatementConnection@20b1ccc3] will not be managed by Spring
==>  Preparing: SELECT id,username,password,nickname,email,phone,avatar,identity_type,enabled,account_non_expired,account_non_locked,credentials_non_expired,create_time,update_time FROM sys_user WHERE (username = ?)
==> Parameters: admin(String)
<==    Columns: id, username, password, nickname, email, phone, avatar, identity_type, enabled, account_non_expired, account_non_locked, credentials_non_expired, create_time, update_time
<==        Row: 1, admin, $2a$10$ov3NUrdkAHujSRdGbDZF6O9h2cjZq4Zl17fL3TA5Nhs94mE/PmH8e, 管理员, admin@example.com, null, null, 1, 1, 1, 1, 1, 2026-08-11 20:00:08, 2026-08-13 22:28:45
<==      Total: 1
2026-08-15T12:12:58.875+08:00 DEBUG 11564 --- [iam-authorization-server] [nio-9000-exec-4] n.x.a.s.t.RedisOpaqueTokenIntrospector   : Opaque token introspect success, sub=admin, scope=[read, openid, profile, write]
2026-08-15T12:12:58.876+08:00 DEBUG 11564 --- [iam-authorization-server] [nio-9000-exec-4] .s.r.a.OpaqueTokenAuthenticationProvider : Authenticated token
2026-08-15T12:12:58.876+08:00 DEBUG 11564 --- [iam-authorization-server] [nio-9000-exec-4] .s.r.w.a.BearerTokenAuthenticationFilter : Set SecurityContextHolder to BearerTokenAuthentication [Principal=net.xzh.authserver.security.token.RedisOpaqueTokenIntrospector$OpaquePrincipal@3c5c8568, Credentials=[PROTECTED], Authenticated=true, Details=WebAuthenticationDetails [RemoteIpAddress=127.0.0.1, SessionId=null], Granted Authorities=[ROLE_ADMIN]]
2026-08-15T12:12:58.876+08:00 DEBUG 11564 --- [iam-authorization-server] [nio-9000-exec-4] o.s.security.web.FilterChainProxy        : Secured GET /api/admin/clients
Creating a new SqlSession
SqlSession [org.apache.ibatis.session.defaults.DefaultSqlSession@30100e6f] was not registered for synchronization because synchronization is not active
JDBC Connection [com.alibaba.druid.pool.DruidStatementConnection@20b1ccc3] will not be managed by Spring
==>  Preparing: SELECT id,client_id,client_id_issued_at,client_secret,client_secret_expires_at,client_name,client_authentication_methods,authorization_grant_types,redirect_uris,post_logout_redirect_uris,scopes,client_settings,token_settings FROM oauth2_registered_client
==> Parameters: 
<==    Columns: id, client_id, client_id_issued_at, client_secret, client_secret_expires_at, client_name, client_authentication_methods, authorization_grant_types, redirect_uris, post_logout_redirect_uris, scopes, client_settings, token_settings
<==        Row: 1, resource-server, 2026-08-13 09:56:12, $2a$10$ov3NUrdkAHujSRdGbDZF6O9h2cjZq4Zl17fL3TA5Nhs94mE/PmH8e, null, 资源服务器, client_secret_basic, client_credentials, , , read,write, {"requireProofKey":false,"requireAuthorizationConsent":false}, {"accessTokenFormat":"reference","authorizationCodeTimeToLive":"PT5M","accessTokenTimeToLive":"PT30M","reuseRefreshTokens":false}
<==        Row: 2, admin-app, 2026-08-13 12:00:00, $2a$10$ov3NUrdkAHujSRdGbDZF6O9h2cjZq4Zl17fL3TA5Nhs94mE/PmH8e, null, 管理后台, client_secret_basic, refresh_token,authorization_code, http://localhost:8085/login/oauth2/code/admin-app, http://localhost:8001/logged-out, openid,profile,read,write, {"requireProofKey":false,"requireAuthorizationConsent":false}, {"accessTokenFormat":"reference","authorizationCodeTimeToLive":"PT5M","accessTokenTimeToLive":"PT2H","reuseRefreshTokens":true}
<==        Row: 3, portal-app, 2026-08-11 20:00:08, $2a$10$ov3NUrdkAHujSRdGbDZF6O9h2cjZq4Zl17fL3TA5Nhs94mE/PmH8e, null, 门户应用 (SSO), client_secret_basic, refresh_token,authorization_code, http://localhost:8083/portal-sso-callback,http://localhost:8081/portal-sso-callback,http://localhost:8080/login/oauth2/code/portal-app-oidc, http://localhost:8000/logged-out,http://localhost:8080/logged-out, openid,profile,email, {"requireProofKey":false,"requireAuthorizationConsent":false}, {"accessTokenFormat":"reference","authorizationCodeTimeToLive":"PT5M","accessTokenTimeToLive":"PT2H","reuseRefreshTokens":false}
<==        Row: 4, web-app, 2026-08-11 20:00:08, $2a$10$ov3NUrdkAHujSRdGbDZF6O9h2cjZq4Zl17fL3TA5Nhs94mE/PmH8e, null, Web 应用客户端, client_secret_basic,client_secret_post, authorization_code,refresh_token,password, http://localhost:8081/callback,http://127.0.0.1:8081/callback, http://localhost:8081/logout, openid,profile,email,read,write, {"requireProofKey":false,"requireAuthorizationConsent":true}, {"accessTokenFormat":"REFERENCE","accessTokenTimeToLive":"PT2H","reuseRefreshTokens":false,"idTokenSignatureAlgorithm":"RS256"}
<==        Row: 5, device-app, 2026-08-11 20:00:08, null, null, 设备码客户端, none, refresh_token,urn:ietf:params:oauth:grant-type:device_code, null, null, openid,profile,email,read, {"requireProofKey":false,"requireAuthorizationConsent":true}, {"accessTokenFormat":"REFERENCE","accessTokenTimeToLive":"PT1H","reuseRefreshTokens":false}
<==        Row: 6, mobile-app, 2026-08-11 20:00:08, null, null, 移动应用客户端(PKCE), none, authorization_code,refresh_token, com.example.mobileapp://oauth2/redirect,http://localhost:8083/callback, http://localhost:8083/logout, openid,profile,email,read,write, {"requireProofKey":true,"requireAuthorizationConsent":true}, {"accessTokenFormat":"REFERENCE","accessTokenTimeToLive":"PT2H","reuseRefreshTokens":false,"idTokenSignatureAlgorithm":"RS256"}
<==        Row: 7, service-app, 2026-08-11 20:00:08, $2a$10$ov3NUrdkAHujSRdGbDZF6O9h2cjZq4Zl17fL3TA5Nhs94mE/PmH8e, null, 服务间调用客户端, client_secret_basic, client_credentials, null, null, read,write, {"requireProofKey":false,"requireAuthorizationConsent":true}, {"accessTokenFormat":"REFERENCE","accessTokenTimeToLive":"PT30M","reuseRefreshTokens":false}
<==      Total: 7
Closing non transactional SqlSession [org.apache.ibatis.session.defaults.DefaultSqlSession@30100e6f]
2026-08-15T12:13:00.189+08:00 DEBUG 11564 --- [iam-authorization-server] [nio-9000-exec-5] o.s.security.web.FilterChainProxy        : Securing POST /oauth2/introspect
2026-08-15T12:13:00.315+08:00 DEBUG 11564 --- [iam-authorization-server] [nio-9000-exec-5] o.s.a.w.OAuth2ClientAuthenticationFilter : Set SecurityContextHolder authentication to OAuth2ClientAuthenticationToken
2026-08-15T12:13:00.361+08:00  INFO 11564 --- [iam-authorization-server] [nio-9000-exec-5] n.x.a.s.session.RedisSessionRegistry     : [RedisSessionRegistry] 注册会话: principal=resource-server, sessionId=8a19dc66-f525-4a18-9403-d980d962f577
2026-08-15T12:13:01.495+08:00 DEBUG 11564 --- [iam-authorization-server] [nio-9000-exec-2] o.s.security.web.FilterChainProxy        : Securing GET /api/admin/users
JDBC Connection [com.alibaba.druid.pool.DruidStatementConnection@20b1ccc3] will not be managed by Spring
2026-08-15T12:13:01.503+08:00 DEBUG 11564 --- [iam-authorization-server] [nio-9000-exec-6] o.s.security.web.FilterChainProxy        : Securing POST /oauth2/introspect
==>  Preparing: SELECT id,username,password,nickname,email,phone,avatar,identity_type,enabled,account_non_expired,account_non_locked,credentials_non_expired,create_time,update_time FROM sys_user WHERE (username = ?)
==> Parameters: admin(String)
<==    Columns: id, username, password, nickname, email, phone, avatar, identity_type, enabled, account_non_expired, account_non_locked, credentials_non_expired, create_time, update_time
<==        Row: 1, admin, $2a$10$ov3NUrdkAHujSRdGbDZF6O9h2cjZq4Zl17fL3TA5Nhs94mE/PmH8e, 管理员, admin@example.com, null, null, 1, 1, 1, 1, 1, 2026-08-11 20:00:08, 2026-08-13 22:28:45
<==      Total: 1
2026-08-15T12:13:01.507+08:00 DEBUG 11564 --- [iam-authorization-server] [nio-9000-exec-2] n.x.a.s.t.RedisOpaqueTokenIntrospector   : Opaque token introspect success, sub=admin, scope=[read, openid, profile, write]
2026-08-15T12:13:01.507+08:00 DEBUG 11564 --- [iam-authorization-server] [nio-9000-exec-2] .s.r.a.OpaqueTokenAuthenticationProvider : Authenticated token
2026-08-15T12:13:01.507+08:00 DEBUG 11564 --- [iam-authorization-server] [nio-9000-exec-2] .s.r.w.a.BearerTokenAuthenticationFilter : Set SecurityContextHolder to BearerTokenAuthentication [Principal=net.xzh.authserver.security.token.RedisOpaqueTokenIntrospector$OpaquePrincipal@402634ce, Credentials=[PROTECTED], Authenticated=true, Details=WebAuthenticationDetails [RemoteIpAddress=127.0.0.1, SessionId=null], Granted Authorities=[ROLE_ADMIN]]
2026-08-15T12:13:01.508+08:00 DEBUG 11564 --- [iam-authorization-server] [nio-9000-exec-2] o.s.security.web.FilterChainProxy        : Secured GET /api/admin/users
Creating a new SqlSession
SqlSession [org.apache.ibatis.session.defaults.DefaultSqlSession@4b651b48] was not registered for synchronization because synchronization is not active
JDBC Connection [com.alibaba.druid.pool.DruidStatementConnection@20b1ccc3] will not be managed by Spring
==>  Preparing: SELECT id,username,password,nickname,email,phone,avatar,identity_type,enabled,account_non_expired,account_non_locked,credentials_non_expired,create_time,update_time FROM sys_user
==> Parameters: 
<==    Columns: id, username, password, nickname, email, phone, avatar, identity_type, enabled, account_non_expired, account_non_locked, credentials_non_expired, create_time, update_time
<==        Row: 1, admin, $2a$10$ov3NUrdkAHujSRdGbDZF6O9h2cjZq4Zl17fL3TA5Nhs94mE/PmH8e, 管理员, admin@example.com, null, null, 1, 1, 1, 1, 1, 2026-08-11 20:00:08, 2026-08-13 22:28:45
<==        Row: 2, user, $2a$10$ov3NUrdkAHujSRdGbDZF6O9h2cjZq4Zl17fL3TA5Nhs94mE/PmH8e, 普通用户, user@example.com, null, null, 2, 1, 1, 1, 1, 2026-08-11 20:00:08, 2026-08-11 20:00:08
<==      Total: 2
Closing non transactional SqlSession [org.apache.ibatis.session.defaults.DefaultSqlSession@4b651b48]
2026-08-15T12:13:01.622+08:00 DEBUG 11564 --- [iam-authorization-server] [nio-9000-exec-6] o.s.a.w.OAuth2ClientAuthenticationFilter : Set SecurityContextHolder authentication to OAuth2ClientAuthenticationToken
2026-08-15T12:13:01.669+08:00  INFO 11564 --- [iam-authorization-server] [nio-9000-exec-6] n.x.a.s.session.RedisSessionRegistry     : [RedisSessionRegistry] 注册会话: principal=resource-server, sessionId=9a2dd5ae-3421-40db-9943-c108404ff8b6
2026-08-15T12:13:02.839+08:00 DEBUG 11564 --- [iam-authorization-server] [nio-9000-exec-7] o.s.security.web.FilterChainProxy        : Securing GET /api/admin/users
2026-08-15T12:13:02.845+08:00 DEBUG 11564 --- [iam-authorization-server] [nio-9000-exec-8] o.s.security.web.FilterChainProxy        : Securing POST /oauth2/introspect
JDBC Connection [com.alibaba.druid.pool.DruidStatementConnection@20b1ccc3] will not be managed by Spring
==>  Preparing: SELECT id,username,password,nickname,email,phone,avatar,identity_type,enabled,account_non_expired,account_non_locked,credentials_non_expired,create_time,update_time FROM sys_user WHERE (username = ?)
==> Parameters: admin(String)
<==    Columns: id, username, password, nickname, email, phone, avatar, identity_type, enabled, account_non_expired, account_non_locked, credentials_non_expired, create_time, update_time
<==        Row: 1, admin, $2a$10$ov3NUrdkAHujSRdGbDZF6O9h2cjZq4Zl17fL3TA5Nhs94mE/PmH8e, 管理员, admin@example.com, null, null, 1, 1, 1, 1, 1, 2026-08-11 20:00:08, 2026-08-13 22:28:45
<==      Total: 1
2026-08-15T12:13:02.852+08:00 DEBUG 11564 --- [iam-authorization-server] [nio-9000-exec-7] n.x.a.s.t.RedisOpaqueTokenIntrospector   : Opaque token introspect success, sub=admin, scope=[read, openid, profile, write]
2026-08-15T12:13:02.853+08:00 DEBUG 11564 --- [iam-authorization-server] [nio-9000-exec-7] .s.r.a.OpaqueTokenAuthenticationProvider : Authenticated token
2026-08-15T12:13:02.853+08:00 DEBUG 11564 --- [iam-authorization-server] [nio-9000-exec-7] .s.r.w.a.BearerTokenAuthenticationFilter : Set SecurityContextHolder to BearerTokenAuthentication [Principal=net.xzh.authserver.security.token.RedisOpaqueTokenIntrospector$OpaquePrincipal@374aba84, Credentials=[PROTECTED], Authenticated=true, Details=WebAuthenticationDetails [RemoteIpAddress=127.0.0.1, SessionId=null], Granted Authorities=[ROLE_ADMIN]]
2026-08-15T12:13:02.854+08:00 DEBUG 11564 --- [iam-authorization-server] [nio-9000-exec-7] o.s.security.web.FilterChainProxy        : Secured GET /api/admin/users
Creating a new SqlSession
SqlSession [org.apache.ibatis.session.defaults.DefaultSqlSession@77ad5cb1] was not registered for synchronization because synchronization is not active
JDBC Connection [com.alibaba.druid.pool.DruidStatementConnection@20b1ccc3] will not be managed by Spring
==>  Preparing: SELECT id,username,password,nickname,email,phone,avatar,identity_type,enabled,account_non_expired,account_non_locked,credentials_non_expired,create_time,update_time FROM sys_user
==> Parameters: 
<==    Columns: id, username, password, nickname, email, phone, avatar, identity_type, enabled, account_non_expired, account_non_locked, credentials_non_expired, create_time, update_time
<==        Row: 1, admin, $2a$10$ov3NUrdkAHujSRdGbDZF6O9h2cjZq4Zl17fL3TA5Nhs94mE/PmH8e, 管理员, admin@example.com, null, null, 1, 1, 1, 1, 1, 2026-08-11 20:00:08, 2026-08-13 22:28:45
<==        Row: 2, user, $2a$10$ov3NUrdkAHujSRdGbDZF6O9h2cjZq4Zl17fL3TA5Nhs94mE/PmH8e, 普通用户, user@example.com, null, null, 2, 1, 1, 1, 1, 2026-08-11 20:00:08, 2026-08-11 20:00:08
<==      Total: 2
Closing non transactional SqlSession [org.apache.ibatis.session.defaults.DefaultSqlSession@77ad5cb1]
2026-08-15T12:13:02.984+08:00 DEBUG 11564 --- [iam-authorization-server] [nio-9000-exec-8] o.s.a.w.OAuth2ClientAuthenticationFilter : Set SecurityContextHolder authentication to OAuth2ClientAuthenticationToken
2026-08-15T12:13:03.036+08:00  INFO 11564 --- [iam-authorization-server] [nio-9000-exec-8] n.x.a.s.session.RedisSessionRegistry     : [RedisSessionRegistry] 注册会话: principal=resource-server, sessionId=fb4b3b3c-1e9c-43a7-83c6-1467012ea0be
2026-08-15T12:13:03.385+08:00 DEBUG 11564 --- [iam-authorization-server] [nio-9000-exec-9] o.s.security.web.FilterChainProxy        : Securing POST /oauth2/introspect
2026-08-15T12:13:03.560+08:00 DEBUG 11564 --- [iam-authorization-server] [nio-9000-exec-9] o.s.a.w.OAuth2ClientAuthenticationFilter : Set SecurityContextHolder authentication to OAuth2ClientAuthenticationToken
2026-08-15T12:13:03.608+08:00  INFO 11564 --- [iam-authorization-server] [nio-9000-exec-9] n.x.a.s.session.RedisSessionRegistry     : [RedisSessionRegistry] 注册会话: principal=resource-server, sessionId=42fa3728-7d37-4ce3-baaa-e6d727882954
2026-08-15T12:13:04.667+08:00 DEBUG 11564 --- [iam-authorization-server] [io-9000-exec-10] o.s.security.web.FilterChainProxy        : Securing POST /oauth2/introspect
2026-08-15T12:13:04.786+08:00 DEBUG 11564 --- [iam-authorization-server] [io-9000-exec-10] o.s.a.w.OAuth2ClientAuthenticationFilter : Set SecurityContextHolder authentication to OAuth2ClientAuthenticationToken
2026-08-15T12:13:04.833+08:00  INFO 11564 --- [iam-authorization-server] [io-9000-exec-10] n.x.a.s.session.RedisSessionRegistry     : [RedisSessionRegistry] 注册会话: principal=resource-server, sessionId=24a2ef15-af74-4302-8684-36f387a854b3
2026-08-15T12:13:05.405+08:00 DEBUG 11564 --- [iam-authorization-server] [nio-9000-exec-1] o.s.security.web.FilterChainProxy        : Securing GET /api/admin/clients
JDBC Connection [com.alibaba.druid.pool.DruidStatementConnection@20b1ccc3] will not be managed by Spring
==>  Preparing: SELECT id,username,password,nickname,email,phone,avatar,identity_type,enabled,account_non_expired,account_non_locked,credentials_non_expired,create_time,update_time FROM sys_user WHERE (username = ?)
==> Parameters: admin(String)
<==    Columns: id, username, password, nickname, email, phone, avatar, identity_type, enabled, account_non_expired, account_non_locked, credentials_non_expired, create_time, update_time
<==        Row: 1, admin, $2a$10$ov3NUrdkAHujSRdGbDZF6O9h2cjZq4Zl17fL3TA5Nhs94mE/PmH8e, 管理员, admin@example.com, null, null, 1, 1, 1, 1, 1, 2026-08-11 20:00:08, 2026-08-13 22:28:45
<==      Total: 1
2026-08-15T12:13:05.421+08:00 DEBUG 11564 --- [iam-authorization-server] [nio-9000-exec-1] n.x.a.s.t.RedisOpaqueTokenIntrospector   : Opaque token introspect success, sub=admin, scope=[read, openid, profile, write]
2026-08-15T12:13:05.422+08:00 DEBUG 11564 --- [iam-authorization-server] [nio-9000-exec-1] .s.r.a.OpaqueTokenAuthenticationProvider : Authenticated token
2026-08-15T12:13:05.422+08:00 DEBUG 11564 --- [iam-authorization-server] [nio-9000-exec-1] .s.r.w.a.BearerTokenAuthenticationFilter : Set SecurityContextHolder to BearerTokenAuthentication [Principal=net.xzh.authserver.security.token.RedisOpaqueTokenIntrospector$OpaquePrincipal@50d7d6e9, Credentials=[PROTECTED], Authenticated=true, Details=WebAuthenticationDetails [RemoteIpAddress=127.0.0.1, SessionId=null], Granted Authorities=[ROLE_ADMIN]]
2026-08-15T12:13:05.422+08:00 DEBUG 11564 --- [iam-authorization-server] [nio-9000-exec-1] o.s.security.web.FilterChainProxy        : Secured GET /api/admin/clients
Creating a new SqlSession
SqlSession [org.apache.ibatis.session.defaults.DefaultSqlSession@5bba03a6] was not registered for synchronization because synchronization is not active
JDBC Connection [com.alibaba.druid.pool.DruidStatementConnection@20b1ccc3] will not be managed by Spring
==>  Preparing: SELECT id,client_id,client_id_issued_at,client_secret,client_secret_expires_at,client_name,client_authentication_methods,authorization_grant_types,redirect_uris,post_logout_redirect_uris,scopes,client_settings,token_settings FROM oauth2_registered_client
==> Parameters: 
<==    Columns: id, client_id, client_id_issued_at, client_secret, client_secret_expires_at, client_name, client_authentication_methods, authorization_grant_types, redirect_uris, post_logout_redirect_uris, scopes, client_settings, token_settings
<==        Row: 1, resource-server, 2026-08-13 09:56:12, $2a$10$ov3NUrdkAHujSRdGbDZF6O9h2cjZq4Zl17fL3TA5Nhs94mE/PmH8e, null, 资源服务器, client_secret_basic, client_credentials, , , read,write, {"requireProofKey":false,"requireAuthorizationConsent":false}, {"accessTokenFormat":"reference","authorizationCodeTimeToLive":"PT5M","accessTokenTimeToLive":"PT30M","reuseRefreshTokens":false}
<==        Row: 2, admin-app, 2026-08-13 12:00:00, $2a$10$ov3NUrdkAHujSRdGbDZF6O9h2cjZq4Zl17fL3TA5Nhs94mE/PmH8e, null, 管理后台, client_secret_basic, refresh_token,authorization_code, http://localhost:8085/login/oauth2/code/admin-app, http://localhost:8001/logged-out, openid,profile,read,write, {"requireProofKey":false,"requireAuthorizationConsent":false}, {"accessTokenFormat":"reference","authorizationCodeTimeToLive":"PT5M","accessTokenTimeToLive":"PT2H","reuseRefreshTokens":true}
<==        Row: 3, portal-app, 2026-08-11 20:00:08, $2a$10$ov3NUrdkAHujSRdGbDZF6O9h2cjZq4Zl17fL3TA5Nhs94mE/PmH8e, null, 门户应用 (SSO), client_secret_basic, refresh_token,authorization_code, http://localhost:8083/portal-sso-callback,http://localhost:8081/portal-sso-callback,http://localhost:8080/login/oauth2/code/portal-app-oidc, http://localhost:8000/logged-out,http://localhost:8080/logged-out, openid,profile,email, {"requireProofKey":false,"requireAuthorizationConsent":false}, {"accessTokenFormat":"reference","authorizationCodeTimeToLive":"PT5M","accessTokenTimeToLive":"PT2H","reuseRefreshTokens":false}
<==        Row: 4, web-app, 2026-08-11 20:00:08, $2a$10$ov3NUrdkAHujSRdGbDZF6O9h2cjZq4Zl17fL3TA5Nhs94mE/PmH8e, null, Web 应用客户端, client_secret_basic,client_secret_post, authorization_code,refresh_token,password, http://localhost:8081/callback,http://127.0.0.1:8081/callback, http://localhost:8081/logout, openid,profile,email,read,write, {"requireProofKey":false,"requireAuthorizationConsent":true}, {"accessTokenFormat":"REFERENCE","accessTokenTimeToLive":"PT2H","reuseRefreshTokens":false,"idTokenSignatureAlgorithm":"RS256"}
<==        Row: 5, device-app, 2026-08-11 20:00:08, null, null, 设备码客户端, none, refresh_token,urn:ietf:params:oauth:grant-type:device_code, null, null, openid,profile,email,read, {"requireProofKey":false,"requireAuthorizationConsent":true}, {"accessTokenFormat":"REFERENCE","accessTokenTimeToLive":"PT1H","reuseRefreshTokens":false}
<==        Row: 6, mobile-app, 2026-08-11 20:00:08, null, null, 移动应用客户端(PKCE), none, authorization_code,refresh_token, com.example.mobileapp://oauth2/redirect,http://localhost:8083/callback, http://localhost:8083/logout, openid,profile,email,read,write, {"requireProofKey":true,"requireAuthorizationConsent":true}, {"accessTokenFormat":"REFERENCE","accessTokenTimeToLive":"PT2H","reuseRefreshTokens":false,"idTokenSignatureAlgorithm":"RS256"}
<==        Row: 7, service-app, 2026-08-11 20:00:08, $2a$10$ov3NUrdkAHujSRdGbDZF6O9h2cjZq4Zl17fL3TA5Nhs94mE/PmH8e, null, 服务间调用客户端, client_secret_basic, client_credentials, null, null, read,write, {"requireProofKey":false,"requireAuthorizationConsent":true}, {"accessTokenFormat":"REFERENCE","accessTokenTimeToLive":"PT30M","reuseRefreshTokens":false}
<==      Total: 7
Closing non transactional SqlSession [org.apache.ibatis.session.defaults.DefaultSqlSession@5bba03a6]
2026-08-15T12:13:06.509+08:00 DEBUG 11564 --- [iam-authorization-server] [nio-9000-exec-3] o.s.security.web.FilterChainProxy        : Securing GET /api/admin/records/consents
JDBC Connection [com.alibaba.druid.pool.DruidStatementConnection@20b1ccc3] will not be managed by Spring
==>  Preparing: SELECT id,username,password,nickname,email,phone,avatar,identity_type,enabled,account_non_expired,account_non_locked,credentials_non_expired,create_time,update_time FROM sys_user WHERE (username = ?)
==> Parameters: admin(String)
<==    Columns: id, username, password, nickname, email, phone, avatar, identity_type, enabled, account_non_expired, account_non_locked, credentials_non_expired, create_time, update_time
<==        Row: 1, admin, $2a$10$ov3NUrdkAHujSRdGbDZF6O9h2cjZq4Zl17fL3TA5Nhs94mE/PmH8e, 管理员, admin@example.com, null, null, 1, 1, 1, 1, 1, 2026-08-11 20:00:08, 2026-08-13 22:28:45
<==      Total: 1
2026-08-15T12:13:06.518+08:00 DEBUG 11564 --- [iam-authorization-server] [nio-9000-exec-3] n.x.a.s.t.RedisOpaqueTokenIntrospector   : Opaque token introspect success, sub=admin, scope=[read, openid, profile, write]
2026-08-15T12:13:06.519+08:00 DEBUG 11564 --- [iam-authorization-server] [nio-9000-exec-3] .s.r.a.OpaqueTokenAuthenticationProvider : Authenticated token
2026-08-15T12:13:06.519+08:00 DEBUG 11564 --- [iam-authorization-server] [nio-9000-exec-3] .s.r.w.a.BearerTokenAuthenticationFilter : Set SecurityContextHolder to BearerTokenAuthentication [Principal=net.xzh.authserver.security.token.RedisOpaqueTokenIntrospector$OpaquePrincipal@20c745d4, Credentials=[PROTECTED], Authenticated=true, Details=WebAuthenticationDetails [RemoteIpAddress=127.0.0.1, SessionId=null], Granted Authorities=[ROLE_ADMIN]]
2026-08-15T12:13:06.519+08:00 DEBUG 11564 --- [iam-authorization-server] [nio-9000-exec-3] o.s.security.web.FilterChainProxy        : Secured GET /api/admin/records/consents
Creating a new SqlSession
SqlSession [org.apache.ibatis.session.defaults.DefaultSqlSession@119352c] was not registered for synchronization because synchronization is not active
JDBC Connection [com.alibaba.druid.pool.DruidStatementConnection@20b1ccc3] will not be managed by Spring
==>  Preparing: SELECT * FROM oauth2_authorization_consent ORDER BY principal_name, registered_client_id
==> Parameters: 
<==      Total: 0
Closing non transactional SqlSession [org.apache.ibatis.session.defaults.DefaultSqlSession@119352c]
2026-08-15T12:13:07.160+08:00 DEBUG 11564 --- [iam-authorization-server] [nio-9000-exec-4] o.s.security.web.FilterChainProxy        : Securing GET /api/admin/sessions/online
JDBC Connection [com.alibaba.druid.pool.DruidStatementConnection@20b1ccc3] will not be managed by Spring
==>  Preparing: SELECT id,username,password,nickname,email,phone,avatar,identity_type,enabled,account_non_expired,account_non_locked,credentials_non_expired,create_time,update_time FROM sys_user WHERE (username = ?)
==> Parameters: admin(String)
<==    Columns: id, username, password, nickname, email, phone, avatar, identity_type, enabled, account_non_expired, account_non_locked, credentials_non_expired, create_time, update_time
<==        Row: 1, admin, $2a$10$ov3NUrdkAHujSRdGbDZF6O9h2cjZq4Zl17fL3TA5Nhs94mE/PmH8e, 管理员, admin@example.com, null, null, 1, 1, 1, 1, 1, 2026-08-11 20:00:08, 2026-08-13 22:28:45
<==      Total: 1
2026-08-15T12:13:07.171+08:00 DEBUG 11564 --- [iam-authorization-server] [nio-9000-exec-4] n.x.a.s.t.RedisOpaqueTokenIntrospector   : Opaque token introspect success, sub=admin, scope=[read, openid, profile, write]
2026-08-15T12:13:07.172+08:00 DEBUG 11564 --- [iam-authorization-server] [nio-9000-exec-4] .s.r.a.OpaqueTokenAuthenticationProvider : Authenticated token
2026-08-15T12:13:07.172+08:00 DEBUG 11564 --- [iam-authorization-server] [nio-9000-exec-4] .s.r.w.a.BearerTokenAuthenticationFilter : Set SecurityContextHolder to BearerTokenAuthentication [Principal=net.xzh.authserver.security.token.RedisOpaqueTokenIntrospector$OpaquePrincipal@5ef7994a, Credentials=[PROTECTED], Authenticated=true, Details=WebAuthenticationDetails [RemoteIpAddress=127.0.0.1, SessionId=null], Granted Authorities=[ROLE_ADMIN]]
2026-08-15T12:13:07.173+08:00 DEBUG 11564 --- [iam-authorization-server] [nio-9000-exec-4] o.s.security.web.FilterChainProxy        : Secured GET /api/admin/sessions/online
2026-08-15T12:13:08.099+08:00 DEBUG 11564 --- [iam-authorization-server] [nio-9000-exec-5] o.s.security.web.FilterChainProxy        : Securing POST /oauth2/introspect
2026-08-15T12:13:08.219+08:00 DEBUG 11564 --- [iam-authorization-server] [nio-9000-exec-5] o.s.a.w.OAuth2ClientAuthenticationFilter : Set SecurityContextHolder authentication to OAuth2ClientAuthenticationToken
2026-08-15T12:13:08.265+08:00  INFO 11564 --- [iam-authorization-server] [nio-9000-exec-5] n.x.a.s.session.RedisSessionRegistry     : [RedisSessionRegistry] 注册会话: principal=resource-server, sessionId=c63e3795-c465-4198-90c9-0b57605fadab
JDBC Connection [com.alibaba.druid.pool.DruidStatementConnection@20b1ccc3] will not be managed by Spring
==>  Preparing: SELECT id,username,password,nickname,email,phone,avatar,identity_type,enabled,account_non_expired,account_non_locked,credentials_non_expired,create_time,update_time FROM sys_user WHERE (username = ?)
==> Parameters: resource-server(String)
<==      Total: 0
2026-08-15T12:13:08.357+08:00 DEBUG 11564 --- [iam-authorization-server] [nio-9000-exec-4] n.x.a.service.AuthSessionService         : 跳过非用户 principal: resource-server
JDBC Connection [com.alibaba.druid.pool.DruidStatementConnection@20b1ccc3] will not be managed by Spring
==>  Preparing: SELECT id,username,password,nickname,email,phone,avatar,identity_type,enabled,account_non_expired,account_non_locked,credentials_non_expired,create_time,update_time FROM sys_user WHERE (username = ?)
==> Parameters: admin-app(String)
<==      Total: 0
2026-08-15T12:13:08.362+08:00 DEBUG 11564 --- [iam-authorization-server] [nio-9000-exec-4] n.x.a.service.AuthSessionService         : 跳过非用户 principal: admin-app
JDBC Connection [com.alibaba.druid.pool.DruidStatementConnection@20b1ccc3] will not be managed by Spring
==>  Preparing: SELECT id,username,password,nickname,email,phone,avatar,identity_type,enabled,account_non_expired,account_non_locked,credentials_non_expired,create_time,update_time FROM sys_user WHERE (username = ?)
==> Parameters: admin(String)
<==    Columns: id, username, password, nickname, email, phone, avatar, identity_type, enabled, account_non_expired, account_non_locked, credentials_non_expired, create_time, update_time
<==        Row: 1, admin, $2a$10$ov3NUrdkAHujSRdGbDZF6O9h2cjZq4Zl17fL3TA5Nhs94mE/PmH8e, 管理员, admin@example.com, null, null, 1, 1, 1, 1, 1, 2026-08-11 20:00:08, 2026-08-13 22:28:45
<==      Total: 1
JDBC Connection [com.alibaba.druid.pool.DruidStatementConnection@20b1ccc3] will not be managed by Spring
==>  Preparing: SELECT id,username,password,nickname,email,phone,avatar,identity_type,enabled,account_non_expired,account_non_locked,credentials_non_expired,create_time,update_time FROM sys_user WHERE (username = ?)
==> Parameters: admin(String)
<==    Columns: id, username, password, nickname, email, phone, avatar, identity_type, enabled, account_non_expired, account_non_locked, credentials_non_expired, create_time, update_time
<==        Row: 1, admin, $2a$10$ov3NUrdkAHujSRdGbDZF6O9h2cjZq4Zl17fL3TA5Nhs94mE/PmH8e, 管理员, admin@example.com, null, null, 1, 1, 1, 1, 1, 2026-08-11 20:00:08, 2026-08-13 22:28:45
<==      Total: 1
2026-08-15T12:13:10.726+08:00 DEBUG 11564 --- [iam-authorization-server] [nio-9000-exec-2] o.s.security.web.FilterChainProxy        : Securing GET /api/admin/users
2026-08-15T12:13:10.730+08:00 DEBUG 11564 --- [iam-authorization-server] [nio-9000-exec-6] o.s.security.web.FilterChainProxy        : Securing POST /oauth2/introspect
JDBC Connection [com.alibaba.druid.pool.DruidStatementConnection@20b1ccc3] will not be managed by Spring
==>  Preparing: SELECT id,username,password,nickname,email,phone,avatar,identity_type,enabled,account_non_expired,account_non_locked,credentials_non_expired,create_time,update_time FROM sys_user WHERE (username = ?)
==> Parameters: admin(String)
<==    Columns: id, username, password, nickname, email, phone, avatar, identity_type, enabled, account_non_expired, account_non_locked, credentials_non_expired, create_time, update_time
<==        Row: 1, admin, $2a$10$ov3NUrdkAHujSRdGbDZF6O9h2cjZq4Zl17fL3TA5Nhs94mE/PmH8e, 管理员, admin@example.com, null, null, 1, 1, 1, 1, 1, 2026-08-11 20:00:08, 2026-08-13 22:28:45
<==      Total: 1
2026-08-15T12:13:10.735+08:00 DEBUG 11564 --- [iam-authorization-server] [nio-9000-exec-2] n.x.a.s.t.RedisOpaqueTokenIntrospector   : Opaque token introspect success, sub=admin, scope=[read, openid, profile, write]
2026-08-15T12:13:10.736+08:00 DEBUG 11564 --- [iam-authorization-server] [nio-9000-exec-2] .s.r.a.OpaqueTokenAuthenticationProvider : Authenticated token
2026-08-15T12:13:10.736+08:00 DEBUG 11564 --- [iam-authorization-server] [nio-9000-exec-2] .s.r.w.a.BearerTokenAuthenticationFilter : Set SecurityContextHolder to BearerTokenAuthentication [Principal=net.xzh.authserver.security.token.RedisOpaqueTokenIntrospector$OpaquePrincipal@3a7a69ff, Credentials=[PROTECTED], Authenticated=true, Details=WebAuthenticationDetails [RemoteIpAddress=127.0.0.1, SessionId=null], Granted Authorities=[ROLE_ADMIN]]
2026-08-15T12:13:10.736+08:00 DEBUG 11564 --- [iam-authorization-server] [nio-9000-exec-2] o.s.security.web.FilterChainProxy        : Secured GET /api/admin/users
Creating a new SqlSession
SqlSession [org.apache.ibatis.session.defaults.DefaultSqlSession@8254c95] was not registered for synchronization because synchronization is not active
JDBC Connection [com.alibaba.druid.pool.DruidStatementConnection@20b1ccc3] will not be managed by Spring
==>  Preparing: SELECT id,username,password,nickname,email,phone,avatar,identity_type,enabled,account_non_expired,account_non_locked,credentials_non_expired,create_time,update_time FROM sys_user
==> Parameters: 
<==    Columns: id, username, password, nickname, email, phone, avatar, identity_type, enabled, account_non_expired, account_non_locked, credentials_non_expired, create_time, update_time
<==        Row: 1, admin, $2a$10$ov3NUrdkAHujSRdGbDZF6O9h2cjZq4Zl17fL3TA5Nhs94mE/PmH8e, 管理员, admin@example.com, null, null, 1, 1, 1, 1, 1, 2026-08-11 20:00:08, 2026-08-13 22:28:45
<==        Row: 2, user, $2a$10$ov3NUrdkAHujSRdGbDZF6O9h2cjZq4Zl17fL3TA5Nhs94mE/PmH8e, 普通用户, user@example.com, null, null, 2, 1, 1, 1, 1, 2026-08-11 20:00:08, 2026-08-11 20:00:08
<==      Total: 2
Closing non transactional SqlSession [org.apache.ibatis.session.defaults.DefaultSqlSession@8254c95]
2026-08-15T12:13:10.848+08:00 DEBUG 11564 --- [iam-authorization-server] [nio-9000-exec-6] o.s.a.w.OAuth2ClientAuthenticationFilter : Set SecurityContextHolder authentication to OAuth2ClientAuthenticationToken
2026-08-15T12:13:10.861+08:00  INFO 11564 --- [iam-authorization-server] [nio-9000-exec-6] n.x.a.s.session.RedisSessionRegistry     : [RedisSessionRegistry] 注册会话: principal=resource-server, sessionId=7dd9fb14-ba1a-441a-a623-441b3c6052df
2026-08-15T12:13:11.274+08:00 DEBUG 11564 --- [iam-authorization-server] [nio-9000-exec-7] o.s.security.web.FilterChainProxy        : Securing POST /oauth2/introspect
2026-08-15T12:13:11.397+08:00 DEBUG 11564 --- [iam-authorization-server] [nio-9000-exec-7] o.s.a.w.OAuth2ClientAuthenticationFilter : Set SecurityContextHolder authentication to OAuth2ClientAuthenticationToken
2026-08-15T12:13:11.406+08:00  INFO 11564 --- [iam-authorization-server] [nio-9000-exec-7] n.x.a.s.session.RedisSessionRegistry     : [RedisSessionRegistry] 注册会话: principal=resource-server, sessionId=cb6675ff-f54e-45a1-b415-5f8df9ff2b08
2026-08-15T12:13:11.885+08:00 DEBUG 11564 --- [iam-authorization-server] [nio-9000-exec-8] o.s.security.web.FilterChainProxy        : Securing POST /oauth2/introspect
2026-08-15T12:13:12.004+08:00 DEBUG 11564 --- [iam-authorization-server] [nio-9000-exec-8] o.s.a.w.OAuth2ClientAuthenticationFilter : Set SecurityContextHolder authentication to OAuth2ClientAuthenticationToken
2026-08-15T12:13:12.050+08:00  INFO 11564 --- [iam-authorization-server] [nio-9000-exec-8] n.x.a.s.session.RedisSessionRegistry     : [RedisSessionRegistry] 注册会话: principal=resource-server, sessionId=076f4950-f139-4ab6-af74-002bcc566970
2026-08-15T12:13:12.549+08:00 DEBUG 11564 --- [iam-authorization-server] [nio-9000-exec-9] o.s.security.web.FilterChainProxy        : Securing GET /api/admin/clients
JDBC Connection [com.alibaba.druid.pool.DruidStatementConnection@20b1ccc3] will not be managed by Spring
==>  Preparing: SELECT id,username,password,nickname,email,phone,avatar,identity_type,enabled,account_non_expired,account_non_locked,credentials_non_expired,create_time,update_time FROM sys_user WHERE (username = ?)
==> Parameters: admin(String)
<==    Columns: id, username, password, nickname, email, phone, avatar, identity_type, enabled, account_non_expired, account_non_locked, credentials_non_expired, create_time, update_time
<==        Row: 1, admin, $2a$10$ov3NUrdkAHujSRdGbDZF6O9h2cjZq4Zl17fL3TA5Nhs94mE/PmH8e, 管理员, admin@example.com, null, null, 1, 1, 1, 1, 1, 2026-08-11 20:00:08, 2026-08-13 22:28:45
<==      Total: 1
2026-08-15T12:13:12.558+08:00 DEBUG 11564 --- [iam-authorization-server] [nio-9000-exec-9] n.x.a.s.t.RedisOpaqueTokenIntrospector   : Opaque token introspect success, sub=admin, scope=[read, openid, profile, write]
2026-08-15T12:13:12.559+08:00 DEBUG 11564 --- [iam-authorization-server] [nio-9000-exec-9] .s.r.a.OpaqueTokenAuthenticationProvider : Authenticated token
2026-08-15T12:13:12.559+08:00 DEBUG 11564 --- [iam-authorization-server] [nio-9000-exec-9] .s.r.w.a.BearerTokenAuthenticationFilter : Set SecurityContextHolder to BearerTokenAuthentication [Principal=net.xzh.authserver.security.token.RedisOpaqueTokenIntrospector$OpaquePrincipal@23e753fe, Credentials=[PROTECTED], Authenticated=true, Details=WebAuthenticationDetails [RemoteIpAddress=127.0.0.1, SessionId=null], Granted Authorities=[ROLE_ADMIN]]
2026-08-15T12:13:12.560+08:00 DEBUG 11564 --- [iam-authorization-server] [nio-9000-exec-9] o.s.security.web.FilterChainProxy        : Secured GET /api/admin/clients
Creating a new SqlSession
SqlSession [org.apache.ibatis.session.defaults.DefaultSqlSession@42d29023] was not registered for synchronization because synchronization is not active
JDBC Connection [com.alibaba.druid.pool.DruidStatementConnection@20b1ccc3] will not be managed by Spring
==>  Preparing: SELECT id,client_id,client_id_issued_at,client_secret,client_secret_expires_at,client_name,client_authentication_methods,authorization_grant_types,redirect_uris,post_logout_redirect_uris,scopes,client_settings,token_settings FROM oauth2_registered_client
==> Parameters: 
<==    Columns: id, client_id, client_id_issued_at, client_secret, client_secret_expires_at, client_name, client_authentication_methods, authorization_grant_types, redirect_uris, post_logout_redirect_uris, scopes, client_settings, token_settings
<==        Row: 1, resource-server, 2026-08-13 09:56:12, $2a$10$ov3NUrdkAHujSRdGbDZF6O9h2cjZq4Zl17fL3TA5Nhs94mE/PmH8e, null, 资源服务器, client_secret_basic, client_credentials, , , read,write, {"requireProofKey":false,"requireAuthorizationConsent":false}, {"accessTokenFormat":"reference","authorizationCodeTimeToLive":"PT5M","accessTokenTimeToLive":"PT30M","reuseRefreshTokens":false}
<==        Row: 2, admin-app, 2026-08-13 12:00:00, $2a$10$ov3NUrdkAHujSRdGbDZF6O9h2cjZq4Zl17fL3TA5Nhs94mE/PmH8e, null, 管理后台, client_secret_basic, refresh_token,authorization_code, http://localhost:8085/login/oauth2/code/admin-app, http://localhost:8001/logged-out, openid,profile,read,write, {"requireProofKey":false,"requireAuthorizationConsent":false}, {"accessTokenFormat":"reference","authorizationCodeTimeToLive":"PT5M","accessTokenTimeToLive":"PT2H","reuseRefreshTokens":true}
<==        Row: 3, portal-app, 2026-08-11 20:00:08, $2a$10$ov3NUrdkAHujSRdGbDZF6O9h2cjZq4Zl17fL3TA5Nhs94mE/PmH8e, null, 门户应用 (SSO), client_secret_basic, refresh_token,authorization_code, http://localhost:8083/portal-sso-callback,http://localhost:8081/portal-sso-callback,http://localhost:8080/login/oauth2/code/portal-app-oidc, http://localhost:8000/logged-out,http://localhost:8080/logged-out, openid,profile,email, {"requireProofKey":false,"requireAuthorizationConsent":false}, {"accessTokenFormat":"reference","authorizationCodeTimeToLive":"PT5M","accessTokenTimeToLive":"PT2H","reuseRefreshTokens":false}
<==        Row: 4, web-app, 2026-08-11 20:00:08, $2a$10$ov3NUrdkAHujSRdGbDZF6O9h2cjZq4Zl17fL3TA5Nhs94mE/PmH8e, null, Web 应用客户端, client_secret_basic,client_secret_post, authorization_code,refresh_token,password, http://localhost:8081/callback,http://127.0.0.1:8081/callback, http://localhost:8081/logout, openid,profile,email,read,write, {"requireProofKey":false,"requireAuthorizationConsent":true}, {"accessTokenFormat":"REFERENCE","accessTokenTimeToLive":"PT2H","reuseRefreshTokens":false,"idTokenSignatureAlgorithm":"RS256"}
<==        Row: 5, device-app, 2026-08-11 20:00:08, null, null, 设备码客户端, none, refresh_token,urn:ietf:params:oauth:grant-type:device_code, null, null, openid,profile,email,read, {"requireProofKey":false,"requireAuthorizationConsent":true}, {"accessTokenFormat":"REFERENCE","accessTokenTimeToLive":"PT1H","reuseRefreshTokens":false}
<==        Row: 6, mobile-app, 2026-08-11 20:00:08, null, null, 移动应用客户端(PKCE), none, authorization_code,refresh_token, com.example.mobileapp://oauth2/redirect,http://localhost:8083/callback, http://localhost:8083/logout, openid,profile,email,read,write, {"requireProofKey":true,"requireAuthorizationConsent":true}, {"accessTokenFormat":"REFERENCE","accessTokenTimeToLive":"PT2H","reuseRefreshTokens":false,"idTokenSignatureAlgorithm":"RS256"}
<==        Row: 7, service-app, 2026-08-11 20:00:08, $2a$10$ov3NUrdkAHujSRdGbDZF6O9h2cjZq4Zl17fL3TA5Nhs94mE/PmH8e, null, 服务间调用客户端, client_secret_basic, client_credentials, null, null, read,write, {"requireProofKey":false,"requireAuthorizationConsent":true}, {"accessTokenFormat":"REFERENCE","accessTokenTimeToLive":"PT30M","reuseRefreshTokens":false}
<==      Total: 7
Closing non transactional SqlSession [org.apache.ibatis.session.defaults.DefaultSqlSession@42d29023]
2026-08-15T12:13:13.174+08:00 DEBUG 11564 --- [iam-authorization-server] [io-9000-exec-10] o.s.security.web.FilterChainProxy        : Securing GET /api/admin/records/consents
JDBC Connection [com.alibaba.druid.pool.DruidStatementConnection@20b1ccc3] will not be managed by Spring
==>  Preparing: SELECT id,username,password,nickname,email,phone,avatar,identity_type,enabled,account_non_expired,account_non_locked,credentials_non_expired,create_time,update_time FROM sys_user WHERE (username = ?)
==> Parameters: admin(String)
<==    Columns: id, username, password, nickname, email, phone, avatar, identity_type, enabled, account_non_expired, account_non_locked, credentials_non_expired, create_time, update_time
<==        Row: 1, admin, $2a$10$ov3NUrdkAHujSRdGbDZF6O9h2cjZq4Zl17fL3TA5Nhs94mE/PmH8e, 管理员, admin@example.com, null, null, 1, 1, 1, 1, 1, 2026-08-11 20:00:08, 2026-08-13 22:28:45
<==      Total: 1
2026-08-15T12:13:13.188+08:00 DEBUG 11564 --- [iam-authorization-server] [io-9000-exec-10] n.x.a.s.t.RedisOpaqueTokenIntrospector   : Opaque token introspect success, sub=admin, scope=[read, openid, profile, write]
2026-08-15T12:13:13.188+08:00 DEBUG 11564 --- [iam-authorization-server] [io-9000-exec-10] .s.r.a.OpaqueTokenAuthenticationProvider : Authenticated token
2026-08-15T12:13:13.188+08:00 DEBUG 11564 --- [iam-authorization-server] [io-9000-exec-10] .s.r.w.a.BearerTokenAuthenticationFilter : Set SecurityContextHolder to BearerTokenAuthentication [Principal=net.xzh.authserver.security.token.RedisOpaqueTokenIntrospector$OpaquePrincipal@4046502b, Credentials=[PROTECTED], Authenticated=true, Details=WebAuthenticationDetails [RemoteIpAddress=127.0.0.1, SessionId=null], Granted Authorities=[ROLE_ADMIN]]
2026-08-15T12:13:13.189+08:00 DEBUG 11564 --- [iam-authorization-server] [io-9000-exec-10] o.s.security.web.FilterChainProxy        : Secured GET /api/admin/records/consents
Creating a new SqlSession
SqlSession [org.apache.ibatis.session.defaults.DefaultSqlSession@23ca1037] was not registered for synchronization because synchronization is not active
JDBC Connection [com.alibaba.druid.pool.DruidStatementConnection@20b1ccc3] will not be managed by Spring
==>  Preparing: SELECT * FROM oauth2_authorization_consent ORDER BY principal_name, registered_client_id
==> Parameters: 
<==      Total: 0
Closing non transactional SqlSession [org.apache.ibatis.session.defaults.DefaultSqlSession@23ca1037]
2026-08-15T12:13:13.682+08:00 DEBUG 11564 --- [iam-authorization-server] [nio-9000-exec-1] o.s.security.web.FilterChainProxy        : Securing GET /api/admin/sessions/online
JDBC Connection [com.alibaba.druid.pool.DruidStatementConnection@20b1ccc3] will not be managed by Spring
==>  Preparing: SELECT id,username,password,nickname,email,phone,avatar,identity_type,enabled,account_non_expired,account_non_locked,credentials_non_expired,create_time,update_time FROM sys_user WHERE (username = ?)
==> Parameters: admin(String)
<==    Columns: id, username, password, nickname, email, phone, avatar, identity_type, enabled, account_non_expired, account_non_locked, credentials_non_expired, create_time, update_time
<==        Row: 1, admin, $2a$10$ov3NUrdkAHujSRdGbDZF6O9h2cjZq4Zl17fL3TA5Nhs94mE/PmH8e, 管理员, admin@example.com, null, null, 1, 1, 1, 1, 1, 2026-08-11 20:00:08, 2026-08-13 22:28:45
<==      Total: 1
2026-08-15T12:13:13.691+08:00 DEBUG 11564 --- [iam-authorization-server] [nio-9000-exec-1] n.x.a.s.t.RedisOpaqueTokenIntrospector   : Opaque token introspect success, sub=admin, scope=[read, openid, profile, write]
2026-08-15T12:13:13.692+08:00 DEBUG 11564 --- [iam-authorization-server] [nio-9000-exec-1] .s.r.a.OpaqueTokenAuthenticationProvider : Authenticated token
2026-08-15T12:13:13.693+08:00 DEBUG 11564 --- [iam-authorization-server] [nio-9000-exec-1] .s.r.w.a.BearerTokenAuthenticationFilter : Set SecurityContextHolder to BearerTokenAuthentication [Principal=net.xzh.authserver.security.token.RedisOpaqueTokenIntrospector$OpaquePrincipal@4bf2da9f, Credentials=[PROTECTED], Authenticated=true, Details=WebAuthenticationDetails [RemoteIpAddress=127.0.0.1, SessionId=null], Granted Authorities=[ROLE_ADMIN]]
2026-08-15T12:13:13.693+08:00 DEBUG 11564 --- [iam-authorization-server] [nio-9000-exec-1] o.s.security.web.FilterChainProxy        : Secured GET /api/admin/sessions/online
JDBC Connection [com.alibaba.druid.pool.DruidStatementConnection@20b1ccc3] will not be managed by Spring
==>  Preparing: SELECT id,username,password,nickname,email,phone,avatar,identity_type,enabled,account_non_expired,account_non_locked,credentials_non_expired,create_time,update_time FROM sys_user WHERE (username = ?)
==> Parameters: resource-server(String)
<==      Total: 0
2026-08-15T12:13:14.878+08:00 DEBUG 11564 --- [iam-authorization-server] [nio-9000-exec-1] n.x.a.service.AuthSessionService         : 跳过非用户 principal: resource-server
JDBC Connection [com.alibaba.druid.pool.DruidStatementConnection@20b1ccc3] will not be managed by Spring
==>  Preparing: SELECT id,username,password,nickname,email,phone,avatar,identity_type,enabled,account_non_expired,account_non_locked,credentials_non_expired,create_time,update_time FROM sys_user WHERE (username = ?)
==> Parameters: admin-app(String)
<==      Total: 0
2026-08-15T12:13:14.882+08:00 DEBUG 11564 --- [iam-authorization-server] [nio-9000-exec-1] n.x.a.service.AuthSessionService         : 跳过非用户 principal: admin-app
JDBC Connection [com.alibaba.druid.pool.DruidStatementConnection@20b1ccc3] will not be managed by Spring
==>  Preparing: SELECT id,username,password,nickname,email,phone,avatar,identity_type,enabled,account_non_expired,account_non_locked,credentials_non_expired,create_time,update_time FROM sys_user WHERE (username = ?)
==> Parameters: admin(String)
<==    Columns: id, username, password, nickname, email, phone, avatar, identity_type, enabled, account_non_expired, account_non_locked, credentials_non_expired, create_time, update_time
<==        Row: 1, admin, $2a$10$ov3NUrdkAHujSRdGbDZF6O9h2cjZq4Zl17fL3TA5Nhs94mE/PmH8e, 管理员, admin@example.com, null, null, 1, 1, 1, 1, 1, 2026-08-11 20:00:08, 2026-08-13 22:28:45
<==      Total: 1
JDBC Connection [com.alibaba.druid.pool.DruidStatementConnection@20b1ccc3] will not be managed by Spring
==>  Preparing: SELECT id,username,password,nickname,email,phone,avatar,identity_type,enabled,account_non_expired,account_non_locked,credentials_non_expired,create_time,update_time FROM sys_user WHERE (username = ?)
==> Parameters: admin(String)
<==    Columns: id, username, password, nickname, email, phone, avatar, identity_type, enabled, account_non_expired, account_non_locked, credentials_non_expired, create_time, update_time
<==        Row: 1, admin, $2a$10$ov3NUrdkAHujSRdGbDZF6O9h2cjZq4Zl17fL3TA5Nhs94mE/PmH8e, 管理员, admin@example.com, null, null, 1, 1, 1, 1, 1, 2026-08-11 20:00:08, 2026-08-13 22:28:45
<==      Total: 1
2026-08-15T12:13:15.392+08:00 DEBUG 11564 --- [iam-authorization-server] [nio-9000-exec-3] o.s.security.web.FilterChainProxy        : Securing GET /api/admin/records/consents
JDBC Connection [com.alibaba.druid.pool.DruidStatementConnection@20b1ccc3] will not be managed by Spring
==>  Preparing: SELECT id,username,password,nickname,email,phone,avatar,identity_type,enabled,account_non_expired,account_non_locked,credentials_non_expired,create_time,update_time FROM sys_user WHERE (username = ?)
==> Parameters: admin(String)
<==    Columns: id, username, password, nickname, email, phone, avatar, identity_type, enabled, account_non_expired, account_non_locked, credentials_non_expired, create_time, update_time
<==        Row: 1, admin, $2a$10$ov3NUrdkAHujSRdGbDZF6O9h2cjZq4Zl17fL3TA5Nhs94mE/PmH8e, 管理员, admin@example.com, null, null, 1, 1, 1, 1, 1, 2026-08-11 20:00:08, 2026-08-13 22:28:45
<==      Total: 1
2026-08-15T12:13:15.404+08:00 DEBUG 11564 --- [iam-authorization-server] [nio-9000-exec-3] n.x.a.s.t.RedisOpaqueTokenIntrospector   : Opaque token introspect success, sub=admin, scope=[read, openid, profile, write]
2026-08-15T12:13:15.405+08:00 DEBUG 11564 --- [iam-authorization-server] [nio-9000-exec-3] .s.r.a.OpaqueTokenAuthenticationProvider : Authenticated token
2026-08-15T12:13:15.405+08:00 DEBUG 11564 --- [iam-authorization-server] [nio-9000-exec-3] .s.r.w.a.BearerTokenAuthenticationFilter : Set SecurityContextHolder to BearerTokenAuthentication [Principal=net.xzh.authserver.security.token.RedisOpaqueTokenIntrospector$OpaquePrincipal@61b6acf3, Credentials=[PROTECTED], Authenticated=true, Details=WebAuthenticationDetails [RemoteIpAddress=127.0.0.1, SessionId=null], Granted Authorities=[ROLE_ADMIN]]
2026-08-15T12:13:15.405+08:00 DEBUG 11564 --- [iam-authorization-server] [nio-9000-exec-3] o.s.security.web.FilterChainProxy        : Secured GET /api/admin/records/consents
Creating a new SqlSession
SqlSession [org.apache.ibatis.session.defaults.DefaultSqlSession@39618407] was not registered for synchronization because synchronization is not active
JDBC Connection [com.alibaba.druid.pool.DruidStatementConnection@20b1ccc3] will not be managed by Spring
==>  Preparing: SELECT * FROM oauth2_authorization_consent ORDER BY principal_name, registered_client_id
==> Parameters: 
<==      Total: 0
Closing non transactional SqlSession [org.apache.ibatis.session.defaults.DefaultSqlSession@39618407]
2026-08-15T12:13:15.857+08:00 DEBUG 11564 --- [iam-authorization-server] [nio-9000-exec-5] o.s.security.web.FilterChainProxy        : Securing GET /api/admin/clients
JDBC Connection [com.alibaba.druid.pool.DruidStatementConnection@20b1ccc3] will not be managed by Spring
==>  Preparing: SELECT id,username,password,nickname,email,phone,avatar,identity_type,enabled,account_non_expired,account_non_locked,credentials_non_expired,create_time,update_time FROM sys_user WHERE (username = ?)
==> Parameters: admin(String)
<==    Columns: id, username, password, nickname, email, phone, avatar, identity_type, enabled, account_non_expired, account_non_locked, credentials_non_expired, create_time, update_time
<==        Row: 1, admin, $2a$10$ov3NUrdkAHujSRdGbDZF6O9h2cjZq4Zl17fL3TA5Nhs94mE/PmH8e, 管理员, admin@example.com, null, null, 1, 1, 1, 1, 1, 2026-08-11 20:00:08, 2026-08-13 22:28:45
<==      Total: 1
2026-08-15T12:13:15.869+08:00 DEBUG 11564 --- [iam-authorization-server] [nio-9000-exec-5] n.x.a.s.t.RedisOpaqueTokenIntrospector   : Opaque token introspect success, sub=admin, scope=[read, openid, profile, write]
2026-08-15T12:13:15.869+08:00 DEBUG 11564 --- [iam-authorization-server] [nio-9000-exec-5] .s.r.a.OpaqueTokenAuthenticationProvider : Authenticated token
2026-08-15T12:13:15.870+08:00 DEBUG 11564 --- [iam-authorization-server] [nio-9000-exec-5] .s.r.w.a.BearerTokenAuthenticationFilter : Set SecurityContextHolder to BearerTokenAuthentication [Principal=net.xzh.authserver.security.token.RedisOpaqueTokenIntrospector$OpaquePrincipal@262bfc7, Credentials=[PROTECTED], Authenticated=true, Details=WebAuthenticationDetails [RemoteIpAddress=127.0.0.1, SessionId=null], Granted Authorities=[ROLE_ADMIN]]
2026-08-15T12:13:15.870+08:00 DEBUG 11564 --- [iam-authorization-server] [nio-9000-exec-5] o.s.security.web.FilterChainProxy        : Secured GET /api/admin/clients
Creating a new SqlSession
SqlSession [org.apache.ibatis.session.defaults.DefaultSqlSession@5751542b] was not registered for synchronization because synchronization is not active
JDBC Connection [com.alibaba.druid.pool.DruidStatementConnection@20b1ccc3] will not be managed by Spring
==>  Preparing: SELECT id,client_id,client_id_issued_at,client_secret,client_secret_expires_at,client_name,client_authentication_methods,authorization_grant_types,redirect_uris,post_logout_redirect_uris,scopes,client_settings,token_settings FROM oauth2_registered_client
==> Parameters: 
<==    Columns: id, client_id, client_id_issued_at, client_secret, client_secret_expires_at, client_name, client_authentication_methods, authorization_grant_types, redirect_uris, post_logout_redirect_uris, scopes, client_settings, token_settings
<==        Row: 1, resource-server, 2026-08-13 09:56:12, $2a$10$ov3NUrdkAHujSRdGbDZF6O9h2cjZq4Zl17fL3TA5Nhs94mE/PmH8e, null, 资源服务器, client_secret_basic, client_credentials, , , read,write, {"requireProofKey":false,"requireAuthorizationConsent":false}, {"accessTokenFormat":"reference","authorizationCodeTimeToLive":"PT5M","accessTokenTimeToLive":"PT30M","reuseRefreshTokens":false}
<==        Row: 2, admin-app, 2026-08-13 12:00:00, $2a$10$ov3NUrdkAHujSRdGbDZF6O9h2cjZq4Zl17fL3TA5Nhs94mE/PmH8e, null, 管理后台, client_secret_basic, refresh_token,authorization_code, http://localhost:8085/login/oauth2/code/admin-app, http://localhost:8001/logged-out, openid,profile,read,write, {"requireProofKey":false,"requireAuthorizationConsent":false}, {"accessTokenFormat":"reference","authorizationCodeTimeToLive":"PT5M","accessTokenTimeToLive":"PT2H","reuseRefreshTokens":true}
<==        Row: 3, portal-app, 2026-08-11 20:00:08, $2a$10$ov3NUrdkAHujSRdGbDZF6O9h2cjZq4Zl17fL3TA5Nhs94mE/PmH8e, null, 门户应用 (SSO), client_secret_basic, refresh_token,authorization_code, http://localhost:8083/portal-sso-callback,http://localhost:8081/portal-sso-callback,http://localhost:8080/login/oauth2/code/portal-app-oidc, http://localhost:8000/logged-out,http://localhost:8080/logged-out, openid,profile,email, {"requireProofKey":false,"requireAuthorizationConsent":false}, {"accessTokenFormat":"reference","authorizationCodeTimeToLive":"PT5M","accessTokenTimeToLive":"PT2H","reuseRefreshTokens":false}
<==        Row: 4, web-app, 2026-08-11 20:00:08, $2a$10$ov3NUrdkAHujSRdGbDZF6O9h2cjZq4Zl17fL3TA5Nhs94mE/PmH8e, null, Web 应用客户端, client_secret_basic,client_secret_post, authorization_code,refresh_token,password, http://localhost:8081/callback,http://127.0.0.1:8081/callback, http://localhost:8081/logout, openid,profile,email,read,write, {"requireProofKey":false,"requireAuthorizationConsent":true}, {"accessTokenFormat":"REFERENCE","accessTokenTimeToLive":"PT2H","reuseRefreshTokens":false,"idTokenSignatureAlgorithm":"RS256"}
<==        Row: 5, device-app, 2026-08-11 20:00:08, null, null, 设备码客户端, none, refresh_token,urn:ietf:params:oauth:grant-type:device_code, null, null, openid,profile,email,read, {"requireProofKey":false,"requireAuthorizationConsent":true}, {"accessTokenFormat":"REFERENCE","accessTokenTimeToLive":"PT1H","reuseRefreshTokens":false}
<==        Row: 6, mobile-app, 2026-08-11 20:00:08, null, null, 移动应用客户端(PKCE), none, authorization_code,refresh_token, com.example.mobileapp://oauth2/redirect,http://localhost:8083/callback, http://localhost:8083/logout, openid,profile,email,read,write, {"requireProofKey":true,"requireAuthorizationConsent":true}, {"accessTokenFormat":"REFERENCE","accessTokenTimeToLive":"PT2H","reuseRefreshTokens":false,"idTokenSignatureAlgorithm":"RS256"}
<==        Row: 7, service-app, 2026-08-11 20:00:08, $2a$10$ov3NUrdkAHujSRdGbDZF6O9h2cjZq4Zl17fL3TA5Nhs94mE/PmH8e, null, 服务间调用客户端, client_secret_basic, client_credentials, null, null, read,write, {"requireProofKey":false,"requireAuthorizationConsent":true}, {"accessTokenFormat":"REFERENCE","accessTokenTimeToLive":"PT30M","reuseRefreshTokens":false}
<==      Total: 7
Closing non transactional SqlSession [org.apache.ibatis.session.defaults.DefaultSqlSession@5751542b]
2026-08-15T12:13:16.239+08:00 DEBUG 11564 --- [iam-authorization-server] [nio-9000-exec-4] o.s.security.web.FilterChainProxy        : Securing POST /oauth2/introspect
2026-08-15T12:13:16.361+08:00 DEBUG 11564 --- [iam-authorization-server] [nio-9000-exec-4] o.s.a.w.OAuth2ClientAuthenticationFilter : Set SecurityContextHolder authentication to OAuth2ClientAuthenticationToken
2026-08-15T12:13:16.404+08:00  INFO 11564 --- [iam-authorization-server] [nio-9000-exec-4] n.x.a.s.session.RedisSessionRegistry     : [RedisSessionRegistry] 注册会话: principal=resource-server, sessionId=77b3471d-b836-4913-b8f3-ea36d72ab86f
2026-08-15T12:13:16.624+08:00 DEBUG 11564 --- [iam-authorization-server] [nio-9000-exec-2] o.s.security.web.FilterChainProxy        : Securing POST /oauth2/introspect
2026-08-15T12:13:16.754+08:00 DEBUG 11564 --- [iam-authorization-server] [nio-9000-exec-2] o.s.a.w.OAuth2ClientAuthenticationFilter : Set SecurityContextHolder authentication to OAuth2ClientAuthenticationToken
2026-08-15T12:13:16.801+08:00  INFO 11564 --- [iam-authorization-server] [nio-9000-exec-2] n.x.a.s.session.RedisSessionRegistry     : [RedisSessionRegistry] 注册会话: principal=resource-server, sessionId=46fee7c4-e82b-4929-9c81-b91d6e4d17b7
2026-08-15T12:13:16.936+08:00 DEBUG 11564 --- [iam-authorization-server] [nio-9000-exec-6] o.s.security.web.FilterChainProxy        : Securing GET /api/admin/users
2026-08-15T12:13:16.941+08:00 DEBUG 11564 --- [iam-authorization-server] [nio-9000-exec-7] o.s.security.web.FilterChainProxy        : Securing POST /oauth2/introspect
JDBC Connection [com.alibaba.druid.pool.DruidStatementConnection@20b1ccc3] will not be managed by Spring
==>  Preparing: SELECT id,username,password,nickname,email,phone,avatar,identity_type,enabled,account_non_expired,account_non_locked,credentials_non_expired,create_time,update_time FROM sys_user WHERE (username = ?)
==> Parameters: admin(String)
<==    Columns: id, username, password, nickname, email, phone, avatar, identity_type, enabled, account_non_expired, account_non_locked, credentials_non_expired, create_time, update_time
<==        Row: 1, admin, $2a$10$ov3NUrdkAHujSRdGbDZF6O9h2cjZq4Zl17fL3TA5Nhs94mE/PmH8e, 管理员, admin@example.com, null, null, 1, 1, 1, 1, 1, 2026-08-11 20:00:08, 2026-08-13 22:28:45
<==      Total: 1
2026-08-15T12:13:16.951+08:00 DEBUG 11564 --- [iam-authorization-server] [nio-9000-exec-6] n.x.a.s.t.RedisOpaqueTokenIntrospector   : Opaque token introspect success, sub=admin, scope=[read, openid, profile, write]
2026-08-15T12:13:16.951+08:00 DEBUG 11564 --- [iam-authorization-server] [nio-9000-exec-6] .s.r.a.OpaqueTokenAuthenticationProvider : Authenticated token
2026-08-15T12:13:16.952+08:00 DEBUG 11564 --- [iam-authorization-server] [nio-9000-exec-6] .s.r.w.a.BearerTokenAuthenticationFilter : Set SecurityContextHolder to BearerTokenAuthentication [Principal=net.xzh.authserver.security.token.RedisOpaqueTokenIntrospector$OpaquePrincipal@472c7265, Credentials=[PROTECTED], Authenticated=true, Details=WebAuthenticationDetails [RemoteIpAddress=127.0.0.1, SessionId=null], Granted Authorities=[ROLE_ADMIN]]
2026-08-15T12:13:16.952+08:00 DEBUG 11564 --- [iam-authorization-server] [nio-9000-exec-6] o.s.security.web.FilterChainProxy        : Secured GET /api/admin/users
Creating a new SqlSession
SqlSession [org.apache.ibatis.session.defaults.DefaultSqlSession@12e56233] was not registered for synchronization because synchronization is not active
JDBC Connection [com.alibaba.druid.pool.DruidStatementConnection@20b1ccc3] will not be managed by Spring
==>  Preparing: SELECT id,username,password,nickname,email,phone,avatar,identity_type,enabled,account_non_expired,account_non_locked,credentials_non_expired,create_time,update_time FROM sys_user
==> Parameters: 
<==    Columns: id, username, password, nickname, email, phone, avatar, identity_type, enabled, account_non_expired, account_non_locked, credentials_non_expired, create_time, update_time
<==        Row: 1, admin, $2a$10$ov3NUrdkAHujSRdGbDZF6O9h2cjZq4Zl17fL3TA5Nhs94mE/PmH8e, 管理员, admin@example.com, null, null, 1, 1, 1, 1, 1, 2026-08-11 20:00:08, 2026-08-13 22:28:45
<==        Row: 2, user, $2a$10$ov3NUrdkAHujSRdGbDZF6O9h2cjZq4Zl17fL3TA5Nhs94mE/PmH8e, 普通用户, user@example.com, null, null, 2, 1, 1, 1, 1, 2026-08-11 20:00:08, 2026-08-11 20:00:08
<==      Total: 2
Closing non transactional SqlSession [org.apache.ibatis.session.defaults.DefaultSqlSession@12e56233]
2026-08-15T12:13:17.058+08:00 DEBUG 11564 --- [iam-authorization-server] [nio-9000-exec-7] o.s.a.w.OAuth2ClientAuthenticationFilter : Set SecurityContextHolder authentication to OAuth2ClientAuthenticationToken
2026-08-15T12:13:17.066+08:00  INFO 11564 --- [iam-authorization-server] [nio-9000-exec-7] n.x.a.s.session.RedisSessionRegistry     : [RedisSessionRegistry] 注册会话: principal=resource-server, sessionId=704685ec-30a9-4b6a-802b-c3759758119b
2026-08-15T12:13:21.637+08:00 DEBUG 11564 --- [iam-authorization-server] [nio-9000-exec-8] o.s.security.web.FilterChainProxy        : Securing POST /oauth2/introspect
2026-08-15T12:13:21.753+08:00 DEBUG 11564 --- [iam-authorization-server] [nio-9000-exec-8] o.s.a.w.OAuth2ClientAuthenticationFilter : Set SecurityContextHolder authentication to OAuth2ClientAuthenticationToken
2026-08-15T12:13:21.802+08:00  INFO 11564 --- [iam-authorization-server] [nio-9000-exec-8] n.x.a.s.session.RedisSessionRegistry     : [RedisSessionRegistry] 注册会话: principal=resource-server, sessionId=1b022a99-9f8b-4b70-a6c7-e54c1b3b16ec
2026-08-15T12:16:57.678+08:00 DEBUG 11564 --- [iam-authorization-server] [nio-9000-exec-1] o.s.security.web.FilterChainProxy        : Securing POST /oauth2/introspect
2026-08-15T12:16:57.801+08:00 DEBUG 11564 --- [iam-authorization-server] [nio-9000-exec-1] o.s.a.w.OAuth2ClientAuthenticationFilter : Set SecurityContextHolder authentication to OAuth2ClientAuthenticationToken
2026-08-15T12:16:57.846+08:00  INFO 11564 --- [iam-authorization-server] [nio-9000-exec-1] n.x.a.s.session.RedisSessionRegistry     : [RedisSessionRegistry] 注册会话: principal=resource-server, sessionId=4d28e143-1bea-445d-bef2-5cfd287ee7c6
2026-08-15T12:16:59.127+08:00 DEBUG 11564 --- [iam-authorization-server] [nio-9000-exec-3] o.s.security.web.FilterChainProxy        : Securing GET /api/admin/users
2026-08-15T12:16:59.134+08:00 DEBUG 11564 --- [iam-authorization-server] [nio-9000-exec-5] o.s.security.web.FilterChainProxy        : Securing POST /oauth2/introspect
JDBC Connection [com.alibaba.druid.pool.DruidStatementConnection@20b1ccc3] will not be managed by Spring
==>  Preparing: SELECT id,username,password,nickname,email,phone,avatar,identity_type,enabled,account_non_expired,account_non_locked,credentials_non_expired,create_time,update_time FROM sys_user WHERE (username = ?)
==> Parameters: admin(String)
<==    Columns: id, username, password, nickname, email, phone, avatar, identity_type, enabled, account_non_expired, account_non_locked, credentials_non_expired, create_time, update_time
<==        Row: 1, admin, $2a$10$ov3NUrdkAHujSRdGbDZF6O9h2cjZq4Zl17fL3TA5Nhs94mE/PmH8e, 管理员, admin@example.com, null, null, 1, 1, 1, 1, 1, 2026-08-11 20:00:08, 2026-08-13 22:28:45
<==      Total: 1
2026-08-15T12:16:59.142+08:00 DEBUG 11564 --- [iam-authorization-server] [nio-9000-exec-3] n.x.a.s.t.RedisOpaqueTokenIntrospector   : Opaque token introspect success, sub=admin, scope=[read, openid, profile, write]
2026-08-15T12:16:59.143+08:00 DEBUG 11564 --- [iam-authorization-server] [nio-9000-exec-3] .s.r.a.OpaqueTokenAuthenticationProvider : Authenticated token
2026-08-15T12:16:59.143+08:00 DEBUG 11564 --- [iam-authorization-server] [nio-9000-exec-3] .s.r.w.a.BearerTokenAuthenticationFilter : Set SecurityContextHolder to BearerTokenAuthentication [Principal=net.xzh.authserver.security.token.RedisOpaqueTokenIntrospector$OpaquePrincipal@5487fe72, Credentials=[PROTECTED], Authenticated=true, Details=WebAuthenticationDetails [RemoteIpAddress=127.0.0.1, SessionId=null], Granted Authorities=[ROLE_ADMIN]]
2026-08-15T12:16:59.143+08:00 DEBUG 11564 --- [iam-authorization-server] [nio-9000-exec-3] o.s.security.web.FilterChainProxy        : Secured GET /api/admin/users
Creating a new SqlSession
SqlSession [org.apache.ibatis.session.defaults.DefaultSqlSession@4aae3894] was not registered for synchronization because synchronization is not active
JDBC Connection [com.alibaba.druid.pool.DruidStatementConnection@20b1ccc3] will not be managed by Spring
==>  Preparing: SELECT id,username,password,nickname,email,phone,avatar,identity_type,enabled,account_non_expired,account_non_locked,credentials_non_expired,create_time,update_time FROM sys_user
==> Parameters: 
<==    Columns: id, username, password, nickname, email, phone, avatar, identity_type, enabled, account_non_expired, account_non_locked, credentials_non_expired, create_time, update_time
<==        Row: 1, admin, $2a$10$ov3NUrdkAHujSRdGbDZF6O9h2cjZq4Zl17fL3TA5Nhs94mE/PmH8e, 管理员, admin@example.com, null, null, 1, 1, 1, 1, 1, 2026-08-11 20:00:08, 2026-08-13 22:28:45
<==        Row: 2, user, $2a$10$ov3NUrdkAHujSRdGbDZF6O9h2cjZq4Zl17fL3TA5Nhs94mE/PmH8e, 普通用户, user@example.com, null, null, 2, 1, 1, 1, 1, 2026-08-11 20:00:08, 2026-08-11 20:00:08
<==      Total: 2
Closing non transactional SqlSession [org.apache.ibatis.session.defaults.DefaultSqlSession@4aae3894]
2026-08-15T12:16:59.269+08:00 DEBUG 11564 --- [iam-authorization-server] [nio-9000-exec-5] o.s.a.w.OAuth2ClientAuthenticationFilter : Set SecurityContextHolder authentication to OAuth2ClientAuthenticationToken
2026-08-15T12:16:59.318+08:00  INFO 11564 --- [iam-authorization-server] [nio-9000-exec-5] n.x.a.s.session.RedisSessionRegistry     : [RedisSessionRegistry] 注册会话: principal=resource-server, sessionId=31e3cffc-d880-4a00-9e3e-7e7f2dff403e
2026-08-15T12:16:59.999+08:00 DEBUG 11564 --- [iam-authorization-server] [nio-9000-exec-4] o.s.security.web.FilterChainProxy        : Securing POST /oauth2/introspect
2026-08-15T12:17:00.136+08:00 DEBUG 11564 --- [iam-authorization-server] [nio-9000-exec-4] o.s.a.w.OAuth2ClientAuthenticationFilter : Set SecurityContextHolder authentication to OAuth2ClientAuthenticationToken
2026-08-15T12:17:00.187+08:00  INFO 11564 --- [iam-authorization-server] [nio-9000-exec-4] n.x.a.s.session.RedisSessionRegistry     : [RedisSessionRegistry] 注册会话: principal=resource-server, sessionId=784f71a6-2f48-4f56-8b7e-8b2647e00c7c
2026-08-15T12:17:00.800+08:00 DEBUG 11564 --- [iam-authorization-server] [nio-9000-exec-2] o.s.security.web.FilterChainProxy        : Securing POST /oauth2/introspect
2026-08-15T12:17:00.917+08:00 DEBUG 11564 --- [iam-authorization-server] [nio-9000-exec-2] o.s.a.w.OAuth2ClientAuthenticationFilter : Set SecurityContextHolder authentication to OAuth2ClientAuthenticationToken
2026-08-15T12:17:00.963+08:00  INFO 11564 --- [iam-authorization-server] [nio-9000-exec-2] n.x.a.s.session.RedisSessionRegistry     : [RedisSessionRegistry] 注册会话: principal=resource-server, sessionId=16512312-3d05-4e4d-bde0-179b851a2ab8
2026-08-15T12:17:01.748+08:00 DEBUG 11564 --- [iam-authorization-server] [nio-9000-exec-6] o.s.security.web.FilterChainProxy        : Securing GET /api/admin/clients
JDBC Connection [com.alibaba.druid.pool.DruidStatementConnection@20b1ccc3] will not be managed by Spring
==>  Preparing: SELECT id,username,password,nickname,email,phone,avatar,identity_type,enabled,account_non_expired,account_non_locked,credentials_non_expired,create_time,update_time FROM sys_user WHERE (username = ?)
==> Parameters: admin(String)
<==    Columns: id, username, password, nickname, email, phone, avatar, identity_type, enabled, account_non_expired, account_non_locked, credentials_non_expired, create_time, update_time
<==        Row: 1, admin, $2a$10$ov3NUrdkAHujSRdGbDZF6O9h2cjZq4Zl17fL3TA5Nhs94mE/PmH8e, 管理员, admin@example.com, null, null, 1, 1, 1, 1, 1, 2026-08-11 20:00:08, 2026-08-13 22:28:45
<==      Total: 1
2026-08-15T12:17:01.760+08:00 DEBUG 11564 --- [iam-authorization-server] [nio-9000-exec-6] n.x.a.s.t.RedisOpaqueTokenIntrospector   : Opaque token introspect success, sub=admin, scope=[read, openid, profile, write]
2026-08-15T12:17:01.760+08:00 DEBUG 11564 --- [iam-authorization-server] [nio-9000-exec-6] .s.r.a.OpaqueTokenAuthenticationProvider : Authenticated token
2026-08-15T12:17:01.760+08:00 DEBUG 11564 --- [iam-authorization-server] [nio-9000-exec-6] .s.r.w.a.BearerTokenAuthenticationFilter : Set SecurityContextHolder to BearerTokenAuthentication [Principal=net.xzh.authserver.security.token.RedisOpaqueTokenIntrospector$OpaquePrincipal@3d8c4747, Credentials=[PROTECTED], Authenticated=true, Details=WebAuthenticationDetails [RemoteIpAddress=127.0.0.1, SessionId=null], Granted Authorities=[ROLE_ADMIN]]
2026-08-15T12:17:01.761+08:00 DEBUG 11564 --- [iam-authorization-server] [nio-9000-exec-6] o.s.security.web.FilterChainProxy        : Secured GET /api/admin/clients
Creating a new SqlSession
SqlSession [org.apache.ibatis.session.defaults.DefaultSqlSession@707f6b0f] was not registered for synchronization because synchronization is not active
JDBC Connection [com.alibaba.druid.pool.DruidStatementConnection@20b1ccc3] will not be managed by Spring
==>  Preparing: SELECT id,client_id,client_id_issued_at,client_secret,client_secret_expires_at,client_name,client_authentication_methods,authorization_grant_types,redirect_uris,post_logout_redirect_uris,scopes,client_settings,token_settings FROM oauth2_registered_client
==> Parameters: 
<==    Columns: id, client_id, client_id_issued_at, client_secret, client_secret_expires_at, client_name, client_authentication_methods, authorization_grant_types, redirect_uris, post_logout_redirect_uris, scopes, client_settings, token_settings
<==        Row: 1, resource-server, 2026-08-13 09:56:12, $2a$10$ov3NUrdkAHujSRdGbDZF6O9h2cjZq4Zl17fL3TA5Nhs94mE/PmH8e, null, 资源服务器, client_secret_basic, client_credentials, , , read,write, {"requireProofKey":false,"requireAuthorizationConsent":false}, {"accessTokenFormat":"reference","authorizationCodeTimeToLive":"PT5M","accessTokenTimeToLive":"PT30M","reuseRefreshTokens":false}
<==        Row: 2, admin-app, 2026-08-13 12:00:00, $2a$10$ov3NUrdkAHujSRdGbDZF6O9h2cjZq4Zl17fL3TA5Nhs94mE/PmH8e, null, 管理后台, client_secret_basic, refresh_token,authorization_code, http://localhost:8085/login/oauth2/code/admin-app, http://localhost:8001/logged-out, openid,profile,read,write, {"requireProofKey":false,"requireAuthorizationConsent":false}, {"accessTokenFormat":"reference","authorizationCodeTimeToLive":"PT5M","accessTokenTimeToLive":"PT2H","reuseRefreshTokens":true}
<==        Row: 3, portal-app, 2026-08-11 20:00:08, $2a$10$ov3NUrdkAHujSRdGbDZF6O9h2cjZq4Zl17fL3TA5Nhs94mE/PmH8e, null, 门户应用 (SSO), client_secret_basic, refresh_token,authorization_code, http://localhost:8083/portal-sso-callback,http://localhost:8081/portal-sso-callback,http://localhost:8080/login/oauth2/code/portal-app-oidc, http://localhost:8000/logged-out,http://localhost:8080/logged-out, openid,profile,email, {"requireProofKey":false,"requireAuthorizationConsent":false}, {"accessTokenFormat":"reference","authorizationCodeTimeToLive":"PT5M","accessTokenTimeToLive":"PT2H","reuseRefreshTokens":false}
<==        Row: 4, web-app, 2026-08-11 20:00:08, $2a$10$ov3NUrdkAHujSRdGbDZF6O9h2cjZq4Zl17fL3TA5Nhs94mE/PmH8e, null, Web 应用客户端, client_secret_basic,client_secret_post, authorization_code,refresh_token,password, http://localhost:8081/callback,http://127.0.0.1:8081/callback, http://localhost:8081/logout, openid,profile,email,read,write, {"requireProofKey":false,"requireAuthorizationConsent":true}, {"accessTokenFormat":"REFERENCE","accessTokenTimeToLive":"PT2H","reuseRefreshTokens":false,"idTokenSignatureAlgorithm":"RS256"}
<==        Row: 5, device-app, 2026-08-11 20:00:08, null, null, 设备码客户端, none, refresh_token,urn:ietf:params:oauth:grant-type:device_code, null, null, openid,profile,email,read, {"requireProofKey":false,"requireAuthorizationConsent":true}, {"accessTokenFormat":"REFERENCE","accessTokenTimeToLive":"PT1H","reuseRefreshTokens":false}
<==        Row: 6, mobile-app, 2026-08-11 20:00:08, null, null, 移动应用客户端(PKCE), none, authorization_code,refresh_token, com.example.mobileapp://oauth2/redirect,http://localhost:8083/callback, http://localhost:8083/logout, openid,profile,email,read,write, {"requireProofKey":true,"requireAuthorizationConsent":true}, {"accessTokenFormat":"REFERENCE","accessTokenTimeToLive":"PT2H","reuseRefreshTokens":false,"idTokenSignatureAlgorithm":"RS256"}
<==        Row: 7, service-app, 2026-08-11 20:00:08, $2a$10$ov3NUrdkAHujSRdGbDZF6O9h2cjZq4Zl17fL3TA5Nhs94mE/PmH8e, null, 服务间调用客户端, client_secret_basic, client_credentials, null, null, read,write, {"requireProofKey":false,"requireAuthorizationConsent":true}, {"accessTokenFormat":"REFERENCE","accessTokenTimeToLive":"PT30M","reuseRefreshTokens":false}
<==      Total: 7
Closing non transactional SqlSession [org.apache.ibatis.session.defaults.DefaultSqlSession@707f6b0f]
2026-08-15T12:17:03.159+08:00 DEBUG 11564 --- [iam-authorization-server] [nio-9000-exec-7] o.s.security.web.FilterChainProxy        : Securing GET /api/admin/records/consents
JDBC Connection [com.alibaba.druid.pool.DruidStatementConnection@20b1ccc3] will not be managed by Spring
==>  Preparing: SELECT id,username,password,nickname,email,phone,avatar,identity_type,enabled,account_non_expired,account_non_locked,credentials_non_expired,create_time,update_time FROM sys_user WHERE (username = ?)
==> Parameters: admin(String)
<==    Columns: id, username, password, nickname, email, phone, avatar, identity_type, enabled, account_non_expired, account_non_locked, credentials_non_expired, create_time, update_time
<==        Row: 1, admin, $2a$10$ov3NUrdkAHujSRdGbDZF6O9h2cjZq4Zl17fL3TA5Nhs94mE/PmH8e, 管理员, admin@example.com, null, null, 1, 1, 1, 1, 1, 2026-08-11 20:00:08, 2026-08-13 22:28:45
<==      Total: 1
2026-08-15T12:17:03.172+08:00 DEBUG 11564 --- [iam-authorization-server] [nio-9000-exec-7] n.x.a.s.t.RedisOpaqueTokenIntrospector   : Opaque token introspect success, sub=admin, scope=[read, openid, profile, write]
2026-08-15T12:17:03.172+08:00 DEBUG 11564 --- [iam-authorization-server] [nio-9000-exec-7] .s.r.a.OpaqueTokenAuthenticationProvider : Authenticated token
2026-08-15T12:17:03.172+08:00 DEBUG 11564 --- [iam-authorization-server] [nio-9000-exec-7] .s.r.w.a.BearerTokenAuthenticationFilter : Set SecurityContextHolder to BearerTokenAuthentication [Principal=net.xzh.authserver.security.token.RedisOpaqueTokenIntrospector$OpaquePrincipal@73e5ebc1, Credentials=[PROTECTED], Authenticated=true, Details=WebAuthenticationDetails [RemoteIpAddress=127.0.0.1, SessionId=null], Granted Authorities=[ROLE_ADMIN]]
2026-08-15T12:17:03.173+08:00 DEBUG 11564 --- [iam-authorization-server] [nio-9000-exec-7] o.s.security.web.FilterChainProxy        : Secured GET /api/admin/records/consents
Creating a new SqlSession
SqlSession [org.apache.ibatis.session.defaults.DefaultSqlSession@49a9f456] was not registered for synchronization because synchronization is not active
JDBC Connection [com.alibaba.druid.pool.DruidStatementConnection@20b1ccc3] will not be managed by Spring
==>  Preparing: SELECT * FROM oauth2_authorization_consent ORDER BY principal_name, registered_client_id
==> Parameters: 
<==      Total: 0
Closing non transactional SqlSession [org.apache.ibatis.session.defaults.DefaultSqlSession@49a9f456]
2026-08-15T12:17:03.857+08:00 DEBUG 11564 --- [iam-authorization-server] [nio-9000-exec-8] o.s.security.web.FilterChainProxy        : Securing GET /api/admin/sessions/online
JDBC Connection [com.alibaba.druid.pool.DruidStatementConnection@20b1ccc3] will not be managed by Spring
==>  Preparing: SELECT id,username,password,nickname,email,phone,avatar,identity_type,enabled,account_non_expired,account_non_locked,credentials_non_expired,create_time,update_time FROM sys_user WHERE (username = ?)
==> Parameters: admin(String)
<==    Columns: id, username, password, nickname, email, phone, avatar, identity_type, enabled, account_non_expired, account_non_locked, credentials_non_expired, create_time, update_time
<==        Row: 1, admin, $2a$10$ov3NUrdkAHujSRdGbDZF6O9h2cjZq4Zl17fL3TA5Nhs94mE/PmH8e, 管理员, admin@example.com, null, null, 1, 1, 1, 1, 1, 2026-08-11 20:00:08, 2026-08-13 22:28:45
<==      Total: 1
2026-08-15T12:17:03.871+08:00 DEBUG 11564 --- [iam-authorization-server] [nio-9000-exec-8] n.x.a.s.t.RedisOpaqueTokenIntrospector   : Opaque token introspect success, sub=admin, scope=[read, openid, profile, write]
2026-08-15T12:17:03.872+08:00 DEBUG 11564 --- [iam-authorization-server] [nio-9000-exec-8] .s.r.a.OpaqueTokenAuthenticationProvider : Authenticated token
2026-08-15T12:17:03.873+08:00 DEBUG 11564 --- [iam-authorization-server] [nio-9000-exec-8] .s.r.w.a.BearerTokenAuthenticationFilter : Set SecurityContextHolder to BearerTokenAuthentication [Principal=net.xzh.authserver.security.token.RedisOpaqueTokenIntrospector$OpaquePrincipal@52cec482, Credentials=[PROTECTED], Authenticated=true, Details=WebAuthenticationDetails [RemoteIpAddress=127.0.0.1, SessionId=null], Granted Authorities=[ROLE_ADMIN]]
2026-08-15T12:17:03.874+08:00 DEBUG 11564 --- [iam-authorization-server] [nio-9000-exec-8] o.s.security.web.FilterChainProxy        : Secured GET /api/admin/sessions/online
JDBC Connection [com.alibaba.druid.pool.DruidStatementConnection@20b1ccc3] will not be managed by Spring
==>  Preparing: SELECT id,username,password,nickname,email,phone,avatar,identity_type,enabled,account_non_expired,account_non_locked,credentials_non_expired,create_time,update_time FROM sys_user WHERE (username = ?)
==> Parameters: resource-server(String)
<==      Total: 0
2026-08-15T12:17:04.965+08:00 DEBUG 11564 --- [iam-authorization-server] [nio-9000-exec-8] n.x.a.service.AuthSessionService         : 跳过非用户 principal: resource-server
JDBC Connection [com.alibaba.druid.pool.DruidStatementConnection@20b1ccc3] will not be managed by Spring
==>  Preparing: SELECT id,username,password,nickname,email,phone,avatar,identity_type,enabled,account_non_expired,account_non_locked,credentials_non_expired,create_time,update_time FROM sys_user WHERE (username = ?)
==> Parameters: admin-app(String)
<==      Total: 0
2026-08-15T12:17:04.969+08:00 DEBUG 11564 --- [iam-authorization-server] [nio-9000-exec-8] n.x.a.service.AuthSessionService         : 跳过非用户 principal: admin-app
JDBC Connection [com.alibaba.druid.pool.DruidStatementConnection@20b1ccc3] will not be managed by Spring
==>  Preparing: SELECT id,username,password,nickname,email,phone,avatar,identity_type,enabled,account_non_expired,account_non_locked,credentials_non_expired,create_time,update_time FROM sys_user WHERE (username = ?)
==> Parameters: admin(String)
<==    Columns: id, username, password, nickname, email, phone, avatar, identity_type, enabled, account_non_expired, account_non_locked, credentials_non_expired, create_time, update_time
<==        Row: 1, admin, $2a$10$ov3NUrdkAHujSRdGbDZF6O9h2cjZq4Zl17fL3TA5Nhs94mE/PmH8e, 管理员, admin@example.com, null, null, 1, 1, 1, 1, 1, 2026-08-11 20:00:08, 2026-08-13 22:28:45
<==      Total: 1
JDBC Connection [com.alibaba.druid.pool.DruidStatementConnection@20b1ccc3] will not be managed by Spring
==>  Preparing: SELECT id,username,password,nickname,email,phone,avatar,identity_type,enabled,account_non_expired,account_non_locked,credentials_non_expired,create_time,update_time FROM sys_user WHERE (username = ?)
==> Parameters: admin(String)
<==    Columns: id, username, password, nickname, email, phone, avatar, identity_type, enabled, account_non_expired, account_non_locked, credentials_non_expired, create_time, update_time
<==        Row: 1, admin, $2a$10$ov3NUrdkAHujSRdGbDZF6O9h2cjZq4Zl17fL3TA5Nhs94mE/PmH8e, 管理员, admin@example.com, null, null, 1, 1, 1, 1, 1, 2026-08-11 20:00:08, 2026-08-13 22:28:45
<==      Total: 1
2026-08-15T12:17:04.983+08:00  INFO 11564 --- [iam-authorization-server] [nio-9000-exec-8] .x.a.s.r.RedisOAuth2AuthorizationService : 清理 principal=admin 的 1 个无效授权记录
2026-08-15T12:17:07.266+08:00 DEBUG 11564 --- [iam-authorization-server] [nio-9000-exec-9] o.s.security.web.FilterChainProxy        : Securing GET /api/admin/users
2026-08-15T12:17:07.270+08:00 DEBUG 11564 --- [iam-authorization-server] [io-9000-exec-10] o.s.security.web.FilterChainProxy        : Securing POST /oauth2/introspect
JDBC Connection [com.alibaba.druid.pool.DruidStatementConnection@20b1ccc3] will not be managed by Spring
==>  Preparing: SELECT id,username,password,nickname,email,phone,avatar,identity_type,enabled,account_non_expired,account_non_locked,credentials_non_expired,create_time,update_time FROM sys_user WHERE (username = ?)
==> Parameters: admin(String)
<==    Columns: id, username, password, nickname, email, phone, avatar, identity_type, enabled, account_non_expired, account_non_locked, credentials_non_expired, create_time, update_time
<==        Row: 1, admin, $2a$10$ov3NUrdkAHujSRdGbDZF6O9h2cjZq4Zl17fL3TA5Nhs94mE/PmH8e, 管理员, admin@example.com, null, null, 1, 1, 1, 1, 1, 2026-08-11 20:00:08, 2026-08-13 22:28:45
<==      Total: 1
2026-08-15T12:17:07.278+08:00 DEBUG 11564 --- [iam-authorization-server] [nio-9000-exec-9] n.x.a.s.t.RedisOpaqueTokenIntrospector   : Opaque token introspect success, sub=admin, scope=[read, openid, profile, write]
2026-08-15T12:17:07.280+08:00 DEBUG 11564 --- [iam-authorization-server] [nio-9000-exec-9] .s.r.a.OpaqueTokenAuthenticationProvider : Authenticated token
2026-08-15T12:17:07.281+08:00 DEBUG 11564 --- [iam-authorization-server] [nio-9000-exec-9] .s.r.w.a.BearerTokenAuthenticationFilter : Set SecurityContextHolder to BearerTokenAuthentication [Principal=net.xzh.authserver.security.token.RedisOpaqueTokenIntrospector$OpaquePrincipal@7c7c1eca, Credentials=[PROTECTED], Authenticated=true, Details=WebAuthenticationDetails [RemoteIpAddress=127.0.0.1, SessionId=null], Granted Authorities=[ROLE_ADMIN]]
2026-08-15T12:17:07.281+08:00 DEBUG 11564 --- [iam-authorization-server] [nio-9000-exec-9] o.s.security.web.FilterChainProxy        : Secured GET /api/admin/users
Creating a new SqlSession
SqlSession [org.apache.ibatis.session.defaults.DefaultSqlSession@183b483a] was not registered for synchronization because synchronization is not active
JDBC Connection [com.alibaba.druid.pool.DruidStatementConnection@20b1ccc3] will not be managed by Spring
==>  Preparing: SELECT id,username,password,nickname,email,phone,avatar,identity_type,enabled,account_non_expired,account_non_locked,credentials_non_expired,create_time,update_time FROM sys_user
==> Parameters: 
<==    Columns: id, username, password, nickname, email, phone, avatar, identity_type, enabled, account_non_expired, account_non_locked, credentials_non_expired, create_time, update_time
<==        Row: 1, admin, $2a$10$ov3NUrdkAHujSRdGbDZF6O9h2cjZq4Zl17fL3TA5Nhs94mE/PmH8e, 管理员, admin@example.com, null, null, 1, 1, 1, 1, 1, 2026-08-11 20:00:08, 2026-08-13 22:28:45
<==        Row: 2, user, $2a$10$ov3NUrdkAHujSRdGbDZF6O9h2cjZq4Zl17fL3TA5Nhs94mE/PmH8e, 普通用户, user@example.com, null, null, 2, 1, 1, 1, 1, 2026-08-11 20:00:08, 2026-08-11 20:00:08
<==      Total: 2
Closing non transactional SqlSession [org.apache.ibatis.session.defaults.DefaultSqlSession@183b483a]
2026-08-15T12:17:07.388+08:00 DEBUG 11564 --- [iam-authorization-server] [io-9000-exec-10] o.s.a.w.OAuth2ClientAuthenticationFilter : Set SecurityContextHolder authentication to OAuth2ClientAuthenticationToken
2026-08-15T12:17:07.400+08:00  INFO 11564 --- [iam-authorization-server] [io-9000-exec-10] n.x.a.s.session.RedisSessionRegistry     : [RedisSessionRegistry] 注册会话: principal=resource-server, sessionId=6930d4cc-bbbf-4808-aa41-5a258f0f3d18
2026-08-15T12:17:19.662+08:00 DEBUG 11564 --- [iam-authorization-server] [nio-9000-exec-1] o.s.security.web.FilterChainProxy        : Securing POST /api/admin/users
JDBC Connection [com.alibaba.druid.pool.DruidStatementConnection@20b1ccc3] will not be managed by Spring
==>  Preparing: SELECT id,username,password,nickname,email,phone,avatar,identity_type,enabled,account_non_expired,account_non_locked,credentials_non_expired,create_time,update_time FROM sys_user WHERE (username = ?)
==> Parameters: admin(String)
<==    Columns: id, username, password, nickname, email, phone, avatar, identity_type, enabled, account_non_expired, account_non_locked, credentials_non_expired, create_time, update_time
<==        Row: 1, admin, $2a$10$ov3NUrdkAHujSRdGbDZF6O9h2cjZq4Zl17fL3TA5Nhs94mE/PmH8e, 管理员, admin@example.com, null, null, 1, 1, 1, 1, 1, 2026-08-11 20:00:08, 2026-08-13 22:28:45
<==      Total: 1
2026-08-15T12:17:19.672+08:00 DEBUG 11564 --- [iam-authorization-server] [nio-9000-exec-1] n.x.a.s.t.RedisOpaqueTokenIntrospector   : Opaque token introspect success, sub=admin, scope=[read, openid, profile, write]
2026-08-15T12:17:19.673+08:00 DEBUG 11564 --- [iam-authorization-server] [nio-9000-exec-1] .s.r.a.OpaqueTokenAuthenticationProvider : Authenticated token
2026-08-15T12:17:19.673+08:00 DEBUG 11564 --- [iam-authorization-server] [nio-9000-exec-1] .s.r.w.a.BearerTokenAuthenticationFilter : Set SecurityContextHolder to BearerTokenAuthentication [Principal=net.xzh.authserver.security.token.RedisOpaqueTokenIntrospector$OpaquePrincipal@2773c596, Credentials=[PROTECTED], Authenticated=true, Details=WebAuthenticationDetails [RemoteIpAddress=127.0.0.1, SessionId=null], Granted Authorities=[ROLE_ADMIN]]
2026-08-15T12:17:19.674+08:00 DEBUG 11564 --- [iam-authorization-server] [nio-9000-exec-1] o.s.security.web.FilterChainProxy        : Secured POST /api/admin/users
JDBC Connection [com.alibaba.druid.pool.DruidStatementConnection@20b1ccc3] will be managed by Spring
==>  Preparing: SELECT id,username,password,nickname,email,phone,avatar,identity_type,enabled,account_non_expired,account_non_locked,credentials_non_expired,create_time,update_time FROM sys_user WHERE (username = ?)
==> Parameters: xuchaoguo(String)
<==      Total: 0
Creating a new SqlSession
Registering transaction synchronization for SqlSession [org.apache.ibatis.session.defaults.DefaultSqlSession@658ed95b]
JDBC Connection [com.alibaba.druid.pool.DruidStatementConnection@20b1ccc3] will be managed by Spring
==>  Preparing: INSERT INTO sys_user ( username, password, nickname, email, phone, identity_type, enabled, account_non_expired, account_non_locked, credentials_non_expired, create_time, update_time ) VALUES ( ?, ?, ?, ?, ?, ?, ?, ?, ?, ?, ?, ? )
==> Parameters: xuchaoguo(String), $2a$10$HpRl3.T4zs3uS6IpepwvauNgH3XGXV7FaQ/uDLv7xGtsGGw5fNLDK(String), (String), (String), (String), 1(Integer), true(Boolean), true(Boolean), true(Boolean), true(Boolean), 2026-08-15T12:17:19.852850400(LocalDateTime), 2026-08-15T12:17:19.852850400(LocalDateTime)
<==    Updates: 1
Releasing transactional SqlSession [org.apache.ibatis.session.defaults.DefaultSqlSession@658ed95b]
2026-08-15T12:17:19.922+08:00  INFO 11564 --- [iam-authorization-server] [nio-9000-exec-1] net.xzh.authserver.service.UserService   : 新增用户 username=xuchaoguo
Transaction synchronization committing SqlSession [org.apache.ibatis.session.defaults.DefaultSqlSession@658ed95b]
Transaction synchronization deregistering SqlSession [org.apache.ibatis.session.defaults.DefaultSqlSession@658ed95b]
Transaction synchronization closing SqlSession [org.apache.ibatis.session.defaults.DefaultSqlSession@658ed95b]
2026-08-15T12:17:19.963+08:00 DEBUG 11564 --- [iam-authorization-server] [nio-9000-exec-3] o.s.security.web.FilterChainProxy        : Securing GET /api/admin/users
JDBC Connection [com.alibaba.druid.pool.DruidStatementConnection@20b1ccc3] will not be managed by Spring
==>  Preparing: SELECT id,username,password,nickname,email,phone,avatar,identity_type,enabled,account_non_expired,account_non_locked,credentials_non_expired,create_time,update_time FROM sys_user WHERE (username = ?)
==> Parameters: admin(String)
<==    Columns: id, username, password, nickname, email, phone, avatar, identity_type, enabled, account_non_expired, account_non_locked, credentials_non_expired, create_time, update_time
<==        Row: 1, admin, $2a$10$ov3NUrdkAHujSRdGbDZF6O9h2cjZq4Zl17fL3TA5Nhs94mE/PmH8e, 管理员, admin@example.com, null, null, 1, 1, 1, 1, 1, 2026-08-11 20:00:08, 2026-08-13 22:28:45
<==      Total: 1
2026-08-15T12:17:19.979+08:00 DEBUG 11564 --- [iam-authorization-server] [nio-9000-exec-3] n.x.a.s.t.RedisOpaqueTokenIntrospector   : Opaque token introspect success, sub=admin, scope=[read, openid, profile, write]
2026-08-15T12:17:19.979+08:00 DEBUG 11564 --- [iam-authorization-server] [nio-9000-exec-3] .s.r.a.OpaqueTokenAuthenticationProvider : Authenticated token
2026-08-15T12:17:19.980+08:00 DEBUG 11564 --- [iam-authorization-server] [nio-9000-exec-3] .s.r.w.a.BearerTokenAuthenticationFilter : Set SecurityContextHolder to BearerTokenAuthentication [Principal=net.xzh.authserver.security.token.RedisOpaqueTokenIntrospector$OpaquePrincipal@844b8df, Credentials=[PROTECTED], Authenticated=true, Details=WebAuthenticationDetails [RemoteIpAddress=127.0.0.1, SessionId=null], Granted Authorities=[ROLE_ADMIN]]
2026-08-15T12:17:19.980+08:00 DEBUG 11564 --- [iam-authorization-server] [nio-9000-exec-3] o.s.security.web.FilterChainProxy        : Secured GET /api/admin/users
Creating a new SqlSession
SqlSession [org.apache.ibatis.session.defaults.DefaultSqlSession@541af870] was not registered for synchronization because synchronization is not active
JDBC Connection [com.alibaba.druid.pool.DruidStatementConnection@20b1ccc3] will not be managed by Spring
==>  Preparing: SELECT id,username,password,nickname,email,phone,avatar,identity_type,enabled,account_non_expired,account_non_locked,credentials_non_expired,create_time,update_time FROM sys_user
==> Parameters: 
<==    Columns: id, username, password, nickname, email, phone, avatar, identity_type, enabled, account_non_expired, account_non_locked, credentials_non_expired, create_time, update_time
<==        Row: 1, admin, $2a$10$ov3NUrdkAHujSRdGbDZF6O9h2cjZq4Zl17fL3TA5Nhs94mE/PmH8e, 管理员, admin@example.com, null, null, 1, 1, 1, 1, 1, 2026-08-11 20:00:08, 2026-08-13 22:28:45
<==        Row: 2, user, $2a$10$ov3NUrdkAHujSRdGbDZF6O9h2cjZq4Zl17fL3TA5Nhs94mE/PmH8e, 普通用户, user@example.com, null, null, 2, 1, 1, 1, 1, 2026-08-11 20:00:08, 2026-08-11 20:00:08
<==        Row: 4, xuchaoguo, $2a$10$HpRl3.T4zs3uS6IpepwvauNgH3XGXV7FaQ/uDLv7xGtsGGw5fNLDK, , , , null, 1, 1, 1, 1, 1, 2026-08-15 12:17:20, 2026-08-15 12:17:20
<==      Total: 3
Closing non transactional SqlSession [org.apache.ibatis.session.defaults.DefaultSqlSession@541af870]
2026-08-15T12:17:22.864+08:00 DEBUG 11564 --- [iam-authorization-server] [nio-9000-exec-5] o.s.security.web.FilterChainProxy        : Securing GET /oauth2/authorize?response_type=code&client_id=admin-app&scope=openid%20profile%20read%20write&state=wz47q456oDvDbIcmgRriItnckJxYDvH0tq2QteT2aiY%3D&redirect_uri=http://localhost:8085/login/oauth2/code/admin-app&nonce=rEfNsfUDMpxZYbmW7lKTY7Xv4NYFfFf7KH_JOQhZryE
Creating a new SqlSession
SqlSession [org.apache.ibatis.session.defaults.DefaultSqlSession@79a387c6] was not registered for synchronization because synchronization is not active
JDBC Connection [com.alibaba.druid.pool.DruidStatementConnection@20b1ccc3] will not be managed by Spring
==>  Preparing: SELECT * FROM oauth2_authorization_consent WHERE registered_client_id = ? AND principal_name = ? LIMIT 1
==> Parameters: 2(String), admin(String)
<==      Total: 0
Closing non transactional SqlSession [org.apache.ibatis.session.defaults.DefaultSqlSession@79a387c6]
Creating a new SqlSession
SqlSession [org.apache.ibatis.session.defaults.DefaultSqlSession@16bc813d] was not registered for synchronization because synchronization is not active
JDBC Connection [com.alibaba.druid.pool.DruidStatementConnection@20b1ccc3] will not be managed by Spring
==>  Preparing: SELECT * FROM oauth2_registered_client WHERE client_id = ? LIMIT 1
==> Parameters: admin(String)
<==      Total: 0
Closing non transactional SqlSession [org.apache.ibatis.session.defaults.DefaultSqlSession@16bc813d]
2026-08-15T12:17:22.890+08:00 DEBUG 11564 --- [iam-authorization-server] [nio-9000-exec-5] .x.a.s.r.RedisOAuth2AuthorizationService : OAuth2Authorization saved to Redis, id=57d7cf0c-8afa-402f-803e-add43565622e, user=admin
2026-08-15T12:17:22.894+08:00 DEBUG 11564 --- [iam-authorization-server] [nio-9000-exec-5] o.s.s.web.DefaultRedirectStrategy        : Redirecting to http://localhost:8085/login/oauth2/code/admin-app?code=4qH0zK8_-Vxl0nGdQ4FXMHOlAmK15HtCovCeKQ0YaAf3AIRUJjExQpVRDL7vTbsJrANuTHEv_XlqDCIRLxXeA_y5zuQoo36Gn0Hdd4Y9-aS8PpK7JxOSj-jGQ8WGbUP6&state=wz47q456oDvDbIcmgRriItnckJxYDvH0tq2QteT2aiY%3D
2026-08-15T12:17:22.905+08:00 DEBUG 11564 --- [iam-authorization-server] [nio-9000-exec-4] o.s.security.web.FilterChainProxy        : Securing POST /oauth2/token
2026-08-15T12:17:23.030+08:00 DEBUG 11564 --- [iam-authorization-server] [nio-9000-exec-4] o.s.a.w.OAuth2ClientAuthenticationFilter : Set SecurityContextHolder authentication to OAuth2ClientAuthenticationToken
2026-08-15T12:17:23.077+08:00  INFO 11564 --- [iam-authorization-server] [nio-9000-exec-4] n.x.a.s.session.RedisSessionRegistry     : [RedisSessionRegistry] 注册会话: principal=admin-app, sessionId=ff7edeb4-222b-4e30-b1ff-1e9ff0018266
Creating a new SqlSession
SqlSession [org.apache.ibatis.session.defaults.DefaultSqlSession@24a37a75] was not registered for synchronization because synchronization is not active
JDBC Connection [com.alibaba.druid.pool.DruidStatementConnection@20b1ccc3] will not be managed by Spring
==>  Preparing: SELECT * FROM oauth2_registered_client WHERE client_id = ? LIMIT 1
==> Parameters: admin(String)
<==      Total: 0
Closing non transactional SqlSession [org.apache.ibatis.session.defaults.DefaultSqlSession@24a37a75]
2026-08-15T12:17:23.110+08:00 DEBUG 11564 --- [iam-authorization-server] [nio-9000-exec-4] .x.a.s.r.RedisOAuth2AuthorizationService : OAuth2Authorization saved to Redis, id=57d7cf0c-8afa-402f-803e-add43565622e, user=admin
2026-08-15T12:17:23.115+08:00 DEBUG 11564 --- [iam-authorization-server] [nio-9000-exec-4] n.x.a.s.web.ActiveClientTrackingFilter   : [ActiveClientTracking] 响应已提交, 跳过 session 写入 clientId=admin-app
2026-08-15T12:17:23.118+08:00 DEBUG 11564 --- [iam-authorization-server] [nio-9000-exec-2] o.s.security.web.FilterChainProxy        : Securing GET /oauth2/jwks
JDBC Connection [com.alibaba.druid.pool.DruidStatementConnection@20b1ccc3] will not be managed by Spring
==>  Preparing: SELECT id,username,password,nickname,email,phone,avatar,identity_type,enabled,account_non_expired,account_non_locked,credentials_non_expired,create_time,update_time FROM sys_user WHERE (username = ?)
==> Parameters: admin(String)
<==    Columns: id, username, password, nickname, email, phone, avatar, identity_type, enabled, account_non_expired, account_non_locked, credentials_non_expired, create_time, update_time
<==        Row: 1, admin, $2a$10$ov3NUrdkAHujSRdGbDZF6O9h2cjZq4Zl17fL3TA5Nhs94mE/PmH8e, 管理员, admin@example.com, null, null, 1, 1, 1, 1, 1, 2026-08-11 20:00:08, 2026-08-13 22:28:45
<==      Total: 1
2026-08-15T12:17:23.135+08:00 DEBUG 11564 --- [iam-authorization-server] [nio-9000-exec-6] n.x.a.s.t.RedisOpaqueTokenIntrospector   : Opaque token introspect success, sub=admin, scope=[read, openid, profile, write]
2026-08-15T12:17:34.360+08:00 DEBUG 11564 --- [iam-authorization-server] [nio-9000-exec-8] o.s.security.web.FilterChainProxy        : Securing GET /oauth2/authorize?response_type=code&client_id=admin-app&scope=openid%20profile%20read%20write&state=DmVjjFXA__8h9v-d1CIRHLklq9QFK8gCO2wCDYqZ6Mw%3D&redirect_uri=http://localhost:8085/login/oauth2/code/admin-app&nonce=kXZsEfWqSSzK6xJrzdcYP5fwAbzfQY7lzRB5sCg2v_Y
2026-08-15T12:17:34.401+08:00 DEBUG 11564 --- [iam-authorization-server] [nio-9000-exec-8] o.s.s.w.a.AnonymousAuthenticationFilter  : Set SecurityContextHolder to anonymous SecurityContext
2026-08-15T12:17:34.403+08:00 DEBUG 11564 --- [iam-authorization-server] [nio-9000-exec-8] o.s.s.w.s.HttpSessionRequestCache        : Saved request http://localhost:9000/oauth2/authorize?response_type=code&client_id=admin-app&scope=openid%20profile%20read%20write&state=DmVjjFXA__8h9v-d1CIRHLklq9QFK8gCO2wCDYqZ6Mw%3D&redirect_uri=http://localhost:8085/login/oauth2/code/admin-app&nonce=kXZsEfWqSSzK6xJrzdcYP5fwAbzfQY7lzRB5sCg2v_Y&continue to session
2026-08-15T12:17:34.404+08:00 DEBUG 11564 --- [iam-authorization-server] [nio-9000-exec-8] s.w.a.DelegatingAuthenticationEntryPoint : Trying to match using MediaTypeRequestMatcher [contentNegotiationStrategy=org.springframework.web.accept.HeaderContentNegotiationStrategy@41b1297d, matchingMediaTypes=[text/html], useEquals=false, ignoredMediaTypes=[]]
2026-08-15T12:17:34.404+08:00 DEBUG 11564 --- [iam-authorization-server] [nio-9000-exec-8] s.w.a.DelegatingAuthenticationEntryPoint : Match found! Executing org.springframework.security.web.authentication.LoginUrlAuthenticationEntryPoint@66a1b96d
2026-08-15T12:17:34.405+08:00 DEBUG 11564 --- [iam-authorization-server] [nio-9000-exec-8] o.s.s.web.DefaultRedirectStrategy        : Redirecting to http://localhost:9000/login.html
2026-08-15T12:17:34.413+08:00 DEBUG 11564 --- [iam-authorization-server] [nio-9000-exec-9] o.s.security.web.FilterChainProxy        : Securing GET /login.html
2026-08-15T12:17:34.419+08:00 DEBUG 11564 --- [iam-authorization-server] [nio-9000-exec-9] o.s.s.w.a.AnonymousAuthenticationFilter  : Set SecurityContextHolder to anonymous SecurityContext
2026-08-15T12:17:34.420+08:00 DEBUG 11564 --- [iam-authorization-server] [nio-9000-exec-9] o.s.security.web.FilterChainProxy        : Secured GET /login.html
2026-08-15T12:17:42.159+08:00 DEBUG 11564 --- [iam-authorization-server] [io-9000-exec-10] o.s.security.web.FilterChainProxy        : Securing POST /login
JDBC Connection [com.alibaba.druid.pool.DruidStatementConnection@20b1ccc3] will not be managed by Spring
==>  Preparing: SELECT id,username,password,nickname,email,phone,avatar,identity_type,enabled,account_non_expired,account_non_locked,credentials_non_expired,create_time,update_time FROM sys_user WHERE (username = ?)
==> Parameters: xuchaoguo(String)
<==    Columns: id, username, password, nickname, email, phone, avatar, identity_type, enabled, account_non_expired, account_non_locked, credentials_non_expired, create_time, update_time
<==        Row: 4, xuchaoguo, $2a$10$HpRl3.T4zs3uS6IpepwvauNgH3XGXV7FaQ/uDLv7xGtsGGw5fNLDK, , , , null, 1, 1, 1, 1, 1, 2026-08-15 12:17:20, 2026-08-15 12:17:20
<==      Total: 1
2026-08-15T12:17:42.323+08:00 DEBUG 11564 --- [iam-authorization-server] [io-9000-exec-10] o.s.s.a.dao.DaoAuthenticationProvider    : Authenticated user
2026-08-15T12:17:42.326+08:00 DEBUG 11564 --- [iam-authorization-server] [io-9000-exec-10] .s.ChangeSessionIdAuthenticationStrategy : Changed session id from 98ba4905-d40d-4fbf-a33a-7207c47bd4b0
2026-08-15T12:17:42.336+08:00  INFO 11564 --- [iam-authorization-server] [io-9000-exec-10] n.x.a.s.session.RedisSessionRegistry     : [RedisSessionRegistry] 注册会话: principal=xuchaoguo, sessionId=9c5e965e-584e-4131-bd77-3bb19080e887
2026-08-15T12:17:42.336+08:00 DEBUG 11564 --- [iam-authorization-server] [io-9000-exec-10] w.a.UsernamePasswordAuthenticationFilter : Set SecurityContextHolder to UsernamePasswordAuthenticationToken [Principal=org.springframework.security.core.userdetails.User [Username=xuchaoguo, Password=[PROTECTED], Enabled=true, AccountNonExpired=true, CredentialsNonExpired=true, AccountNonLocked=true, Granted Authorities=[ROLE_ADMIN]], Credentials=[PROTECTED], Authenticated=true, Details=WebAuthenticationDetails [RemoteIpAddress=0:0:0:0:0:0:0:1, SessionId=98ba4905-d40d-4fbf-a33a-7207c47bd4b0], Granted Authorities=[ROLE_ADMIN]]
2026-08-15T12:17:42.337+08:00 DEBUG 11564 --- [iam-authorization-server] [io-9000-exec-10] o.s.s.web.DefaultRedirectStrategy        : Redirecting to http://localhost:9000/oauth2/authorize?response_type=code&client_id=admin-app&scope=openid%20profile%20read%20write&state=DmVjjFXA__8h9v-d1CIRHLklq9QFK8gCO2wCDYqZ6Mw%3D&redirect_uri=http://localhost:8085/login/oauth2/code/admin-app&nonce=kXZsEfWqSSzK6xJrzdcYP5fwAbzfQY7lzRB5sCg2v_Y&continue
2026-08-15T12:17:42.348+08:00 DEBUG 11564 --- [iam-authorization-server] [nio-9000-exec-1] o.s.security.web.FilterChainProxy        : Securing GET /oauth2/authorize?response_type=code&client_id=admin-app&scope=openid%20profile%20read%20write&state=DmVjjFXA__8h9v-d1CIRHLklq9QFK8gCO2wCDYqZ6Mw%3D&redirect_uri=http://localhost:8085/login/oauth2/code/admin-app&nonce=kXZsEfWqSSzK6xJrzdcYP5fwAbzfQY7lzRB5sCg2v_Y&continue
Creating a new SqlSession
SqlSession [org.apache.ibatis.session.defaults.DefaultSqlSession@39b7b489] was not registered for synchronization because synchronization is not active
JDBC Connection [com.alibaba.druid.pool.DruidStatementConnection@20b1ccc3] will not be managed by Spring
==>  Preparing: SELECT * FROM oauth2_authorization_consent WHERE registered_client_id = ? AND principal_name = ? LIMIT 1
==> Parameters: 2(String), xuchaoguo(String)
<==      Total: 0
Closing non transactional SqlSession [org.apache.ibatis.session.defaults.DefaultSqlSession@39b7b489]
Creating a new SqlSession
SqlSession [org.apache.ibatis.session.defaults.DefaultSqlSession@5b60abe8] was not registered for synchronization because synchronization is not active
JDBC Connection [com.alibaba.druid.pool.DruidStatementConnection@20b1ccc3] will not be managed by Spring
==>  Preparing: SELECT * FROM oauth2_registered_client WHERE client_id = ? LIMIT 1
==> Parameters: xuchaoguo(String)
<==      Total: 0
Closing non transactional SqlSession [org.apache.ibatis.session.defaults.DefaultSqlSession@5b60abe8]
2026-08-15T12:17:42.375+08:00 DEBUG 11564 --- [iam-authorization-server] [nio-9000-exec-1] .x.a.s.r.RedisOAuth2AuthorizationService : OAuth2Authorization saved to Redis, id=07ffff4b-4825-4027-a41c-69d780c0aef9, user=xuchaoguo
2026-08-15T12:17:42.379+08:00 DEBUG 11564 --- [iam-authorization-server] [nio-9000-exec-1] o.s.s.web.DefaultRedirectStrategy        : Redirecting to http://localhost:8085/login/oauth2/code/admin-app?code=shBHAY5MV_VYqu4zxjHQUCGQSGHjglsxuGS3FHPR3k2i5oXnlOHVOrdj467E4qZDbUKkjF5qLjFLY3mSzLPFBv2RGpT3_d5qp1nFamkVEqoxyEAiMNqumrNNqKxpPSpf&state=DmVjjFXA__8h9v-d1CIRHLklq9QFK8gCO2wCDYqZ6Mw%3D
2026-08-15T12:17:42.398+08:00 DEBUG 11564 --- [iam-authorization-server] [nio-9000-exec-3] o.s.security.web.FilterChainProxy        : Securing POST /oauth2/token
2026-08-15T12:17:42.605+08:00 DEBUG 11564 --- [iam-authorization-server] [nio-9000-exec-3] o.s.a.w.OAuth2ClientAuthenticationFilter : Set SecurityContextHolder authentication to OAuth2ClientAuthenticationToken
2026-08-15T12:17:42.653+08:00  INFO 11564 --- [iam-authorization-server] [nio-9000-exec-3] n.x.a.s.session.RedisSessionRegistry     : [RedisSessionRegistry] 注册会话: principal=admin-app, sessionId=03347472-12d6-4cfb-b85e-268b6b7126d7
Creating a new SqlSession
SqlSession [org.apache.ibatis.session.defaults.DefaultSqlSession@69ebe1eb] was not registered for synchronization because synchronization is not active
JDBC Connection [com.alibaba.druid.pool.DruidStatementConnection@20b1ccc3] will not be managed by Spring
==>  Preparing: SELECT * FROM oauth2_registered_client WHERE client_id = ? LIMIT 1
==> Parameters: xuchaoguo(String)
<==      Total: 0
Closing non transactional SqlSession [org.apache.ibatis.session.defaults.DefaultSqlSession@69ebe1eb]
2026-08-15T12:17:42.717+08:00 DEBUG 11564 --- [iam-authorization-server] [nio-9000-exec-3] .x.a.s.r.RedisOAuth2AuthorizationService : OAuth2Authorization saved to Redis, id=07ffff4b-4825-4027-a41c-69d780c0aef9, user=xuchaoguo
2026-08-15T12:17:42.721+08:00 DEBUG 11564 --- [iam-authorization-server] [nio-9000-exec-3] n.x.a.s.web.ActiveClientTrackingFilter   : [ActiveClientTracking] 响应已提交, 跳过 session 写入 clientId=admin-app
JDBC Connection [com.alibaba.druid.pool.DruidStatementConnection@20b1ccc3] will not be managed by Spring
==>  Preparing: SELECT id,username,password,nickname,email,phone,avatar,identity_type,enabled,account_non_expired,account_non_locked,credentials_non_expired,create_time,update_time FROM sys_user WHERE (username = ?)
==> Parameters: xuchaoguo(String)
<==    Columns: id, username, password, nickname, email, phone, avatar, identity_type, enabled, account_non_expired, account_non_locked, credentials_non_expired, create_time, update_time
<==        Row: 4, xuchaoguo, $2a$10$HpRl3.T4zs3uS6IpepwvauNgH3XGXV7FaQ/uDLv7xGtsGGw5fNLDK, , , , null, 1, 1, 1, 1, 1, 2026-08-15 12:17:20, 2026-08-15 12:17:20
<==      Total: 1
2026-08-15T12:17:42.745+08:00 DEBUG 11564 --- [iam-authorization-server] [nio-9000-exec-5] n.x.a.s.t.RedisOpaqueTokenIntrospector   : Opaque token introspect success, sub=xuchaoguo, scope=[read, openid, profile, write]
2026-08-15T12:20:07.136+08:00 DEBUG 11564 --- [iam-authorization-server] [nio-9000-exec-8] o.s.security.web.FilterChainProxy        : Securing GET /.well-known/openid-configuration
2026-08-15T12:23:16.396+08:00 DEBUG 11564 --- [iam-authorization-server] [io-9000-exec-10] o.s.security.web.FilterChainProxy        : Securing GET /.well-known/openid-configuration
2026-08-15T12:48:31.274+08:00 DEBUG 11564 --- [iam-authorization-server] [nio-9000-exec-4] o.s.security.web.FilterChainProxy        : Securing GET /logout?post_logout_redirect_uri=http://localhost:8001/logged-out
2026-08-15T12:48:31.275+08:00 DEBUG 11564 --- [iam-authorization-server] [nio-9000-exec-4] o.s.s.w.a.AnonymousAuthenticationFilter  : Set SecurityContextHolder to anonymous SecurityContext
2026-08-15T12:48:31.276+08:00 DEBUG 11564 --- [iam-authorization-server] [nio-9000-exec-4] o.s.security.web.FilterChainProxy        : Secured GET /logout?post_logout_redirect_uri=http://localhost:8001/logged-out
2026-08-15T12:48:31.276+08:00  INFO 11564 --- [iam-authorization-server] [nio-9000-exec-4] n.x.a.controller.auth.LogoutController   : [LogoutController] 用户 未知 已登出, SSO 会话已清除
2026-08-15T12:48:31.306+08:00 DEBUG 11564 --- [iam-authorization-server] [nio-9000-exec-2] o.s.security.web.FilterChainProxy        : Securing GET /logout
2026-08-15T12:48:31.306+08:00 DEBUG 11564 --- [iam-authorization-server] [nio-9000-exec-2] o.s.s.w.a.AnonymousAuthenticationFilter  : Set SecurityContextHolder to anonymous SecurityContext
2026-08-15T12:48:31.307+08:00 DEBUG 11564 --- [iam-authorization-server] [nio-9000-exec-2] o.s.security.web.FilterChainProxy        : Secured GET /logout
2026-08-15T12:48:31.307+08:00  INFO 11564 --- [iam-authorization-server] [nio-9000-exec-2] n.x.a.controller.auth.LogoutController   : [LogoutController] 用户 未知 已登出, SSO 会话已清除
2026-08-15T12:48:35.622+08:00 DEBUG 11564 --- [iam-authorization-server] [nio-9000-exec-7] o.s.security.web.FilterChainProxy        : Securing GET /oauth2/authorize?response_type=code&client_id=admin-app&scope=openid%20profile%20read%20write&state=KE7ADEIDCr4zaAqNcDgdqQbmhODX587xL00KMJGJExE%3D&redirect_uri=http://localhost:8085/login/oauth2/code/admin-app&nonce=7E9cYR6ulVS0ld68D3q0avJLXlc1La-yYXmsE2-Sd8w
2026-08-15T12:48:35.624+08:00 DEBUG 11564 --- [iam-authorization-server] [nio-9000-exec-7] o.s.s.w.a.AnonymousAuthenticationFilter  : Set SecurityContextHolder to anonymous SecurityContext
2026-08-15T12:48:35.624+08:00 DEBUG 11564 --- [iam-authorization-server] [nio-9000-exec-7] o.s.s.w.session.SessionManagementFilter  : Request requested invalid session id baa28ba8-0c81-4d40-b33f-6d905075161d
2026-08-15T12:48:35.625+08:00 DEBUG 11564 --- [iam-authorization-server] [nio-9000-exec-7] o.s.s.w.s.HttpSessionRequestCache        : Saved request http://localhost:9000/oauth2/authorize?response_type=code&client_id=admin-app&scope=openid%20profile%20read%20write&state=KE7ADEIDCr4zaAqNcDgdqQbmhODX587xL00KMJGJExE%3D&redirect_uri=http://localhost:8085/login/oauth2/code/admin-app&nonce=7E9cYR6ulVS0ld68D3q0avJLXlc1La-yYXmsE2-Sd8w&continue to session
2026-08-15T12:48:35.625+08:00 DEBUG 11564 --- [iam-authorization-server] [nio-9000-exec-7] s.w.a.DelegatingAuthenticationEntryPoint : Trying to match using MediaTypeRequestMatcher [contentNegotiationStrategy=org.springframework.web.accept.HeaderContentNegotiationStrategy@41b1297d, matchingMediaTypes=[text/html], useEquals=false, ignoredMediaTypes=[]]
2026-08-15T12:48:35.625+08:00 DEBUG 11564 --- [iam-authorization-server] [nio-9000-exec-7] s.w.a.DelegatingAuthenticationEntryPoint : Match found! Executing org.springframework.security.web.authentication.LoginUrlAuthenticationEntryPoint@66a1b96d
2026-08-15T12:48:35.625+08:00 DEBUG 11564 --- [iam-authorization-server] [nio-9000-exec-7] o.s.s.web.DefaultRedirectStrategy        : Redirecting to http://localhost:9000/login.html
2026-08-15T12:48:35.631+08:00 DEBUG 11564 --- [iam-authorization-server] [nio-9000-exec-8] o.s.security.web.FilterChainProxy        : Securing GET /login.html
2026-08-15T12:48:35.635+08:00 DEBUG 11564 --- [iam-authorization-server] [nio-9000-exec-8] o.s.s.w.a.AnonymousAuthenticationFilter  : Set SecurityContextHolder to anonymous SecurityContext
2026-08-15T12:48:35.636+08:00 DEBUG 11564 --- [iam-authorization-server] [nio-9000-exec-8] o.s.security.web.FilterChainProxy        : Secured GET /login.html
2026-08-15T12:48:38.338+08:00 DEBUG 11564 --- [iam-authorization-server] [nio-9000-exec-9] o.s.security.web.FilterChainProxy        : Securing POST /login
JDBC Connection [com.alibaba.druid.pool.DruidStatementConnection@4ff1ad3a] will not be managed by Spring
==>  Preparing: SELECT id,username,password,nickname,email,phone,avatar,identity_type,enabled,account_non_expired,account_non_locked,credentials_non_expired,create_time,update_time FROM sys_user WHERE (username = ?)
==> Parameters: admin(String)
<==    Columns: id, username, password, nickname, email, phone, avatar, identity_type, enabled, account_non_expired, account_non_locked, credentials_non_expired, create_time, update_time
<==        Row: 1, admin, $2a$10$ov3NUrdkAHujSRdGbDZF6O9h2cjZq4Zl17fL3TA5Nhs94mE/PmH8e, 管理员, admin@example.com, null, null, 1, 1, 1, 1, 1, 2026-08-11 20:00:08, 2026-08-13 22:28:45
<==      Total: 1
2026-08-15T12:48:42.939+08:00 DEBUG 11564 --- [iam-authorization-server] [nio-9000-exec-9] o.s.s.a.dao.DaoAuthenticationProvider    : Authenticated user
2026-08-15T12:48:42.940+08:00 DEBUG 11564 --- [iam-authorization-server] [nio-9000-exec-9] .s.ChangeSessionIdAuthenticationStrategy : Changed session id from 24d1e830-bf64-4f90-ac31-eded62c22bc3
2026-08-15T12:48:42.943+08:00  INFO 11564 --- [iam-authorization-server] [nio-9000-exec-9] n.x.a.s.session.RedisSessionRegistry     : [RedisSessionRegistry] 注册会话: principal=admin, sessionId=476ca89f-d1ef-492e-8abe-101d2e92e099
2026-08-15T12:48:42.943+08:00 DEBUG 11564 --- [iam-authorization-server] [nio-9000-exec-9] w.a.UsernamePasswordAuthenticationFilter : Set SecurityContextHolder to UsernamePasswordAuthenticationToken [Principal=org.springframework.security.core.userdetails.User [Username=admin, Password=[PROTECTED], Enabled=true, AccountNonExpired=true, CredentialsNonExpired=true, AccountNonLocked=true, Granted Authorities=[ROLE_ADMIN]], Credentials=[PROTECTED], Authenticated=true, Details=WebAuthenticationDetails [RemoteIpAddress=0:0:0:0:0:0:0:1, SessionId=24d1e830-bf64-4f90-ac31-eded62c22bc3], Granted Authorities=[ROLE_ADMIN]]
2026-08-15T12:48:42.944+08:00 DEBUG 11564 --- [iam-authorization-server] [nio-9000-exec-9] o.s.s.web.DefaultRedirectStrategy        : Redirecting to http://localhost:9000/oauth2/authorize?response_type=code&client_id=admin-app&scope=openid%20profile%20read%20write&state=KE7ADEIDCr4zaAqNcDgdqQbmhODX587xL00KMJGJExE%3D&redirect_uri=http://localhost:8085/login/oauth2/code/admin-app&nonce=7E9cYR6ulVS0ld68D3q0avJLXlc1La-yYXmsE2-Sd8w&continue
2026-08-15T12:48:42.948+08:00 DEBUG 11564 --- [iam-authorization-server] [io-9000-exec-10] o.s.security.web.FilterChainProxy        : Securing GET /oauth2/authorize?response_type=code&client_id=admin-app&scope=openid%20profile%20read%20write&state=KE7ADEIDCr4zaAqNcDgdqQbmhODX587xL00KMJGJExE%3D&redirect_uri=http://localhost:8085/login/oauth2/code/admin-app&nonce=7E9cYR6ulVS0ld68D3q0avJLXlc1La-yYXmsE2-Sd8w&continue
Creating a new SqlSession
SqlSession [org.apache.ibatis.session.defaults.DefaultSqlSession@5f55fad4] was not registered for synchronization because synchronization is not active
JDBC Connection [com.alibaba.druid.pool.DruidStatementConnection@4ff1ad3a] will not be managed by Spring
==>  Preparing: SELECT * FROM oauth2_authorization_consent WHERE registered_client_id = ? AND principal_name = ? LIMIT 1
==> Parameters: 2(String), admin(String)
<==      Total: 0
Closing non transactional SqlSession [org.apache.ibatis.session.defaults.DefaultSqlSession@5f55fad4]
Creating a new SqlSession
SqlSession [org.apache.ibatis.session.defaults.DefaultSqlSession@29eacaf3] was not registered for synchronization because synchronization is not active
JDBC Connection [com.alibaba.druid.pool.DruidStatementConnection@4ff1ad3a] will not be managed by Spring
==>  Preparing: SELECT * FROM oauth2_registered_client WHERE client_id = ? LIMIT 1
==> Parameters: admin(String)
<==      Total: 0
Closing non transactional SqlSession [org.apache.ibatis.session.defaults.DefaultSqlSession@29eacaf3]
2026-08-15T12:48:42.959+08:00 DEBUG 11564 --- [iam-authorization-server] [io-9000-exec-10] .x.a.s.r.RedisOAuth2AuthorizationService : OAuth2Authorization saved to Redis, id=84c95150-4759-4a91-be51-6875568a848f, user=admin
2026-08-15T12:48:42.961+08:00 DEBUG 11564 --- [iam-authorization-server] [io-9000-exec-10] o.s.s.web.DefaultRedirectStrategy        : Redirecting to http://localhost:8085/login/oauth2/code/admin-app?code=a0OACAxFe2LLMu3QLEHD86HvKMPG-DWhit5qnw-ASh-uDjpWYYesaC7qT6Dmq8Mdm25jvk_ZXDMkELJ7gvR3QtywlM7AFE4sylKVkZEaJoRQ6-sXplPN8IXnWAp5lfrI&state=KE7ADEIDCr4zaAqNcDgdqQbmhODX587xL00KMJGJExE%3D
2026-08-15T12:48:42.974+08:00 DEBUG 11564 --- [iam-authorization-server] [nio-9000-exec-1] o.s.security.web.FilterChainProxy        : Securing POST /oauth2/token
2026-08-15T12:48:43.051+08:00 DEBUG 11564 --- [iam-authorization-server] [nio-9000-exec-1] o.s.a.w.OAuth2ClientAuthenticationFilter : Set SecurityContextHolder authentication to OAuth2ClientAuthenticationToken
2026-08-15T12:48:43.054+08:00  INFO 11564 --- [iam-authorization-server] [nio-9000-exec-1] n.x.a.s.session.RedisSessionRegistry     : [RedisSessionRegistry] 注册会话: principal=admin-app, sessionId=70bb91e7-9ade-4666-85f8-333f6c0f31ad
Creating a new SqlSession
SqlSession [org.apache.ibatis.session.defaults.DefaultSqlSession@204fbdbf] was not registered for synchronization because synchronization is not active
JDBC Connection [com.alibaba.druid.pool.DruidStatementConnection@4ff1ad3a] will not be managed by Spring
==>  Preparing: SELECT * FROM oauth2_registered_client WHERE client_id = ? LIMIT 1
==> Parameters: admin(String)
<==      Total: 0
Closing non transactional SqlSession [org.apache.ibatis.session.defaults.DefaultSqlSession@204fbdbf]
2026-08-15T12:48:43.072+08:00 DEBUG 11564 --- [iam-authorization-server] [nio-9000-exec-1] .x.a.s.r.RedisOAuth2AuthorizationService : OAuth2Authorization saved to Redis, id=84c95150-4759-4a91-be51-6875568a848f, user=admin
2026-08-15T12:48:43.074+08:00 DEBUG 11564 --- [iam-authorization-server] [nio-9000-exec-1] n.x.a.s.web.ActiveClientTrackingFilter   : [ActiveClientTracking] 响应已提交, 跳过 session 写入 clientId=admin-app
2026-08-15T12:48:43.141+08:00 DEBUG 11564 --- [iam-authorization-server] [nio-9000-exec-3] o.s.security.web.FilterChainProxy        : Securing GET /oauth2/jwks
JDBC Connection [com.alibaba.druid.pool.DruidStatementConnection@4ff1ad3a] will not be managed by Spring
==>  Preparing: SELECT id,username,password,nickname,email,phone,avatar,identity_type,enabled,account_non_expired,account_non_locked,credentials_non_expired,create_time,update_time FROM sys_user WHERE (username = ?)
==> Parameters: admin(String)
<==    Columns: id, username, password, nickname, email, phone, avatar, identity_type, enabled, account_non_expired, account_non_locked, credentials_non_expired, create_time, update_time
<==        Row: 1, admin, $2a$10$ov3NUrdkAHujSRdGbDZF6O9h2cjZq4Zl17fL3TA5Nhs94mE/PmH8e, 管理员, admin@example.com, null, null, 1, 1, 1, 1, 1, 2026-08-11 20:00:08, 2026-08-13 22:28:45
<==      Total: 1
2026-08-15T12:48:43.165+08:00 DEBUG 11564 --- [iam-authorization-server] [nio-9000-exec-5] n.x.a.s.t.RedisOpaqueTokenIntrospector   : Opaque token introspect success, sub=admin, scope=[read, openid, profile, write]
2026-08-15T12:48:53.190+08:00 DEBUG 11564 --- [iam-authorization-server] [nio-9000-exec-4] o.s.security.web.FilterChainProxy        : Securing GET /api/admin/sessions/online
JDBC Connection [com.alibaba.druid.pool.DruidStatementConnection@4ff1ad3a] will not be managed by Spring
==>  Preparing: SELECT id,username,password,nickname,email,phone,avatar,identity_type,enabled,account_non_expired,account_non_locked,credentials_non_expired,create_time,update_time FROM sys_user WHERE (username = ?)
==> Parameters: admin(String)
<==    Columns: id, username, password, nickname, email, phone, avatar, identity_type, enabled, account_non_expired, account_non_locked, credentials_non_expired, create_time, update_time
<==        Row: 1, admin, $2a$10$ov3NUrdkAHujSRdGbDZF6O9h2cjZq4Zl17fL3TA5Nhs94mE/PmH8e, 管理员, admin@example.com, null, null, 1, 1, 1, 1, 1, 2026-08-11 20:00:08, 2026-08-13 22:28:45
<==      Total: 1
2026-08-15T12:48:53.197+08:00 DEBUG 11564 --- [iam-authorization-server] [nio-9000-exec-4] n.x.a.s.t.RedisOpaqueTokenIntrospector   : Opaque token introspect success, sub=admin, scope=[read, openid, profile, write]
2026-08-15T12:48:53.197+08:00 DEBUG 11564 --- [iam-authorization-server] [nio-9000-exec-4] .s.r.a.OpaqueTokenAuthenticationProvider : Authenticated token
2026-08-15T12:48:53.197+08:00 DEBUG 11564 --- [iam-authorization-server] [nio-9000-exec-4] .s.r.w.a.BearerTokenAuthenticationFilter : Set SecurityContextHolder to BearerTokenAuthentication [Principal=net.xzh.authserver.security.token.RedisOpaqueTokenIntrospector$OpaquePrincipal@54e9e2f4, Credentials=[PROTECTED], Authenticated=true, Details=WebAuthenticationDetails [RemoteIpAddress=127.0.0.1, SessionId=null], Granted Authorities=[ROLE_ADMIN]]
2026-08-15T12:48:53.197+08:00 DEBUG 11564 --- [iam-authorization-server] [nio-9000-exec-4] o.s.security.web.FilterChainProxy        : Secured GET /api/admin/sessions/online
JDBC Connection [com.alibaba.druid.pool.DruidStatementConnection@4ff1ad3a] will not be managed by Spring
==>  Preparing: SELECT id,username,password,nickname,email,phone,avatar,identity_type,enabled,account_non_expired,account_non_locked,credentials_non_expired,create_time,update_time FROM sys_user WHERE (username = ?)
==> Parameters: admin(String)
<==    Columns: id, username, password, nickname, email, phone, avatar, identity_type, enabled, account_non_expired, account_non_locked, credentials_non_expired, create_time, update_time
<==        Row: 1, admin, $2a$10$ov3NUrdkAHujSRdGbDZF6O9h2cjZq4Zl17fL3TA5Nhs94mE/PmH8e, 管理员, admin@example.com, null, null, 1, 1, 1, 1, 1, 2026-08-11 20:00:08, 2026-08-13 22:28:45
<==      Total: 1
JDBC Connection [com.alibaba.druid.pool.DruidStatementConnection@4ff1ad3a] will not be managed by Spring
==>  Preparing: SELECT id,username,password,nickname,email,phone,avatar,identity_type,enabled,account_non_expired,account_non_locked,credentials_non_expired,create_time,update_time FROM sys_user WHERE (username = ?)
==> Parameters: admin(String)
<==    Columns: id, username, password, nickname, email, phone, avatar, identity_type, enabled, account_non_expired, account_non_locked, credentials_non_expired, create_time, update_time
<==        Row: 1, admin, $2a$10$ov3NUrdkAHujSRdGbDZF6O9h2cjZq4Zl17fL3TA5Nhs94mE/PmH8e, 管理员, admin@example.com, null, null, 1, 1, 1, 1, 1, 2026-08-11 20:00:08, 2026-08-13 22:28:45
<==      Total: 1
JDBC Connection [com.alibaba.druid.pool.DruidStatementConnection@4ff1ad3a] will not be managed by Spring
==>  Preparing: SELECT id,username,password,nickname,email,phone,avatar,identity_type,enabled,account_non_expired,account_non_locked,credentials_non_expired,create_time,update_time FROM sys_user WHERE (username = ?)
==> Parameters: admin-app(String)
<==      Total: 0
2026-08-15T12:48:53.592+08:00 DEBUG 11564 --- [iam-authorization-server] [nio-9000-exec-4] n.x.a.service.AuthSessionService         : 跳过非用户 principal: admin-app
JDBC Connection [com.alibaba.druid.pool.DruidStatementConnection@4ff1ad3a] will not be managed by Spring
==>  Preparing: SELECT id,username,password,nickname,email,phone,avatar,identity_type,enabled,account_non_expired,account_non_locked,credentials_non_expired,create_time,update_time FROM sys_user WHERE (username = ?)
==> Parameters: xuchaoguo(String)
<==    Columns: id, username, password, nickname, email, phone, avatar, identity_type, enabled, account_non_expired, account_non_locked, credentials_non_expired, create_time, update_time
<==        Row: 4, xuchaoguo, $2a$10$HpRl3.T4zs3uS6IpepwvauNgH3XGXV7FaQ/uDLv7xGtsGGw5fNLDK, , , , null, 1, 1, 1, 1, 1, 2026-08-15 12:17:20, 2026-08-15 12:17:20
<==      Total: 1
JDBC Connection [com.alibaba.druid.pool.DruidStatementConnection@4ff1ad3a] will not be managed by Spring
==>  Preparing: SELECT id,username,password,nickname,email,phone,avatar,identity_type,enabled,account_non_expired,account_non_locked,credentials_non_expired,create_time,update_time FROM sys_user WHERE (username = ?)
==> Parameters: xuchaoguo(String)
<==    Columns: id, username, password, nickname, email, phone, avatar, identity_type, enabled, account_non_expired, account_non_locked, credentials_non_expired, create_time, update_time
<==        Row: 4, xuchaoguo, $2a$10$HpRl3.T4zs3uS6IpepwvauNgH3XGXV7FaQ/uDLv7xGtsGGw5fNLDK, , , , null, 1, 1, 1, 1, 1, 2026-08-15 12:17:20, 2026-08-15 12:17:20
<==      Total: 1
2026-08-15T12:48:59.629+08:00 DEBUG 11564 --- [iam-authorization-server] [nio-9000-exec-7] o.s.security.web.FilterChainProxy        : Securing GET /api/admin/sessions/users/1
JDBC Connection [com.alibaba.druid.pool.DruidStatementConnection@4ff1ad3a] will not be managed by Spring
==>  Preparing: SELECT id,username,password,nickname,email,phone,avatar,identity_type,enabled,account_non_expired,account_non_locked,credentials_non_expired,create_time,update_time FROM sys_user WHERE (username = ?)
==> Parameters: admin(String)
<==    Columns: id, username, password, nickname, email, phone, avatar, identity_type, enabled, account_non_expired, account_non_locked, credentials_non_expired, create_time, update_time
<==        Row: 1, admin, $2a$10$ov3NUrdkAHujSRdGbDZF6O9h2cjZq4Zl17fL3TA5Nhs94mE/PmH8e, 管理员, admin@example.com, null, null, 1, 1, 1, 1, 1, 2026-08-11 20:00:08, 2026-08-13 22:28:45
<==      Total: 1
2026-08-15T12:48:59.636+08:00 DEBUG 11564 --- [iam-authorization-server] [nio-9000-exec-7] n.x.a.s.t.RedisOpaqueTokenIntrospector   : Opaque token introspect success, sub=admin, scope=[read, openid, profile, write]
2026-08-15T12:48:59.637+08:00 DEBUG 11564 --- [iam-authorization-server] [nio-9000-exec-7] .s.r.a.OpaqueTokenAuthenticationProvider : Authenticated token
2026-08-15T12:48:59.637+08:00 DEBUG 11564 --- [iam-authorization-server] [nio-9000-exec-7] .s.r.w.a.BearerTokenAuthenticationFilter : Set SecurityContextHolder to BearerTokenAuthentication [Principal=net.xzh.authserver.security.token.RedisOpaqueTokenIntrospector$OpaquePrincipal@1fce64c7, Credentials=[PROTECTED], Authenticated=true, Details=WebAuthenticationDetails [RemoteIpAddress=127.0.0.1, SessionId=null], Granted Authorities=[ROLE_ADMIN]]
2026-08-15T12:48:59.637+08:00 DEBUG 11564 --- [iam-authorization-server] [nio-9000-exec-7] o.s.security.web.FilterChainProxy        : Secured GET /api/admin/sessions/users/1
Creating a new SqlSession
SqlSession [org.apache.ibatis.session.defaults.DefaultSqlSession@4b44eb56] was not registered for synchronization because synchronization is not active
JDBC Connection [com.alibaba.druid.pool.DruidStatementConnection@4ff1ad3a] will not be managed by Spring
==>  Preparing: SELECT id,username,password,nickname,email,phone,avatar,identity_type,enabled,account_non_expired,account_non_locked,credentials_non_expired,create_time,update_time FROM sys_user WHERE id=?
==> Parameters: 1(Long)
<==    Columns: id, username, password, nickname, email, phone, avatar, identity_type, enabled, account_non_expired, account_non_locked, credentials_non_expired, create_time, update_time
<==        Row: 1, admin, $2a$10$ov3NUrdkAHujSRdGbDZF6O9h2cjZq4Zl17fL3TA5Nhs94mE/PmH8e, 管理员, admin@example.com, null, null, 1, 1, 1, 1, 1, 2026-08-11 20:00:08, 2026-08-13 22:28:45
<==      Total: 1
Closing non transactional SqlSession [org.apache.ibatis.session.defaults.DefaultSqlSession@4b44eb56]
JDBC Connection [com.alibaba.druid.pool.DruidStatementConnection@4ff1ad3a] will not be managed by Spring
==>  Preparing: SELECT id,username,password,nickname,email,phone,avatar,identity_type,enabled,account_non_expired,account_non_locked,credentials_non_expired,create_time,update_time FROM sys_user WHERE (username = ?)
==> Parameters: admin(String)
<==    Columns: id, username, password, nickname, email, phone, avatar, identity_type, enabled, account_non_expired, account_non_locked, credentials_non_expired, create_time, update_time
<==        Row: 1, admin, $2a$10$ov3NUrdkAHujSRdGbDZF6O9h2cjZq4Zl17fL3TA5Nhs94mE/PmH8e, 管理员, admin@example.com, null, null, 1, 1, 1, 1, 1, 2026-08-11 20:00:08, 2026-08-13 22:28:45
<==      Total: 1
2026-08-15T12:49:09.387+08:00 DEBUG 11564 --- [iam-authorization-server] [nio-9000-exec-8] o.s.security.web.FilterChainProxy        : Securing GET /api/admin/sessions/users/4
JDBC Connection [com.alibaba.druid.pool.DruidStatementConnection@4ff1ad3a] will not be managed by Spring
==>  Preparing: SELECT id,username,password,nickname,email,phone,avatar,identity_type,enabled,account_non_expired,account_non_locked,credentials_non_expired,create_time,update_time FROM sys_user WHERE (username = ?)
==> Parameters: admin(String)
<==    Columns: id, username, password, nickname, email, phone, avatar, identity_type, enabled, account_non_expired, account_non_locked, credentials_non_expired, create_time, update_time
<==        Row: 1, admin, $2a$10$ov3NUrdkAHujSRdGbDZF6O9h2cjZq4Zl17fL3TA5Nhs94mE/PmH8e, 管理员, admin@example.com, null, null, 1, 1, 1, 1, 1, 2026-08-11 20:00:08, 2026-08-13 22:28:45
<==      Total: 1
2026-08-15T12:49:09.392+08:00 DEBUG 11564 --- [iam-authorization-server] [nio-9000-exec-8] n.x.a.s.t.RedisOpaqueTokenIntrospector   : Opaque token introspect success, sub=admin, scope=[read, openid, profile, write]
2026-08-15T12:49:09.392+08:00 DEBUG 11564 --- [iam-authorization-server] [nio-9000-exec-8] .s.r.a.OpaqueTokenAuthenticationProvider : Authenticated token
2026-08-15T12:49:09.393+08:00 DEBUG 11564 --- [iam-authorization-server] [nio-9000-exec-8] .s.r.w.a.BearerTokenAuthenticationFilter : Set SecurityContextHolder to BearerTokenAuthentication [Principal=net.xzh.authserver.security.token.RedisOpaqueTokenIntrospector$OpaquePrincipal@4dc639a6, Credentials=[PROTECTED], Authenticated=true, Details=WebAuthenticationDetails [RemoteIpAddress=127.0.0.1, SessionId=null], Granted Authorities=[ROLE_ADMIN]]
2026-08-15T12:49:09.393+08:00 DEBUG 11564 --- [iam-authorization-server] [nio-9000-exec-8] o.s.security.web.FilterChainProxy        : Secured GET /api/admin/sessions/users/4
Creating a new SqlSession
SqlSession [org.apache.ibatis.session.defaults.DefaultSqlSession@198dbff3] was not registered for synchronization because synchronization is not active
JDBC Connection [com.alibaba.druid.pool.DruidStatementConnection@4ff1ad3a] will not be managed by Spring
==>  Preparing: SELECT id,username,password,nickname,email,phone,avatar,identity_type,enabled,account_non_expired,account_non_locked,credentials_non_expired,create_time,update_time FROM sys_user WHERE id=?
==> Parameters: 4(Long)
<==    Columns: id, username, password, nickname, email, phone, avatar, identity_type, enabled, account_non_expired, account_non_locked, credentials_non_expired, create_time, update_time
<==        Row: 4, xuchaoguo, $2a$10$HpRl3.T4zs3uS6IpepwvauNgH3XGXV7FaQ/uDLv7xGtsGGw5fNLDK, , , , null, 1, 1, 1, 1, 1, 2026-08-15 12:17:20, 2026-08-15 12:17:20
<==      Total: 1
Closing non transactional SqlSession [org.apache.ibatis.session.defaults.DefaultSqlSession@198dbff3]
JDBC Connection [com.alibaba.druid.pool.DruidStatementConnection@4ff1ad3a] will not be managed by Spring
==>  Preparing: SELECT id,username,password,nickname,email,phone,avatar,identity_type,enabled,account_non_expired,account_non_locked,credentials_non_expired,create_time,update_time FROM sys_user WHERE (username = ?)
==> Parameters: xuchaoguo(String)
<==    Columns: id, username, password, nickname, email, phone, avatar, identity_type, enabled, account_non_expired, account_non_locked, credentials_non_expired, create_time, update_time
<==        Row: 4, xuchaoguo, $2a$10$HpRl3.T4zs3uS6IpepwvauNgH3XGXV7FaQ/uDLv7xGtsGGw5fNLDK, , , , null, 1, 1, 1, 1, 1, 2026-08-15 12:17:20, 2026-08-15 12:17:20
<==      Total: 1
2026-08-15T12:49:19.677+08:00 DEBUG 11564 --- [iam-authorization-server] [nio-9000-exec-9] o.s.security.web.FilterChainProxy        : Securing GET /oauth2/authorize?response_type=code&client_id=admin-app&scope=openid%20profile%20read%20write&state=lo5Qw0VlxcZGmZiU2H534_IjRbTHesgKI_4-CMSeeE0%3D&redirect_uri=http://localhost:8085/login/oauth2/code/admin-app&nonce=oW3uBvlG9q5AP9SdyWrQz3cMAUGU8MU-KIrWkw6rge4
Creating a new SqlSession
SqlSession [org.apache.ibatis.session.defaults.DefaultSqlSession@634c2c4] was not registered for synchronization because synchronization is not active
JDBC Connection [com.alibaba.druid.pool.DruidStatementConnection@4ff1ad3a] will not be managed by Spring
==>  Preparing: SELECT * FROM oauth2_authorization_consent WHERE registered_client_id = ? AND principal_name = ? LIMIT 1
==> Parameters: 2(String), admin(String)
<==      Total: 0
Closing non transactional SqlSession [org.apache.ibatis.session.defaults.DefaultSqlSession@634c2c4]
Creating a new SqlSession
SqlSession [org.apache.ibatis.session.defaults.DefaultSqlSession@71c3b293] was not registered for synchronization because synchronization is not active
JDBC Connection [com.alibaba.druid.pool.DruidStatementConnection@4ff1ad3a] will not be managed by Spring
==>  Preparing: SELECT * FROM oauth2_registered_client WHERE client_id = ? LIMIT 1
==> Parameters: admin(String)
<==      Total: 0
Closing non transactional SqlSession [org.apache.ibatis.session.defaults.DefaultSqlSession@71c3b293]
2026-08-15T12:49:19.690+08:00 DEBUG 11564 --- [iam-authorization-server] [nio-9000-exec-9] .x.a.s.r.RedisOAuth2AuthorizationService : OAuth2Authorization saved to Redis, id=acee1b76-9523-45e0-af3f-28c0ade2e7fe, user=admin
2026-08-15T12:49:19.691+08:00 DEBUG 11564 --- [iam-authorization-server] [nio-9000-exec-9] o.s.s.web.DefaultRedirectStrategy        : Redirecting to http://localhost:8085/login/oauth2/code/admin-app?code=adr2BxodL0iZu0S1QUZw4KToYZQuRwUCETzrPaw-X-ERkelnR7Lw8RlPA_imVE0FG8uCEkmOPsjACCwNldBNl_JpCfpPiK3I2zt5SWS6JS49LINfNqKpvmNgctoXDqee&state=lo5Qw0VlxcZGmZiU2H534_IjRbTHesgKI_4-CMSeeE0%3D
2026-08-15T12:49:19.699+08:00 DEBUG 11564 --- [iam-authorization-server] [io-9000-exec-10] o.s.security.web.FilterChainProxy        : Securing POST /oauth2/token
2026-08-15T12:49:19.775+08:00 DEBUG 11564 --- [iam-authorization-server] [io-9000-exec-10] o.s.a.w.OAuth2ClientAuthenticationFilter : Set SecurityContextHolder authentication to OAuth2ClientAuthenticationToken
2026-08-15T12:49:19.778+08:00  INFO 11564 --- [iam-authorization-server] [io-9000-exec-10] n.x.a.s.session.RedisSessionRegistry     : [RedisSessionRegistry] 注册会话: principal=admin-app, sessionId=d891774b-ecaa-4535-a6c8-f7b6289a2876
Creating a new SqlSession
SqlSession [org.apache.ibatis.session.defaults.DefaultSqlSession@478d3e59] was not registered for synchronization because synchronization is not active
JDBC Connection [com.alibaba.druid.pool.DruidStatementConnection@4ff1ad3a] will not be managed by Spring
==>  Preparing: SELECT * FROM oauth2_registered_client WHERE client_id = ? LIMIT 1
==> Parameters: admin(String)
<==      Total: 0
Closing non transactional SqlSession [org.apache.ibatis.session.defaults.DefaultSqlSession@478d3e59]
2026-08-15T12:49:19.800+08:00 DEBUG 11564 --- [iam-authorization-server] [io-9000-exec-10] .x.a.s.r.RedisOAuth2AuthorizationService : OAuth2Authorization saved to Redis, id=acee1b76-9523-45e0-af3f-28c0ade2e7fe, user=admin
2026-08-15T12:49:19.803+08:00 DEBUG 11564 --- [iam-authorization-server] [io-9000-exec-10] n.x.a.s.web.ActiveClientTrackingFilter   : [ActiveClientTracking] 响应已提交, 跳过 session 写入 clientId=admin-app
JDBC Connection [com.alibaba.druid.pool.DruidStatementConnection@4ff1ad3a] will not be managed by Spring
==>  Preparing: SELECT id,username,password,nickname,email,phone,avatar,identity_type,enabled,account_non_expired,account_non_locked,credentials_non_expired,create_time,update_time FROM sys_user WHERE (username = ?)
==> Parameters: admin(String)
<==    Columns: id, username, password, nickname, email, phone, avatar, identity_type, enabled, account_non_expired, account_non_locked, credentials_non_expired, create_time, update_time
<==        Row: 1, admin, $2a$10$ov3NUrdkAHujSRdGbDZF6O9h2cjZq4Zl17fL3TA5Nhs94mE/PmH8e, 管理员, admin@example.com, null, null, 1, 1, 1, 1, 1, 2026-08-11 20:00:08, 2026-08-13 22:28:45
<==      Total: 1
2026-08-15T12:49:19.811+08:00 DEBUG 11564 --- [iam-authorization-server] [nio-9000-exec-1] n.x.a.s.t.RedisOpaqueTokenIntrospector   : Opaque token introspect success, sub=admin, scope=[read, openid, profile, write]
2026-08-15T12:49:23.032+08:00 DEBUG 11564 --- [iam-authorization-server] [nio-9000-exec-3] o.s.security.web.FilterChainProxy        : Securing GET /api/admin/users
JDBC Connection [com.alibaba.druid.pool.DruidStatementConnection@4ff1ad3a] will not be managed by Spring
==>  Preparing: SELECT id,username,password,nickname,email,phone,avatar,identity_type,enabled,account_non_expired,account_non_locked,credentials_non_expired,create_time,update_time FROM sys_user WHERE (username = ?)
==> Parameters: admin(String)
2026-08-15T12:49:23.046+08:00 DEBUG 11564 --- [iam-authorization-server] [nio-9000-exec-5] o.s.security.web.FilterChainProxy        : Securing POST /oauth2/introspect
<==    Columns: id, username, password, nickname, email, phone, avatar, identity_type, enabled, account_non_expired, account_non_locked, credentials_non_expired, create_time, update_time
<==        Row: 1, admin, $2a$10$ov3NUrdkAHujSRdGbDZF6O9h2cjZq4Zl17fL3TA5Nhs94mE/PmH8e, 管理员, admin@example.com, null, null, 1, 1, 1, 1, 1, 2026-08-11 20:00:08, 2026-08-13 22:28:45
<==      Total: 1
2026-08-15T12:49:23.048+08:00 DEBUG 11564 --- [iam-authorization-server] [nio-9000-exec-3] n.x.a.s.t.RedisOpaqueTokenIntrospector   : Opaque token introspect success, sub=admin, scope=[read, openid, profile, write]
2026-08-15T12:49:23.048+08:00 DEBUG 11564 --- [iam-authorization-server] [nio-9000-exec-3] .s.r.a.OpaqueTokenAuthenticationProvider : Authenticated token
2026-08-15T12:49:23.048+08:00 DEBUG 11564 --- [iam-authorization-server] [nio-9000-exec-3] .s.r.w.a.BearerTokenAuthenticationFilter : Set SecurityContextHolder to BearerTokenAuthentication [Principal=net.xzh.authserver.security.token.RedisOpaqueTokenIntrospector$OpaquePrincipal@384f6788, Credentials=[PROTECTED], Authenticated=true, Details=WebAuthenticationDetails [RemoteIpAddress=127.0.0.1, SessionId=null], Granted Authorities=[ROLE_ADMIN]]
2026-08-15T12:49:23.049+08:00 DEBUG 11564 --- [iam-authorization-server] [nio-9000-exec-3] o.s.security.web.FilterChainProxy        : Secured GET /api/admin/users
Creating a new SqlSession
SqlSession [org.apache.ibatis.session.defaults.DefaultSqlSession@10344617] was not registered for synchronization because synchronization is not active
JDBC Connection [com.alibaba.druid.pool.DruidStatementConnection@4ff1ad3a] will not be managed by Spring
==>  Preparing: SELECT id,username,password,nickname,email,phone,avatar,identity_type,enabled,account_non_expired,account_non_locked,credentials_non_expired,create_time,update_time FROM sys_user
==> Parameters: 
<==    Columns: id, username, password, nickname, email, phone, avatar, identity_type, enabled, account_non_expired, account_non_locked, credentials_non_expired, create_time, update_time
<==        Row: 1, admin, $2a$10$ov3NUrdkAHujSRdGbDZF6O9h2cjZq4Zl17fL3TA5Nhs94mE/PmH8e, 管理员, admin@example.com, null, null, 1, 1, 1, 1, 1, 2026-08-11 20:00:08, 2026-08-13 22:28:45
<==        Row: 2, user, $2a$10$ov3NUrdkAHujSRdGbDZF6O9h2cjZq4Zl17fL3TA5Nhs94mE/PmH8e, 普通用户, user@example.com, null, null, 2, 1, 1, 1, 1, 2026-08-11 20:00:08, 2026-08-11 20:00:08
<==        Row: 4, xuchaoguo, $2a$10$HpRl3.T4zs3uS6IpepwvauNgH3XGXV7FaQ/uDLv7xGtsGGw5fNLDK, , , , null, 1, 1, 1, 1, 1, 2026-08-15 12:17:20, 2026-08-15 12:17:20
<==      Total: 3
Closing non transactional SqlSession [org.apache.ibatis.session.defaults.DefaultSqlSession@10344617]
2026-08-15T12:49:23.126+08:00 DEBUG 11564 --- [iam-authorization-server] [nio-9000-exec-5] o.s.a.w.OAuth2ClientAuthenticationFilter : Set SecurityContextHolder authentication to OAuth2ClientAuthenticationToken
2026-08-15T12:49:23.133+08:00  INFO 11564 --- [iam-authorization-server] [nio-9000-exec-5] n.x.a.s.session.RedisSessionRegistry     : [RedisSessionRegistry] 注册会话: principal=resource-server, sessionId=8936b0e5-f3c0-4d19-8cc2-466d1fd46550
2026-08-15T12:49:24.042+08:00 DEBUG 11564 --- [iam-authorization-server] [nio-9000-exec-4] o.s.security.web.FilterChainProxy        : Securing POST /oauth2/introspect
2026-08-15T12:49:24.117+08:00 DEBUG 11564 --- [iam-authorization-server] [nio-9000-exec-4] o.s.a.w.OAuth2ClientAuthenticationFilter : Set SecurityContextHolder authentication to OAuth2ClientAuthenticationToken
2026-08-15T12:49:24.120+08:00  INFO 11564 --- [iam-authorization-server] [nio-9000-exec-4] n.x.a.s.session.RedisSessionRegistry     : [RedisSessionRegistry] 注册会话: principal=resource-server, sessionId=5458d970-fd9c-468a-bdd8-94baf05c2fff
2026-08-15T12:49:24.375+08:00 DEBUG 11564 --- [iam-authorization-server] [nio-9000-exec-2] o.s.security.web.FilterChainProxy        : Securing GET /api/admin/users
JDBC Connection [com.alibaba.druid.pool.DruidStatementConnection@4ff1ad3a] will not be managed by Spring
==>  Preparing: SELECT id,username,password,nickname,email,phone,avatar,identity_type,enabled,account_non_expired,account_non_locked,credentials_non_expired,create_time,update_time FROM sys_user WHERE (username = ?)
==> Parameters: admin(String)
<==    Columns: id, username, password, nickname, email, phone, avatar, identity_type, enabled, account_non_expired, account_non_locked, credentials_non_expired, create_time, update_time
<==        Row: 1, admin, $2a$10$ov3NUrdkAHujSRdGbDZF6O9h2cjZq4Zl17fL3TA5Nhs94mE/PmH8e, 管理员, admin@example.com, null, null, 1, 1, 1, 1, 1, 2026-08-11 20:00:08, 2026-08-13 22:28:45
<==      Total: 1
2026-08-15T12:49:24.382+08:00 DEBUG 11564 --- [iam-authorization-server] [nio-9000-exec-2] n.x.a.s.t.RedisOpaqueTokenIntrospector   : Opaque token introspect success, sub=admin, scope=[read, openid, profile, write]
2026-08-15T12:49:24.382+08:00 DEBUG 11564 --- [iam-authorization-server] [nio-9000-exec-2] .s.r.a.OpaqueTokenAuthenticationProvider : Authenticated token
2026-08-15T12:49:24.382+08:00 DEBUG 11564 --- [iam-authorization-server] [nio-9000-exec-2] .s.r.w.a.BearerTokenAuthenticationFilter : Set SecurityContextHolder to BearerTokenAuthentication [Principal=net.xzh.authserver.security.token.RedisOpaqueTokenIntrospector$OpaquePrincipal@532f3660, Credentials=[PROTECTED], Authenticated=true, Details=WebAuthenticationDetails [RemoteIpAddress=127.0.0.1, SessionId=null], Granted Authorities=[ROLE_ADMIN]]
2026-08-15T12:49:24.383+08:00 DEBUG 11564 --- [iam-authorization-server] [nio-9000-exec-2] o.s.security.web.FilterChainProxy        : Secured GET /api/admin/users
Creating a new SqlSession
SqlSession [org.apache.ibatis.session.defaults.DefaultSqlSession@75b14631] was not registered for synchronization because synchronization is not active
JDBC Connection [com.alibaba.druid.pool.DruidStatementConnection@4ff1ad3a] will not be managed by Spring
==>  Preparing: SELECT id,username,password,nickname,email,phone,avatar,identity_type,enabled,account_non_expired,account_non_locked,credentials_non_expired,create_time,update_time FROM sys_user
==> Parameters: 
<==    Columns: id, username, password, nickname, email, phone, avatar, identity_type, enabled, account_non_expired, account_non_locked, credentials_non_expired, create_time, update_time
<==        Row: 1, admin, $2a$10$ov3NUrdkAHujSRdGbDZF6O9h2cjZq4Zl17fL3TA5Nhs94mE/PmH8e, 管理员, admin@example.com, null, null, 1, 1, 1, 1, 1, 2026-08-11 20:00:08, 2026-08-13 22:28:45
<==        Row: 2, user, $2a$10$ov3NUrdkAHujSRdGbDZF6O9h2cjZq4Zl17fL3TA5Nhs94mE/PmH8e, 普通用户, user@example.com, null, null, 2, 1, 1, 1, 1, 2026-08-11 20:00:08, 2026-08-11 20:00:08
<==        Row: 4, xuchaoguo, $2a$10$HpRl3.T4zs3uS6IpepwvauNgH3XGXV7FaQ/uDLv7xGtsGGw5fNLDK, , , , null, 1, 1, 1, 1, 1, 2026-08-15 12:17:20, 2026-08-15 12:17:20
<==      Total: 3
Closing non transactional SqlSession [org.apache.ibatis.session.defaults.DefaultSqlSession@75b14631]
2026-08-15T12:49:27.704+08:00 DEBUG 11564 --- [iam-authorization-server] [nio-9000-exec-6] o.s.security.web.FilterChainProxy        : Securing POST /oauth2/introspect
2026-08-15T12:49:27.777+08:00 DEBUG 11564 --- [iam-authorization-server] [nio-9000-exec-6] o.s.a.w.OAuth2ClientAuthenticationFilter : Set SecurityContextHolder authentication to OAuth2ClientAuthenticationToken
2026-08-15T12:49:27.782+08:00  INFO 11564 --- [iam-authorization-server] [nio-9000-exec-6] n.x.a.s.session.RedisSessionRegistry     : [RedisSessionRegistry] 注册会话: principal=resource-server, sessionId=b75c8361-1b35-4aa5-8ea8-f325cd59e179
2026-08-15T12:49:27.829+08:00 DEBUG 11564 --- [iam-authorization-server] [nio-9000-exec-7] o.s.security.web.FilterChainProxy        : Securing POST /oauth2/introspect
2026-08-15T12:49:27.902+08:00 DEBUG 11564 --- [iam-authorization-server] [nio-9000-exec-7] o.s.a.w.OAuth2ClientAuthenticationFilter : Set SecurityContextHolder authentication to OAuth2ClientAuthenticationToken
2026-08-15T12:49:27.905+08:00  INFO 11564 --- [iam-authorization-server] [nio-9000-exec-7] n.x.a.s.session.RedisSessionRegistry     : [RedisSessionRegistry] 注册会话: principal=resource-server, sessionId=a6163c1b-45db-4ec0-b522-32e46ab5cc60
2026-08-15T12:49:28.328+08:00 DEBUG 11564 --- [iam-authorization-server] [nio-9000-exec-8] o.s.security.web.FilterChainProxy        : Securing GET /api/admin/users/4
JDBC Connection [com.alibaba.druid.pool.DruidStatementConnection@4ff1ad3a] will not be managed by Spring
==>  Preparing: SELECT id,username,password,nickname,email,phone,avatar,identity_type,enabled,account_non_expired,account_non_locked,credentials_non_expired,create_time,update_time FROM sys_user WHERE (username = ?)
==> Parameters: admin(String)
<==    Columns: id, username, password, nickname, email, phone, avatar, identity_type, enabled, account_non_expired, account_non_locked, credentials_non_expired, create_time, update_time
<==        Row: 1, admin, $2a$10$ov3NUrdkAHujSRdGbDZF6O9h2cjZq4Zl17fL3TA5Nhs94mE/PmH8e, 管理员, admin@example.com, null, null, 1, 1, 1, 1, 1, 2026-08-11 20:00:08, 2026-08-13 22:28:45
<==      Total: 1
2026-08-15T12:49:28.335+08:00 DEBUG 11564 --- [iam-authorization-server] [nio-9000-exec-8] n.x.a.s.t.RedisOpaqueTokenIntrospector   : Opaque token introspect success, sub=admin, scope=[read, openid, profile, write]
2026-08-15T12:49:28.336+08:00 DEBUG 11564 --- [iam-authorization-server] [nio-9000-exec-8] .s.r.a.OpaqueTokenAuthenticationProvider : Authenticated token
2026-08-15T12:49:28.336+08:00 DEBUG 11564 --- [iam-authorization-server] [nio-9000-exec-8] .s.r.w.a.BearerTokenAuthenticationFilter : Set SecurityContextHolder to BearerTokenAuthentication [Principal=net.xzh.authserver.security.token.RedisOpaqueTokenIntrospector$OpaquePrincipal@4bc608b, Credentials=[PROTECTED], Authenticated=true, Details=WebAuthenticationDetails [RemoteIpAddress=127.0.0.1, SessionId=null], Granted Authorities=[ROLE_ADMIN]]
2026-08-15T12:49:28.336+08:00 DEBUG 11564 --- [iam-authorization-server] [nio-9000-exec-8] o.s.security.web.FilterChainProxy        : Secured GET /api/admin/users/4
Creating a new SqlSession
SqlSession [org.apache.ibatis.session.defaults.DefaultSqlSession@19e4211d] was not registered for synchronization because synchronization is not active
JDBC Connection [com.alibaba.druid.pool.DruidStatementConnection@4ff1ad3a] will not be managed by Spring
==>  Preparing: SELECT id,username,password,nickname,email,phone,avatar,identity_type,enabled,account_non_expired,account_non_locked,credentials_non_expired,create_time,update_time FROM sys_user WHERE id=?
==> Parameters: 4(Long)
<==    Columns: id, username, password, nickname, email, phone, avatar, identity_type, enabled, account_non_expired, account_non_locked, credentials_non_expired, create_time, update_time
<==        Row: 4, xuchaoguo, $2a$10$HpRl3.T4zs3uS6IpepwvauNgH3XGXV7FaQ/uDLv7xGtsGGw5fNLDK, , , , null, 1, 1, 1, 1, 1, 2026-08-15 12:17:20, 2026-08-15 12:17:20
<==      Total: 1
Closing non transactional SqlSession [org.apache.ibatis.session.defaults.DefaultSqlSession@19e4211d]
2026-08-15T12:49:35.649+08:00 DEBUG 11564 --- [iam-authorization-server] [nio-9000-exec-9] o.s.security.web.FilterChainProxy        : Securing PUT /api/admin/users/4
JDBC Connection [com.alibaba.druid.pool.DruidStatementConnection@4ff1ad3a] will not be managed by Spring
==>  Preparing: SELECT id,username,password,nickname,email,phone,avatar,identity_type,enabled,account_non_expired,account_non_locked,credentials_non_expired,create_time,update_time FROM sys_user WHERE (username = ?)
==> Parameters: admin(String)
<==    Columns: id, username, password, nickname, email, phone, avatar, identity_type, enabled, account_non_expired, account_non_locked, credentials_non_expired, create_time, update_time
<==        Row: 1, admin, $2a$10$ov3NUrdkAHujSRdGbDZF6O9h2cjZq4Zl17fL3TA5Nhs94mE/PmH8e, 管理员, admin@example.com, null, null, 1, 1, 1, 1, 1, 2026-08-11 20:00:08, 2026-08-13 22:28:45
<==      Total: 1
2026-08-15T12:49:35.655+08:00 DEBUG 11564 --- [iam-authorization-server] [nio-9000-exec-9] n.x.a.s.t.RedisOpaqueTokenIntrospector   : Opaque token introspect success, sub=admin, scope=[read, openid, profile, write]
2026-08-15T12:49:35.655+08:00 DEBUG 11564 --- [iam-authorization-server] [nio-9000-exec-9] .s.r.a.OpaqueTokenAuthenticationProvider : Authenticated token
2026-08-15T12:49:35.655+08:00 DEBUG 11564 --- [iam-authorization-server] [nio-9000-exec-9] .s.r.w.a.BearerTokenAuthenticationFilter : Set SecurityContextHolder to BearerTokenAuthentication [Principal=net.xzh.authserver.security.token.RedisOpaqueTokenIntrospector$OpaquePrincipal@1c83654c, Credentials=[PROTECTED], Authenticated=true, Details=WebAuthenticationDetails [RemoteIpAddress=127.0.0.1, SessionId=null], Granted Authorities=[ROLE_ADMIN]]
2026-08-15T12:49:35.655+08:00 DEBUG 11564 --- [iam-authorization-server] [nio-9000-exec-9] o.s.security.web.FilterChainProxy        : Secured PUT /api/admin/users/4
Creating a new SqlSession
Registering transaction synchronization for SqlSession [org.apache.ibatis.session.defaults.DefaultSqlSession@3589a657]
JDBC Connection [com.alibaba.druid.pool.DruidStatementConnection@4ff1ad3a] will be managed by Spring
==>  Preparing: SELECT id,username,password,nickname,email,phone,avatar,identity_type,enabled,account_non_expired,account_non_locked,credentials_non_expired,create_time,update_time FROM sys_user WHERE id=?
==> Parameters: 4(Long)
<==    Columns: id, username, password, nickname, email, phone, avatar, identity_type, enabled, account_non_expired, account_non_locked, credentials_non_expired, create_time, update_time
<==        Row: 4, xuchaoguo, $2a$10$HpRl3.T4zs3uS6IpepwvauNgH3XGXV7FaQ/uDLv7xGtsGGw5fNLDK, , , , null, 1, 1, 1, 1, 1, 2026-08-15 12:17:20, 2026-08-15 12:17:20
<==      Total: 1
Releasing transactional SqlSession [org.apache.ibatis.session.defaults.DefaultSqlSession@3589a657]
Fetched SqlSession [org.apache.ibatis.session.defaults.DefaultSqlSession@3589a657] from current transaction
==>  Preparing: UPDATE sys_user SET username=?, password=?, nickname=?, email=?, phone=?, identity_type=?, enabled=?, account_non_expired=?, account_non_locked=?, credentials_non_expired=?, create_time=?, update_time=? WHERE id=?
==> Parameters: xuchaoguo(String), $2a$10$HpRl3.T4zs3uS6IpepwvauNgH3XGXV7FaQ/uDLv7xGtsGGw5fNLDK(String), 徐(String), (String), (String), 1(Integer), true(Boolean), true(Boolean), true(Boolean), true(Boolean), 2026-08-15T12:17:20(LocalDateTime), 2026-08-15T12:49:35.661022300(LocalDateTime), 4(Long)
<==    Updates: 1
Releasing transactional SqlSession [org.apache.ibatis.session.defaults.DefaultSqlSession@3589a657]
2026-08-15T12:49:35.668+08:00  INFO 11564 --- [iam-authorization-server] [nio-9000-exec-9] net.xzh.authserver.service.UserService   : 更新用户 id=4, passwordChanged=false
Transaction synchronization committing SqlSession [org.apache.ibatis.session.defaults.DefaultSqlSession@3589a657]
Transaction synchronization deregistering SqlSession [org.apache.ibatis.session.defaults.DefaultSqlSession@3589a657]
Transaction synchronization closing SqlSession [org.apache.ibatis.session.defaults.DefaultSqlSession@3589a657]
2026-08-15T12:49:35.683+08:00 DEBUG 11564 --- [iam-authorization-server] [io-9000-exec-10] o.s.security.web.FilterChainProxy        : Securing GET /api/admin/users
JDBC Connection [com.alibaba.druid.pool.DruidStatementConnection@4ff1ad3a] will not be managed by Spring
==>  Preparing: SELECT id,username,password,nickname,email,phone,avatar,identity_type,enabled,account_non_expired,account_non_locked,credentials_non_expired,create_time,update_time FROM sys_user WHERE (username = ?)
==> Parameters: admin(String)
<==    Columns: id, username, password, nickname, email, phone, avatar, identity_type, enabled, account_non_expired, account_non_locked, credentials_non_expired, create_time, update_time
<==        Row: 1, admin, $2a$10$ov3NUrdkAHujSRdGbDZF6O9h2cjZq4Zl17fL3TA5Nhs94mE/PmH8e, 管理员, admin@example.com, null, null, 1, 1, 1, 1, 1, 2026-08-11 20:00:08, 2026-08-13 22:28:45
<==      Total: 1
2026-08-15T12:49:35.689+08:00 DEBUG 11564 --- [iam-authorization-server] [io-9000-exec-10] n.x.a.s.t.RedisOpaqueTokenIntrospector   : Opaque token introspect success, sub=admin, scope=[read, openid, profile, write]
2026-08-15T12:49:35.690+08:00 DEBUG 11564 --- [iam-authorization-server] [io-9000-exec-10] .s.r.a.OpaqueTokenAuthenticationProvider : Authenticated token
2026-08-15T12:49:35.690+08:00 DEBUG 11564 --- [iam-authorization-server] [io-9000-exec-10] .s.r.w.a.BearerTokenAuthenticationFilter : Set SecurityContextHolder to BearerTokenAuthentication [Principal=net.xzh.authserver.security.token.RedisOpaqueTokenIntrospector$OpaquePrincipal@34019569, Credentials=[PROTECTED], Authenticated=true, Details=WebAuthenticationDetails [RemoteIpAddress=127.0.0.1, SessionId=null], Granted Authorities=[ROLE_ADMIN]]
2026-08-15T12:49:35.690+08:00 DEBUG 11564 --- [iam-authorization-server] [io-9000-exec-10] o.s.security.web.FilterChainProxy        : Secured GET /api/admin/users
Creating a new SqlSession
SqlSession [org.apache.ibatis.session.defaults.DefaultSqlSession@55b301bf] was not registered for synchronization because synchronization is not active
JDBC Connection [com.alibaba.druid.pool.DruidStatementConnection@4ff1ad3a] will not be managed by Spring
==>  Preparing: SELECT id,username,password,nickname,email,phone,avatar,identity_type,enabled,account_non_expired,account_non_locked,credentials_non_expired,create_time,update_time FROM sys_user
==> Parameters: 
<==    Columns: id, username, password, nickname, email, phone, avatar, identity_type, enabled, account_non_expired, account_non_locked, credentials_non_expired, create_time, update_time
<==        Row: 1, admin, $2a$10$ov3NUrdkAHujSRdGbDZF6O9h2cjZq4Zl17fL3TA5Nhs94mE/PmH8e, 管理员, admin@example.com, null, null, 1, 1, 1, 1, 1, 2026-08-11 20:00:08, 2026-08-13 22:28:45
<==        Row: 2, user, $2a$10$ov3NUrdkAHujSRdGbDZF6O9h2cjZq4Zl17fL3TA5Nhs94mE/PmH8e, 普通用户, user@example.com, null, null, 2, 1, 1, 1, 1, 2026-08-11 20:00:08, 2026-08-11 20:00:08
<==        Row: 4, xuchaoguo, $2a$10$HpRl3.T4zs3uS6IpepwvauNgH3XGXV7FaQ/uDLv7xGtsGGw5fNLDK, 徐, , , null, 1, 1, 1, 1, 1, 2026-08-15 12:17:20, 2026-08-15 12:49:36
<==      Total: 3
Closing non transactional SqlSession [org.apache.ibatis.session.defaults.DefaultSqlSession@55b301bf]
[INFO] ------------------------------------------------------------------------
[INFO] BUILD FAILURE
[INFO] ------------------------------------------------------------------------
[INFO] Total time:  01:38 h
[INFO] Finished at: 2026-08-15T12:49:55+08:00
[INFO] ------------------------------------------------------------------------
[ERROR] Failed to execute goal org.springframework.boot:spring-boot-maven-plugin:3.4.1:run (default-cli) on project iam-authorization-server: Process terminated with exit code: -1 -> [Help 1]
[ERROR] 
[ERROR] To see the full stack trace of the errors, re-run Maven with the -e switch.
[ERROR] Re-run Maven using the -X switch to enable full debug logging.
[ERROR] 
[ERROR] For more information about the errors and possible solutions, please read the following articles:
[ERROR] [Help 1] http://cwiki.apache.org/confluence/display/MAVEN/MojoExecutionException
