[INFO] Scanning for projects...
[INFO] 
[INFO] ------------------< net.xzh:iam-authorization-server >------------------
[INFO] Building iam-authorization-server 1.0.0
[INFO] --------------------------------[ jar ]---------------------------------
[INFO] 
[INFO] >>> spring-boot-maven-plugin:3.4.1:run (default-cli) > test-compile @ iam-authorization-server >>>
[INFO] 
[INFO] --- maven-resources-plugin:3.3.1:resources (default-resources) @ iam-authorization-server ---
[INFO] Copying 4 resources from src\main\resources to target\classes
[INFO] Copying 6 resources from src\main\resources to target\classes
[INFO] 
[INFO] --- maven-compiler-plugin:3.13.0:compile (default-compile) @ iam-authorization-server ---
[INFO] Nothing to compile - all classes are up to date.
[INFO] 
[INFO] --- maven-resources-plugin:3.3.1:testResources (default-testResources) @ iam-authorization-server ---
[INFO] skip non existing resourceDirectory D:\GitHub\spring-boot3-demo\iam-platform\iam-authorization-server\src\test\resources
[INFO] 
[INFO] --- maven-compiler-plugin:3.13.0:testCompile (default-testCompile) @ iam-authorization-server ---
[INFO] No sources to compile
[INFO] 
[INFO] <<< spring-boot-maven-plugin:3.4.1:run (default-cli) < test-compile @ iam-authorization-server <<<
[INFO] 
[INFO] 
[INFO] --- spring-boot-maven-plugin:3.4.1:run (default-cli) @ iam-authorization-server ---
[INFO] Attaching agents: []

  .   ____          _            __ _ _
 /\\ / ___'_ __ _ _(_)_ __  __ _ \ \ \ \
( ( )\___ | '_ | '_| | '_ \/ _` | \ \ \ \
 \\/  ___)| |_)| | | | | || (_| |  ) ) ) )
  '  |____| .__|_| |_|_| |_\__, | / / / /
 =========|_|==============|___/=/_/_/_/

 :: Spring Boot ::                (v3.4.1)

2026-08-15T17:05:28.729+08:00  INFO 18516 --- [iam-authorization-server] [           main] n.x.a.AuthorizationServerApplication     : Starting AuthorizationServerApplication using Java 17.0.13 with PID 18516 (D:\GitHub\spring-boot3-demo\iam-platform\iam-authorization-server\target\classes started by admin in D:\GitHub\spring-boot3-demo\iam-platform\iam-authorization-server)
2026-08-15T17:05:28.733+08:00 DEBUG 18516 --- [iam-authorization-server] [           main] n.x.a.AuthorizationServerApplication     : Running with Spring Boot v3.4.1, Spring v6.2.1
2026-08-15T17:05:28.735+08:00  INFO 18516 --- [iam-authorization-server] [           main] n.x.a.AuthorizationServerApplication     : The following 1 profile is active: "local"
2026-08-15T17:05:29.764+08:00  INFO 18516 --- [iam-authorization-server] [           main] .s.d.r.c.RepositoryConfigurationDelegate : Multiple Spring Data modules found, entering strict repository configuration mode
2026-08-15T17:05:29.768+08:00  INFO 18516 --- [iam-authorization-server] [           main] .s.d.r.c.RepositoryConfigurationDelegate : Bootstrapping Spring Data Redis repositories in DEFAULT mode.
2026-08-15T17:05:29.819+08:00  INFO 18516 --- [iam-authorization-server] [           main] .s.d.r.c.RepositoryConfigurationDelegate : Finished Spring Data repository scanning in 32 ms. Found 0 Redis repository interfaces.
2026-08-15T17:05:30.706+08:00  INFO 18516 --- [iam-authorization-server] [           main] o.s.b.w.embedded.tomcat.TomcatWebServer  : Tomcat initialized with port 9000 (http)
2026-08-15T17:05:30.734+08:00  INFO 18516 --- [iam-authorization-server] [           main] o.apache.catalina.core.StandardService   : Starting service [Tomcat]
2026-08-15T17:05:30.735+08:00  INFO 18516 --- [iam-authorization-server] [           main] o.apache.catalina.core.StandardEngine    : Starting Servlet engine: [Apache Tomcat/10.1.34]
2026-08-15T17:05:30.801+08:00  INFO 18516 --- [iam-authorization-server] [           main] o.a.c.c.C.[Tomcat].[localhost].[/]       : Initializing Spring embedded WebApplicationContext
2026-08-15T17:05:30.802+08:00  INFO 18516 --- [iam-authorization-server] [           main] w.s.c.ServletWebServerApplicationContext : Root WebApplicationContext: initialization completed in 1999 ms
Logging initialized using 'class org.apache.ibatis.logging.stdout.StdOutImpl' adapter.
Get /192.168.1.2 network interface 
Get network interface info: name:wlan2 (Realtek RTL8852AE WiFi 6 802.11ax PCIe Adapter)
Initialization Sequence datacenterId:5 workerId:30
 _ _   |_  _ _|_. ___ _ |    _ 
| | |\/|_)(_| | |_\  |_)||_|_\ 
     /               |         
                        null 
2026-08-15T17:05:31.377+08:00  INFO 18516 --- [iam-authorization-server] [           main] com.alibaba.druid.pool.DruidDataSource   : {dataSource-1} inited
Can not find table primary key in Class: "net.xzh.authserver.entity.OAuth2AuthorizationConsentEntity".
2026-08-15T17:05:36.690+08:00  WARN 18516 --- [iam-authorization-server] [           main] c.b.m.core.injector.DefaultSqlInjector   : class net.xzh.authserver.entity.OAuth2AuthorizationConsentEntity Not found @TableId annotation, Cannot use Mybatis-Plus 'xxById' Method.
2026-08-15T17:05:36.749+08:00  INFO 18516 --- [iam-authorization-server] [           main] n.x.a.s.AuthorizationServerConfig        : 使用 RedisSessionRegistry, 会话跟踪信息持久化到 Redis
2026-08-15T17:05:37.048+08:00  INFO 18516 --- [iam-authorization-server] [           main] eAuthenticationProviderManagerConfigurer : Global AuthenticationManager configured with AuthenticationProvider bean with name portalDaoProvider
2026-08-15T17:05:37.060+08:00  WARN 18516 --- [iam-authorization-server] [           main] r$InitializeUserDetailsManagerConfigurer : Global AuthenticationManager configured with an AuthenticationProvider bean. UserDetailsService beans will not be used by Spring Security for automatically configuring username/password login. Consider removing the AuthenticationProvider bean. Alternatively, consider using the UserDetailsService in a manually instantiated DaoAuthenticationProvider. If the current configuration is intentional, to turn off this warning, increase the logging level of 'org.springframework.security.config.annotation.authentication.configuration.InitializeUserDetailsBeanManagerConfigurer' to ERROR
2026-08-15T17:05:39.878+08:00 DEBUG 18516 --- [iam-authorization-server] [           main] o.s.s.web.DefaultSecurityFilterChain     : Will secure Or [Mvc [pattern='/oauth2/authorize'], Mvc [pattern='/oauth2/token'], Mvc [pattern='/oauth2/introspect'], Mvc [pattern='/oauth2/revoke'], Mvc [pattern='/oauth2/device_authorization'], Mvc [pattern='/oauth2/device/verify'], Mvc [pattern='/oauth2/jwks'], Mvc [pattern='/oauth2/connect/register'], Mvc [pattern='/consent'], Mvc [pattern='/logout'], Mvc [pattern='/login.html'], Mvc [pattern='/login'], Mvc [pattern='/.well-known/openid-configuration'], Mvc [pattern='/.well-known/oauth-authorization-server']] with filters: DisableEncodeUrlFilter, WebAsyncManagerIntegrationFilter, SecurityContextHolderFilter, SessionExpirationFilter, ActiveClientTrackingFilter, AuthorizePolicyFilter, AuthorizationServerContextFilter, HeaderWriterFilter, CsrfFilter, OidcLogoutEndpointFilter, LogoutFilter, OAuth2AuthorizationServerMetadataEndpointFilter, OAuth2AuthorizationEndpointFilter, OAuth2DeviceVerificationEndpointFilter, OidcProviderConfigurationEndpointFilter, NimbusJwkSetEndpointFilter, OAuth2ClientAuthenticationFilter, UsernamePasswordAuthenticationFilter, ConcurrentSessionFilter, BearerTokenAuthenticationFilter, RequestCacheAwareFilter, SecurityContextHolderAwareRequestFilter, AnonymousAuthenticationFilter, SessionManagementFilter, ExceptionTranslationFilter, AuthorizationFilter, OAuth2TokenEndpointFilter, OAuth2TokenIntrospectionEndpointFilter, OAuth2TokenRevocationEndpointFilter, OAuth2DeviceAuthorizationEndpointFilter, OidcUserInfoEndpointFilter
2026-08-15T17:05:39.910+08:00 DEBUG 18516 --- [iam-authorization-server] [           main] o.s.s.web.DefaultSecurityFilterChain     : Will secure Or [Mvc [pattern='/api/admin/**']] with filters: DisableEncodeUrlFilter, WebAsyncManagerIntegrationFilter, SecurityContextHolderFilter, HeaderWriterFilter, LogoutFilter, BearerTokenAuthenticationFilter, RequestCacheAwareFilter, SecurityContextHolderAwareRequestFilter, AnonymousAuthenticationFilter, ExceptionTranslationFilter, AuthorizationFilter
2026-08-15T17:05:39.927+08:00 DEBUG 18516 --- [iam-authorization-server] [           main] o.s.s.web.DefaultSecurityFilterChain     : Will secure Or [Mvc [pattern='/activate'], Mvc [pattern='/device-login']] with filters: DisableEncodeUrlFilter, WebAsyncManagerIntegrationFilter, SecurityContextHolderFilter, HeaderWriterFilter, CsrfFilter, LogoutFilter, SessionExpirationFilter, UsernamePasswordAuthenticationFilter, ConcurrentSessionFilter, RequestCacheAwareFilter, SecurityContextHolderAwareRequestFilter, AnonymousAuthenticationFilter, ExceptionTranslationFilter, AuthorizationFilter
2026-08-15T17:05:40.088+08:00  INFO 18516 --- [iam-authorization-server] [           main] b.m.s.MybatisPlusApplicationContextAware : Register ApplicationContext instances org.springframework.boot.web.servlet.context.AnnotationConfigServletWebServerApplicationContext@72437d8d
2026-08-15T17:05:40.307+08:00  INFO 18516 --- [iam-authorization-server] [           main] o.s.b.w.embedded.tomcat.TomcatWebServer  : Tomcat started on port 9000 (http) with context path '/'
2026-08-15T17:05:40.333+08:00  INFO 18516 --- [iam-authorization-server] [           main] n.x.a.AuthorizationServerApplication     : Started AuthorizationServerApplication in 12.238 seconds (process running for 12.658)
Creating a new SqlSession
SqlSession [org.apache.ibatis.session.defaults.DefaultSqlSession@29eaf100] was not registered for synchronization because synchronization is not active
JDBC Connection [com.alibaba.druid.pool.DruidStatementConnection@495f7ca4] will not be managed by Spring
==>  Preparing: SELECT * FROM sys_user WHERE username = ? LIMIT 1
==> Parameters: user(String)
<==    Columns: id, user_code, username, password, nickname, email, phone, avatar, user_label, enabled, account_non_expired, account_non_locked, credentials_non_expired, create_time, update_time
<==        Row: 2, u_1a2b3c4d5e6f708090a0b0c0d0e0f002, user, $2a$10$ov3NUrdkAHujSRdGbDZF6O9h2cjZq4Zl17fL3TA5Nhs94mE/PmH8e, 普通用户, user@example.com, null, null, client, 1, 1, 1, 1, 2026-08-11 20:00:08, 2026-08-11 20:00:08
<==      Total: 1
Closing non transactional SqlSession [org.apache.ibatis.session.defaults.DefaultSqlSession@29eaf100]
2026-08-15T17:05:40.514+08:00  INFO 18516 --- [iam-authorization-server] [           main] n.x.a.config.UserPasswordInitializer     : [UserPasswordInit] 用户 user 密码正确, 跳过
Creating a new SqlSession
SqlSession [org.apache.ibatis.session.defaults.DefaultSqlSession@54ed249f] was not registered for synchronization because synchronization is not active
JDBC Connection [com.alibaba.druid.pool.DruidStatementConnection@495f7ca4] will not be managed by Spring
==>  Preparing: SELECT * FROM sys_user WHERE username = ? LIMIT 1
==> Parameters: admin(String)
<==    Columns: id, user_code, username, password, nickname, email, phone, avatar, user_label, enabled, account_non_expired, account_non_locked, credentials_non_expired, create_time, update_time
<==        Row: 1, u_1a2b3c4d5e6f708090a0b0c0d0e0f001, admin, $2a$10$ov3NUrdkAHujSRdGbDZF6O9h2cjZq4Zl17fL3TA5Nhs94mE/PmH8e, 管理员, admin@example.com, null, null, admin, 1, 1, 1, 1, 2026-08-11 20:00:08, 2026-08-11 20:00:08
<==      Total: 1
Closing non transactional SqlSession [org.apache.ibatis.session.defaults.DefaultSqlSession@54ed249f]
2026-08-15T17:05:40.616+08:00  INFO 18516 --- [iam-authorization-server] [           main] n.x.a.config.UserPasswordInitializer     : [UserPasswordInit] 用户 admin 密码正确, 跳过
2026-08-15T17:05:41.181+08:00  INFO 18516 --- [iam-authorization-server] [           main] n.xzh.authserver.config.DataInitializer  : [DataInit] portal-app requireProofKey 需更新为 true (PKCE)
Creating a new SqlSession
SqlSession [org.apache.ibatis.session.defaults.DefaultSqlSession@38326fd5] was not registered for synchronization because synchronization is not active
JDBC Connection [com.alibaba.druid.pool.DruidStatementConnection@495f7ca4] will not be managed by Spring
==>  Preparing: SELECT id,client_id,client_id_issued_at,client_secret,client_secret_expires_at,client_name,client_authentication_methods,authorization_grant_types,redirect_uris,post_logout_redirect_uris,scopes,client_settings,token_settings FROM oauth2_registered_client WHERE id=?
==> Parameters: 3(String)
<==    Columns: id, client_id, client_id_issued_at, client_secret, client_secret_expires_at, client_name, client_authentication_methods, authorization_grant_types, redirect_uris, post_logout_redirect_uris, scopes, client_settings, token_settings
<==        Row: 3, portal-app, 2026-08-11 20:00:08, $2a$10$ov3NUrdkAHujSRdGbDZF6O9h2cjZq4Zl17fL3TA5Nhs94mE/PmH8e, null, 门户应用 (SSO), client_secret_basic, refresh_token,authorization_code, http://localhost:8083/portal-sso-callback,http://localhost:8081/portal-sso-callback,http://localhost:8080/login/oauth2/code/portal-app-oidc, http://localhost:8000/logged-out,http://localhost:8080/logged-out, openid,profile,email, {"requireProofKey":false,"requireAuthorizationConsent":false}, {"accessTokenFormat":"reference","authorizationCodeTimeToLive":"PT5M","accessTokenTimeToLive":"PT2H","reuseRefreshTokens":false}
<==      Total: 1
Closing non transactional SqlSession [org.apache.ibatis.session.defaults.DefaultSqlSession@38326fd5]
Creating a new SqlSession
SqlSession [org.apache.ibatis.session.defaults.DefaultSqlSession@92775a3] was not registered for synchronization because synchronization is not active
JDBC Connection [com.alibaba.druid.pool.DruidStatementConnection@495f7ca4] will not be managed by Spring
==>  Preparing: UPDATE oauth2_registered_client SET client_id=?, client_id_issued_at=?, client_secret=?, client_name=?, client_authentication_methods=?, authorization_grant_types=?, redirect_uris=?, post_logout_redirect_uris=?, scopes=?, client_settings=?, token_settings=? WHERE id=?
==> Parameters: portal-app(String), 2026-08-11T20:00:08(LocalDateTime), $2a$10$ov3NUrdkAHujSRdGbDZF6O9h2cjZq4Zl17fL3TA5Nhs94mE/PmH8e(String), 门户应用 (SSO)(String), client_secret_basic(String), refresh_token,authorization_code(String), http://localhost:8083/portal-sso-callback,http://localhost:8081/portal-sso-callback,http://localhost:8080/login/oauth2/code/portal-app-oidc(String), http://localhost:8000/logged-out,http://localhost:8080/logged-out(String), openid,profile,email(String), {"requireProofKey":false,"requireAuthorizationConsent":false}(String), {"accessTokenFormat":"reference","authorizationCodeTimeToLive":"PT5M","accessTokenTimeToLive":"PT2H","reuseRefreshTokens":false}(String), 3(String)
<==    Updates: 1
Closing non transactional SqlSession [org.apache.ibatis.session.defaults.DefaultSqlSession@92775a3]
2026-08-15T17:05:41.395+08:00  INFO 18516 --- [iam-authorization-server] [           main] n.xzh.authserver.config.DataInitializer  : [DataInit] portal-app 客户端配置已更新 (redirect_uri=http://localhost:8080/login/oauth2/code/portal-app-oidc, secret=123456)
2026-08-15T17:08:32.423+08:00  INFO 18516 --- [iam-authorization-server] [nio-9000-exec-1] o.a.c.c.C.[Tomcat].[localhost].[/]       : Initializing Spring DispatcherServlet 'dispatcherServlet'
2026-08-15T17:08:32.424+08:00  INFO 18516 --- [iam-authorization-server] [nio-9000-exec-1] o.s.web.servlet.DispatcherServlet        : Initializing Servlet 'dispatcherServlet'
2026-08-15T17:08:32.425+08:00  INFO 18516 --- [iam-authorization-server] [nio-9000-exec-1] o.s.web.servlet.DispatcherServlet        : Completed initialization in 1 ms
2026-08-15T17:08:32.446+08:00 DEBUG 18516 --- [iam-authorization-server] [nio-9000-exec-1] o.s.security.web.FilterChainProxy        : Securing GET /oauth2/authorize?response_type=code&client_id=admin-app&scope=openid%20profile%20read%20write&state=oiafunlh_6pspKJmeN5JOH_Y5yvpz-vsTqVZz5ypUVI%3D&redirect_uri=http://localhost:8085/login/oauth2/code/admin-app&nonce=V0gmId4nH-FxdrvMcFBMCAlCSoM0Mwc3-cUKPMfaFXY
2026-08-15T17:08:32.476+08:00 DEBUG 18516 --- [iam-authorization-server] [nio-9000-exec-1] o.s.s.w.a.AnonymousAuthenticationFilter  : Set SecurityContextHolder to anonymous SecurityContext
2026-08-15T17:08:32.484+08:00 DEBUG 18516 --- [iam-authorization-server] [nio-9000-exec-1] o.s.s.w.s.HttpSessionRequestCache        : Saved request http://localhost:9000/oauth2/authorize?response_type=code&client_id=admin-app&scope=openid%20profile%20read%20write&state=oiafunlh_6pspKJmeN5JOH_Y5yvpz-vsTqVZz5ypUVI%3D&redirect_uri=http://localhost:8085/login/oauth2/code/admin-app&nonce=V0gmId4nH-FxdrvMcFBMCAlCSoM0Mwc3-cUKPMfaFXY&continue to session
2026-08-15T17:08:32.486+08:00 DEBUG 18516 --- [iam-authorization-server] [nio-9000-exec-1] s.w.a.DelegatingAuthenticationEntryPoint : Trying to match using MediaTypeRequestMatcher [contentNegotiationStrategy=org.springframework.web.accept.HeaderContentNegotiationStrategy@3162c18f, matchingMediaTypes=[text/html], useEquals=false, ignoredMediaTypes=[]]
2026-08-15T17:08:32.487+08:00 DEBUG 18516 --- [iam-authorization-server] [nio-9000-exec-1] s.w.a.DelegatingAuthenticationEntryPoint : Match found! Executing org.springframework.security.web.authentication.LoginUrlAuthenticationEntryPoint@44282af1
2026-08-15T17:08:32.489+08:00 DEBUG 18516 --- [iam-authorization-server] [nio-9000-exec-1] o.s.s.web.DefaultRedirectStrategy        : Redirecting to http://localhost:9000/login.html
2026-08-15T17:08:32.516+08:00 DEBUG 18516 --- [iam-authorization-server] [nio-9000-exec-2] o.s.security.web.FilterChainProxy        : Securing GET /login.html
2026-08-15T17:08:32.528+08:00 DEBUG 18516 --- [iam-authorization-server] [nio-9000-exec-2] o.s.s.w.a.AnonymousAuthenticationFilter  : Set SecurityContextHolder to anonymous SecurityContext
2026-08-15T17:08:32.529+08:00 DEBUG 18516 --- [iam-authorization-server] [nio-9000-exec-2] o.s.security.web.FilterChainProxy        : Secured GET /login.html
2026-08-15T17:08:32.562+08:00 DEBUG 18516 --- [iam-authorization-server] [nio-9000-exec-3] o.s.security.web.FilterChainProxy        : Securing POST /login
JDBC Connection [com.alibaba.druid.pool.DruidStatementConnection@495f7ca4] will not be managed by Spring
==>  Preparing: SELECT id,user_code,username,password,nickname,email,phone,avatar,user_label,enabled,account_non_expired,account_non_locked,credentials_non_expired,create_time,update_time FROM sys_user WHERE (username = ?)
==> Parameters: admin(String)
<==    Columns: id, user_code, username, password, nickname, email, phone, avatar, user_label, enabled, account_non_expired, account_non_locked, credentials_non_expired, create_time, update_time
<==        Row: 1, u_1a2b3c4d5e6f708090a0b0c0d0e0f001, admin, $2a$10$ov3NUrdkAHujSRdGbDZF6O9h2cjZq4Zl17fL3TA5Nhs94mE/PmH8e, 管理员, admin@example.com, null, null, admin, 1, 1, 1, 1, 2026-08-11 20:00:08, 2026-08-11 20:00:08
<==      Total: 1
2026-08-15T17:08:32.757+08:00 DEBUG 18516 --- [iam-authorization-server] [nio-9000-exec-5] o.s.security.web.FilterChainProxy        : Securing POST /oauth2/token
2026-08-15T17:08:32.853+08:00 DEBUG 18516 --- [iam-authorization-server] [nio-9000-exec-5] o.s.a.w.OAuth2ClientAuthenticationFilter : Set SecurityContextHolder authentication to OAuth2ClientAuthenticationToken
2026-08-15T17:08:32.868+08:00  INFO 18516 --- [iam-authorization-server] [nio-9000-exec-5] n.x.a.s.session.RedisSessionRegistry     : [RedisSessionRegistry] 注册会话: principal=resource-server, sessionId=a6b1725a-b1e2-4364-87a9-7e4daceb37d3
2026-08-15T17:08:32.894+08:00 DEBUG 18516 --- [iam-authorization-server] [nio-9000-exec-5] .x.a.s.r.RedisOAuth2AuthorizationService : OAuth2Authorization saved to Redis, id=9107d5f7-80ed-4f29-9d70-a5b61b88bd17, user=resource-server
2026-08-15T17:08:32.921+08:00 DEBUG 18516 --- [iam-authorization-server] [nio-9000-exec-5] n.x.a.s.web.ActiveClientTrackingFilter   : [ActiveClientTracking] 响应已提交, 跳过 session 写入 clientId=resource-server
2026-08-15T17:08:32.948+08:00 DEBUG 18516 --- [iam-authorization-server] [nio-9000-exec-4] o.s.security.web.FilterChainProxy        : Securing POST /oauth2/introspect
2026-08-15T17:08:33.043+08:00 DEBUG 18516 --- [iam-authorization-server] [nio-9000-exec-4] o.s.a.w.OAuth2ClientAuthenticationFilter : Set SecurityContextHolder authentication to OAuth2ClientAuthenticationToken
2026-08-15T17:08:33.050+08:00  INFO 18516 --- [iam-authorization-server] [nio-9000-exec-4] n.x.a.s.session.RedisSessionRegistry     : [RedisSessionRegistry] 注册会话: principal=resource-server, sessionId=1faccc68-8158-42d3-bccd-913ca499233b
2026-08-15T17:08:33.089+08:00 DEBUG 18516 --- [iam-authorization-server] [nio-9000-exec-3] n.x.authserver.remote.RemoteRoleService  : [RemoteRole] userCode=u_1a2b3c4d5e6f708090a0b0c0d0e0f001, roles=[ROLE_ADMIN]
2026-08-15T17:08:33.090+08:00 DEBUG 18516 --- [iam-authorization-server] [nio-9000-exec-3] n.x.a.s.u.PortalUserDetailsService       : 用户 admin (user_code=u_1a2b3c4d5e6f708090a0b0c0d0e0f001) RBAC 角色: [ROLE_ADMIN]
2026-08-15T17:08:33.185+08:00 DEBUG 18516 --- [iam-authorization-server] [nio-9000-exec-3] o.s.s.a.dao.DaoAuthenticationProvider    : Authenticated user
2026-08-15T17:08:33.186+08:00 DEBUG 18516 --- [iam-authorization-server] [nio-9000-exec-3] .s.ChangeSessionIdAuthenticationStrategy : Changed session id from 11c00904-ac9c-4463-8700-28a71f92d449
2026-08-15T17:08:33.195+08:00  INFO 18516 --- [iam-authorization-server] [nio-9000-exec-3] n.x.a.s.session.RedisSessionRegistry     : [RedisSessionRegistry] 注册会话: principal=u_1a2b3c4d5e6f708090a0b0c0d0e0f001, sessionId=a224edcb-e636-4e8d-988b-345b87989dd0
2026-08-15T17:08:33.196+08:00 DEBUG 18516 --- [iam-authorization-server] [nio-9000-exec-3] w.a.UsernamePasswordAuthenticationFilter : Set SecurityContextHolder to UsernamePasswordAuthenticationToken [Principal=org.springframework.security.core.userdetails.User [Username=u_1a2b3c4d5e6f708090a0b0c0d0e0f001, Password=[PROTECTED], Enabled=true, AccountNonExpired=true, CredentialsNonExpired=true, AccountNonLocked=true, Granted Authorities=[ROLE_ADMIN]], Credentials=[PROTECTED], Authenticated=true, Details=WebAuthenticationDetails [RemoteIpAddress=127.0.0.1, SessionId=11c00904-ac9c-4463-8700-28a71f92d449], Granted Authorities=[ROLE_ADMIN]]
2026-08-15T17:08:33.196+08:00 DEBUG 18516 --- [iam-authorization-server] [nio-9000-exec-3] o.s.s.web.DefaultRedirectStrategy        : Redirecting to http://localhost:9000/oauth2/authorize?response_type=code&client_id=admin-app&scope=openid%20profile%20read%20write&state=oiafunlh_6pspKJmeN5JOH_Y5yvpz-vsTqVZz5ypUVI%3D&redirect_uri=http://localhost:8085/login/oauth2/code/admin-app&nonce=V0gmId4nH-FxdrvMcFBMCAlCSoM0Mwc3-cUKPMfaFXY&continue
2026-08-15T17:08:33.211+08:00 DEBUG 18516 --- [iam-authorization-server] [nio-9000-exec-6] o.s.security.web.FilterChainProxy        : Securing GET /oauth2/authorize?response_type=code&client_id=admin-app&scope=openid%20profile%20read%20write&state=oiafunlh_6pspKJmeN5JOH_Y5yvpz-vsTqVZz5ypUVI%3D&redirect_uri=http://localhost:8085/login/oauth2/code/admin-app&nonce=V0gmId4nH-FxdrvMcFBMCAlCSoM0Mwc3-cUKPMfaFXY&continue
JDBC Connection [com.alibaba.druid.pool.DruidStatementConnection@495f7ca4] will not be managed by Spring
==>  Preparing: SELECT id,client_id,allowed_roles,status,remark,create_time,update_time FROM iam_client_policy WHERE (client_id = ?)
==> Parameters: admin-app(String)
<==    Columns: id, client_id, allowed_roles, status, remark, create_time, update_time
<==        Row: 1, admin-app, ADMIN, 1, 管理后台 (原 yaml client-identity-policy: admin-app: [admin] 迁移), 2026-08-15 16:38:36, 2026-08-15 16:38:36
<==      Total: 1
Creating a new SqlSession
SqlSession [org.apache.ibatis.session.defaults.DefaultSqlSession@f1030e0] was not registered for synchronization because synchronization is not active
JDBC Connection [com.alibaba.druid.pool.DruidStatementConnection@495f7ca4] will not be managed by Spring
==>  Preparing: SELECT * FROM oauth2_authorization_consent WHERE registered_client_id = ? AND principal_name = ? LIMIT 1
==> Parameters: 2(String), u_1a2b3c4d5e6f708090a0b0c0d0e0f001(String)
<==      Total: 0
Closing non transactional SqlSession [org.apache.ibatis.session.defaults.DefaultSqlSession@f1030e0]
Creating a new SqlSession
SqlSession [org.apache.ibatis.session.defaults.DefaultSqlSession@66c7feba] was not registered for synchronization because synchronization is not active
JDBC Connection [com.alibaba.druid.pool.DruidStatementConnection@495f7ca4] will not be managed by Spring
==>  Preparing: SELECT * FROM oauth2_registered_client WHERE client_id = ? LIMIT 1
==> Parameters: u_1a2b3c4d5e6f708090a0b0c0d0e0f001(String)
<==      Total: 0
Closing non transactional SqlSession [org.apache.ibatis.session.defaults.DefaultSqlSession@66c7feba]
2026-08-15T17:08:33.263+08:00 DEBUG 18516 --- [iam-authorization-server] [nio-9000-exec-6] .x.a.s.r.RedisOAuth2AuthorizationService : OAuth2Authorization saved to Redis, id=4698aaf5-f79b-4113-8813-366646eb0862, user=u_1a2b3c4d5e6f708090a0b0c0d0e0f001
2026-08-15T17:08:33.271+08:00 DEBUG 18516 --- [iam-authorization-server] [nio-9000-exec-6] o.s.s.web.DefaultRedirectStrategy        : Redirecting to http://localhost:8085/login/oauth2/code/admin-app?code=vNjgdsUO68eYthiOa_V-tyuDEorXnIM1wLKsYXayfvkKpmDFble2ct_nLErNhiMlcj00LVAWEuEitF3Sx8K7csPfJT_8-EWhq1baU7721l5DTAlST2eHE3Oh6NFh_bXr&state=oiafunlh_6pspKJmeN5JOH_Y5yvpz-vsTqVZz5ypUVI%3D
2026-08-15T17:08:33.284+08:00 DEBUG 18516 --- [iam-authorization-server] [nio-9000-exec-8] o.s.security.web.FilterChainProxy        : Securing POST /oauth2/token
2026-08-15T17:08:33.398+08:00 DEBUG 18516 --- [iam-authorization-server] [nio-9000-exec-8] o.s.a.w.OAuth2ClientAuthenticationFilter : Set SecurityContextHolder authentication to OAuth2ClientAuthenticationToken
2026-08-15T17:08:33.406+08:00  INFO 18516 --- [iam-authorization-server] [nio-9000-exec-8] n.x.a.s.session.RedisSessionRegistry     : [RedisSessionRegistry] 注册会话: principal=admin-app, sessionId=fe69d34b-5589-4f2a-9820-e2d2f21001e2
JDBC Connection [com.alibaba.druid.pool.DruidStatementConnection@495f7ca4] will not be managed by Spring
==>  Preparing: SELECT id,client_id,allowed_roles,status,remark,create_time,update_time FROM iam_client_policy WHERE (client_id = ?)
==> Parameters: admin-app(String)
<==    Columns: id, client_id, allowed_roles, status, remark, create_time, update_time
<==        Row: 1, admin-app, ADMIN, 1, 管理后台 (原 yaml client-identity-policy: admin-app: [admin] 迁移), 2026-08-15 16:38:36, 2026-08-15 16:38:36
<==      Total: 1
JDBC Connection [com.alibaba.druid.pool.DruidStatementConnection@495f7ca4] will not be managed by Spring
==>  Preparing: SELECT id,user_code,username,password,nickname,email,phone,avatar,user_label,enabled,account_non_expired,account_non_locked,credentials_non_expired,create_time,update_time FROM sys_user WHERE (user_code = ?)
==> Parameters: u_1a2b3c4d5e6f708090a0b0c0d0e0f001(String)
<==    Columns: id, user_code, username, password, nickname, email, phone, avatar, user_label, enabled, account_non_expired, account_non_locked, credentials_non_expired, create_time, update_time
<==        Row: 1, u_1a2b3c4d5e6f708090a0b0c0d0e0f001, admin, $2a$10$ov3NUrdkAHujSRdGbDZF6O9h2cjZq4Zl17fL3TA5Nhs94mE/PmH8e, 管理员, admin@example.com, null, null, admin, 1, 1, 1, 1, 2026-08-11 20:00:08, 2026-08-11 20:00:08
<==      Total: 1
Creating a new SqlSession
SqlSession [org.apache.ibatis.session.defaults.DefaultSqlSession@75bb6f68] was not registered for synchronization because synchronization is not active
JDBC Connection [com.alibaba.druid.pool.DruidStatementConnection@495f7ca4] will not be managed by Spring
==>  Preparing: SELECT * FROM oauth2_registered_client WHERE client_id = ? LIMIT 1
==> Parameters: u_1a2b3c4d5e6f708090a0b0c0d0e0f001(String)
<==      Total: 0
Closing non transactional SqlSession [org.apache.ibatis.session.defaults.DefaultSqlSession@75bb6f68]
2026-08-15T17:08:33.513+08:00 DEBUG 18516 --- [iam-authorization-server] [nio-9000-exec-8] .x.a.s.r.RedisOAuth2AuthorizationService : OAuth2Authorization saved to Redis, id=4698aaf5-f79b-4113-8813-366646eb0862, user=u_1a2b3c4d5e6f708090a0b0c0d0e0f001
2026-08-15T17:08:33.518+08:00 DEBUG 18516 --- [iam-authorization-server] [nio-9000-exec-8] n.x.a.s.web.ActiveClientTrackingFilter   : [ActiveClientTracking] 响应已提交, 跳过 session 写入 clientId=admin-app
2026-08-15T17:08:33.524+08:00 DEBUG 18516 --- [iam-authorization-server] [nio-9000-exec-7] o.s.security.web.FilterChainProxy        : Securing GET /oauth2/jwks
JDBC Connection [com.alibaba.druid.pool.DruidStatementConnection@495f7ca4] will not be managed by Spring
==>  Preparing: SELECT id,user_code,username,password,nickname,email,phone,avatar,user_label,enabled,account_non_expired,account_non_locked,credentials_non_expired,create_time,update_time FROM sys_user WHERE (user_code = ?)
==> Parameters: u_1a2b3c4d5e6f708090a0b0c0d0e0f001(String)
<==    Columns: id, user_code, username, password, nickname, email, phone, avatar, user_label, enabled, account_non_expired, account_non_locked, credentials_non_expired, create_time, update_time
<==        Row: 1, u_1a2b3c4d5e6f708090a0b0c0d0e0f001, admin, $2a$10$ov3NUrdkAHujSRdGbDZF6O9h2cjZq4Zl17fL3TA5Nhs94mE/PmH8e, 管理员, admin@example.com, null, null, admin, 1, 1, 1, 1, 2026-08-11 20:00:08, 2026-08-11 20:00:08
<==      Total: 1
2026-08-15T17:08:33.574+08:00 DEBUG 18516 --- [iam-authorization-server] [nio-9000-exec-9] n.x.a.s.u.PortalUserDetailsService       : 用户 admin (user_code=u_1a2b3c4d5e6f708090a0b0c0d0e0f001) RBAC 角色: [ROLE_ADMIN]
2026-08-15T17:08:33.576+08:00 DEBUG 18516 --- [iam-authorization-server] [nio-9000-exec-9] n.x.a.s.t.RedisOpaqueTokenIntrospector   : Opaque token introspect success, sub=u_1a2b3c4d5e6f708090a0b0c0d0e0f001, scope=[read, openid, profile, write]
JDBC Connection [com.alibaba.druid.pool.DruidStatementConnection@495f7ca4] will not be managed by Spring
==>  Preparing: SELECT id,user_code,username,password,nickname,email,phone,avatar,user_label,enabled,account_non_expired,account_non_locked,credentials_non_expired,create_time,update_time FROM sys_user WHERE (user_code = ?)
==> Parameters: u_1a2b3c4d5e6f708090a0b0c0d0e0f001(String)
<==    Columns: id, user_code, username, password, nickname, email, phone, avatar, user_label, enabled, account_non_expired, account_non_locked, credentials_non_expired, create_time, update_time
<==        Row: 1, u_1a2b3c4d5e6f708090a0b0c0d0e0f001, admin, $2a$10$ov3NUrdkAHujSRdGbDZF6O9h2cjZq4Zl17fL3TA5Nhs94mE/PmH8e, 管理员, admin@example.com, null, null, admin, 1, 1, 1, 1, 2026-08-11 20:00:08, 2026-08-11 20:00:08
<==      Total: 1
2026-08-15T17:14:41.880+08:00 DEBUG 18516 --- [iam-authorization-server] [nio-9000-exec-4] o.s.security.web.FilterChainProxy        : Securing GET /oauth2/authorize?response_type=code&client_id=admin-app&scope=openid%20profile%20read%20write&state=3xKkE9PA4C5uceAA55WAzlXgvgo_tKpMq_zFButEs2s%3D&redirect_uri=http://localhost:8085/login/oauth2/code/admin-app&nonce=7SbLZlkcvV_9cGFv76P5fxVoYuZzT0yEKdWWHbD7_wQ
Creating a new SqlSession
SqlSession [org.apache.ibatis.session.defaults.DefaultSqlSession@620c1aac] was not registered for synchronization because synchronization is not active
JDBC Connection [com.alibaba.druid.pool.DruidStatementConnection@495f7ca4] will not be managed by Spring
==>  Preparing: SELECT * FROM oauth2_registered_client WHERE client_id = ? LIMIT 1
==> Parameters: admin-app(String)
<==    Columns: id, client_id, client_id_issued_at, client_secret, client_secret_expires_at, client_name, client_authentication_methods, authorization_grant_types, redirect_uris, post_logout_redirect_uris, scopes, client_settings, token_settings
<==        Row: 2, admin-app, 2026-08-13 12:00:00, $2a$10$ov3NUrdkAHujSRdGbDZF6O9h2cjZq4Zl17fL3TA5Nhs94mE/PmH8e, null, 管理后台, client_secret_basic, refresh_token,authorization_code, http://localhost:8085/login/oauth2/code/admin-app, http://localhost:8001/logged-out, openid,profile,read,write, {"requireProofKey":false,"requireAuthorizationConsent":false}, {"accessTokenFormat":"reference","authorizationCodeTimeToLive":"PT5M","accessTokenTimeToLive":"PT2H","reuseRefreshTokens":true}
<==      Total: 1
Closing non transactional SqlSession [org.apache.ibatis.session.defaults.DefaultSqlSession@620c1aac]
2026-08-15T17:14:41.902+08:00 DEBUG 18516 --- [iam-authorization-server] [nio-9000-exec-4] o.s.s.w.a.AnonymousAuthenticationFilter  : Set SecurityContextHolder to anonymous SecurityContext
2026-08-15T17:14:41.903+08:00 DEBUG 18516 --- [iam-authorization-server] [nio-9000-exec-4] o.s.s.w.s.HttpSessionRequestCache        : Saved request http://localhost:9000/oauth2/authorize?response_type=code&client_id=admin-app&scope=openid%20profile%20read%20write&state=3xKkE9PA4C5uceAA55WAzlXgvgo_tKpMq_zFButEs2s%3D&redirect_uri=http://localhost:8085/login/oauth2/code/admin-app&nonce=7SbLZlkcvV_9cGFv76P5fxVoYuZzT0yEKdWWHbD7_wQ&continue to session
2026-08-15T17:14:41.904+08:00 DEBUG 18516 --- [iam-authorization-server] [nio-9000-exec-4] s.w.a.DelegatingAuthenticationEntryPoint : Trying to match using MediaTypeRequestMatcher [contentNegotiationStrategy=org.springframework.web.accept.HeaderContentNegotiationStrategy@3162c18f, matchingMediaTypes=[text/html], useEquals=false, ignoredMediaTypes=[]]
2026-08-15T17:14:41.905+08:00 DEBUG 18516 --- [iam-authorization-server] [nio-9000-exec-4] s.w.a.DelegatingAuthenticationEntryPoint : Match found! Executing org.springframework.security.web.authentication.LoginUrlAuthenticationEntryPoint@44282af1
2026-08-15T17:14:41.905+08:00 DEBUG 18516 --- [iam-authorization-server] [nio-9000-exec-4] o.s.s.web.DefaultRedirectStrategy        : Redirecting to http://localhost:9000/login.html
2026-08-15T17:14:41.912+08:00 DEBUG 18516 --- [iam-authorization-server] [nio-9000-exec-3] o.s.security.web.FilterChainProxy        : Securing GET /login.html
2026-08-15T17:14:41.915+08:00 DEBUG 18516 --- [iam-authorization-server] [nio-9000-exec-3] o.s.s.w.a.AnonymousAuthenticationFilter  : Set SecurityContextHolder to anonymous SecurityContext
2026-08-15T17:14:41.916+08:00 DEBUG 18516 --- [iam-authorization-server] [nio-9000-exec-3] o.s.security.web.FilterChainProxy        : Secured GET /login.html
2026-08-15T17:14:41.931+08:00 DEBUG 18516 --- [iam-authorization-server] [nio-9000-exec-6] o.s.security.web.FilterChainProxy        : Securing POST /login
JDBC Connection [com.alibaba.druid.pool.DruidStatementConnection@495f7ca4] will not be managed by Spring
==>  Preparing: SELECT id,user_code,username,password,nickname,email,phone,avatar,user_label,enabled,account_non_expired,account_non_locked,credentials_non_expired,create_time,update_time FROM sys_user WHERE (username = ?)
==> Parameters: admin(String)
<==    Columns: id, user_code, username, password, nickname, email, phone, avatar, user_label, enabled, account_non_expired, account_non_locked, credentials_non_expired, create_time, update_time
<==        Row: 1, u_1a2b3c4d5e6f708090a0b0c0d0e0f001, admin, $2a$10$ov3NUrdkAHujSRdGbDZF6O9h2cjZq4Zl17fL3TA5Nhs94mE/PmH8e, 管理员, admin@example.com, null, null, admin, 1, 1, 1, 1, 2026-08-11 20:00:08, 2026-08-11 20:00:08
<==      Total: 1
2026-08-15T17:14:41.947+08:00 DEBUG 18516 --- [iam-authorization-server] [nio-9000-exec-8] o.s.security.web.FilterChainProxy        : Securing POST /oauth2/introspect
Creating a new SqlSession
SqlSession [org.apache.ibatis.session.defaults.DefaultSqlSession@3c5cb9be] was not registered for synchronization because synchronization is not active
JDBC Connection [com.alibaba.druid.pool.DruidStatementConnection@495f7ca4] will not be managed by Spring
==>  Preparing: SELECT * FROM oauth2_registered_client WHERE client_id = ? LIMIT 1
==> Parameters: resource-server(String)
<==    Columns: id, client_id, client_id_issued_at, client_secret, client_secret_expires_at, client_name, client_authentication_methods, authorization_grant_types, redirect_uris, post_logout_redirect_uris, scopes, client_settings, token_settings
<==        Row: 1, resource-server, 2026-08-13 09:56:12, $2a$10$ov3NUrdkAHujSRdGbDZF6O9h2cjZq4Zl17fL3TA5Nhs94mE/PmH8e, null, 资源服务器, client_secret_basic, client_credentials, , , read,write, {"requireProofKey":false,"requireAuthorizationConsent":false}, {"accessTokenFormat":"reference","authorizationCodeTimeToLive":"PT5M","accessTokenTimeToLive":"PT30M","reuseRefreshTokens":false}
<==      Total: 1
Closing non transactional SqlSession [org.apache.ibatis.session.defaults.DefaultSqlSession@3c5cb9be]
2026-08-15T17:14:42.032+08:00 DEBUG 18516 --- [iam-authorization-server] [nio-9000-exec-8] o.s.a.w.OAuth2ClientAuthenticationFilter : Set SecurityContextHolder authentication to OAuth2ClientAuthenticationToken
2026-08-15T17:14:42.039+08:00  INFO 18516 --- [iam-authorization-server] [nio-9000-exec-8] n.x.a.s.session.RedisSessionRegistry     : [RedisSessionRegistry] 注册会话: principal=resource-server, sessionId=012e1030-f2fa-47d5-aff8-9ed088f5d91e
2026-08-15T17:14:42.052+08:00  WARN 18516 --- [iam-authorization-server] [nio-9000-exec-6] n.x.authserver.remote.RemoteRoleService  : [RemoteRole] 角色接口返回 HTTP 401, 判定 service token 已失效 (Redis 可能被清空), 强制刷新后重试一次. userCode=u_1a2b3c4d5e6f708090a0b0c0d0e0f001
2026-08-15T17:14:42.055+08:00 DEBUG 18516 --- [iam-authorization-server] [nio-9000-exec-7] o.s.security.web.FilterChainProxy        : Securing POST /oauth2/token
2026-08-15T17:14:42.134+08:00 DEBUG 18516 --- [iam-authorization-server] [nio-9000-exec-7] o.s.a.w.OAuth2ClientAuthenticationFilter : Set SecurityContextHolder authentication to OAuth2ClientAuthenticationToken
2026-08-15T17:14:42.138+08:00  INFO 18516 --- [iam-authorization-server] [nio-9000-exec-7] n.x.a.s.session.RedisSessionRegistry     : [RedisSessionRegistry] 注册会话: principal=resource-server, sessionId=282bda12-9b6e-44d7-9ca3-919a08851aef
2026-08-15T17:14:42.144+08:00 DEBUG 18516 --- [iam-authorization-server] [nio-9000-exec-7] .x.a.s.r.RedisOAuth2AuthorizationService : OAuth2Authorization saved to Redis, id=5c08d7e4-1cae-4fc2-b089-ff98c42eca24, user=resource-server
2026-08-15T17:14:42.148+08:00 DEBUG 18516 --- [iam-authorization-server] [nio-9000-exec-7] n.x.a.s.web.ActiveClientTrackingFilter   : [ActiveClientTracking] 响应已提交, 跳过 session 写入 clientId=resource-server
2026-08-15T17:14:42.155+08:00 DEBUG 18516 --- [iam-authorization-server] [nio-9000-exec-9] o.s.security.web.FilterChainProxy        : Securing POST /oauth2/introspect
2026-08-15T17:14:42.234+08:00 DEBUG 18516 --- [iam-authorization-server] [nio-9000-exec-9] o.s.a.w.OAuth2ClientAuthenticationFilter : Set SecurityContextHolder authentication to OAuth2ClientAuthenticationToken
2026-08-15T17:14:42.239+08:00  INFO 18516 --- [iam-authorization-server] [nio-9000-exec-9] n.x.a.s.session.RedisSessionRegistry     : [RedisSessionRegistry] 注册会话: principal=resource-server, sessionId=43ced51f-70a3-4d86-b52d-4494c8e4f7aa
2026-08-15T17:14:42.258+08:00 DEBUG 18516 --- [iam-authorization-server] [nio-9000-exec-6] n.x.authserver.remote.RemoteRoleService  : [RemoteRole] userCode=u_1a2b3c4d5e6f708090a0b0c0d0e0f001, roles=[ROLE_ADMIN]
2026-08-15T17:14:42.259+08:00 DEBUG 18516 --- [iam-authorization-server] [nio-9000-exec-6] n.x.a.s.u.PortalUserDetailsService       : 用户 admin (user_code=u_1a2b3c4d5e6f708090a0b0c0d0e0f001) RBAC 角色: [ROLE_ADMIN]
2026-08-15T17:14:42.334+08:00 DEBUG 18516 --- [iam-authorization-server] [nio-9000-exec-6] o.s.s.a.dao.DaoAuthenticationProvider    : Authenticated user
2026-08-15T17:14:42.334+08:00 DEBUG 18516 --- [iam-authorization-server] [nio-9000-exec-6] .s.ChangeSessionIdAuthenticationStrategy : Changed session id from 05191f1e-62ca-4bc6-ab4d-3c083a38c2ee
2026-08-15T17:14:42.339+08:00  INFO 18516 --- [iam-authorization-server] [nio-9000-exec-6] n.x.a.s.session.RedisSessionRegistry     : [RedisSessionRegistry] 注册会话: principal=u_1a2b3c4d5e6f708090a0b0c0d0e0f001, sessionId=bad8d37f-6fb4-40cb-8f99-0821af45db7f
2026-08-15T17:14:42.339+08:00 DEBUG 18516 --- [iam-authorization-server] [nio-9000-exec-6] w.a.UsernamePasswordAuthenticationFilter : Set SecurityContextHolder to UsernamePasswordAuthenticationToken [Principal=org.springframework.security.core.userdetails.User [Username=u_1a2b3c4d5e6f708090a0b0c0d0e0f001, Password=[PROTECTED], Enabled=true, AccountNonExpired=true, CredentialsNonExpired=true, AccountNonLocked=true, Granted Authorities=[ROLE_ADMIN]], Credentials=[PROTECTED], Authenticated=true, Details=WebAuthenticationDetails [RemoteIpAddress=127.0.0.1, SessionId=05191f1e-62ca-4bc6-ab4d-3c083a38c2ee], Granted Authorities=[ROLE_ADMIN]]
2026-08-15T17:14:42.339+08:00 DEBUG 18516 --- [iam-authorization-server] [nio-9000-exec-6] o.s.s.web.DefaultRedirectStrategy        : Redirecting to http://localhost:9000/oauth2/authorize?response_type=code&client_id=admin-app&scope=openid%20profile%20read%20write&state=3xKkE9PA4C5uceAA55WAzlXgvgo_tKpMq_zFButEs2s%3D&redirect_uri=http://localhost:8085/login/oauth2/code/admin-app&nonce=7SbLZlkcvV_9cGFv76P5fxVoYuZzT0yEKdWWHbD7_wQ&continue
2026-08-15T17:14:42.347+08:00 DEBUG 18516 --- [iam-authorization-server] [io-9000-exec-10] o.s.security.web.FilterChainProxy        : Securing GET /oauth2/authorize?response_type=code&client_id=admin-app&scope=openid%20profile%20read%20write&state=3xKkE9PA4C5uceAA55WAzlXgvgo_tKpMq_zFButEs2s%3D&redirect_uri=http://localhost:8085/login/oauth2/code/admin-app&nonce=7SbLZlkcvV_9cGFv76P5fxVoYuZzT0yEKdWWHbD7_wQ&continue
JDBC Connection [com.alibaba.druid.pool.DruidStatementConnection@495f7ca4] will not be managed by Spring
==>  Preparing: SELECT id,client_id,allowed_roles,status,remark,create_time,update_time FROM iam_client_policy WHERE (client_id = ?)
==> Parameters: admin-app(String)
<==    Columns: id, client_id, allowed_roles, status, remark, create_time, update_time
<==        Row: 1, admin-app, ADMIN, 1, 管理后台 (原 yaml client-identity-policy: admin-app: [admin] 迁移), 2026-08-15 16:38:36, 2026-08-15 16:38:36
<==      Total: 1
Creating a new SqlSession
SqlSession [org.apache.ibatis.session.defaults.DefaultSqlSession@12795b42] was not registered for synchronization because synchronization is not active
JDBC Connection [com.alibaba.druid.pool.DruidStatementConnection@495f7ca4] will not be managed by Spring
==>  Preparing: SELECT * FROM oauth2_authorization_consent WHERE registered_client_id = ? AND principal_name = ? LIMIT 1
==> Parameters: 2(String), u_1a2b3c4d5e6f708090a0b0c0d0e0f001(String)
<==      Total: 0
Closing non transactional SqlSession [org.apache.ibatis.session.defaults.DefaultSqlSession@12795b42]
Creating a new SqlSession
SqlSession [org.apache.ibatis.session.defaults.DefaultSqlSession@4c5adb2a] was not registered for synchronization because synchronization is not active
JDBC Connection [com.alibaba.druid.pool.DruidStatementConnection@495f7ca4] will not be managed by Spring
==>  Preparing: SELECT * FROM oauth2_registered_client WHERE client_id = ? LIMIT 1
==> Parameters: u_1a2b3c4d5e6f708090a0b0c0d0e0f001(String)
<==      Total: 0
Closing non transactional SqlSession [org.apache.ibatis.session.defaults.DefaultSqlSession@4c5adb2a]
2026-08-15T17:14:42.370+08:00 DEBUG 18516 --- [iam-authorization-server] [io-9000-exec-10] .x.a.s.r.RedisOAuth2AuthorizationService : OAuth2Authorization saved to Redis, id=2719b85f-b3f9-4453-b1f3-da49c8f8cd41, user=u_1a2b3c4d5e6f708090a0b0c0d0e0f001
2026-08-15T17:14:42.373+08:00 DEBUG 18516 --- [iam-authorization-server] [io-9000-exec-10] o.s.s.web.DefaultRedirectStrategy        : Redirecting to http://localhost:8085/login/oauth2/code/admin-app?code=xHc9-C2O8X2KU37wFDoXbMmeWcXFK-NcZ9Q3PRqjpkaRwAPk8v6yE4lwSFBn2H3kT9pCoNdY3H3OeOlX-4T1ETQpRoK_c9EHeGWWa2JCzR235Yr1O_3dqSXxo7GNWxG4&state=3xKkE9PA4C5uceAA55WAzlXgvgo_tKpMq_zFButEs2s%3D
2026-08-15T17:14:42.383+08:00 DEBUG 18516 --- [iam-authorization-server] [nio-9000-exec-1] o.s.security.web.FilterChainProxy        : Securing POST /oauth2/token
2026-08-15T17:14:42.464+08:00 DEBUG 18516 --- [iam-authorization-server] [nio-9000-exec-1] o.s.a.w.OAuth2ClientAuthenticationFilter : Set SecurityContextHolder authentication to OAuth2ClientAuthenticationToken
2026-08-15T17:14:42.469+08:00  INFO 18516 --- [iam-authorization-server] [nio-9000-exec-1] n.x.a.s.session.RedisSessionRegistry     : [RedisSessionRegistry] 注册会话: principal=admin-app, sessionId=e532f199-9ebf-411e-b344-125cadc11330
JDBC Connection [com.alibaba.druid.pool.DruidStatementConnection@495f7ca4] will not be managed by Spring
==>  Preparing: SELECT id,client_id,allowed_roles,status,remark,create_time,update_time FROM iam_client_policy WHERE (client_id = ?)
==> Parameters: admin-app(String)
<==    Columns: id, client_id, allowed_roles, status, remark, create_time, update_time
<==        Row: 1, admin-app, ADMIN, 1, 管理后台 (原 yaml client-identity-policy: admin-app: [admin] 迁移), 2026-08-15 16:38:36, 2026-08-15 16:38:36
<==      Total: 1
JDBC Connection [com.alibaba.druid.pool.DruidStatementConnection@495f7ca4] will not be managed by Spring
==>  Preparing: SELECT id,user_code,username,password,nickname,email,phone,avatar,user_label,enabled,account_non_expired,account_non_locked,credentials_non_expired,create_time,update_time FROM sys_user WHERE (user_code = ?)
==> Parameters: u_1a2b3c4d5e6f708090a0b0c0d0e0f001(String)
<==    Columns: id, user_code, username, password, nickname, email, phone, avatar, user_label, enabled, account_non_expired, account_non_locked, credentials_non_expired, create_time, update_time
<==        Row: 1, u_1a2b3c4d5e6f708090a0b0c0d0e0f001, admin, $2a$10$ov3NUrdkAHujSRdGbDZF6O9h2cjZq4Zl17fL3TA5Nhs94mE/PmH8e, 管理员, admin@example.com, null, null, admin, 1, 1, 1, 1, 2026-08-11 20:00:08, 2026-08-11 20:00:08
<==      Total: 1
Creating a new SqlSession
SqlSession [org.apache.ibatis.session.defaults.DefaultSqlSession@3210a6c6] was not registered for synchronization because synchronization is not active
JDBC Connection [com.alibaba.druid.pool.DruidStatementConnection@495f7ca4] will not be managed by Spring
==>  Preparing: SELECT * FROM oauth2_registered_client WHERE client_id = ? LIMIT 1
==> Parameters: u_1a2b3c4d5e6f708090a0b0c0d0e0f001(String)
<==      Total: 0
Closing non transactional SqlSession [org.apache.ibatis.session.defaults.DefaultSqlSession@3210a6c6]
2026-08-15T17:14:42.507+08:00 DEBUG 18516 --- [iam-authorization-server] [nio-9000-exec-1] .x.a.s.r.RedisOAuth2AuthorizationService : OAuth2Authorization saved to Redis, id=2719b85f-b3f9-4453-b1f3-da49c8f8cd41, user=u_1a2b3c4d5e6f708090a0b0c0d0e0f001
2026-08-15T17:14:42.510+08:00 DEBUG 18516 --- [iam-authorization-server] [nio-9000-exec-1] n.x.a.s.web.ActiveClientTrackingFilter   : [ActiveClientTracking] 响应已提交, 跳过 session 写入 clientId=admin-app
2026-08-15T17:14:42.514+08:00 DEBUG 18516 --- [iam-authorization-server] [nio-9000-exec-2] o.s.security.web.FilterChainProxy        : Securing GET /oauth2/jwks
JDBC Connection [com.alibaba.druid.pool.DruidStatementConnection@495f7ca4] will not be managed by Spring
==>  Preparing: SELECT id,user_code,username,password,nickname,email,phone,avatar,user_label,enabled,account_non_expired,account_non_locked,credentials_non_expired,create_time,update_time FROM sys_user WHERE (user_code = ?)
==> Parameters: u_1a2b3c4d5e6f708090a0b0c0d0e0f001(String)
<==    Columns: id, user_code, username, password, nickname, email, phone, avatar, user_label, enabled, account_non_expired, account_non_locked, credentials_non_expired, create_time, update_time
<==        Row: 1, u_1a2b3c4d5e6f708090a0b0c0d0e0f001, admin, $2a$10$ov3NUrdkAHujSRdGbDZF6O9h2cjZq4Zl17fL3TA5Nhs94mE/PmH8e, 管理员, admin@example.com, null, null, admin, 1, 1, 1, 1, 2026-08-11 20:00:08, 2026-08-11 20:00:08
<==      Total: 1
2026-08-15T17:14:42.528+08:00 DEBUG 18516 --- [iam-authorization-server] [nio-9000-exec-5] n.x.a.s.u.PortalUserDetailsService       : 用户 admin (user_code=u_1a2b3c4d5e6f708090a0b0c0d0e0f001) RBAC 角色: [ROLE_ADMIN]
2026-08-15T17:14:42.528+08:00 DEBUG 18516 --- [iam-authorization-server] [nio-9000-exec-5] n.x.a.s.t.RedisOpaqueTokenIntrospector   : Opaque token introspect success, sub=u_1a2b3c4d5e6f708090a0b0c0d0e0f001, scope=[read, openid, profile, write]
JDBC Connection [com.alibaba.druid.pool.DruidStatementConnection@495f7ca4] will not be managed by Spring
==>  Preparing: SELECT id,user_code,username,password,nickname,email,phone,avatar,user_label,enabled,account_non_expired,account_non_locked,credentials_non_expired,create_time,update_time FROM sys_user WHERE (user_code = ?)
==> Parameters: u_1a2b3c4d5e6f708090a0b0c0d0e0f001(String)
<==    Columns: id, user_code, username, password, nickname, email, phone, avatar, user_label, enabled, account_non_expired, account_non_locked, credentials_non_expired, create_time, update_time
<==        Row: 1, u_1a2b3c4d5e6f708090a0b0c0d0e0f001, admin, $2a$10$ov3NUrdkAHujSRdGbDZF6O9h2cjZq4Zl17fL3TA5Nhs94mE/PmH8e, 管理员, admin@example.com, null, null, admin, 1, 1, 1, 1, 2026-08-11 20:00:08, 2026-08-11 20:00:08
<==      Total: 1
2026-08-15T17:14:55.823+08:00 DEBUG 18516 --- [iam-authorization-server] [nio-9000-exec-3] o.s.security.web.FilterChainProxy        : Securing GET /oauth2/authorize?response_type=code&client_id=admin-app&scope=openid%20profile%20read%20write&state=gUJGVQVOFhFoP64r3rV1aLccjKI3_2RqqYDSZyohnHE%3D&redirect_uri=http://localhost:8085/login/oauth2/code/admin-app&nonce=7yVrmrzQITPwYGu0J8CwS6p8ymVsRcTzidgNPQgpdLM
Creating a new SqlSession
SqlSession [org.apache.ibatis.session.defaults.DefaultSqlSession@76d9b8a1] was not registered for synchronization because synchronization is not active
JDBC Connection [com.alibaba.druid.pool.DruidStatementConnection@495f7ca4] will not be managed by Spring
==>  Preparing: SELECT * FROM oauth2_registered_client WHERE client_id = ? LIMIT 1
==> Parameters: admin-app(String)
<==    Columns: id, client_id, client_id_issued_at, client_secret, client_secret_expires_at, client_name, client_authentication_methods, authorization_grant_types, redirect_uris, post_logout_redirect_uris, scopes, client_settings, token_settings
<==        Row: 2, admin-app, 2026-08-13 12:00:00, $2a$10$ov3NUrdkAHujSRdGbDZF6O9h2cjZq4Zl17fL3TA5Nhs94mE/PmH8e, null, 管理后台, client_secret_basic, refresh_token,authorization_code, http://localhost:8085/login/oauth2/code/admin-app, http://localhost:8001/logged-out, openid,profile,read,write, {"requireProofKey":false,"requireAuthorizationConsent":false}, {"accessTokenFormat":"reference","authorizationCodeTimeToLive":"PT5M","accessTokenTimeToLive":"PT2H","reuseRefreshTokens":true}
<==      Total: 1
Closing non transactional SqlSession [org.apache.ibatis.session.defaults.DefaultSqlSession@76d9b8a1]
2026-08-15T17:14:55.844+08:00 DEBUG 18516 --- [iam-authorization-server] [nio-9000-exec-3] o.s.s.w.a.AnonymousAuthenticationFilter  : Set SecurityContextHolder to anonymous SecurityContext
2026-08-15T17:14:55.845+08:00 DEBUG 18516 --- [iam-authorization-server] [nio-9000-exec-3] o.s.s.w.s.HttpSessionRequestCache        : Saved request http://localhost:9000/oauth2/authorize?response_type=code&client_id=admin-app&scope=openid%20profile%20read%20write&state=gUJGVQVOFhFoP64r3rV1aLccjKI3_2RqqYDSZyohnHE%3D&redirect_uri=http://localhost:8085/login/oauth2/code/admin-app&nonce=7yVrmrzQITPwYGu0J8CwS6p8ymVsRcTzidgNPQgpdLM&continue to session
2026-08-15T17:14:55.846+08:00 DEBUG 18516 --- [iam-authorization-server] [nio-9000-exec-3] s.w.a.DelegatingAuthenticationEntryPoint : Trying to match using MediaTypeRequestMatcher [contentNegotiationStrategy=org.springframework.web.accept.HeaderContentNegotiationStrategy@3162c18f, matchingMediaTypes=[text/html], useEquals=false, ignoredMediaTypes=[]]
2026-08-15T17:14:55.846+08:00 DEBUG 18516 --- [iam-authorization-server] [nio-9000-exec-3] s.w.a.DelegatingAuthenticationEntryPoint : Match found! Executing org.springframework.security.web.authentication.LoginUrlAuthenticationEntryPoint@44282af1
2026-08-15T17:14:55.846+08:00 DEBUG 18516 --- [iam-authorization-server] [nio-9000-exec-3] o.s.s.web.DefaultRedirectStrategy        : Redirecting to http://localhost:9000/login.html
2026-08-15T17:14:55.852+08:00 DEBUG 18516 --- [iam-authorization-server] [nio-9000-exec-8] o.s.security.web.FilterChainProxy        : Securing GET /login.html
2026-08-15T17:14:55.854+08:00 DEBUG 18516 --- [iam-authorization-server] [nio-9000-exec-8] o.s.s.w.a.AnonymousAuthenticationFilter  : Set SecurityContextHolder to anonymous SecurityContext
2026-08-15T17:14:55.855+08:00 DEBUG 18516 --- [iam-authorization-server] [nio-9000-exec-8] o.s.security.web.FilterChainProxy        : Secured GET /login.html
2026-08-15T17:14:55.869+08:00 DEBUG 18516 --- [iam-authorization-server] [nio-9000-exec-7] o.s.security.web.FilterChainProxy        : Securing POST /login
JDBC Connection [com.alibaba.druid.pool.DruidStatementConnection@495f7ca4] will not be managed by Spring
==>  Preparing: SELECT id,user_code,username,password,nickname,email,phone,avatar,user_label,enabled,account_non_expired,account_non_locked,credentials_non_expired,create_time,update_time FROM sys_user WHERE (username = ?)
==> Parameters: admin(String)
<==    Columns: id, user_code, username, password, nickname, email, phone, avatar, user_label, enabled, account_non_expired, account_non_locked, credentials_non_expired, create_time, update_time
<==        Row: 1, u_1a2b3c4d5e6f708090a0b0c0d0e0f001, admin, $2a$10$ov3NUrdkAHujSRdGbDZF6O9h2cjZq4Zl17fL3TA5Nhs94mE/PmH8e, 管理员, admin@example.com, null, null, admin, 1, 1, 1, 1, 2026-08-11 20:00:08, 2026-08-11 20:00:08
<==      Total: 1
2026-08-15T17:14:55.876+08:00 DEBUG 18516 --- [iam-authorization-server] [nio-9000-exec-7] n.x.a.s.u.PortalUserDetailsService       : 用户 admin (user_code=u_1a2b3c4d5e6f708090a0b0c0d0e0f001) RBAC 角色: [ROLE_ADMIN]
2026-08-15T17:14:55.953+08:00 DEBUG 18516 --- [iam-authorization-server] [nio-9000-exec-7] o.s.s.a.dao.DaoAuthenticationProvider    : Authenticated user
2026-08-15T17:14:55.954+08:00 DEBUG 18516 --- [iam-authorization-server] [nio-9000-exec-7] .s.ChangeSessionIdAuthenticationStrategy : Changed session id from dd8562ae-8618-469c-ab9c-4b58f3d173f5
2026-08-15T17:14:55.959+08:00  INFO 18516 --- [iam-authorization-server] [nio-9000-exec-7] n.x.a.s.session.RedisSessionRegistry     : [RedisSessionRegistry] 注册会话: principal=u_1a2b3c4d5e6f708090a0b0c0d0e0f001, sessionId=3ec0d19f-0d6e-44cc-80a1-6dbd8cdd2cbb
2026-08-15T17:14:55.960+08:00 DEBUG 18516 --- [iam-authorization-server] [nio-9000-exec-7] w.a.UsernamePasswordAuthenticationFilter : Set SecurityContextHolder to UsernamePasswordAuthenticationToken [Principal=org.springframework.security.core.userdetails.User [Username=u_1a2b3c4d5e6f708090a0b0c0d0e0f001, Password=[PROTECTED], Enabled=true, AccountNonExpired=true, CredentialsNonExpired=true, AccountNonLocked=true, Granted Authorities=[ROLE_ADMIN]], Credentials=[PROTECTED], Authenticated=true, Details=WebAuthenticationDetails [RemoteIpAddress=127.0.0.1, SessionId=dd8562ae-8618-469c-ab9c-4b58f3d173f5], Granted Authorities=[ROLE_ADMIN]]
2026-08-15T17:14:55.960+08:00 DEBUG 18516 --- [iam-authorization-server] [nio-9000-exec-7] o.s.s.web.DefaultRedirectStrategy        : Redirecting to http://localhost:9000/oauth2/authorize?response_type=code&client_id=admin-app&scope=openid%20profile%20read%20write&state=gUJGVQVOFhFoP64r3rV1aLccjKI3_2RqqYDSZyohnHE%3D&redirect_uri=http://localhost:8085/login/oauth2/code/admin-app&nonce=7yVrmrzQITPwYGu0J8CwS6p8ymVsRcTzidgNPQgpdLM&continue
2026-08-15T17:14:55.966+08:00 DEBUG 18516 --- [iam-authorization-server] [nio-9000-exec-9] o.s.security.web.FilterChainProxy        : Securing GET /oauth2/authorize?response_type=code&client_id=admin-app&scope=openid%20profile%20read%20write&state=gUJGVQVOFhFoP64r3rV1aLccjKI3_2RqqYDSZyohnHE%3D&redirect_uri=http://localhost:8085/login/oauth2/code/admin-app&nonce=7yVrmrzQITPwYGu0J8CwS6p8ymVsRcTzidgNPQgpdLM&continue
JDBC Connection [com.alibaba.druid.pool.DruidStatementConnection@495f7ca4] will not be managed by Spring
==>  Preparing: SELECT id,client_id,allowed_roles,status,remark,create_time,update_time FROM iam_client_policy WHERE (client_id = ?)
==> Parameters: admin-app(String)
<==    Columns: id, client_id, allowed_roles, status, remark, create_time, update_time
<==        Row: 1, admin-app, ADMIN, 1, 管理后台 (原 yaml client-identity-policy: admin-app: [admin] 迁移), 2026-08-15 16:38:36, 2026-08-15 16:38:36
<==      Total: 1
Creating a new SqlSession
SqlSession [org.apache.ibatis.session.defaults.DefaultSqlSession@8392ad8] was not registered for synchronization because synchronization is not active
JDBC Connection [com.alibaba.druid.pool.DruidStatementConnection@495f7ca4] will not be managed by Spring
==>  Preparing: SELECT * FROM oauth2_authorization_consent WHERE registered_client_id = ? AND principal_name = ? LIMIT 1
==> Parameters: 2(String), u_1a2b3c4d5e6f708090a0b0c0d0e0f001(String)
<==      Total: 0
Closing non transactional SqlSession [org.apache.ibatis.session.defaults.DefaultSqlSession@8392ad8]
Creating a new SqlSession
SqlSession [org.apache.ibatis.session.defaults.DefaultSqlSession@6120aa9a] was not registered for synchronization because synchronization is not active
JDBC Connection [com.alibaba.druid.pool.DruidStatementConnection@495f7ca4] will not be managed by Spring
==>  Preparing: SELECT * FROM oauth2_registered_client WHERE client_id = ? LIMIT 1
==> Parameters: u_1a2b3c4d5e6f708090a0b0c0d0e0f001(String)
<==      Total: 0
Closing non transactional SqlSession [org.apache.ibatis.session.defaults.DefaultSqlSession@6120aa9a]
2026-08-15T17:14:55.986+08:00 DEBUG 18516 --- [iam-authorization-server] [nio-9000-exec-9] .x.a.s.r.RedisOAuth2AuthorizationService : OAuth2Authorization saved to Redis, id=1992e0b8-df29-4782-832c-ff7f6e7d4b9e, user=u_1a2b3c4d5e6f708090a0b0c0d0e0f001
2026-08-15T17:14:55.988+08:00 DEBUG 18516 --- [iam-authorization-server] [nio-9000-exec-9] o.s.s.web.DefaultRedirectStrategy        : Redirecting to http://localhost:8085/login/oauth2/code/admin-app?code=ogcZXD9_jyQE1gZmhZi5z1Eg8D0iNEPC6Fb1dmCEwMzxNJeU-vCrYnly0FYosdyReFctX3kU-_4aBbIOYJyequu-fnkZEG1an2O260E9V0C2Jr9kx2nuClSITptLt4NG&state=gUJGVQVOFhFoP64r3rV1aLccjKI3_2RqqYDSZyohnHE%3D
2026-08-15T17:14:55.999+08:00 DEBUG 18516 --- [iam-authorization-server] [nio-9000-exec-6] o.s.security.web.FilterChainProxy        : Securing POST /oauth2/token
2026-08-15T17:14:56.080+08:00 DEBUG 18516 --- [iam-authorization-server] [nio-9000-exec-6] o.s.a.w.OAuth2ClientAuthenticationFilter : Set SecurityContextHolder authentication to OAuth2ClientAuthenticationToken
2026-08-15T17:14:56.084+08:00  INFO 18516 --- [iam-authorization-server] [nio-9000-exec-6] n.x.a.s.session.RedisSessionRegistry     : [RedisSessionRegistry] 注册会话: principal=admin-app, sessionId=3578fd8f-1cc6-4c15-ba50-f46b53d85507
JDBC Connection [com.alibaba.druid.pool.DruidStatementConnection@495f7ca4] will not be managed by Spring
==>  Preparing: SELECT id,client_id,allowed_roles,status,remark,create_time,update_time FROM iam_client_policy WHERE (client_id = ?)
==> Parameters: admin-app(String)
<==    Columns: id, client_id, allowed_roles, status, remark, create_time, update_time
<==        Row: 1, admin-app, ADMIN, 1, 管理后台 (原 yaml client-identity-policy: admin-app: [admin] 迁移), 2026-08-15 16:38:36, 2026-08-15 16:38:36
<==      Total: 1
JDBC Connection [com.alibaba.druid.pool.DruidStatementConnection@495f7ca4] will not be managed by Spring
==>  Preparing: SELECT id,user_code,username,password,nickname,email,phone,avatar,user_label,enabled,account_non_expired,account_non_locked,credentials_non_expired,create_time,update_time FROM sys_user WHERE (user_code = ?)
==> Parameters: u_1a2b3c4d5e6f708090a0b0c0d0e0f001(String)
<==    Columns: id, user_code, username, password, nickname, email, phone, avatar, user_label, enabled, account_non_expired, account_non_locked, credentials_non_expired, create_time, update_time
<==        Row: 1, u_1a2b3c4d5e6f708090a0b0c0d0e0f001, admin, $2a$10$ov3NUrdkAHujSRdGbDZF6O9h2cjZq4Zl17fL3TA5Nhs94mE/PmH8e, 管理员, admin@example.com, null, null, admin, 1, 1, 1, 1, 2026-08-11 20:00:08, 2026-08-11 20:00:08
<==      Total: 1
Creating a new SqlSession
SqlSession [org.apache.ibatis.session.defaults.DefaultSqlSession@72e038f5] was not registered for synchronization because synchronization is not active
JDBC Connection [com.alibaba.druid.pool.DruidStatementConnection@495f7ca4] will not be managed by Spring
==>  Preparing: SELECT * FROM oauth2_registered_client WHERE client_id = ? LIMIT 1
==> Parameters: u_1a2b3c4d5e6f708090a0b0c0d0e0f001(String)
<==      Total: 0
Closing non transactional SqlSession [org.apache.ibatis.session.defaults.DefaultSqlSession@72e038f5]
2026-08-15T17:14:56.121+08:00 DEBUG 18516 --- [iam-authorization-server] [nio-9000-exec-6] .x.a.s.r.RedisOAuth2AuthorizationService : OAuth2Authorization saved to Redis, id=1992e0b8-df29-4782-832c-ff7f6e7d4b9e, user=u_1a2b3c4d5e6f708090a0b0c0d0e0f001
2026-08-15T17:14:56.125+08:00 DEBUG 18516 --- [iam-authorization-server] [nio-9000-exec-6] n.x.a.s.web.ActiveClientTrackingFilter   : [ActiveClientTracking] 响应已提交, 跳过 session 写入 clientId=admin-app
JDBC Connection [com.alibaba.druid.pool.DruidStatementConnection@495f7ca4] will not be managed by Spring
==>  Preparing: SELECT id,user_code,username,password,nickname,email,phone,avatar,user_label,enabled,account_non_expired,account_non_locked,credentials_non_expired,create_time,update_time FROM sys_user WHERE (user_code = ?)
==> Parameters: u_1a2b3c4d5e6f708090a0b0c0d0e0f001(String)
<==    Columns: id, user_code, username, password, nickname, email, phone, avatar, user_label, enabled, account_non_expired, account_non_locked, credentials_non_expired, create_time, update_time
<==        Row: 1, u_1a2b3c4d5e6f708090a0b0c0d0e0f001, admin, $2a$10$ov3NUrdkAHujSRdGbDZF6O9h2cjZq4Zl17fL3TA5Nhs94mE/PmH8e, 管理员, admin@example.com, null, null, admin, 1, 1, 1, 1, 2026-08-11 20:00:08, 2026-08-11 20:00:08
<==      Total: 1
2026-08-15T17:14:56.139+08:00 DEBUG 18516 --- [iam-authorization-server] [io-9000-exec-10] n.x.a.s.u.PortalUserDetailsService       : 用户 admin (user_code=u_1a2b3c4d5e6f708090a0b0c0d0e0f001) RBAC 角色: [ROLE_ADMIN]
2026-08-15T17:14:56.140+08:00 DEBUG 18516 --- [iam-authorization-server] [io-9000-exec-10] n.x.a.s.t.RedisOpaqueTokenIntrospector   : Opaque token introspect success, sub=u_1a2b3c4d5e6f708090a0b0c0d0e0f001, scope=[read, openid, profile, write]
JDBC Connection [com.alibaba.druid.pool.DruidStatementConnection@495f7ca4] will not be managed by Spring
==>  Preparing: SELECT id,user_code,username,password,nickname,email,phone,avatar,user_label,enabled,account_non_expired,account_non_locked,credentials_non_expired,create_time,update_time FROM sys_user WHERE (user_code = ?)
==> Parameters: u_1a2b3c4d5e6f708090a0b0c0d0e0f001(String)
<==    Columns: id, user_code, username, password, nickname, email, phone, avatar, user_label, enabled, account_non_expired, account_non_locked, credentials_non_expired, create_time, update_time
<==        Row: 1, u_1a2b3c4d5e6f708090a0b0c0d0e0f001, admin, $2a$10$ov3NUrdkAHujSRdGbDZF6O9h2cjZq4Zl17fL3TA5Nhs94mE/PmH8e, 管理员, admin@example.com, null, null, admin, 1, 1, 1, 1, 2026-08-11 20:00:08, 2026-08-11 20:00:08
<==      Total: 1
2026-08-15T17:38:13.610+08:00 DEBUG 18516 --- [iam-authorization-server] [nio-9000-exec-3] o.s.security.web.FilterChainProxy        : Securing POST /login
JDBC Connection [com.alibaba.druid.pool.DruidStatementConnection@495f7ca4] will not be managed by Spring
==>  Preparing: SELECT id,user_code,username,password,nickname,email,phone,avatar,user_label,enabled,account_non_expired,account_non_locked,credentials_non_expired,create_time,update_time FROM sys_user WHERE (username = ?)
==> Parameters: admin(String)
<==    Columns: id, user_code, username, password, nickname, email, phone, avatar, user_label, enabled, account_non_expired, account_non_locked, credentials_non_expired, create_time, update_time
<==        Row: 1, u_1a2b3c4d5e6f708090a0b0c0d0e0f001, admin, $2a$10$ov3NUrdkAHujSRdGbDZF6O9h2cjZq4Zl17fL3TA5Nhs94mE/PmH8e, 管理员, admin@example.com, null, null, admin, 1, 1, 1, 1, 2026-08-11 20:00:08, 2026-08-11 20:00:08
<==      Total: 1
2026-08-15T17:38:13.625+08:00 DEBUG 18516 --- [iam-authorization-server] [nio-9000-exec-8] o.s.security.web.FilterChainProxy        : Securing POST /oauth2/introspect
Creating a new SqlSession
SqlSession [org.apache.ibatis.session.defaults.DefaultSqlSession@4618886c] was not registered for synchronization because synchronization is not active
JDBC Connection [com.alibaba.druid.pool.DruidStatementConnection@495f7ca4] will not be managed by Spring
==>  Preparing: SELECT * FROM oauth2_registered_client WHERE client_id = ? LIMIT 1
==> Parameters: resource-server(String)
<==    Columns: id, client_id, client_id_issued_at, client_secret, client_secret_expires_at, client_name, client_authentication_methods, authorization_grant_types, redirect_uris, post_logout_redirect_uris, scopes, client_settings, token_settings
<==        Row: 1, resource-server, 2026-08-13 09:56:12, $2a$10$ov3NUrdkAHujSRdGbDZF6O9h2cjZq4Zl17fL3TA5Nhs94mE/PmH8e, null, 资源服务器, client_secret_basic, client_credentials, , , read,write, {"requireProofKey":false,"requireAuthorizationConsent":false}, {"accessTokenFormat":"reference","authorizationCodeTimeToLive":"PT5M","accessTokenTimeToLive":"PT30M","reuseRefreshTokens":false}
<==      Total: 1
Closing non transactional SqlSession [org.apache.ibatis.session.defaults.DefaultSqlSession@4618886c]
2026-08-15T17:38:13.709+08:00 DEBUG 18516 --- [iam-authorization-server] [nio-9000-exec-8] o.s.a.w.OAuth2ClientAuthenticationFilter : Set SecurityContextHolder authentication to OAuth2ClientAuthenticationToken
2026-08-15T17:38:13.714+08:00  INFO 18516 --- [iam-authorization-server] [nio-9000-exec-8] n.x.a.s.session.RedisSessionRegistry     : [RedisSessionRegistry] 注册会话: principal=resource-server, sessionId=a2354a58-319d-461d-a510-e915772a9dc6
2026-08-15T17:38:13.722+08:00  WARN 18516 --- [iam-authorization-server] [nio-9000-exec-3] n.x.authserver.remote.RemoteRoleService  : [RemoteRole] 角色接口返回 HTTP 401, 判定 service token 已失效 (Redis 可能被清空), 强制刷新后重试一次. userCode=u_1a2b3c4d5e6f708090a0b0c0d0e0f001
2026-08-15T17:38:13.724+08:00 DEBUG 18516 --- [iam-authorization-server] [nio-9000-exec-7] o.s.security.web.FilterChainProxy        : Securing POST /oauth2/token
2026-08-15T17:38:13.796+08:00 DEBUG 18516 --- [iam-authorization-server] [nio-9000-exec-7] o.s.a.w.OAuth2ClientAuthenticationFilter : Set SecurityContextHolder authentication to OAuth2ClientAuthenticationToken
2026-08-15T17:38:13.801+08:00  INFO 18516 --- [iam-authorization-server] [nio-9000-exec-7] n.x.a.s.session.RedisSessionRegistry     : [RedisSessionRegistry] 注册会话: principal=resource-server, sessionId=da316043-2c1a-4f23-8400-eaab8c186eef
2026-08-15T17:38:13.805+08:00 DEBUG 18516 --- [iam-authorization-server] [nio-9000-exec-7] .x.a.s.r.RedisOAuth2AuthorizationService : OAuth2Authorization saved to Redis, id=281224b6-91f3-434b-8e3d-164ceb78b262, user=resource-server
2026-08-15T17:38:13.808+08:00 DEBUG 18516 --- [iam-authorization-server] [nio-9000-exec-7] n.x.a.s.web.ActiveClientTrackingFilter   : [ActiveClientTracking] 响应已提交, 跳过 session 写入 clientId=resource-server
2026-08-15T17:38:13.819+08:00 DEBUG 18516 --- [iam-authorization-server] [nio-9000-exec-9] o.s.security.web.FilterChainProxy        : Securing POST /oauth2/introspect
2026-08-15T17:38:13.892+08:00 DEBUG 18516 --- [iam-authorization-server] [nio-9000-exec-9] o.s.a.w.OAuth2ClientAuthenticationFilter : Set SecurityContextHolder authentication to OAuth2ClientAuthenticationToken
2026-08-15T17:38:13.896+08:00  INFO 18516 --- [iam-authorization-server] [nio-9000-exec-9] n.x.a.s.session.RedisSessionRegistry     : [RedisSessionRegistry] 注册会话: principal=resource-server, sessionId=82fb45db-1137-4208-80ad-de613d3ac48c
2026-08-15T17:38:13.913+08:00 DEBUG 18516 --- [iam-authorization-server] [nio-9000-exec-3] n.x.authserver.remote.RemoteRoleService  : [RemoteRole] userCode=u_1a2b3c4d5e6f708090a0b0c0d0e0f001, roles=[ROLE_ADMIN]
2026-08-15T17:38:13.914+08:00 DEBUG 18516 --- [iam-authorization-server] [nio-9000-exec-3] n.x.a.s.u.PortalUserDetailsService       : 用户 admin (user_code=u_1a2b3c4d5e6f708090a0b0c0d0e0f001) RBAC 角色: [ROLE_ADMIN]
2026-08-15T17:38:13.985+08:00 DEBUG 18516 --- [iam-authorization-server] [nio-9000-exec-3] o.s.s.a.dao.DaoAuthenticationProvider    : Authenticated user
2026-08-15T17:38:13.989+08:00  INFO 18516 --- [iam-authorization-server] [nio-9000-exec-3] n.x.a.s.session.RedisSessionRegistry     : [RedisSessionRegistry] 注册会话: principal=u_1a2b3c4d5e6f708090a0b0c0d0e0f001, sessionId=e05c8473-f5a5-4917-b321-04f197819f39
2026-08-15T17:38:13.989+08:00 DEBUG 18516 --- [iam-authorization-server] [nio-9000-exec-3] w.a.UsernamePasswordAuthenticationFilter : Set SecurityContextHolder to UsernamePasswordAuthenticationToken [Principal=org.springframework.security.core.userdetails.User [Username=u_1a2b3c4d5e6f708090a0b0c0d0e0f001, Password=[PROTECTED], Enabled=true, AccountNonExpired=true, CredentialsNonExpired=true, AccountNonLocked=true, Granted Authorities=[ROLE_ADMIN]], Credentials=[PROTECTED], Authenticated=true, Details=WebAuthenticationDetails [RemoteIpAddress=0:0:0:0:0:0:0:1, SessionId=null], Granted Authorities=[ROLE_ADMIN]]
2026-08-15T17:38:13.989+08:00 DEBUG 18516 --- [iam-authorization-server] [nio-9000-exec-3] o.s.s.web.DefaultRedirectStrategy        : Redirecting to /
2026-08-15T17:38:18.823+08:00 DEBUG 18516 --- [iam-authorization-server] [nio-9000-exec-2] o.s.security.web.FilterChainProxy        : Securing GET /oauth2/authorize?response_type=code&client_id=admin-app&scope=openid%20profile%20read%20write&state=EbZxy9B8j10Jz2YBae8t1wNp7P4atnj5JFrGySSe3SU%3D&redirect_uri=http://localhost:8085/login/oauth2/code/admin-app&nonce=s2yRoFKsVzlJ4weT-kUc2QNBcDnre_7pEPYHzQZcGBI
JDBC Connection [com.alibaba.druid.pool.DruidStatementConnection@495f7ca4] will not be managed by Spring
==>  Preparing: SELECT id,client_id,allowed_roles,status,remark,create_time,update_time FROM iam_client_policy WHERE (client_id = ?)
==> Parameters: admin-app(String)
<==    Columns: id, client_id, allowed_roles, status, remark, create_time, update_time
<==        Row: 1, admin-app, ADMIN, 1, 管理后台 (原 yaml client-identity-policy: admin-app: [admin] 迁移), 2026-08-15 16:38:36, 2026-08-15 16:38:36
<==      Total: 1
Creating a new SqlSession
SqlSession [org.apache.ibatis.session.defaults.DefaultSqlSession@589b3e73] was not registered for synchronization because synchronization is not active
JDBC Connection [com.alibaba.druid.pool.DruidStatementConnection@495f7ca4] will not be managed by Spring
==>  Preparing: SELECT * FROM oauth2_authorization_consent WHERE registered_client_id = ? AND principal_name = ? LIMIT 1
==> Parameters: 2(String), u_1a2b3c4d5e6f708090a0b0c0d0e0f001(String)
<==      Total: 0
Closing non transactional SqlSession [org.apache.ibatis.session.defaults.DefaultSqlSession@589b3e73]
Creating a new SqlSession
SqlSession [org.apache.ibatis.session.defaults.DefaultSqlSession@60fc8ae2] was not registered for synchronization because synchronization is not active
JDBC Connection [com.alibaba.druid.pool.DruidStatementConnection@495f7ca4] will not be managed by Spring
==>  Preparing: SELECT * FROM oauth2_registered_client WHERE client_id = ? LIMIT 1
==> Parameters: u_1a2b3c4d5e6f708090a0b0c0d0e0f001(String)
<==      Total: 0
Closing non transactional SqlSession [org.apache.ibatis.session.defaults.DefaultSqlSession@60fc8ae2]
2026-08-15T17:38:18.843+08:00 DEBUG 18516 --- [iam-authorization-server] [nio-9000-exec-2] .x.a.s.r.RedisOAuth2AuthorizationService : OAuth2Authorization saved to Redis, id=e7fba6fb-8f0a-4b27-b36d-6d97c73c4f39, user=u_1a2b3c4d5e6f708090a0b0c0d0e0f001
2026-08-15T17:38:18.845+08:00 DEBUG 18516 --- [iam-authorization-server] [nio-9000-exec-2] o.s.s.web.DefaultRedirectStrategy        : Redirecting to http://localhost:8085/login/oauth2/code/admin-app?code=xMYsjFatxRKdpjhmzwADImZpDUM4_89-Lt37C3sw21S_8xndtwqjmFC6VmcTS8N7J81eKXcpzqTacqb9237T3gKaMqxSjpCYkL-hxqc9rUy9q4l3utp3G4GK3pYU2fZf&state=EbZxy9B8j10Jz2YBae8t1wNp7P4atnj5JFrGySSe3SU%3D
2026-08-15T17:38:18.855+08:00 DEBUG 18516 --- [iam-authorization-server] [nio-9000-exec-5] o.s.security.web.FilterChainProxy        : Securing POST /oauth2/token
2026-08-15T17:38:18.936+08:00 DEBUG 18516 --- [iam-authorization-server] [nio-9000-exec-5] o.s.a.w.OAuth2ClientAuthenticationFilter : Set SecurityContextHolder authentication to OAuth2ClientAuthenticationToken
2026-08-15T17:38:18.940+08:00  INFO 18516 --- [iam-authorization-server] [nio-9000-exec-5] n.x.a.s.session.RedisSessionRegistry     : [RedisSessionRegistry] 注册会话: principal=admin-app, sessionId=9c19155d-7710-45d3-a02d-af1c3645f04e
JDBC Connection [com.alibaba.druid.pool.DruidStatementConnection@495f7ca4] will not be managed by Spring
==>  Preparing: SELECT id,client_id,allowed_roles,status,remark,create_time,update_time FROM iam_client_policy WHERE (client_id = ?)
==> Parameters: admin-app(String)
<==    Columns: id, client_id, allowed_roles, status, remark, create_time, update_time
<==        Row: 1, admin-app, ADMIN, 1, 管理后台 (原 yaml client-identity-policy: admin-app: [admin] 迁移), 2026-08-15 16:38:36, 2026-08-15 16:38:36
<==      Total: 1
JDBC Connection [com.alibaba.druid.pool.DruidStatementConnection@495f7ca4] will not be managed by Spring
==>  Preparing: SELECT id,user_code,username,password,nickname,email,phone,avatar,user_label,enabled,account_non_expired,account_non_locked,credentials_non_expired,create_time,update_time FROM sys_user WHERE (user_code = ?)
==> Parameters: u_1a2b3c4d5e6f708090a0b0c0d0e0f001(String)
<==    Columns: id, user_code, username, password, nickname, email, phone, avatar, user_label, enabled, account_non_expired, account_non_locked, credentials_non_expired, create_time, update_time
<==        Row: 1, u_1a2b3c4d5e6f708090a0b0c0d0e0f001, admin, $2a$10$ov3NUrdkAHujSRdGbDZF6O9h2cjZq4Zl17fL3TA5Nhs94mE/PmH8e, 管理员, admin@example.com, null, null, admin, 1, 1, 1, 1, 2026-08-11 20:00:08, 2026-08-11 20:00:08
<==      Total: 1
Creating a new SqlSession
SqlSession [org.apache.ibatis.session.defaults.DefaultSqlSession@47c47869] was not registered for synchronization because synchronization is not active
JDBC Connection [com.alibaba.druid.pool.DruidStatementConnection@495f7ca4] will not be managed by Spring
==>  Preparing: SELECT * FROM oauth2_registered_client WHERE client_id = ? LIMIT 1
==> Parameters: u_1a2b3c4d5e6f708090a0b0c0d0e0f001(String)
<==      Total: 0
Closing non transactional SqlSession [org.apache.ibatis.session.defaults.DefaultSqlSession@47c47869]
2026-08-15T17:38:18.982+08:00 DEBUG 18516 --- [iam-authorization-server] [nio-9000-exec-5] .x.a.s.r.RedisOAuth2AuthorizationService : OAuth2Authorization saved to Redis, id=e7fba6fb-8f0a-4b27-b36d-6d97c73c4f39, user=u_1a2b3c4d5e6f708090a0b0c0d0e0f001
2026-08-15T17:38:18.984+08:00 DEBUG 18516 --- [iam-authorization-server] [nio-9000-exec-5] n.x.a.s.web.ActiveClientTrackingFilter   : [ActiveClientTracking] 响应已提交, 跳过 session 写入 clientId=admin-app
2026-08-15T17:38:18.987+08:00 DEBUG 18516 --- [iam-authorization-server] [nio-9000-exec-4] o.s.security.web.FilterChainProxy        : Securing GET /oauth2/jwks
JDBC Connection [com.alibaba.druid.pool.DruidStatementConnection@495f7ca4] will not be managed by Spring
==>  Preparing: SELECT id,user_code,username,password,nickname,email,phone,avatar,user_label,enabled,account_non_expired,account_non_locked,credentials_non_expired,create_time,update_time FROM sys_user WHERE (user_code = ?)
==> Parameters: u_1a2b3c4d5e6f708090a0b0c0d0e0f001(String)
<==    Columns: id, user_code, username, password, nickname, email, phone, avatar, user_label, enabled, account_non_expired, account_non_locked, credentials_non_expired, create_time, update_time
<==        Row: 1, u_1a2b3c4d5e6f708090a0b0c0d0e0f001, admin, $2a$10$ov3NUrdkAHujSRdGbDZF6O9h2cjZq4Zl17fL3TA5Nhs94mE/PmH8e, 管理员, admin@example.com, null, null, admin, 1, 1, 1, 1, 2026-08-11 20:00:08, 2026-08-11 20:00:08
<==      Total: 1
2026-08-15T17:38:19.001+08:00 DEBUG 18516 --- [iam-authorization-server] [nio-9000-exec-8] n.x.a.s.u.PortalUserDetailsService       : 用户 admin (user_code=u_1a2b3c4d5e6f708090a0b0c0d0e0f001) RBAC 角色: [ROLE_ADMIN]
2026-08-15T17:38:19.001+08:00 DEBUG 18516 --- [iam-authorization-server] [nio-9000-exec-8] n.x.a.s.t.RedisOpaqueTokenIntrospector   : Opaque token introspect success, sub=u_1a2b3c4d5e6f708090a0b0c0d0e0f001, scope=[read, openid, profile, write]
JDBC Connection [com.alibaba.druid.pool.DruidStatementConnection@495f7ca4] will not be managed by Spring
==>  Preparing: SELECT id,user_code,username,password,nickname,email,phone,avatar,user_label,enabled,account_non_expired,account_non_locked,credentials_non_expired,create_time,update_time FROM sys_user WHERE (user_code = ?)
==> Parameters: u_1a2b3c4d5e6f708090a0b0c0d0e0f001(String)
<==    Columns: id, user_code, username, password, nickname, email, phone, avatar, user_label, enabled, account_non_expired, account_non_locked, credentials_non_expired, create_time, update_time
<==        Row: 1, u_1a2b3c4d5e6f708090a0b0c0d0e0f001, admin, $2a$10$ov3NUrdkAHujSRdGbDZF6O9h2cjZq4Zl17fL3TA5Nhs94mE/PmH8e, 管理员, admin@example.com, null, null, admin, 1, 1, 1, 1, 2026-08-11 20:00:08, 2026-08-11 20:00:08
<==      Total: 1
2026-08-15T17:38:21.273+08:00 DEBUG 18516 --- [iam-authorization-server] [nio-9000-exec-7] o.s.security.web.FilterChainProxy        : Securing GET /api/admin/tenants
JDBC Connection [com.alibaba.druid.pool.DruidStatementConnection@495f7ca4] will not be managed by Spring
==>  Preparing: SELECT id,user_code,username,password,nickname,email,phone,avatar,user_label,enabled,account_non_expired,account_non_locked,credentials_non_expired,create_time,update_time FROM sys_user WHERE (user_code = ?)
==> Parameters: u_1a2b3c4d5e6f708090a0b0c0d0e0f001(String)
<==    Columns: id, user_code, username, password, nickname, email, phone, avatar, user_label, enabled, account_non_expired, account_non_locked, credentials_non_expired, create_time, update_time
<==        Row: 1, u_1a2b3c4d5e6f708090a0b0c0d0e0f001, admin, $2a$10$ov3NUrdkAHujSRdGbDZF6O9h2cjZq4Zl17fL3TA5Nhs94mE/PmH8e, 管理员, admin@example.com, null, null, admin, 1, 1, 1, 1, 2026-08-11 20:00:08, 2026-08-11 20:00:08
<==      Total: 1
2026-08-15T17:38:21.289+08:00 DEBUG 18516 --- [iam-authorization-server] [nio-9000-exec-7] n.x.a.s.u.PortalUserDetailsService       : 用户 admin (user_code=u_1a2b3c4d5e6f708090a0b0c0d0e0f001) RBAC 角色: [ROLE_ADMIN]
2026-08-15T17:38:21.289+08:00 DEBUG 18516 --- [iam-authorization-server] [nio-9000-exec-7] n.x.a.s.t.RedisOpaqueTokenIntrospector   : Opaque token introspect success, sub=u_1a2b3c4d5e6f708090a0b0c0d0e0f001, scope=[read, openid, profile, write]
2026-08-15T17:38:21.290+08:00 DEBUG 18516 --- [iam-authorization-server] [nio-9000-exec-7] .s.r.a.OpaqueTokenAuthenticationProvider : Authenticated token
2026-08-15T17:38:21.290+08:00 DEBUG 18516 --- [iam-authorization-server] [nio-9000-exec-7] .s.r.w.a.BearerTokenAuthenticationFilter : Set SecurityContextHolder to BearerTokenAuthentication [Principal=net.xzh.authserver.security.token.RedisOpaqueTokenIntrospector$OpaquePrincipal@52a3bdd2, Credentials=[PROTECTED], Authenticated=true, Details=WebAuthenticationDetails [RemoteIpAddress=127.0.0.1, SessionId=null], Granted Authorities=[ROLE_ADMIN]]
2026-08-15T17:38:21.291+08:00 DEBUG 18516 --- [iam-authorization-server] [nio-9000-exec-7] o.s.security.web.FilterChainProxy        : Secured GET /api/admin/tenants
Creating a new SqlSession
SqlSession [org.apache.ibatis.session.defaults.DefaultSqlSession@5f3d5eed] was not registered for synchronization because synchronization is not active
JDBC Connection [com.alibaba.druid.pool.DruidStatementConnection@495f7ca4] will not be managed by Spring
==>  Preparing: SELECT id,tenant_code,tenant_name,status,create_time,update_time FROM iam_tenant ORDER BY id ASC
==> Parameters: 
<==    Columns: id, tenant_code, tenant_name, status, create_time, update_time
<==        Row: 1, T001, 演示企业, 1, 2026-08-15 16:38:36, 2026-08-15 16:38:36
<==      Total: 1
Closing non transactional SqlSession [org.apache.ibatis.session.defaults.DefaultSqlSession@5f3d5eed]
2026-08-15T17:38:31.018+08:00 DEBUG 18516 --- [iam-authorization-server] [nio-9000-exec-9] o.s.security.web.FilterChainProxy        : Securing GET /api/admin/tenants
2026-08-15T17:38:31.024+08:00 DEBUG 18516 --- [iam-authorization-server] [nio-9000-exec-3] o.s.security.web.FilterChainProxy        : Securing POST /oauth2/introspect
JDBC Connection [com.alibaba.druid.pool.DruidStatementConnection@495f7ca4] will not be managed by Spring
==>  Preparing: SELECT id,user_code,username,password,nickname,email,phone,avatar,user_label,enabled,account_non_expired,account_non_locked,credentials_non_expired,create_time,update_time FROM sys_user WHERE (user_code = ?)
==> Parameters: u_1a2b3c4d5e6f708090a0b0c0d0e0f001(String)
<==    Columns: id, user_code, username, password, nickname, email, phone, avatar, user_label, enabled, account_non_expired, account_non_locked, credentials_non_expired, create_time, update_time
<==        Row: 1, u_1a2b3c4d5e6f708090a0b0c0d0e0f001, admin, $2a$10$ov3NUrdkAHujSRdGbDZF6O9h2cjZq4Zl17fL3TA5Nhs94mE/PmH8e, 管理员, admin@example.com, null, null, admin, 1, 1, 1, 1, 2026-08-11 20:00:08, 2026-08-11 20:00:08
<==      Total: 1
2026-08-15T17:38:31.031+08:00 DEBUG 18516 --- [iam-authorization-server] [nio-9000-exec-9] n.x.a.s.u.PortalUserDetailsService       : 用户 admin (user_code=u_1a2b3c4d5e6f708090a0b0c0d0e0f001) RBAC 角色: [ROLE_ADMIN]
2026-08-15T17:38:31.032+08:00 DEBUG 18516 --- [iam-authorization-server] [nio-9000-exec-9] n.x.a.s.t.RedisOpaqueTokenIntrospector   : Opaque token introspect success, sub=u_1a2b3c4d5e6f708090a0b0c0d0e0f001, scope=[read, openid, profile, write]
2026-08-15T17:38:31.032+08:00 DEBUG 18516 --- [iam-authorization-server] [nio-9000-exec-9] .s.r.a.OpaqueTokenAuthenticationProvider : Authenticated token
2026-08-15T17:38:31.032+08:00 DEBUG 18516 --- [iam-authorization-server] [nio-9000-exec-9] .s.r.w.a.BearerTokenAuthenticationFilter : Set SecurityContextHolder to BearerTokenAuthentication [Principal=net.xzh.authserver.security.token.RedisOpaqueTokenIntrospector$OpaquePrincipal@2df33a59, Credentials=[PROTECTED], Authenticated=true, Details=WebAuthenticationDetails [RemoteIpAddress=127.0.0.1, SessionId=null], Granted Authorities=[ROLE_ADMIN]]
2026-08-15T17:38:31.032+08:00 DEBUG 18516 --- [iam-authorization-server] [nio-9000-exec-9] o.s.security.web.FilterChainProxy        : Secured GET /api/admin/tenants
Creating a new SqlSession
SqlSession [org.apache.ibatis.session.defaults.DefaultSqlSession@791cc059] was not registered for synchronization because synchronization is not active
JDBC Connection [com.alibaba.druid.pool.DruidStatementConnection@495f7ca4] will not be managed by Spring
==>  Preparing: SELECT id,tenant_code,tenant_name,status,create_time,update_time FROM iam_tenant ORDER BY id ASC
==> Parameters: 
<==    Columns: id, tenant_code, tenant_name, status, create_time, update_time
<==        Row: 1, T001, 演示企业, 1, 2026-08-15 16:38:36, 2026-08-15 16:38:36
<==      Total: 1
Closing non transactional SqlSession [org.apache.ibatis.session.defaults.DefaultSqlSession@791cc059]
2026-08-15T17:38:31.048+08:00 DEBUG 18516 --- [iam-authorization-server] [nio-9000-exec-6] o.s.security.web.FilterChainProxy        : Securing GET /api/admin/users
JDBC Connection [com.alibaba.druid.pool.DruidStatementConnection@495f7ca4] will not be managed by Spring
==>  Preparing: SELECT id,user_code,username,password,nickname,email,phone,avatar,user_label,enabled,account_non_expired,account_non_locked,credentials_non_expired,create_time,update_time FROM sys_user WHERE (user_code = ?)
==> Parameters: u_1a2b3c4d5e6f708090a0b0c0d0e0f001(String)
<==    Columns: id, user_code, username, password, nickname, email, phone, avatar, user_label, enabled, account_non_expired, account_non_locked, credentials_non_expired, create_time, update_time
<==        Row: 1, u_1a2b3c4d5e6f708090a0b0c0d0e0f001, admin, $2a$10$ov3NUrdkAHujSRdGbDZF6O9h2cjZq4Zl17fL3TA5Nhs94mE/PmH8e, 管理员, admin@example.com, null, null, admin, 1, 1, 1, 1, 2026-08-11 20:00:08, 2026-08-11 20:00:08
<==      Total: 1
2026-08-15T17:38:31.059+08:00 DEBUG 18516 --- [iam-authorization-server] [nio-9000-exec-6] n.x.a.s.u.PortalUserDetailsService       : 用户 admin (user_code=u_1a2b3c4d5e6f708090a0b0c0d0e0f001) RBAC 角色: [ROLE_ADMIN]
2026-08-15T17:38:31.060+08:00 DEBUG 18516 --- [iam-authorization-server] [nio-9000-exec-6] n.x.a.s.t.RedisOpaqueTokenIntrospector   : Opaque token introspect success, sub=u_1a2b3c4d5e6f708090a0b0c0d0e0f001, scope=[read, openid, profile, write]
2026-08-15T17:38:31.060+08:00 DEBUG 18516 --- [iam-authorization-server] [nio-9000-exec-6] .s.r.a.OpaqueTokenAuthenticationProvider : Authenticated token
2026-08-15T17:38:31.060+08:00 DEBUG 18516 --- [iam-authorization-server] [nio-9000-exec-6] .s.r.w.a.BearerTokenAuthenticationFilter : Set SecurityContextHolder to BearerTokenAuthentication [Principal=net.xzh.authserver.security.token.RedisOpaqueTokenIntrospector$OpaquePrincipal@7905b4b6, Credentials=[PROTECTED], Authenticated=true, Details=WebAuthenticationDetails [RemoteIpAddress=127.0.0.1, SessionId=null], Granted Authorities=[ROLE_ADMIN]]
2026-08-15T17:38:31.061+08:00 DEBUG 18516 --- [iam-authorization-server] [nio-9000-exec-6] o.s.security.web.FilterChainProxy        : Secured GET /api/admin/users
Creating a new SqlSession
SqlSession [org.apache.ibatis.session.defaults.DefaultSqlSession@1ed85644] was not registered for synchronization because synchronization is not active
JDBC Connection [com.alibaba.druid.pool.DruidStatementConnection@495f7ca4] will not be managed by Spring
==>  Preparing: SELECT id,user_code,username,password,nickname,email,phone,avatar,user_label,enabled,account_non_expired,account_non_locked,credentials_non_expired,create_time,update_time FROM sys_user ORDER BY id ASC
==> Parameters: 
<==    Columns: id, user_code, username, password, nickname, email, phone, avatar, user_label, enabled, account_non_expired, account_non_locked, credentials_non_expired, create_time, update_time
<==        Row: 1, u_1a2b3c4d5e6f708090a0b0c0d0e0f001, admin, $2a$10$ov3NUrdkAHujSRdGbDZF6O9h2cjZq4Zl17fL3TA5Nhs94mE/PmH8e, 管理员, admin@example.com, null, null, admin, 1, 1, 1, 1, 2026-08-11 20:00:08, 2026-08-11 20:00:08
<==        Row: 2, u_1a2b3c4d5e6f708090a0b0c0d0e0f002, user, $2a$10$ov3NUrdkAHujSRdGbDZF6O9h2cjZq4Zl17fL3TA5Nhs94mE/PmH8e, 普通用户, user@example.com, null, null, client, 1, 1, 1, 1, 2026-08-11 20:00:08, 2026-08-11 20:00:08
<==      Total: 2
Closing non transactional SqlSession [org.apache.ibatis.session.defaults.DefaultSqlSession@1ed85644]
Creating a new SqlSession
SqlSession [org.apache.ibatis.session.defaults.DefaultSqlSession@5880480a] was not registered for synchronization because synchronization is not active
JDBC Connection [com.alibaba.druid.pool.DruidStatementConnection@495f7ca4] will not be managed by Spring
==>  Preparing: SELECT t.id, t.tenant_code, t.tenant_name, t.status, t.create_time, t.update_time FROM iam_tenant t JOIN iam_tenant_user tu ON tu.tenant_id = t.id WHERE tu.user_id = ?
==> Parameters: 1(Long)
<==    Columns: id, tenant_code, tenant_name, status, create_time, update_time
<==        Row: 1, T001, 演示企业, 1, 2026-08-15 16:38:36, 2026-08-15 16:38:36
<==      Total: 1
Closing non transactional SqlSession [org.apache.ibatis.session.defaults.DefaultSqlSession@5880480a]
Creating a new SqlSession
SqlSession [org.apache.ibatis.session.defaults.DefaultSqlSession@3655c80e] was not registered for synchronization because synchronization is not active
JDBC Connection [com.alibaba.druid.pool.DruidStatementConnection@495f7ca4] will not be managed by Spring
==>  Preparing: SELECT t.id, t.tenant_code, t.tenant_name, t.status, t.create_time, t.update_time FROM iam_tenant t JOIN iam_tenant_user tu ON tu.tenant_id = t.id WHERE tu.user_id = ?
==> Parameters: 2(Long)
<==    Columns: id, tenant_code, tenant_name, status, create_time, update_time
<==        Row: 1, T001, 演示企业, 1, 2026-08-15 16:38:36, 2026-08-15 16:38:36
<==      Total: 1
Closing non transactional SqlSession [org.apache.ibatis.session.defaults.DefaultSqlSession@3655c80e]
2026-08-15T17:38:31.098+08:00 DEBUG 18516 --- [iam-authorization-server] [nio-9000-exec-3] o.s.a.w.OAuth2ClientAuthenticationFilter : Set SecurityContextHolder authentication to OAuth2ClientAuthenticationToken
2026-08-15T17:38:31.102+08:00  INFO 18516 --- [iam-authorization-server] [nio-9000-exec-3] n.x.a.s.session.RedisSessionRegistry     : [RedisSessionRegistry] 注册会话: principal=resource-server, sessionId=95fa1936-462c-45f1-bf09-70ce355f5844
2026-08-15T17:38:32.654+08:00 DEBUG 18516 --- [iam-authorization-server] [nio-9000-exec-1] o.s.security.web.FilterChainProxy        : Securing POST /oauth2/introspect
2026-08-15T17:38:32.730+08:00 DEBUG 18516 --- [iam-authorization-server] [nio-9000-exec-1] o.s.a.w.OAuth2ClientAuthenticationFilter : Set SecurityContextHolder authentication to OAuth2ClientAuthenticationToken
2026-08-15T17:38:32.734+08:00  INFO 18516 --- [iam-authorization-server] [nio-9000-exec-1] n.x.a.s.session.RedisSessionRegistry     : [RedisSessionRegistry] 注册会话: principal=resource-server, sessionId=199617db-43ed-4f9e-91d4-1be59ccbc3e6
2026-08-15T17:38:33.381+08:00 DEBUG 18516 --- [iam-authorization-server] [io-9000-exec-10] o.s.security.web.FilterChainProxy        : Securing POST /oauth2/introspect
2026-08-15T17:38:33.456+08:00 DEBUG 18516 --- [iam-authorization-server] [io-9000-exec-10] o.s.a.w.OAuth2ClientAuthenticationFilter : Set SecurityContextHolder authentication to OAuth2ClientAuthenticationToken
2026-08-15T17:38:33.460+08:00  INFO 18516 --- [iam-authorization-server] [io-9000-exec-10] n.x.a.s.session.RedisSessionRegistry     : [RedisSessionRegistry] 注册会话: principal=resource-server, sessionId=31b7f65a-9134-4ec2-8850-dc8d479bee82
2026-08-15T17:38:33.875+08:00 DEBUG 18516 --- [iam-authorization-server] [nio-9000-exec-2] o.s.security.web.FilterChainProxy        : Securing GET /api/admin/clients
JDBC Connection [com.alibaba.druid.pool.DruidStatementConnection@495f7ca4] will not be managed by Spring
==>  Preparing: SELECT id,user_code,username,password,nickname,email,phone,avatar,user_label,enabled,account_non_expired,account_non_locked,credentials_non_expired,create_time,update_time FROM sys_user WHERE (user_code = ?)
==> Parameters: u_1a2b3c4d5e6f708090a0b0c0d0e0f001(String)
<==    Columns: id, user_code, username, password, nickname, email, phone, avatar, user_label, enabled, account_non_expired, account_non_locked, credentials_non_expired, create_time, update_time
<==        Row: 1, u_1a2b3c4d5e6f708090a0b0c0d0e0f001, admin, $2a$10$ov3NUrdkAHujSRdGbDZF6O9h2cjZq4Zl17fL3TA5Nhs94mE/PmH8e, 管理员, admin@example.com, null, null, admin, 1, 1, 1, 1, 2026-08-11 20:00:08, 2026-08-11 20:00:08
<==      Total: 1
2026-08-15T17:38:33.888+08:00 DEBUG 18516 --- [iam-authorization-server] [nio-9000-exec-2] n.x.a.s.u.PortalUserDetailsService       : 用户 admin (user_code=u_1a2b3c4d5e6f708090a0b0c0d0e0f001) RBAC 角色: [ROLE_ADMIN]
2026-08-15T17:38:33.889+08:00 DEBUG 18516 --- [iam-authorization-server] [nio-9000-exec-2] n.x.a.s.t.RedisOpaqueTokenIntrospector   : Opaque token introspect success, sub=u_1a2b3c4d5e6f708090a0b0c0d0e0f001, scope=[read, openid, profile, write]
2026-08-15T17:38:33.890+08:00 DEBUG 18516 --- [iam-authorization-server] [nio-9000-exec-2] .s.r.a.OpaqueTokenAuthenticationProvider : Authenticated token
2026-08-15T17:38:33.890+08:00 DEBUG 18516 --- [iam-authorization-server] [nio-9000-exec-2] .s.r.w.a.BearerTokenAuthenticationFilter : Set SecurityContextHolder to BearerTokenAuthentication [Principal=net.xzh.authserver.security.token.RedisOpaqueTokenIntrospector$OpaquePrincipal@3055133b, Credentials=[PROTECTED], Authenticated=true, Details=WebAuthenticationDetails [RemoteIpAddress=127.0.0.1, SessionId=null], Granted Authorities=[ROLE_ADMIN]]
2026-08-15T17:38:33.890+08:00 DEBUG 18516 --- [iam-authorization-server] [nio-9000-exec-2] o.s.security.web.FilterChainProxy        : Secured GET /api/admin/clients
Creating a new SqlSession
SqlSession [org.apache.ibatis.session.defaults.DefaultSqlSession@3767fd25] was not registered for synchronization because synchronization is not active
JDBC Connection [com.alibaba.druid.pool.DruidStatementConnection@495f7ca4] will not be managed by Spring
==>  Preparing: SELECT id,client_id,client_id_issued_at,client_secret,client_secret_expires_at,client_name,client_authentication_methods,authorization_grant_types,redirect_uris,post_logout_redirect_uris,scopes,client_settings,token_settings FROM oauth2_registered_client
==> Parameters: 
<==    Columns: id, client_id, client_id_issued_at, client_secret, client_secret_expires_at, client_name, client_authentication_methods, authorization_grant_types, redirect_uris, post_logout_redirect_uris, scopes, client_settings, token_settings
<==        Row: 1, resource-server, 2026-08-13 09:56:12, $2a$10$ov3NUrdkAHujSRdGbDZF6O9h2cjZq4Zl17fL3TA5Nhs94mE/PmH8e, null, 资源服务器, client_secret_basic, client_credentials, , , read,write, {"requireProofKey":false,"requireAuthorizationConsent":false}, {"accessTokenFormat":"reference","authorizationCodeTimeToLive":"PT5M","accessTokenTimeToLive":"PT30M","reuseRefreshTokens":false}
<==        Row: 2, admin-app, 2026-08-13 12:00:00, $2a$10$ov3NUrdkAHujSRdGbDZF6O9h2cjZq4Zl17fL3TA5Nhs94mE/PmH8e, null, 管理后台, client_secret_basic, refresh_token,authorization_code, http://localhost:8085/login/oauth2/code/admin-app, http://localhost:8001/logged-out, openid,profile,read,write, {"requireProofKey":false,"requireAuthorizationConsent":false}, {"accessTokenFormat":"reference","authorizationCodeTimeToLive":"PT5M","accessTokenTimeToLive":"PT2H","reuseRefreshTokens":true}
<==        Row: 3, portal-app, 2026-08-11 20:00:08, $2a$10$ov3NUrdkAHujSRdGbDZF6O9h2cjZq4Zl17fL3TA5Nhs94mE/PmH8e, null, 门户应用 (SSO), client_secret_basic, refresh_token,authorization_code, http://localhost:8083/portal-sso-callback,http://localhost:8081/portal-sso-callback,http://localhost:8080/login/oauth2/code/portal-app-oidc, http://localhost:8000/logged-out,http://localhost:8080/logged-out, openid,profile,email, {"requireProofKey":false,"requireAuthorizationConsent":false}, {"accessTokenFormat":"reference","authorizationCodeTimeToLive":"PT5M","accessTokenTimeToLive":"PT2H","reuseRefreshTokens":false}
<==        Row: 4, web-app, 2026-08-11 20:00:08, $2a$10$ov3NUrdkAHujSRdGbDZF6O9h2cjZq4Zl17fL3TA5Nhs94mE/PmH8e, null, Web 应用客户端, client_secret_basic,client_secret_post, authorization_code,refresh_token,password, http://localhost:8081/callback,http://127.0.0.1:8081/callback, http://localhost:8081/logout, openid,profile,email,read,write, {"requireProofKey":false,"requireAuthorizationConsent":true}, {"accessTokenFormat":"REFERENCE","accessTokenTimeToLive":"PT2H","reuseRefreshTokens":false,"idTokenSignatureAlgorithm":"RS256"}
<==        Row: 5, device-app, 2026-08-11 20:00:08, null, null, 设备码客户端, none, refresh_token,urn:ietf:params:oauth:grant-type:device_code, null, null, openid,profile,email,read, {"requireProofKey":false,"requireAuthorizationConsent":true}, {"accessTokenFormat":"REFERENCE","accessTokenTimeToLive":"PT1H","reuseRefreshTokens":false}
<==        Row: 6, mobile-app, 2026-08-11 20:00:08, null, null, 移动应用客户端(PKCE), none, authorization_code,refresh_token, com.example.mobileapp://oauth2/redirect,http://localhost:8083/callback, http://localhost:8083/logout, openid,profile,email,read,write, {"requireProofKey":true,"requireAuthorizationConsent":true}, {"accessTokenFormat":"REFERENCE","accessTokenTimeToLive":"PT2H","reuseRefreshTokens":false,"idTokenSignatureAlgorithm":"RS256"}
<==        Row: 7, service-app, 2026-08-11 20:00:08, $2a$10$ov3NUrdkAHujSRdGbDZF6O9h2cjZq4Zl17fL3TA5Nhs94mE/PmH8e, null, 服务间调用客户端, client_secret_basic, client_credentials, null, null, read,write, {"requireProofKey":false,"requireAuthorizationConsent":true}, {"accessTokenFormat":"REFERENCE","accessTokenTimeToLive":"PT30M","reuseRefreshTokens":false}
<==      Total: 7
Closing non transactional SqlSession [org.apache.ibatis.session.defaults.DefaultSqlSession@3767fd25]
2026-08-15T17:38:34.272+08:00 DEBUG 18516 --- [iam-authorization-server] [nio-9000-exec-5] o.s.security.web.FilterChainProxy        : Securing GET /api/admin/policies
JDBC Connection [com.alibaba.druid.pool.DruidStatementConnection@495f7ca4] will not be managed by Spring
==>  Preparing: SELECT id,user_code,username,password,nickname,email,phone,avatar,user_label,enabled,account_non_expired,account_non_locked,credentials_non_expired,create_time,update_time FROM sys_user WHERE (user_code = ?)
==> Parameters: u_1a2b3c4d5e6f708090a0b0c0d0e0f001(String)
<==    Columns: id, user_code, username, password, nickname, email, phone, avatar, user_label, enabled, account_non_expired, account_non_locked, credentials_non_expired, create_time, update_time
<==        Row: 1, u_1a2b3c4d5e6f708090a0b0c0d0e0f001, admin, $2a$10$ov3NUrdkAHujSRdGbDZF6O9h2cjZq4Zl17fL3TA5Nhs94mE/PmH8e, 管理员, admin@example.com, null, null, admin, 1, 1, 1, 1, 2026-08-11 20:00:08, 2026-08-11 20:00:08
<==      Total: 1
2026-08-15T17:38:34.286+08:00 DEBUG 18516 --- [iam-authorization-server] [nio-9000-exec-5] n.x.a.s.u.PortalUserDetailsService       : 用户 admin (user_code=u_1a2b3c4d5e6f708090a0b0c0d0e0f001) RBAC 角色: [ROLE_ADMIN]
2026-08-15T17:38:34.287+08:00 DEBUG 18516 --- [iam-authorization-server] [nio-9000-exec-5] n.x.a.s.t.RedisOpaqueTokenIntrospector   : Opaque token introspect success, sub=u_1a2b3c4d5e6f708090a0b0c0d0e0f001, scope=[read, openid, profile, write]
2026-08-15T17:38:34.287+08:00 DEBUG 18516 --- [iam-authorization-server] [nio-9000-exec-5] .s.r.a.OpaqueTokenAuthenticationProvider : Authenticated token
2026-08-15T17:38:34.288+08:00 DEBUG 18516 --- [iam-authorization-server] [nio-9000-exec-5] .s.r.w.a.BearerTokenAuthenticationFilter : Set SecurityContextHolder to BearerTokenAuthentication [Principal=net.xzh.authserver.security.token.RedisOpaqueTokenIntrospector$OpaquePrincipal@d070c42, Credentials=[PROTECTED], Authenticated=true, Details=WebAuthenticationDetails [RemoteIpAddress=127.0.0.1, SessionId=null], Granted Authorities=[ROLE_ADMIN]]
2026-08-15T17:38:34.289+08:00 DEBUG 18516 --- [iam-authorization-server] [nio-9000-exec-5] o.s.security.web.FilterChainProxy        : Secured GET /api/admin/policies
Creating a new SqlSession
SqlSession [org.apache.ibatis.session.defaults.DefaultSqlSession@30df0e50] was not registered for synchronization because synchronization is not active
JDBC Connection [com.alibaba.druid.pool.DruidStatementConnection@495f7ca4] will not be managed by Spring
==>  Preparing: SELECT id,client_id,allowed_roles,status,remark,create_time,update_time FROM iam_client_policy
==> Parameters: 
<==    Columns: id, client_id, allowed_roles, status, remark, create_time, update_time
<==        Row: 1, admin-app, ADMIN, 1, 管理后台 (原 yaml client-identity-policy: admin-app: [admin] 迁移), 2026-08-15 16:38:36, 2026-08-15 16:38:36
<==      Total: 1
Closing non transactional SqlSession [org.apache.ibatis.session.defaults.DefaultSqlSession@30df0e50]
Creating a new SqlSession
SqlSession [org.apache.ibatis.session.defaults.DefaultSqlSession@1b5384aa] was not registered for synchronization because synchronization is not active
JDBC Connection [com.alibaba.druid.pool.DruidStatementConnection@495f7ca4] will not be managed by Spring
==>  Preparing: SELECT id,client_id,client_id_issued_at,client_secret,client_secret_expires_at,client_name,client_authentication_methods,authorization_grant_types,redirect_uris,post_logout_redirect_uris,scopes,client_settings,token_settings FROM oauth2_registered_client
==> Parameters: 
<==    Columns: id, client_id, client_id_issued_at, client_secret, client_secret_expires_at, client_name, client_authentication_methods, authorization_grant_types, redirect_uris, post_logout_redirect_uris, scopes, client_settings, token_settings
<==        Row: 1, resource-server, 2026-08-13 09:56:12, $2a$10$ov3NUrdkAHujSRdGbDZF6O9h2cjZq4Zl17fL3TA5Nhs94mE/PmH8e, null, 资源服务器, client_secret_basic, client_credentials, , , read,write, {"requireProofKey":false,"requireAuthorizationConsent":false}, {"accessTokenFormat":"reference","authorizationCodeTimeToLive":"PT5M","accessTokenTimeToLive":"PT30M","reuseRefreshTokens":false}
<==        Row: 2, admin-app, 2026-08-13 12:00:00, $2a$10$ov3NUrdkAHujSRdGbDZF6O9h2cjZq4Zl17fL3TA5Nhs94mE/PmH8e, null, 管理后台, client_secret_basic, refresh_token,authorization_code, http://localhost:8085/login/oauth2/code/admin-app, http://localhost:8001/logged-out, openid,profile,read,write, {"requireProofKey":false,"requireAuthorizationConsent":false}, {"accessTokenFormat":"reference","authorizationCodeTimeToLive":"PT5M","accessTokenTimeToLive":"PT2H","reuseRefreshTokens":true}
<==        Row: 3, portal-app, 2026-08-11 20:00:08, $2a$10$ov3NUrdkAHujSRdGbDZF6O9h2cjZq4Zl17fL3TA5Nhs94mE/PmH8e, null, 门户应用 (SSO), client_secret_basic, refresh_token,authorization_code, http://localhost:8083/portal-sso-callback,http://localhost:8081/portal-sso-callback,http://localhost:8080/login/oauth2/code/portal-app-oidc, http://localhost:8000/logged-out,http://localhost:8080/logged-out, openid,profile,email, {"requireProofKey":false,"requireAuthorizationConsent":false}, {"accessTokenFormat":"reference","authorizationCodeTimeToLive":"PT5M","accessTokenTimeToLive":"PT2H","reuseRefreshTokens":false}
<==        Row: 4, web-app, 2026-08-11 20:00:08, $2a$10$ov3NUrdkAHujSRdGbDZF6O9h2cjZq4Zl17fL3TA5Nhs94mE/PmH8e, null, Web 应用客户端, client_secret_basic,client_secret_post, authorization_code,refresh_token,password, http://localhost:8081/callback,http://127.0.0.1:8081/callback, http://localhost:8081/logout, openid,profile,email,read,write, {"requireProofKey":false,"requireAuthorizationConsent":true}, {"accessTokenFormat":"REFERENCE","accessTokenTimeToLive":"PT2H","reuseRefreshTokens":false,"idTokenSignatureAlgorithm":"RS256"}
<==        Row: 5, device-app, 2026-08-11 20:00:08, null, null, 设备码客户端, none, refresh_token,urn:ietf:params:oauth:grant-type:device_code, null, null, openid,profile,email,read, {"requireProofKey":false,"requireAuthorizationConsent":true}, {"accessTokenFormat":"REFERENCE","accessTokenTimeToLive":"PT1H","reuseRefreshTokens":false}
<==        Row: 6, mobile-app, 2026-08-11 20:00:08, null, null, 移动应用客户端(PKCE), none, authorization_code,refresh_token, com.example.mobileapp://oauth2/redirect,http://localhost:8083/callback, http://localhost:8083/logout, openid,profile,email,read,write, {"requireProofKey":true,"requireAuthorizationConsent":true}, {"accessTokenFormat":"REFERENCE","accessTokenTimeToLive":"PT2H","reuseRefreshTokens":false,"idTokenSignatureAlgorithm":"RS256"}
<==        Row: 7, service-app, 2026-08-11 20:00:08, $2a$10$ov3NUrdkAHujSRdGbDZF6O9h2cjZq4Zl17fL3TA5Nhs94mE/PmH8e, null, 服务间调用客户端, client_secret_basic, client_credentials, null, null, read,write, {"requireProofKey":false,"requireAuthorizationConsent":true}, {"accessTokenFormat":"REFERENCE","accessTokenTimeToLive":"PT30M","reuseRefreshTokens":false}
<==      Total: 7
Closing non transactional SqlSession [org.apache.ibatis.session.defaults.DefaultSqlSession@1b5384aa]
2026-08-15T17:38:34.826+08:00 DEBUG 18516 --- [iam-authorization-server] [nio-9000-exec-4] o.s.security.web.FilterChainProxy        : Securing GET /api/admin/records/consents
JDBC Connection [com.alibaba.druid.pool.DruidStatementConnection@495f7ca4] will not be managed by Spring
==>  Preparing: SELECT id,user_code,username,password,nickname,email,phone,avatar,user_label,enabled,account_non_expired,account_non_locked,credentials_non_expired,create_time,update_time FROM sys_user WHERE (user_code = ?)
==> Parameters: u_1a2b3c4d5e6f708090a0b0c0d0e0f001(String)
<==    Columns: id, user_code, username, password, nickname, email, phone, avatar, user_label, enabled, account_non_expired, account_non_locked, credentials_non_expired, create_time, update_time
<==        Row: 1, u_1a2b3c4d5e6f708090a0b0c0d0e0f001, admin, $2a$10$ov3NUrdkAHujSRdGbDZF6O9h2cjZq4Zl17fL3TA5Nhs94mE/PmH8e, 管理员, admin@example.com, null, null, admin, 1, 1, 1, 1, 2026-08-11 20:00:08, 2026-08-11 20:00:08
<==      Total: 1
2026-08-15T17:38:34.839+08:00 DEBUG 18516 --- [iam-authorization-server] [nio-9000-exec-4] n.x.a.s.u.PortalUserDetailsService       : 用户 admin (user_code=u_1a2b3c4d5e6f708090a0b0c0d0e0f001) RBAC 角色: [ROLE_ADMIN]
2026-08-15T17:38:34.840+08:00 DEBUG 18516 --- [iam-authorization-server] [nio-9000-exec-4] n.x.a.s.t.RedisOpaqueTokenIntrospector   : Opaque token introspect success, sub=u_1a2b3c4d5e6f708090a0b0c0d0e0f001, scope=[read, openid, profile, write]
2026-08-15T17:38:34.840+08:00 DEBUG 18516 --- [iam-authorization-server] [nio-9000-exec-4] .s.r.a.OpaqueTokenAuthenticationProvider : Authenticated token
2026-08-15T17:38:34.840+08:00 DEBUG 18516 --- [iam-authorization-server] [nio-9000-exec-4] .s.r.w.a.BearerTokenAuthenticationFilter : Set SecurityContextHolder to BearerTokenAuthentication [Principal=net.xzh.authserver.security.token.RedisOpaqueTokenIntrospector$OpaquePrincipal@75a8ce3f, Credentials=[PROTECTED], Authenticated=true, Details=WebAuthenticationDetails [RemoteIpAddress=127.0.0.1, SessionId=null], Granted Authorities=[ROLE_ADMIN]]
2026-08-15T17:38:34.840+08:00 DEBUG 18516 --- [iam-authorization-server] [nio-9000-exec-4] o.s.security.web.FilterChainProxy        : Secured GET /api/admin/records/consents
Creating a new SqlSession
SqlSession [org.apache.ibatis.session.defaults.DefaultSqlSession@78fc559b] was not registered for synchronization because synchronization is not active
JDBC Connection [com.alibaba.druid.pool.DruidStatementConnection@495f7ca4] will not be managed by Spring
==>  Preparing: SELECT * FROM oauth2_authorization_consent ORDER BY principal_name, registered_client_id
==> Parameters: 
<==      Total: 0
Closing non transactional SqlSession [org.apache.ibatis.session.defaults.DefaultSqlSession@78fc559b]
2026-08-15T17:38:35.736+08:00 DEBUG 18516 --- [iam-authorization-server] [nio-9000-exec-8] o.s.security.web.FilterChainProxy        : Securing GET /api/admin/sessions/online
JDBC Connection [com.alibaba.druid.pool.DruidStatementConnection@495f7ca4] will not be managed by Spring
==>  Preparing: SELECT id,user_code,username,password,nickname,email,phone,avatar,user_label,enabled,account_non_expired,account_non_locked,credentials_non_expired,create_time,update_time FROM sys_user WHERE (user_code = ?)
==> Parameters: u_1a2b3c4d5e6f708090a0b0c0d0e0f001(String)
<==    Columns: id, user_code, username, password, nickname, email, phone, avatar, user_label, enabled, account_non_expired, account_non_locked, credentials_non_expired, create_time, update_time
<==        Row: 1, u_1a2b3c4d5e6f708090a0b0c0d0e0f001, admin, $2a$10$ov3NUrdkAHujSRdGbDZF6O9h2cjZq4Zl17fL3TA5Nhs94mE/PmH8e, 管理员, admin@example.com, null, null, admin, 1, 1, 1, 1, 2026-08-11 20:00:08, 2026-08-11 20:00:08
<==      Total: 1
2026-08-15T17:38:35.749+08:00 DEBUG 18516 --- [iam-authorization-server] [nio-9000-exec-8] n.x.a.s.u.PortalUserDetailsService       : 用户 admin (user_code=u_1a2b3c4d5e6f708090a0b0c0d0e0f001) RBAC 角色: [ROLE_ADMIN]
2026-08-15T17:38:35.749+08:00 DEBUG 18516 --- [iam-authorization-server] [nio-9000-exec-8] n.x.a.s.t.RedisOpaqueTokenIntrospector   : Opaque token introspect success, sub=u_1a2b3c4d5e6f708090a0b0c0d0e0f001, scope=[read, openid, profile, write]
2026-08-15T17:38:35.750+08:00 DEBUG 18516 --- [iam-authorization-server] [nio-9000-exec-8] .s.r.a.OpaqueTokenAuthenticationProvider : Authenticated token
2026-08-15T17:38:35.750+08:00 DEBUG 18516 --- [iam-authorization-server] [nio-9000-exec-8] .s.r.w.a.BearerTokenAuthenticationFilter : Set SecurityContextHolder to BearerTokenAuthentication [Principal=net.xzh.authserver.security.token.RedisOpaqueTokenIntrospector$OpaquePrincipal@4ecffe4c, Credentials=[PROTECTED], Authenticated=true, Details=WebAuthenticationDetails [RemoteIpAddress=127.0.0.1, SessionId=null], Granted Authorities=[ROLE_ADMIN]]
2026-08-15T17:38:35.750+08:00 DEBUG 18516 --- [iam-authorization-server] [nio-9000-exec-8] o.s.security.web.FilterChainProxy        : Secured GET /api/admin/sessions/online
JDBC Connection [com.alibaba.druid.pool.DruidStatementConnection@495f7ca4] will not be managed by Spring
==>  Preparing: SELECT id,user_code,username,password,nickname,email,phone,avatar,user_label,enabled,account_non_expired,account_non_locked,credentials_non_expired,create_time,update_time FROM sys_user WHERE (user_code = ?)
==> Parameters: resource-server(String)
<==      Total: 0
2026-08-15T17:38:35.799+08:00 DEBUG 18516 --- [iam-authorization-server] [nio-9000-exec-8] n.x.a.service.AuthSessionService         : 跳过非用户 principal: resource-server
JDBC Connection [com.alibaba.druid.pool.DruidStatementConnection@495f7ca4] will not be managed by Spring
==>  Preparing: SELECT id,user_code,username,password,nickname,email,phone,avatar,user_label,enabled,account_non_expired,account_non_locked,credentials_non_expired,create_time,update_time FROM sys_user WHERE (user_code = ?)
==> Parameters: admin-app(String)
<==      Total: 0
2026-08-15T17:38:35.802+08:00 DEBUG 18516 --- [iam-authorization-server] [nio-9000-exec-8] n.x.a.service.AuthSessionService         : 跳过非用户 principal: admin-app
JDBC Connection [com.alibaba.druid.pool.DruidStatementConnection@495f7ca4] will not be managed by Spring
==>  Preparing: SELECT id,user_code,username,password,nickname,email,phone,avatar,user_label,enabled,account_non_expired,account_non_locked,credentials_non_expired,create_time,update_time FROM sys_user WHERE (user_code = ?)
==> Parameters: u_1a2b3c4d5e6f708090a0b0c0d0e0f001(String)
<==    Columns: id, user_code, username, password, nickname, email, phone, avatar, user_label, enabled, account_non_expired, account_non_locked, credentials_non_expired, create_time, update_time
<==        Row: 1, u_1a2b3c4d5e6f708090a0b0c0d0e0f001, admin, $2a$10$ov3NUrdkAHujSRdGbDZF6O9h2cjZq4Zl17fL3TA5Nhs94mE/PmH8e, 管理员, admin@example.com, null, null, admin, 1, 1, 1, 1, 2026-08-11 20:00:08, 2026-08-11 20:00:08
<==      Total: 1
JDBC Connection [com.alibaba.druid.pool.DruidStatementConnection@495f7ca4] will not be managed by Spring
==>  Preparing: SELECT id,user_code,username,password,nickname,email,phone,avatar,user_label,enabled,account_non_expired,account_non_locked,credentials_non_expired,create_time,update_time FROM sys_user WHERE (user_code = ?)
==> Parameters: u_1a2b3c4d5e6f708090a0b0c0d0e0f001(String)
<==    Columns: id, user_code, username, password, nickname, email, phone, avatar, user_label, enabled, account_non_expired, account_non_locked, credentials_non_expired, create_time, update_time
<==        Row: 1, u_1a2b3c4d5e6f708090a0b0c0d0e0f001, admin, $2a$10$ov3NUrdkAHujSRdGbDZF6O9h2cjZq4Zl17fL3TA5Nhs94mE/PmH8e, 管理员, admin@example.com, null, null, admin, 1, 1, 1, 1, 2026-08-11 20:00:08, 2026-08-11 20:00:08
<==      Total: 1
2026-08-15T17:38:36.983+08:00 DEBUG 18516 --- [iam-authorization-server] [nio-9000-exec-7] o.s.security.web.FilterChainProxy        : Securing GET /api/admin/sessions/users/1
JDBC Connection [com.alibaba.druid.pool.DruidStatementConnection@495f7ca4] will not be managed by Spring
==>  Preparing: SELECT id,user_code,username,password,nickname,email,phone,avatar,user_label,enabled,account_non_expired,account_non_locked,credentials_non_expired,create_time,update_time FROM sys_user WHERE (user_code = ?)
==> Parameters: u_1a2b3c4d5e6f708090a0b0c0d0e0f001(String)
<==    Columns: id, user_code, username, password, nickname, email, phone, avatar, user_label, enabled, account_non_expired, account_non_locked, credentials_non_expired, create_time, update_time
<==        Row: 1, u_1a2b3c4d5e6f708090a0b0c0d0e0f001, admin, $2a$10$ov3NUrdkAHujSRdGbDZF6O9h2cjZq4Zl17fL3TA5Nhs94mE/PmH8e, 管理员, admin@example.com, null, null, admin, 1, 1, 1, 1, 2026-08-11 20:00:08, 2026-08-11 20:00:08
<==      Total: 1
2026-08-15T17:38:36.990+08:00 DEBUG 18516 --- [iam-authorization-server] [nio-9000-exec-7] n.x.a.s.u.PortalUserDetailsService       : 用户 admin (user_code=u_1a2b3c4d5e6f708090a0b0c0d0e0f001) RBAC 角色: [ROLE_ADMIN]
2026-08-15T17:38:36.990+08:00 DEBUG 18516 --- [iam-authorization-server] [nio-9000-exec-7] n.x.a.s.t.RedisOpaqueTokenIntrospector   : Opaque token introspect success, sub=u_1a2b3c4d5e6f708090a0b0c0d0e0f001, scope=[read, openid, profile, write]
2026-08-15T17:38:36.990+08:00 DEBUG 18516 --- [iam-authorization-server] [nio-9000-exec-7] .s.r.a.OpaqueTokenAuthenticationProvider : Authenticated token
2026-08-15T17:38:36.990+08:00 DEBUG 18516 --- [iam-authorization-server] [nio-9000-exec-7] .s.r.w.a.BearerTokenAuthenticationFilter : Set SecurityContextHolder to BearerTokenAuthentication [Principal=net.xzh.authserver.security.token.RedisOpaqueTokenIntrospector$OpaquePrincipal@2d683cef, Credentials=[PROTECTED], Authenticated=true, Details=WebAuthenticationDetails [RemoteIpAddress=127.0.0.1, SessionId=null], Granted Authorities=[ROLE_ADMIN]]
2026-08-15T17:38:36.991+08:00 DEBUG 18516 --- [iam-authorization-server] [nio-9000-exec-7] o.s.security.web.FilterChainProxy        : Secured GET /api/admin/sessions/users/1
Creating a new SqlSession
SqlSession [org.apache.ibatis.session.defaults.DefaultSqlSession@71d10bd3] was not registered for synchronization because synchronization is not active
JDBC Connection [com.alibaba.druid.pool.DruidStatementConnection@495f7ca4] will not be managed by Spring
==>  Preparing: SELECT id,user_code,username,password,nickname,email,phone,avatar,user_label,enabled,account_non_expired,account_non_locked,credentials_non_expired,create_time,update_time FROM sys_user WHERE id=?
==> Parameters: 1(Long)
<==    Columns: id, user_code, username, password, nickname, email, phone, avatar, user_label, enabled, account_non_expired, account_non_locked, credentials_non_expired, create_time, update_time
<==        Row: 1, u_1a2b3c4d5e6f708090a0b0c0d0e0f001, admin, $2a$10$ov3NUrdkAHujSRdGbDZF6O9h2cjZq4Zl17fL3TA5Nhs94mE/PmH8e, 管理员, admin@example.com, null, null, admin, 1, 1, 1, 1, 2026-08-11 20:00:08, 2026-08-11 20:00:08
<==      Total: 1
Closing non transactional SqlSession [org.apache.ibatis.session.defaults.DefaultSqlSession@71d10bd3]
JDBC Connection [com.alibaba.druid.pool.DruidStatementConnection@495f7ca4] will not be managed by Spring
==>  Preparing: SELECT id,user_code,username,password,nickname,email,phone,avatar,user_label,enabled,account_non_expired,account_non_locked,credentials_non_expired,create_time,update_time FROM sys_user WHERE (user_code = ?)
==> Parameters: u_1a2b3c4d5e6f708090a0b0c0d0e0f001(String)
<==    Columns: id, user_code, username, password, nickname, email, phone, avatar, user_label, enabled, account_non_expired, account_non_locked, credentials_non_expired, create_time, update_time
<==        Row: 1, u_1a2b3c4d5e6f708090a0b0c0d0e0f001, admin, $2a$10$ov3NUrdkAHujSRdGbDZF6O9h2cjZq4Zl17fL3TA5Nhs94mE/PmH8e, 管理员, admin@example.com, null, null, admin, 1, 1, 1, 1, 2026-08-11 20:00:08, 2026-08-11 20:00:08
<==      Total: 1
2026-08-15T17:38:42.338+08:00 DEBUG 18516 --- [iam-authorization-server] [nio-9000-exec-9] o.s.security.web.FilterChainProxy        : Securing GET /api/admin/tenants
2026-08-15T17:38:42.346+08:00 DEBUG 18516 --- [iam-authorization-server] [nio-9000-exec-6] o.s.security.web.FilterChainProxy        : Securing POST /oauth2/introspect
JDBC Connection [com.alibaba.druid.pool.DruidStatementConnection@495f7ca4] will not be managed by Spring
==>  Preparing: SELECT id,user_code,username,password,nickname,email,phone,avatar,user_label,enabled,account_non_expired,account_non_locked,credentials_non_expired,create_time,update_time FROM sys_user WHERE (user_code = ?)
==> Parameters: u_1a2b3c4d5e6f708090a0b0c0d0e0f001(String)
<==    Columns: id, user_code, username, password, nickname, email, phone, avatar, user_label, enabled, account_non_expired, account_non_locked, credentials_non_expired, create_time, update_time
<==        Row: 1, u_1a2b3c4d5e6f708090a0b0c0d0e0f001, admin, $2a$10$ov3NUrdkAHujSRdGbDZF6O9h2cjZq4Zl17fL3TA5Nhs94mE/PmH8e, 管理员, admin@example.com, null, null, admin, 1, 1, 1, 1, 2026-08-11 20:00:08, 2026-08-11 20:00:08
<==      Total: 1
2026-08-15T17:38:42.358+08:00 DEBUG 18516 --- [iam-authorization-server] [nio-9000-exec-9] n.x.a.s.u.PortalUserDetailsService       : 用户 admin (user_code=u_1a2b3c4d5e6f708090a0b0c0d0e0f001) RBAC 角色: [ROLE_ADMIN]
2026-08-15T17:38:42.358+08:00 DEBUG 18516 --- [iam-authorization-server] [nio-9000-exec-9] n.x.a.s.t.RedisOpaqueTokenIntrospector   : Opaque token introspect success, sub=u_1a2b3c4d5e6f708090a0b0c0d0e0f001, scope=[read, openid, profile, write]
2026-08-15T17:38:42.358+08:00 DEBUG 18516 --- [iam-authorization-server] [nio-9000-exec-9] .s.r.a.OpaqueTokenAuthenticationProvider : Authenticated token
2026-08-15T17:38:42.359+08:00 DEBUG 18516 --- [iam-authorization-server] [nio-9000-exec-9] .s.r.w.a.BearerTokenAuthenticationFilter : Set SecurityContextHolder to BearerTokenAuthentication [Principal=net.xzh.authserver.security.token.RedisOpaqueTokenIntrospector$OpaquePrincipal@73b7586b, Credentials=[PROTECTED], Authenticated=true, Details=WebAuthenticationDetails [RemoteIpAddress=127.0.0.1, SessionId=null], Granted Authorities=[ROLE_ADMIN]]
2026-08-15T17:38:42.359+08:00 DEBUG 18516 --- [iam-authorization-server] [nio-9000-exec-9] o.s.security.web.FilterChainProxy        : Secured GET /api/admin/tenants
Creating a new SqlSession
SqlSession [org.apache.ibatis.session.defaults.DefaultSqlSession@3d4bc244] was not registered for synchronization because synchronization is not active
JDBC Connection [com.alibaba.druid.pool.DruidStatementConnection@495f7ca4] will not be managed by Spring
==>  Preparing: SELECT id,tenant_code,tenant_name,status,create_time,update_time FROM iam_tenant ORDER BY id ASC
==> Parameters: 
<==    Columns: id, tenant_code, tenant_name, status, create_time, update_time
<==        Row: 1, T001, 演示企业, 1, 2026-08-15 16:38:36, 2026-08-15 16:38:36
<==      Total: 1
Closing non transactional SqlSession [org.apache.ibatis.session.defaults.DefaultSqlSession@3d4bc244]
2026-08-15T17:38:42.374+08:00 DEBUG 18516 --- [iam-authorization-server] [nio-9000-exec-3] o.s.security.web.FilterChainProxy        : Securing GET /api/admin/users
JDBC Connection [com.alibaba.druid.pool.DruidStatementConnection@495f7ca4] will not be managed by Spring
==>  Preparing: SELECT id,user_code,username,password,nickname,email,phone,avatar,user_label,enabled,account_non_expired,account_non_locked,credentials_non_expired,create_time,update_time FROM sys_user WHERE (user_code = ?)
==> Parameters: u_1a2b3c4d5e6f708090a0b0c0d0e0f001(String)
<==    Columns: id, user_code, username, password, nickname, email, phone, avatar, user_label, enabled, account_non_expired, account_non_locked, credentials_non_expired, create_time, update_time
<==        Row: 1, u_1a2b3c4d5e6f708090a0b0c0d0e0f001, admin, $2a$10$ov3NUrdkAHujSRdGbDZF6O9h2cjZq4Zl17fL3TA5Nhs94mE/PmH8e, 管理员, admin@example.com, null, null, admin, 1, 1, 1, 1, 2026-08-11 20:00:08, 2026-08-11 20:00:08
<==      Total: 1
2026-08-15T17:38:42.384+08:00 DEBUG 18516 --- [iam-authorization-server] [nio-9000-exec-3] n.x.a.s.u.PortalUserDetailsService       : 用户 admin (user_code=u_1a2b3c4d5e6f708090a0b0c0d0e0f001) RBAC 角色: [ROLE_ADMIN]
2026-08-15T17:38:42.385+08:00 DEBUG 18516 --- [iam-authorization-server] [nio-9000-exec-3] n.x.a.s.t.RedisOpaqueTokenIntrospector   : Opaque token introspect success, sub=u_1a2b3c4d5e6f708090a0b0c0d0e0f001, scope=[read, openid, profile, write]
2026-08-15T17:38:42.385+08:00 DEBUG 18516 --- [iam-authorization-server] [nio-9000-exec-3] .s.r.a.OpaqueTokenAuthenticationProvider : Authenticated token
2026-08-15T17:38:42.386+08:00 DEBUG 18516 --- [iam-authorization-server] [nio-9000-exec-3] .s.r.w.a.BearerTokenAuthenticationFilter : Set SecurityContextHolder to BearerTokenAuthentication [Principal=net.xzh.authserver.security.token.RedisOpaqueTokenIntrospector$OpaquePrincipal@6ea1e5af, Credentials=[PROTECTED], Authenticated=true, Details=WebAuthenticationDetails [RemoteIpAddress=127.0.0.1, SessionId=null], Granted Authorities=[ROLE_ADMIN]]
2026-08-15T17:38:42.386+08:00 DEBUG 18516 --- [iam-authorization-server] [nio-9000-exec-3] o.s.security.web.FilterChainProxy        : Secured GET /api/admin/users
Creating a new SqlSession
SqlSession [org.apache.ibatis.session.defaults.DefaultSqlSession@57e06c18] was not registered for synchronization because synchronization is not active
JDBC Connection [com.alibaba.druid.pool.DruidStatementConnection@495f7ca4] will not be managed by Spring
==>  Preparing: SELECT id,user_code,username,password,nickname,email,phone,avatar,user_label,enabled,account_non_expired,account_non_locked,credentials_non_expired,create_time,update_time FROM sys_user ORDER BY id ASC
==> Parameters: 
<==    Columns: id, user_code, username, password, nickname, email, phone, avatar, user_label, enabled, account_non_expired, account_non_locked, credentials_non_expired, create_time, update_time
<==        Row: 1, u_1a2b3c4d5e6f708090a0b0c0d0e0f001, admin, $2a$10$ov3NUrdkAHujSRdGbDZF6O9h2cjZq4Zl17fL3TA5Nhs94mE/PmH8e, 管理员, admin@example.com, null, null, admin, 1, 1, 1, 1, 2026-08-11 20:00:08, 2026-08-11 20:00:08
<==        Row: 2, u_1a2b3c4d5e6f708090a0b0c0d0e0f002, user, $2a$10$ov3NUrdkAHujSRdGbDZF6O9h2cjZq4Zl17fL3TA5Nhs94mE/PmH8e, 普通用户, user@example.com, null, null, client, 1, 1, 1, 1, 2026-08-11 20:00:08, 2026-08-11 20:00:08
<==      Total: 2
Closing non transactional SqlSession [org.apache.ibatis.session.defaults.DefaultSqlSession@57e06c18]
Creating a new SqlSession
SqlSession [org.apache.ibatis.session.defaults.DefaultSqlSession@4f31b04e] was not registered for synchronization because synchronization is not active
JDBC Connection [com.alibaba.druid.pool.DruidStatementConnection@495f7ca4] will not be managed by Spring
==>  Preparing: SELECT t.id, t.tenant_code, t.tenant_name, t.status, t.create_time, t.update_time FROM iam_tenant t JOIN iam_tenant_user tu ON tu.tenant_id = t.id WHERE tu.user_id = ?
==> Parameters: 1(Long)
<==    Columns: id, tenant_code, tenant_name, status, create_time, update_time
<==        Row: 1, T001, 演示企业, 1, 2026-08-15 16:38:36, 2026-08-15 16:38:36
<==      Total: 1
Closing non transactional SqlSession [org.apache.ibatis.session.defaults.DefaultSqlSession@4f31b04e]
Creating a new SqlSession
SqlSession [org.apache.ibatis.session.defaults.DefaultSqlSession@7a0891e5] was not registered for synchronization because synchronization is not active
JDBC Connection [com.alibaba.druid.pool.DruidStatementConnection@495f7ca4] will not be managed by Spring
==>  Preparing: SELECT t.id, t.tenant_code, t.tenant_name, t.status, t.create_time, t.update_time FROM iam_tenant t JOIN iam_tenant_user tu ON tu.tenant_id = t.id WHERE tu.user_id = ?
==> Parameters: 2(Long)
<==    Columns: id, tenant_code, tenant_name, status, create_time, update_time
<==        Row: 1, T001, 演示企业, 1, 2026-08-15 16:38:36, 2026-08-15 16:38:36
<==      Total: 1
Closing non transactional SqlSession [org.apache.ibatis.session.defaults.DefaultSqlSession@7a0891e5]
2026-08-15T17:38:42.423+08:00 DEBUG 18516 --- [iam-authorization-server] [nio-9000-exec-6] o.s.a.w.OAuth2ClientAuthenticationFilter : Set SecurityContextHolder authentication to OAuth2ClientAuthenticationToken
2026-08-15T17:38:42.426+08:00  INFO 18516 --- [iam-authorization-server] [nio-9000-exec-6] n.x.a.s.session.RedisSessionRegistry     : [RedisSessionRegistry] 注册会话: principal=resource-server, sessionId=c780c0ca-6e13-4e98-892f-8181cef9db73
2026-08-15T17:38:43.396+08:00 DEBUG 18516 --- [iam-authorization-server] [nio-9000-exec-1] o.s.security.web.FilterChainProxy        : Securing GET /api/admin/tenants
JDBC Connection [com.alibaba.druid.pool.DruidStatementConnection@495f7ca4] will not be managed by Spring
==>  Preparing: SELECT id,user_code,username,password,nickname,email,phone,avatar,user_label,enabled,account_non_expired,account_non_locked,credentials_non_expired,create_time,update_time FROM sys_user WHERE (user_code = ?)
==> Parameters: u_1a2b3c4d5e6f708090a0b0c0d0e0f001(String)
<==    Columns: id, user_code, username, password, nickname, email, phone, avatar, user_label, enabled, account_non_expired, account_non_locked, credentials_non_expired, create_time, update_time
<==        Row: 1, u_1a2b3c4d5e6f708090a0b0c0d0e0f001, admin, $2a$10$ov3NUrdkAHujSRdGbDZF6O9h2cjZq4Zl17fL3TA5Nhs94mE/PmH8e, 管理员, admin@example.com, null, null, admin, 1, 1, 1, 1, 2026-08-11 20:00:08, 2026-08-11 20:00:08
<==      Total: 1
2026-08-15T17:38:43.407+08:00 DEBUG 18516 --- [iam-authorization-server] [nio-9000-exec-1] n.x.a.s.u.PortalUserDetailsService       : 用户 admin (user_code=u_1a2b3c4d5e6f708090a0b0c0d0e0f001) RBAC 角色: [ROLE_ADMIN]
2026-08-15T17:38:43.407+08:00 DEBUG 18516 --- [iam-authorization-server] [nio-9000-exec-1] n.x.a.s.t.RedisOpaqueTokenIntrospector   : Opaque token introspect success, sub=u_1a2b3c4d5e6f708090a0b0c0d0e0f001, scope=[read, openid, profile, write]
2026-08-15T17:38:43.407+08:00 DEBUG 18516 --- [iam-authorization-server] [nio-9000-exec-1] .s.r.a.OpaqueTokenAuthenticationProvider : Authenticated token
2026-08-15T17:38:43.408+08:00 DEBUG 18516 --- [iam-authorization-server] [nio-9000-exec-1] .s.r.w.a.BearerTokenAuthenticationFilter : Set SecurityContextHolder to BearerTokenAuthentication [Principal=net.xzh.authserver.security.token.RedisOpaqueTokenIntrospector$OpaquePrincipal@6cc148fe, Credentials=[PROTECTED], Authenticated=true, Details=WebAuthenticationDetails [RemoteIpAddress=127.0.0.1, SessionId=null], Granted Authorities=[ROLE_ADMIN]]
2026-08-15T17:38:43.408+08:00 DEBUG 18516 --- [iam-authorization-server] [nio-9000-exec-1] o.s.security.web.FilterChainProxy        : Secured GET /api/admin/tenants
Creating a new SqlSession
SqlSession [org.apache.ibatis.session.defaults.DefaultSqlSession@33a1353c] was not registered for synchronization because synchronization is not active
JDBC Connection [com.alibaba.druid.pool.DruidStatementConnection@495f7ca4] will not be managed by Spring
==>  Preparing: SELECT id,tenant_code,tenant_name,status,create_time,update_time FROM iam_tenant ORDER BY id ASC
==> Parameters: 
<==    Columns: id, tenant_code, tenant_name, status, create_time, update_time
<==        Row: 1, T001, 演示企业, 1, 2026-08-15 16:38:36, 2026-08-15 16:38:36
<==      Total: 1
Closing non transactional SqlSession [org.apache.ibatis.session.defaults.DefaultSqlSession@33a1353c]
2026-08-15T17:38:50.269+08:00 DEBUG 18516 --- [iam-authorization-server] [io-9000-exec-10] o.s.security.web.FilterChainProxy        : Securing POST /api/admin/users
JDBC Connection [com.alibaba.druid.pool.DruidStatementConnection@495f7ca4] will not be managed by Spring
==>  Preparing: SELECT id,user_code,username,password,nickname,email,phone,avatar,user_label,enabled,account_non_expired,account_non_locked,credentials_non_expired,create_time,update_time FROM sys_user WHERE (user_code = ?)
==> Parameters: u_1a2b3c4d5e6f708090a0b0c0d0e0f001(String)
<==    Columns: id, user_code, username, password, nickname, email, phone, avatar, user_label, enabled, account_non_expired, account_non_locked, credentials_non_expired, create_time, update_time
<==        Row: 1, u_1a2b3c4d5e6f708090a0b0c0d0e0f001, admin, $2a$10$ov3NUrdkAHujSRdGbDZF6O9h2cjZq4Zl17fL3TA5Nhs94mE/PmH8e, 管理员, admin@example.com, null, null, admin, 1, 1, 1, 1, 2026-08-11 20:00:08, 2026-08-11 20:00:08
<==      Total: 1
2026-08-15T17:38:50.283+08:00 DEBUG 18516 --- [iam-authorization-server] [nio-9000-exec-2] o.s.security.web.FilterChainProxy        : Securing POST /oauth2/introspect
2026-08-15T17:38:50.356+08:00 DEBUG 18516 --- [iam-authorization-server] [nio-9000-exec-2] o.s.a.w.OAuth2ClientAuthenticationFilter : Set SecurityContextHolder authentication to OAuth2ClientAuthenticationToken
2026-08-15T17:38:50.360+08:00  INFO 18516 --- [iam-authorization-server] [nio-9000-exec-2] n.x.a.s.session.RedisSessionRegistry     : [RedisSessionRegistry] 注册会话: principal=resource-server, sessionId=471232de-6dfc-4dda-bd29-05f385ff1ec2
2026-08-15T17:38:50.376+08:00 DEBUG 18516 --- [iam-authorization-server] [io-9000-exec-10] n.x.authserver.remote.RemoteRoleService  : [RemoteRole] userCode=u_1a2b3c4d5e6f708090a0b0c0d0e0f001, roles=[ROLE_ADMIN]
2026-08-15T17:38:50.376+08:00 DEBUG 18516 --- [iam-authorization-server] [io-9000-exec-10] n.x.a.s.u.PortalUserDetailsService       : 用户 admin (user_code=u_1a2b3c4d5e6f708090a0b0c0d0e0f001) RBAC 角色: [ROLE_ADMIN]
2026-08-15T17:38:50.377+08:00 DEBUG 18516 --- [iam-authorization-server] [io-9000-exec-10] n.x.a.s.t.RedisOpaqueTokenIntrospector   : Opaque token introspect success, sub=u_1a2b3c4d5e6f708090a0b0c0d0e0f001, scope=[read, openid, profile, write]
2026-08-15T17:38:50.377+08:00 DEBUG 18516 --- [iam-authorization-server] [io-9000-exec-10] .s.r.a.OpaqueTokenAuthenticationProvider : Authenticated token
2026-08-15T17:38:50.377+08:00 DEBUG 18516 --- [iam-authorization-server] [io-9000-exec-10] .s.r.w.a.BearerTokenAuthenticationFilter : Set SecurityContextHolder to BearerTokenAuthentication [Principal=net.xzh.authserver.security.token.RedisOpaqueTokenIntrospector$OpaquePrincipal@51fd7043, Credentials=[PROTECTED], Authenticated=true, Details=WebAuthenticationDetails [RemoteIpAddress=127.0.0.1, SessionId=null], Granted Authorities=[ROLE_ADMIN]]
2026-08-15T17:38:50.377+08:00 DEBUG 18516 --- [iam-authorization-server] [io-9000-exec-10] o.s.security.web.FilterChainProxy        : Secured POST /api/admin/users
JDBC Connection [com.alibaba.druid.pool.DruidStatementConnection@495f7ca4] will be managed by Spring
==>  Preparing: SELECT id,user_code,username,password,nickname,email,phone,avatar,user_label,enabled,account_non_expired,account_non_locked,credentials_non_expired,create_time,update_time FROM sys_user WHERE (username = ?)
==> Parameters: test(String)
<==      Total: 0
Creating a new SqlSession
Registering transaction synchronization for SqlSession [org.apache.ibatis.session.defaults.DefaultSqlSession@233f723f]
JDBC Connection [com.alibaba.druid.pool.DruidStatementConnection@495f7ca4] will be managed by Spring
==>  Preparing: INSERT INTO sys_user ( user_code, username, password, nickname, email, phone, user_label, enabled, account_non_expired, account_non_locked, credentials_non_expired, create_time, update_time ) VALUES ( ?, ?, ?, ?, ?, ?, ?, ?, ?, ?, ?, ?, ? )
==> Parameters: u_c76a70ff7bc543aab61828c48970d97e(String), test(String), $2a$10$st9k47cUjR./An/bBLQD7.z1iUidgKFuOe6aYtFbwNN87lsEgZmA6(String), (String), (String), (String), admin(String), true(Boolean), true(Boolean), true(Boolean), true(Boolean), 2026-08-15T17:38:50.469927700(LocalDateTime), 2026-08-15T17:38:50.469927700(LocalDateTime)
<==    Updates: 1
Releasing transactional SqlSession [org.apache.ibatis.session.defaults.DefaultSqlSession@233f723f]
Fetched SqlSession [org.apache.ibatis.session.defaults.DefaultSqlSession@233f723f] from current transaction
==>  Preparing: DELETE FROM iam_tenant_user WHERE (user_id = ?)
==> Parameters: 4(Long)
<==    Updates: 0
Releasing transactional SqlSession [org.apache.ibatis.session.defaults.DefaultSqlSession@233f723f]
Fetched SqlSession [org.apache.ibatis.session.defaults.DefaultSqlSession@233f723f] from current transaction
==>  Preparing: INSERT INTO iam_tenant_user ( tenant_id, user_id, status ) VALUES ( ?, ?, ? )
==> Parameters: 1(Long), 4(Long), true(Boolean)
<==    Updates: 1
Releasing transactional SqlSession [org.apache.ibatis.session.defaults.DefaultSqlSession@233f723f]
2026-08-15T17:38:50.486+08:00  INFO 18516 --- [iam-authorization-server] [io-9000-exec-10] n.xzh.authserver.service.TenantService   : 为用户 userId=4 绑定租户 tenantIds=[1]
2026-08-15T17:38:50.487+08:00  INFO 18516 --- [iam-authorization-server] [io-9000-exec-10] net.xzh.authserver.service.UserService   : 新增用户 username=test, userCode=u_c76a70ff7bc543aab61828c48970d97e
Transaction synchronization committing SqlSession [org.apache.ibatis.session.defaults.DefaultSqlSession@233f723f]
Transaction synchronization deregistering SqlSession [org.apache.ibatis.session.defaults.DefaultSqlSession@233f723f]
Transaction synchronization closing SqlSession [org.apache.ibatis.session.defaults.DefaultSqlSession@233f723f]
2026-08-15T17:38:50.502+08:00 DEBUG 18516 --- [iam-authorization-server] [nio-9000-exec-5] o.s.security.web.FilterChainProxy        : Securing GET /api/admin/users
JDBC Connection [com.alibaba.druid.pool.DruidStatementConnection@495f7ca4] will not be managed by Spring
==>  Preparing: SELECT id,user_code,username,password,nickname,email,phone,avatar,user_label,enabled,account_non_expired,account_non_locked,credentials_non_expired,create_time,update_time FROM sys_user WHERE (user_code = ?)
==> Parameters: u_1a2b3c4d5e6f708090a0b0c0d0e0f001(String)
<==    Columns: id, user_code, username, password, nickname, email, phone, avatar, user_label, enabled, account_non_expired, account_non_locked, credentials_non_expired, create_time, update_time
<==        Row: 1, u_1a2b3c4d5e6f708090a0b0c0d0e0f001, admin, $2a$10$ov3NUrdkAHujSRdGbDZF6O9h2cjZq4Zl17fL3TA5Nhs94mE/PmH8e, 管理员, admin@example.com, null, null, admin, 1, 1, 1, 1, 2026-08-11 20:00:08, 2026-08-11 20:00:08
<==      Total: 1
2026-08-15T17:38:50.511+08:00 DEBUG 18516 --- [iam-authorization-server] [nio-9000-exec-5] n.x.a.s.u.PortalUserDetailsService       : 用户 admin (user_code=u_1a2b3c4d5e6f708090a0b0c0d0e0f001) RBAC 角色: [ROLE_ADMIN]
2026-08-15T17:38:50.512+08:00 DEBUG 18516 --- [iam-authorization-server] [nio-9000-exec-5] n.x.a.s.t.RedisOpaqueTokenIntrospector   : Opaque token introspect success, sub=u_1a2b3c4d5e6f708090a0b0c0d0e0f001, scope=[read, openid, profile, write]
2026-08-15T17:38:50.512+08:00 DEBUG 18516 --- [iam-authorization-server] [nio-9000-exec-5] .s.r.a.OpaqueTokenAuthenticationProvider : Authenticated token
2026-08-15T17:38:50.512+08:00 DEBUG 18516 --- [iam-authorization-server] [nio-9000-exec-5] .s.r.w.a.BearerTokenAuthenticationFilter : Set SecurityContextHolder to BearerTokenAuthentication [Principal=net.xzh.authserver.security.token.RedisOpaqueTokenIntrospector$OpaquePrincipal@67e54675, Credentials=[PROTECTED], Authenticated=true, Details=WebAuthenticationDetails [RemoteIpAddress=127.0.0.1, SessionId=null], Granted Authorities=[ROLE_ADMIN]]
2026-08-15T17:38:50.514+08:00 DEBUG 18516 --- [iam-authorization-server] [nio-9000-exec-5] o.s.security.web.FilterChainProxy        : Secured GET /api/admin/users
Creating a new SqlSession
SqlSession [org.apache.ibatis.session.defaults.DefaultSqlSession@5b7f57e0] was not registered for synchronization because synchronization is not active
JDBC Connection [com.alibaba.druid.pool.DruidStatementConnection@495f7ca4] will not be managed by Spring
==>  Preparing: SELECT id,user_code,username,password,nickname,email,phone,avatar,user_label,enabled,account_non_expired,account_non_locked,credentials_non_expired,create_time,update_time FROM sys_user ORDER BY id ASC
==> Parameters: 
<==    Columns: id, user_code, username, password, nickname, email, phone, avatar, user_label, enabled, account_non_expired, account_non_locked, credentials_non_expired, create_time, update_time
<==        Row: 1, u_1a2b3c4d5e6f708090a0b0c0d0e0f001, admin, $2a$10$ov3NUrdkAHujSRdGbDZF6O9h2cjZq4Zl17fL3TA5Nhs94mE/PmH8e, 管理员, admin@example.com, null, null, admin, 1, 1, 1, 1, 2026-08-11 20:00:08, 2026-08-11 20:00:08
<==        Row: 2, u_1a2b3c4d5e6f708090a0b0c0d0e0f002, user, $2a$10$ov3NUrdkAHujSRdGbDZF6O9h2cjZq4Zl17fL3TA5Nhs94mE/PmH8e, 普通用户, user@example.com, null, null, client, 1, 1, 1, 1, 2026-08-11 20:00:08, 2026-08-11 20:00:08
<==        Row: 4, u_c76a70ff7bc543aab61828c48970d97e, test, $2a$10$st9k47cUjR./An/bBLQD7.z1iUidgKFuOe6aYtFbwNN87lsEgZmA6, , , , null, admin, 1, 1, 1, 1, 2026-08-15 17:38:50, 2026-08-15 17:38:50
<==      Total: 3
Closing non transactional SqlSession [org.apache.ibatis.session.defaults.DefaultSqlSession@5b7f57e0]
Creating a new SqlSession
SqlSession [org.apache.ibatis.session.defaults.DefaultSqlSession@518c3cdb] was not registered for synchronization because synchronization is not active
JDBC Connection [com.alibaba.druid.pool.DruidStatementConnection@495f7ca4] will not be managed by Spring
==>  Preparing: SELECT t.id, t.tenant_code, t.tenant_name, t.status, t.create_time, t.update_time FROM iam_tenant t JOIN iam_tenant_user tu ON tu.tenant_id = t.id WHERE tu.user_id = ?
==> Parameters: 1(Long)
<==    Columns: id, tenant_code, tenant_name, status, create_time, update_time
<==        Row: 1, T001, 演示企业, 1, 2026-08-15 16:38:36, 2026-08-15 16:38:36
<==      Total: 1
Closing non transactional SqlSession [org.apache.ibatis.session.defaults.DefaultSqlSession@518c3cdb]
Creating a new SqlSession
SqlSession [org.apache.ibatis.session.defaults.DefaultSqlSession@289921e6] was not registered for synchronization because synchronization is not active
JDBC Connection [com.alibaba.druid.pool.DruidStatementConnection@495f7ca4] will not be managed by Spring
==>  Preparing: SELECT t.id, t.tenant_code, t.tenant_name, t.status, t.create_time, t.update_time FROM iam_tenant t JOIN iam_tenant_user tu ON tu.tenant_id = t.id WHERE tu.user_id = ?
==> Parameters: 2(Long)
<==    Columns: id, tenant_code, tenant_name, status, create_time, update_time
<==        Row: 1, T001, 演示企业, 1, 2026-08-15 16:38:36, 2026-08-15 16:38:36
<==      Total: 1
Closing non transactional SqlSession [org.apache.ibatis.session.defaults.DefaultSqlSession@289921e6]
Creating a new SqlSession
SqlSession [org.apache.ibatis.session.defaults.DefaultSqlSession@5744967] was not registered for synchronization because synchronization is not active
JDBC Connection [com.alibaba.druid.pool.DruidStatementConnection@495f7ca4] will not be managed by Spring
==>  Preparing: SELECT t.id, t.tenant_code, t.tenant_name, t.status, t.create_time, t.update_time FROM iam_tenant t JOIN iam_tenant_user tu ON tu.tenant_id = t.id WHERE tu.user_id = ?
==> Parameters: 4(Long)
<==    Columns: id, tenant_code, tenant_name, status, create_time, update_time
<==        Row: 1, T001, 演示企业, 1, 2026-08-15 16:38:36, 2026-08-15 16:38:36
<==      Total: 1
Closing non transactional SqlSession [org.apache.ibatis.session.defaults.DefaultSqlSession@5744967]
2026-08-15T17:38:53.701+08:00 DEBUG 18516 --- [iam-authorization-server] [nio-9000-exec-4] o.s.security.web.FilterChainProxy        : Securing POST /oauth2/introspect
2026-08-15T17:38:53.774+08:00 DEBUG 18516 --- [iam-authorization-server] [nio-9000-exec-4] o.s.a.w.OAuth2ClientAuthenticationFilter : Set SecurityContextHolder authentication to OAuth2ClientAuthenticationToken
2026-08-15T17:38:53.778+08:00  INFO 18516 --- [iam-authorization-server] [nio-9000-exec-4] n.x.a.s.session.RedisSessionRegistry     : [RedisSessionRegistry] 注册会话: principal=resource-server, sessionId=f37e5b5b-32c5-4008-a06e-3f6d7d069176
2026-08-15T17:39:06.576+08:00 DEBUG 18516 --- [iam-authorization-server] [nio-9000-exec-8] o.s.security.web.FilterChainProxy        : Securing GET /api/admin/clients
JDBC Connection [com.alibaba.druid.pool.DruidStatementConnection@495f7ca4] will not be managed by Spring
==>  Preparing: SELECT id,user_code,username,password,nickname,email,phone,avatar,user_label,enabled,account_non_expired,account_non_locked,credentials_non_expired,create_time,update_time FROM sys_user WHERE (user_code = ?)
==> Parameters: u_1a2b3c4d5e6f708090a0b0c0d0e0f001(String)
<==    Columns: id, user_code, username, password, nickname, email, phone, avatar, user_label, enabled, account_non_expired, account_non_locked, credentials_non_expired, create_time, update_time
<==        Row: 1, u_1a2b3c4d5e6f708090a0b0c0d0e0f001, admin, $2a$10$ov3NUrdkAHujSRdGbDZF6O9h2cjZq4Zl17fL3TA5Nhs94mE/PmH8e, 管理员, admin@example.com, null, null, admin, 1, 1, 1, 1, 2026-08-11 20:00:08, 2026-08-11 20:00:08
<==      Total: 1
2026-08-15T17:39:06.586+08:00 DEBUG 18516 --- [iam-authorization-server] [nio-9000-exec-8] n.x.a.s.u.PortalUserDetailsService       : 用户 admin (user_code=u_1a2b3c4d5e6f708090a0b0c0d0e0f001) RBAC 角色: [ROLE_ADMIN]
2026-08-15T17:39:06.586+08:00 DEBUG 18516 --- [iam-authorization-server] [nio-9000-exec-8] n.x.a.s.t.RedisOpaqueTokenIntrospector   : Opaque token introspect success, sub=u_1a2b3c4d5e6f708090a0b0c0d0e0f001, scope=[read, openid, profile, write]
2026-08-15T17:39:06.587+08:00 DEBUG 18516 --- [iam-authorization-server] [nio-9000-exec-8] .s.r.a.OpaqueTokenAuthenticationProvider : Authenticated token
2026-08-15T17:39:06.587+08:00 DEBUG 18516 --- [iam-authorization-server] [nio-9000-exec-8] .s.r.w.a.BearerTokenAuthenticationFilter : Set SecurityContextHolder to BearerTokenAuthentication [Principal=net.xzh.authserver.security.token.RedisOpaqueTokenIntrospector$OpaquePrincipal@d07070f, Credentials=[PROTECTED], Authenticated=true, Details=WebAuthenticationDetails [RemoteIpAddress=127.0.0.1, SessionId=null], Granted Authorities=[ROLE_ADMIN]]
2026-08-15T17:39:06.587+08:00 DEBUG 18516 --- [iam-authorization-server] [nio-9000-exec-8] o.s.security.web.FilterChainProxy        : Secured GET /api/admin/clients
Creating a new SqlSession
SqlSession [org.apache.ibatis.session.defaults.DefaultSqlSession@22a1d6e9] was not registered for synchronization because synchronization is not active
JDBC Connection [com.alibaba.druid.pool.DruidStatementConnection@495f7ca4] will not be managed by Spring
==>  Preparing: SELECT id,client_id,client_id_issued_at,client_secret,client_secret_expires_at,client_name,client_authentication_methods,authorization_grant_types,redirect_uris,post_logout_redirect_uris,scopes,client_settings,token_settings FROM oauth2_registered_client
==> Parameters: 
<==    Columns: id, client_id, client_id_issued_at, client_secret, client_secret_expires_at, client_name, client_authentication_methods, authorization_grant_types, redirect_uris, post_logout_redirect_uris, scopes, client_settings, token_settings
<==        Row: 1, resource-server, 2026-08-13 09:56:12, $2a$10$ov3NUrdkAHujSRdGbDZF6O9h2cjZq4Zl17fL3TA5Nhs94mE/PmH8e, null, 资源服务器, client_secret_basic, client_credentials, , , read,write, {"requireProofKey":false,"requireAuthorizationConsent":false}, {"accessTokenFormat":"reference","authorizationCodeTimeToLive":"PT5M","accessTokenTimeToLive":"PT30M","reuseRefreshTokens":false}
<==        Row: 2, admin-app, 2026-08-13 12:00:00, $2a$10$ov3NUrdkAHujSRdGbDZF6O9h2cjZq4Zl17fL3TA5Nhs94mE/PmH8e, null, 管理后台, client_secret_basic, refresh_token,authorization_code, http://localhost:8085/login/oauth2/code/admin-app, http://localhost:8001/logged-out, openid,profile,read,write, {"requireProofKey":false,"requireAuthorizationConsent":false}, {"accessTokenFormat":"reference","authorizationCodeTimeToLive":"PT5M","accessTokenTimeToLive":"PT2H","reuseRefreshTokens":true}
<==        Row: 3, portal-app, 2026-08-11 20:00:08, $2a$10$ov3NUrdkAHujSRdGbDZF6O9h2cjZq4Zl17fL3TA5Nhs94mE/PmH8e, null, 门户应用 (SSO), client_secret_basic, refresh_token,authorization_code, http://localhost:8083/portal-sso-callback,http://localhost:8081/portal-sso-callback,http://localhost:8080/login/oauth2/code/portal-app-oidc, http://localhost:8000/logged-out,http://localhost:8080/logged-out, openid,profile,email, {"requireProofKey":false,"requireAuthorizationConsent":false}, {"accessTokenFormat":"reference","authorizationCodeTimeToLive":"PT5M","accessTokenTimeToLive":"PT2H","reuseRefreshTokens":false}
<==        Row: 4, web-app, 2026-08-11 20:00:08, $2a$10$ov3NUrdkAHujSRdGbDZF6O9h2cjZq4Zl17fL3TA5Nhs94mE/PmH8e, null, Web 应用客户端, client_secret_basic,client_secret_post, authorization_code,refresh_token,password, http://localhost:8081/callback,http://127.0.0.1:8081/callback, http://localhost:8081/logout, openid,profile,email,read,write, {"requireProofKey":false,"requireAuthorizationConsent":true}, {"accessTokenFormat":"REFERENCE","accessTokenTimeToLive":"PT2H","reuseRefreshTokens":false,"idTokenSignatureAlgorithm":"RS256"}
<==        Row: 5, device-app, 2026-08-11 20:00:08, null, null, 设备码客户端, none, refresh_token,urn:ietf:params:oauth:grant-type:device_code, null, null, openid,profile,email,read, {"requireProofKey":false,"requireAuthorizationConsent":true}, {"accessTokenFormat":"REFERENCE","accessTokenTimeToLive":"PT1H","reuseRefreshTokens":false}
<==        Row: 6, mobile-app, 2026-08-11 20:00:08, null, null, 移动应用客户端(PKCE), none, authorization_code,refresh_token, com.example.mobileapp://oauth2/redirect,http://localhost:8083/callback, http://localhost:8083/logout, openid,profile,email,read,write, {"requireProofKey":true,"requireAuthorizationConsent":true}, {"accessTokenFormat":"REFERENCE","accessTokenTimeToLive":"PT2H","reuseRefreshTokens":false,"idTokenSignatureAlgorithm":"RS256"}
<==        Row: 7, service-app, 2026-08-11 20:00:08, $2a$10$ov3NUrdkAHujSRdGbDZF6O9h2cjZq4Zl17fL3TA5Nhs94mE/PmH8e, null, 服务间调用客户端, client_secret_basic, client_credentials, null, null, read,write, {"requireProofKey":false,"requireAuthorizationConsent":true}, {"accessTokenFormat":"REFERENCE","accessTokenTimeToLive":"PT30M","reuseRefreshTokens":false}
<==      Total: 7
Closing non transactional SqlSession [org.apache.ibatis.session.defaults.DefaultSqlSession@22a1d6e9]
2026-08-15T17:39:07.067+08:00 DEBUG 18516 --- [iam-authorization-server] [nio-9000-exec-7] o.s.security.web.FilterChainProxy        : Securing GET /api/admin/policies
JDBC Connection [com.alibaba.druid.pool.DruidStatementConnection@495f7ca4] will not be managed by Spring
==>  Preparing: SELECT id,user_code,username,password,nickname,email,phone,avatar,user_label,enabled,account_non_expired,account_non_locked,credentials_non_expired,create_time,update_time FROM sys_user WHERE (user_code = ?)
==> Parameters: u_1a2b3c4d5e6f708090a0b0c0d0e0f001(String)
<==    Columns: id, user_code, username, password, nickname, email, phone, avatar, user_label, enabled, account_non_expired, account_non_locked, credentials_non_expired, create_time, update_time
<==        Row: 1, u_1a2b3c4d5e6f708090a0b0c0d0e0f001, admin, $2a$10$ov3NUrdkAHujSRdGbDZF6O9h2cjZq4Zl17fL3TA5Nhs94mE/PmH8e, 管理员, admin@example.com, null, null, admin, 1, 1, 1, 1, 2026-08-11 20:00:08, 2026-08-11 20:00:08
<==      Total: 1
2026-08-15T17:39:07.082+08:00 DEBUG 18516 --- [iam-authorization-server] [nio-9000-exec-7] n.x.a.s.u.PortalUserDetailsService       : 用户 admin (user_code=u_1a2b3c4d5e6f708090a0b0c0d0e0f001) RBAC 角色: [ROLE_ADMIN]
2026-08-15T17:39:07.083+08:00 DEBUG 18516 --- [iam-authorization-server] [nio-9000-exec-7] n.x.a.s.t.RedisOpaqueTokenIntrospector   : Opaque token introspect success, sub=u_1a2b3c4d5e6f708090a0b0c0d0e0f001, scope=[read, openid, profile, write]
2026-08-15T17:39:07.083+08:00 DEBUG 18516 --- [iam-authorization-server] [nio-9000-exec-7] .s.r.a.OpaqueTokenAuthenticationProvider : Authenticated token
2026-08-15T17:39:07.083+08:00 DEBUG 18516 --- [iam-authorization-server] [nio-9000-exec-7] .s.r.w.a.BearerTokenAuthenticationFilter : Set SecurityContextHolder to BearerTokenAuthentication [Principal=net.xzh.authserver.security.token.RedisOpaqueTokenIntrospector$OpaquePrincipal@33c41b31, Credentials=[PROTECTED], Authenticated=true, Details=WebAuthenticationDetails [RemoteIpAddress=127.0.0.1, SessionId=null], Granted Authorities=[ROLE_ADMIN]]
2026-08-15T17:39:07.083+08:00 DEBUG 18516 --- [iam-authorization-server] [nio-9000-exec-7] o.s.security.web.FilterChainProxy        : Secured GET /api/admin/policies
Creating a new SqlSession
SqlSession [org.apache.ibatis.session.defaults.DefaultSqlSession@6c30eea] was not registered for synchronization because synchronization is not active
JDBC Connection [com.alibaba.druid.pool.DruidStatementConnection@495f7ca4] will not be managed by Spring
==>  Preparing: SELECT id,client_id,allowed_roles,status,remark,create_time,update_time FROM iam_client_policy
==> Parameters: 
<==    Columns: id, client_id, allowed_roles, status, remark, create_time, update_time
<==        Row: 1, admin-app, ADMIN, 1, 管理后台 (原 yaml client-identity-policy: admin-app: [admin] 迁移), 2026-08-15 16:38:36, 2026-08-15 16:38:36
<==      Total: 1
Closing non transactional SqlSession [org.apache.ibatis.session.defaults.DefaultSqlSession@6c30eea]
Creating a new SqlSession
SqlSession [org.apache.ibatis.session.defaults.DefaultSqlSession@7a597036] was not registered for synchronization because synchronization is not active
JDBC Connection [com.alibaba.druid.pool.DruidStatementConnection@495f7ca4] will not be managed by Spring
==>  Preparing: SELECT id,client_id,client_id_issued_at,client_secret,client_secret_expires_at,client_name,client_authentication_methods,authorization_grant_types,redirect_uris,post_logout_redirect_uris,scopes,client_settings,token_settings FROM oauth2_registered_client
==> Parameters: 
<==    Columns: id, client_id, client_id_issued_at, client_secret, client_secret_expires_at, client_name, client_authentication_methods, authorization_grant_types, redirect_uris, post_logout_redirect_uris, scopes, client_settings, token_settings
<==        Row: 1, resource-server, 2026-08-13 09:56:12, $2a$10$ov3NUrdkAHujSRdGbDZF6O9h2cjZq4Zl17fL3TA5Nhs94mE/PmH8e, null, 资源服务器, client_secret_basic, client_credentials, , , read,write, {"requireProofKey":false,"requireAuthorizationConsent":false}, {"accessTokenFormat":"reference","authorizationCodeTimeToLive":"PT5M","accessTokenTimeToLive":"PT30M","reuseRefreshTokens":false}
<==        Row: 2, admin-app, 2026-08-13 12:00:00, $2a$10$ov3NUrdkAHujSRdGbDZF6O9h2cjZq4Zl17fL3TA5Nhs94mE/PmH8e, null, 管理后台, client_secret_basic, refresh_token,authorization_code, http://localhost:8085/login/oauth2/code/admin-app, http://localhost:8001/logged-out, openid,profile,read,write, {"requireProofKey":false,"requireAuthorizationConsent":false}, {"accessTokenFormat":"reference","authorizationCodeTimeToLive":"PT5M","accessTokenTimeToLive":"PT2H","reuseRefreshTokens":true}
<==        Row: 3, portal-app, 2026-08-11 20:00:08, $2a$10$ov3NUrdkAHujSRdGbDZF6O9h2cjZq4Zl17fL3TA5Nhs94mE/PmH8e, null, 门户应用 (SSO), client_secret_basic, refresh_token,authorization_code, http://localhost:8083/portal-sso-callback,http://localhost:8081/portal-sso-callback,http://localhost:8080/login/oauth2/code/portal-app-oidc, http://localhost:8000/logged-out,http://localhost:8080/logged-out, openid,profile,email, {"requireProofKey":false,"requireAuthorizationConsent":false}, {"accessTokenFormat":"reference","authorizationCodeTimeToLive":"PT5M","accessTokenTimeToLive":"PT2H","reuseRefreshTokens":false}
<==        Row: 4, web-app, 2026-08-11 20:00:08, $2a$10$ov3NUrdkAHujSRdGbDZF6O9h2cjZq4Zl17fL3TA5Nhs94mE/PmH8e, null, Web 应用客户端, client_secret_basic,client_secret_post, authorization_code,refresh_token,password, http://localhost:8081/callback,http://127.0.0.1:8081/callback, http://localhost:8081/logout, openid,profile,email,read,write, {"requireProofKey":false,"requireAuthorizationConsent":true}, {"accessTokenFormat":"REFERENCE","accessTokenTimeToLive":"PT2H","reuseRefreshTokens":false,"idTokenSignatureAlgorithm":"RS256"}
<==        Row: 5, device-app, 2026-08-11 20:00:08, null, null, 设备码客户端, none, refresh_token,urn:ietf:params:oauth:grant-type:device_code, null, null, openid,profile,email,read, {"requireProofKey":false,"requireAuthorizationConsent":true}, {"accessTokenFormat":"REFERENCE","accessTokenTimeToLive":"PT1H","reuseRefreshTokens":false}
<==        Row: 6, mobile-app, 2026-08-11 20:00:08, null, null, 移动应用客户端(PKCE), none, authorization_code,refresh_token, com.example.mobileapp://oauth2/redirect,http://localhost:8083/callback, http://localhost:8083/logout, openid,profile,email,read,write, {"requireProofKey":true,"requireAuthorizationConsent":true}, {"accessTokenFormat":"REFERENCE","accessTokenTimeToLive":"PT2H","reuseRefreshTokens":false,"idTokenSignatureAlgorithm":"RS256"}
<==        Row: 7, service-app, 2026-08-11 20:00:08, $2a$10$ov3NUrdkAHujSRdGbDZF6O9h2cjZq4Zl17fL3TA5Nhs94mE/PmH8e, null, 服务间调用客户端, client_secret_basic, client_credentials, null, null, read,write, {"requireProofKey":false,"requireAuthorizationConsent":true}, {"accessTokenFormat":"REFERENCE","accessTokenTimeToLive":"PT30M","reuseRefreshTokens":false}
<==      Total: 7
Closing non transactional SqlSession [org.apache.ibatis.session.defaults.DefaultSqlSession@7a597036]
2026-08-15T17:39:13.538+08:00 DEBUG 18516 --- [iam-authorization-server] [nio-9000-exec-9] o.s.security.web.FilterChainProxy        : Securing POST /api/admin/policies
JDBC Connection [com.alibaba.druid.pool.DruidStatementConnection@495f7ca4] will not be managed by Spring
==>  Preparing: SELECT id,user_code,username,password,nickname,email,phone,avatar,user_label,enabled,account_non_expired,account_non_locked,credentials_non_expired,create_time,update_time FROM sys_user WHERE (user_code = ?)
==> Parameters: u_1a2b3c4d5e6f708090a0b0c0d0e0f001(String)
<==    Columns: id, user_code, username, password, nickname, email, phone, avatar, user_label, enabled, account_non_expired, account_non_locked, credentials_non_expired, create_time, update_time
<==        Row: 1, u_1a2b3c4d5e6f708090a0b0c0d0e0f001, admin, $2a$10$ov3NUrdkAHujSRdGbDZF6O9h2cjZq4Zl17fL3TA5Nhs94mE/PmH8e, 管理员, admin@example.com, null, null, admin, 1, 1, 1, 1, 2026-08-11 20:00:08, 2026-08-11 20:00:08
<==      Total: 1
2026-08-15T17:39:13.547+08:00 DEBUG 18516 --- [iam-authorization-server] [nio-9000-exec-9] n.x.a.s.u.PortalUserDetailsService       : 用户 admin (user_code=u_1a2b3c4d5e6f708090a0b0c0d0e0f001) RBAC 角色: [ROLE_ADMIN]
2026-08-15T17:39:13.548+08:00 DEBUG 18516 --- [iam-authorization-server] [nio-9000-exec-9] n.x.a.s.t.RedisOpaqueTokenIntrospector   : Opaque token introspect success, sub=u_1a2b3c4d5e6f708090a0b0c0d0e0f001, scope=[read, openid, profile, write]
2026-08-15T17:39:13.548+08:00 DEBUG 18516 --- [iam-authorization-server] [nio-9000-exec-9] .s.r.a.OpaqueTokenAuthenticationProvider : Authenticated token
2026-08-15T17:39:13.548+08:00 DEBUG 18516 --- [iam-authorization-server] [nio-9000-exec-9] .s.r.w.a.BearerTokenAuthenticationFilter : Set SecurityContextHolder to BearerTokenAuthentication [Principal=net.xzh.authserver.security.token.RedisOpaqueTokenIntrospector$OpaquePrincipal@d86eca6, Credentials=[PROTECTED], Authenticated=true, Details=WebAuthenticationDetails [RemoteIpAddress=127.0.0.1, SessionId=null], Granted Authorities=[ROLE_ADMIN]]
2026-08-15T17:39:13.549+08:00 DEBUG 18516 --- [iam-authorization-server] [nio-9000-exec-9] o.s.security.web.FilterChainProxy        : Secured POST /api/admin/policies
JDBC Connection [com.alibaba.druid.pool.DruidStatementConnection@495f7ca4] will not be managed by Spring
==>  Preparing: SELECT id,client_id,allowed_roles,status,remark,create_time,update_time FROM iam_client_policy WHERE (client_id = ?)
==> Parameters: admin-app(String)
<==    Columns: id, client_id, allowed_roles, status, remark, create_time, update_time
<==        Row: 1, admin-app, ADMIN, 1, 管理后台 (原 yaml client-identity-policy: admin-app: [admin] 迁移), 2026-08-15 16:38:36, 2026-08-15 16:38:36
<==      Total: 1
Creating a new SqlSession
SqlSession [org.apache.ibatis.session.defaults.DefaultSqlSession@1187808e] was not registered for synchronization because synchronization is not active
JDBC Connection [com.alibaba.druid.pool.DruidStatementConnection@495f7ca4] will not be managed by Spring
==>  Preparing: UPDATE iam_client_policy SET client_id=?, allowed_roles=?, status=?, remark=?, create_time=?, update_time=? WHERE id=?
==> Parameters: admin-app(String), ADMIN2(String), true(Boolean), 管理后台 (原 yaml client-identity-policy: admin-app: [admin] 迁移)(String), 2026-08-15T16:38:36(LocalDateTime), 2026-08-15T17:39:13.554935200(LocalDateTime), 1(Long)
<==    Updates: 1
Closing non transactional SqlSession [org.apache.ibatis.session.defaults.DefaultSqlSession@1187808e]
2026-08-15T17:39:13.572+08:00 DEBUG 18516 --- [iam-authorization-server] [nio-9000-exec-3] o.s.security.web.FilterChainProxy        : Securing GET /api/admin/policies
JDBC Connection [com.alibaba.druid.pool.DruidStatementConnection@495f7ca4] will not be managed by Spring
==>  Preparing: SELECT id,user_code,username,password,nickname,email,phone,avatar,user_label,enabled,account_non_expired,account_non_locked,credentials_non_expired,create_time,update_time FROM sys_user WHERE (user_code = ?)
==> Parameters: u_1a2b3c4d5e6f708090a0b0c0d0e0f001(String)
<==    Columns: id, user_code, username, password, nickname, email, phone, avatar, user_label, enabled, account_non_expired, account_non_locked, credentials_non_expired, create_time, update_time
<==        Row: 1, u_1a2b3c4d5e6f708090a0b0c0d0e0f001, admin, $2a$10$ov3NUrdkAHujSRdGbDZF6O9h2cjZq4Zl17fL3TA5Nhs94mE/PmH8e, 管理员, admin@example.com, null, null, admin, 1, 1, 1, 1, 2026-08-11 20:00:08, 2026-08-11 20:00:08
<==      Total: 1
2026-08-15T17:39:13.580+08:00 DEBUG 18516 --- [iam-authorization-server] [nio-9000-exec-3] n.x.a.s.u.PortalUserDetailsService       : 用户 admin (user_code=u_1a2b3c4d5e6f708090a0b0c0d0e0f001) RBAC 角色: [ROLE_ADMIN]
2026-08-15T17:39:13.580+08:00 DEBUG 18516 --- [iam-authorization-server] [nio-9000-exec-3] n.x.a.s.t.RedisOpaqueTokenIntrospector   : Opaque token introspect success, sub=u_1a2b3c4d5e6f708090a0b0c0d0e0f001, scope=[read, openid, profile, write]
2026-08-15T17:39:13.580+08:00 DEBUG 18516 --- [iam-authorization-server] [nio-9000-exec-3] .s.r.a.OpaqueTokenAuthenticationProvider : Authenticated token
2026-08-15T17:39:13.580+08:00 DEBUG 18516 --- [iam-authorization-server] [nio-9000-exec-3] .s.r.w.a.BearerTokenAuthenticationFilter : Set SecurityContextHolder to BearerTokenAuthentication [Principal=net.xzh.authserver.security.token.RedisOpaqueTokenIntrospector$OpaquePrincipal@1be17e95, Credentials=[PROTECTED], Authenticated=true, Details=WebAuthenticationDetails [RemoteIpAddress=127.0.0.1, SessionId=null], Granted Authorities=[ROLE_ADMIN]]
2026-08-15T17:39:13.581+08:00 DEBUG 18516 --- [iam-authorization-server] [nio-9000-exec-3] o.s.security.web.FilterChainProxy        : Secured GET /api/admin/policies
Creating a new SqlSession
SqlSession [org.apache.ibatis.session.defaults.DefaultSqlSession@659f32e6] was not registered for synchronization because synchronization is not active
JDBC Connection [com.alibaba.druid.pool.DruidStatementConnection@495f7ca4] will not be managed by Spring
==>  Preparing: SELECT id,client_id,allowed_roles,status,remark,create_time,update_time FROM iam_client_policy
==> Parameters: 
<==    Columns: id, client_id, allowed_roles, status, remark, create_time, update_time
<==        Row: 1, admin-app, ADMIN2, 1, 管理后台 (原 yaml client-identity-policy: admin-app: [admin] 迁移), 2026-08-15 16:38:36, 2026-08-15 17:39:14
<==      Total: 1
Closing non transactional SqlSession [org.apache.ibatis.session.defaults.DefaultSqlSession@659f32e6]
Creating a new SqlSession
SqlSession [org.apache.ibatis.session.defaults.DefaultSqlSession@35757b5e] was not registered for synchronization because synchronization is not active
JDBC Connection [com.alibaba.druid.pool.DruidStatementConnection@495f7ca4] will not be managed by Spring
==>  Preparing: SELECT id,client_id,client_id_issued_at,client_secret,client_secret_expires_at,client_name,client_authentication_methods,authorization_grant_types,redirect_uris,post_logout_redirect_uris,scopes,client_settings,token_settings FROM oauth2_registered_client
==> Parameters: 
<==    Columns: id, client_id, client_id_issued_at, client_secret, client_secret_expires_at, client_name, client_authentication_methods, authorization_grant_types, redirect_uris, post_logout_redirect_uris, scopes, client_settings, token_settings
<==        Row: 1, resource-server, 2026-08-13 09:56:12, $2a$10$ov3NUrdkAHujSRdGbDZF6O9h2cjZq4Zl17fL3TA5Nhs94mE/PmH8e, null, 资源服务器, client_secret_basic, client_credentials, , , read,write, {"requireProofKey":false,"requireAuthorizationConsent":false}, {"accessTokenFormat":"reference","authorizationCodeTimeToLive":"PT5M","accessTokenTimeToLive":"PT30M","reuseRefreshTokens":false}
<==        Row: 2, admin-app, 2026-08-13 12:00:00, $2a$10$ov3NUrdkAHujSRdGbDZF6O9h2cjZq4Zl17fL3TA5Nhs94mE/PmH8e, null, 管理后台, client_secret_basic, refresh_token,authorization_code, http://localhost:8085/login/oauth2/code/admin-app, http://localhost:8001/logged-out, openid,profile,read,write, {"requireProofKey":false,"requireAuthorizationConsent":false}, {"accessTokenFormat":"reference","authorizationCodeTimeToLive":"PT5M","accessTokenTimeToLive":"PT2H","reuseRefreshTokens":true}
<==        Row: 3, portal-app, 2026-08-11 20:00:08, $2a$10$ov3NUrdkAHujSRdGbDZF6O9h2cjZq4Zl17fL3TA5Nhs94mE/PmH8e, null, 门户应用 (SSO), client_secret_basic, refresh_token,authorization_code, http://localhost:8083/portal-sso-callback,http://localhost:8081/portal-sso-callback,http://localhost:8080/login/oauth2/code/portal-app-oidc, http://localhost:8000/logged-out,http://localhost:8080/logged-out, openid,profile,email, {"requireProofKey":false,"requireAuthorizationConsent":false}, {"accessTokenFormat":"reference","authorizationCodeTimeToLive":"PT5M","accessTokenTimeToLive":"PT2H","reuseRefreshTokens":false}
<==        Row: 4, web-app, 2026-08-11 20:00:08, $2a$10$ov3NUrdkAHujSRdGbDZF6O9h2cjZq4Zl17fL3TA5Nhs94mE/PmH8e, null, Web 应用客户端, client_secret_basic,client_secret_post, authorization_code,refresh_token,password, http://localhost:8081/callback,http://127.0.0.1:8081/callback, http://localhost:8081/logout, openid,profile,email,read,write, {"requireProofKey":false,"requireAuthorizationConsent":true}, {"accessTokenFormat":"REFERENCE","accessTokenTimeToLive":"PT2H","reuseRefreshTokens":false,"idTokenSignatureAlgorithm":"RS256"}
<==        Row: 5, device-app, 2026-08-11 20:00:08, null, null, 设备码客户端, none, refresh_token,urn:ietf:params:oauth:grant-type:device_code, null, null, openid,profile,email,read, {"requireProofKey":false,"requireAuthorizationConsent":true}, {"accessTokenFormat":"REFERENCE","accessTokenTimeToLive":"PT1H","reuseRefreshTokens":false}
<==        Row: 6, mobile-app, 2026-08-11 20:00:08, null, null, 移动应用客户端(PKCE), none, authorization_code,refresh_token, com.example.mobileapp://oauth2/redirect,http://localhost:8083/callback, http://localhost:8083/logout, openid,profile,email,read,write, {"requireProofKey":true,"requireAuthorizationConsent":true}, {"accessTokenFormat":"REFERENCE","accessTokenTimeToLive":"PT2H","reuseRefreshTokens":false,"idTokenSignatureAlgorithm":"RS256"}
<==        Row: 7, service-app, 2026-08-11 20:00:08, $2a$10$ov3NUrdkAHujSRdGbDZF6O9h2cjZq4Zl17fL3TA5Nhs94mE/PmH8e, null, 服务间调用客户端, client_secret_basic, client_credentials, null, null, read,write, {"requireProofKey":false,"requireAuthorizationConsent":true}, {"accessTokenFormat":"REFERENCE","accessTokenTimeToLive":"PT30M","reuseRefreshTokens":false}
<==      Total: 7
Closing non transactional SqlSession [org.apache.ibatis.session.defaults.DefaultSqlSession@35757b5e]
2026-08-15T17:39:14.928+08:00 DEBUG 18516 --- [iam-authorization-server] [nio-9000-exec-1] o.s.security.web.FilterChainProxy        : Securing GET /api/admin/tenants
2026-08-15T17:39:14.933+08:00 DEBUG 18516 --- [iam-authorization-server] [nio-9000-exec-2] o.s.security.web.FilterChainProxy        : Securing POST /oauth2/introspect
JDBC Connection [com.alibaba.druid.pool.DruidStatementConnection@495f7ca4] will not be managed by Spring
==>  Preparing: SELECT id,user_code,username,password,nickname,email,phone,avatar,user_label,enabled,account_non_expired,account_non_locked,credentials_non_expired,create_time,update_time FROM sys_user WHERE (user_code = ?)
==> Parameters: u_1a2b3c4d5e6f708090a0b0c0d0e0f001(String)
<==    Columns: id, user_code, username, password, nickname, email, phone, avatar, user_label, enabled, account_non_expired, account_non_locked, credentials_non_expired, create_time, update_time
<==        Row: 1, u_1a2b3c4d5e6f708090a0b0c0d0e0f001, admin, $2a$10$ov3NUrdkAHujSRdGbDZF6O9h2cjZq4Zl17fL3TA5Nhs94mE/PmH8e, 管理员, admin@example.com, null, null, admin, 1, 1, 1, 1, 2026-08-11 20:00:08, 2026-08-11 20:00:08
<==      Total: 1
2026-08-15T17:39:14.941+08:00 DEBUG 18516 --- [iam-authorization-server] [nio-9000-exec-1] n.x.a.s.u.PortalUserDetailsService       : 用户 admin (user_code=u_1a2b3c4d5e6f708090a0b0c0d0e0f001) RBAC 角色: [ROLE_ADMIN]
2026-08-15T17:39:14.942+08:00 DEBUG 18516 --- [iam-authorization-server] [nio-9000-exec-1] n.x.a.s.t.RedisOpaqueTokenIntrospector   : Opaque token introspect success, sub=u_1a2b3c4d5e6f708090a0b0c0d0e0f001, scope=[read, openid, profile, write]
2026-08-15T17:39:14.942+08:00 DEBUG 18516 --- [iam-authorization-server] [nio-9000-exec-1] .s.r.a.OpaqueTokenAuthenticationProvider : Authenticated token
2026-08-15T17:39:14.942+08:00 DEBUG 18516 --- [iam-authorization-server] [nio-9000-exec-1] .s.r.w.a.BearerTokenAuthenticationFilter : Set SecurityContextHolder to BearerTokenAuthentication [Principal=net.xzh.authserver.security.token.RedisOpaqueTokenIntrospector$OpaquePrincipal@7aee4d12, Credentials=[PROTECTED], Authenticated=true, Details=WebAuthenticationDetails [RemoteIpAddress=127.0.0.1, SessionId=null], Granted Authorities=[ROLE_ADMIN]]
2026-08-15T17:39:14.942+08:00 DEBUG 18516 --- [iam-authorization-server] [nio-9000-exec-1] o.s.security.web.FilterChainProxy        : Secured GET /api/admin/tenants
Creating a new SqlSession
SqlSession [org.apache.ibatis.session.defaults.DefaultSqlSession@3b31990c] was not registered for synchronization because synchronization is not active
JDBC Connection [com.alibaba.druid.pool.DruidStatementConnection@495f7ca4] will not be managed by Spring
==>  Preparing: SELECT id,tenant_code,tenant_name,status,create_time,update_time FROM iam_tenant ORDER BY id ASC
==> Parameters: 
<==    Columns: id, tenant_code, tenant_name, status, create_time, update_time
<==        Row: 1, T001, 演示企业, 1, 2026-08-15 16:38:36, 2026-08-15 16:38:36
<==      Total: 1
Closing non transactional SqlSession [org.apache.ibatis.session.defaults.DefaultSqlSession@3b31990c]
2026-08-15T17:39:14.953+08:00 DEBUG 18516 --- [iam-authorization-server] [io-9000-exec-10] o.s.security.web.FilterChainProxy        : Securing GET /api/admin/users
JDBC Connection [com.alibaba.druid.pool.DruidStatementConnection@495f7ca4] will not be managed by Spring
==>  Preparing: SELECT id,user_code,username,password,nickname,email,phone,avatar,user_label,enabled,account_non_expired,account_non_locked,credentials_non_expired,create_time,update_time FROM sys_user WHERE (user_code = ?)
==> Parameters: u_1a2b3c4d5e6f708090a0b0c0d0e0f001(String)
<==    Columns: id, user_code, username, password, nickname, email, phone, avatar, user_label, enabled, account_non_expired, account_non_locked, credentials_non_expired, create_time, update_time
<==        Row: 1, u_1a2b3c4d5e6f708090a0b0c0d0e0f001, admin, $2a$10$ov3NUrdkAHujSRdGbDZF6O9h2cjZq4Zl17fL3TA5Nhs94mE/PmH8e, 管理员, admin@example.com, null, null, admin, 1, 1, 1, 1, 2026-08-11 20:00:08, 2026-08-11 20:00:08
<==      Total: 1
2026-08-15T17:39:14.963+08:00 DEBUG 18516 --- [iam-authorization-server] [io-9000-exec-10] n.x.a.s.u.PortalUserDetailsService       : 用户 admin (user_code=u_1a2b3c4d5e6f708090a0b0c0d0e0f001) RBAC 角色: [ROLE_ADMIN]
2026-08-15T17:39:14.963+08:00 DEBUG 18516 --- [iam-authorization-server] [io-9000-exec-10] n.x.a.s.t.RedisOpaqueTokenIntrospector   : Opaque token introspect success, sub=u_1a2b3c4d5e6f708090a0b0c0d0e0f001, scope=[read, openid, profile, write]
2026-08-15T17:39:14.963+08:00 DEBUG 18516 --- [iam-authorization-server] [io-9000-exec-10] .s.r.a.OpaqueTokenAuthenticationProvider : Authenticated token
2026-08-15T17:39:14.964+08:00 DEBUG 18516 --- [iam-authorization-server] [io-9000-exec-10] .s.r.w.a.BearerTokenAuthenticationFilter : Set SecurityContextHolder to BearerTokenAuthentication [Principal=net.xzh.authserver.security.token.RedisOpaqueTokenIntrospector$OpaquePrincipal@448b19a2, Credentials=[PROTECTED], Authenticated=true, Details=WebAuthenticationDetails [RemoteIpAddress=127.0.0.1, SessionId=null], Granted Authorities=[ROLE_ADMIN]]
2026-08-15T17:39:14.964+08:00 DEBUG 18516 --- [iam-authorization-server] [io-9000-exec-10] o.s.security.web.FilterChainProxy        : Secured GET /api/admin/users
Creating a new SqlSession
SqlSession [org.apache.ibatis.session.defaults.DefaultSqlSession@5f711fe3] was not registered for synchronization because synchronization is not active
JDBC Connection [com.alibaba.druid.pool.DruidStatementConnection@495f7ca4] will not be managed by Spring
==>  Preparing: SELECT id,user_code,username,password,nickname,email,phone,avatar,user_label,enabled,account_non_expired,account_non_locked,credentials_non_expired,create_time,update_time FROM sys_user ORDER BY id ASC
==> Parameters: 
<==    Columns: id, user_code, username, password, nickname, email, phone, avatar, user_label, enabled, account_non_expired, account_non_locked, credentials_non_expired, create_time, update_time
<==        Row: 1, u_1a2b3c4d5e6f708090a0b0c0d0e0f001, admin, $2a$10$ov3NUrdkAHujSRdGbDZF6O9h2cjZq4Zl17fL3TA5Nhs94mE/PmH8e, 管理员, admin@example.com, null, null, admin, 1, 1, 1, 1, 2026-08-11 20:00:08, 2026-08-11 20:00:08
<==        Row: 2, u_1a2b3c4d5e6f708090a0b0c0d0e0f002, user, $2a$10$ov3NUrdkAHujSRdGbDZF6O9h2cjZq4Zl17fL3TA5Nhs94mE/PmH8e, 普通用户, user@example.com, null, null, client, 1, 1, 1, 1, 2026-08-11 20:00:08, 2026-08-11 20:00:08
<==        Row: 4, u_c76a70ff7bc543aab61828c48970d97e, test, $2a$10$st9k47cUjR./An/bBLQD7.z1iUidgKFuOe6aYtFbwNN87lsEgZmA6, , , , null, admin, 1, 1, 1, 1, 2026-08-15 17:38:50, 2026-08-15 17:38:50
<==      Total: 3
Closing non transactional SqlSession [org.apache.ibatis.session.defaults.DefaultSqlSession@5f711fe3]
Creating a new SqlSession
SqlSession [org.apache.ibatis.session.defaults.DefaultSqlSession@3afa2a4b] was not registered for synchronization because synchronization is not active
JDBC Connection [com.alibaba.druid.pool.DruidStatementConnection@495f7ca4] will not be managed by Spring
==>  Preparing: SELECT t.id, t.tenant_code, t.tenant_name, t.status, t.create_time, t.update_time FROM iam_tenant t JOIN iam_tenant_user tu ON tu.tenant_id = t.id WHERE tu.user_id = ?
==> Parameters: 1(Long)
<==    Columns: id, tenant_code, tenant_name, status, create_time, update_time
<==        Row: 1, T001, 演示企业, 1, 2026-08-15 16:38:36, 2026-08-15 16:38:36
<==      Total: 1
Closing non transactional SqlSession [org.apache.ibatis.session.defaults.DefaultSqlSession@3afa2a4b]
Creating a new SqlSession
SqlSession [org.apache.ibatis.session.defaults.DefaultSqlSession@7179ff9f] was not registered for synchronization because synchronization is not active
JDBC Connection [com.alibaba.druid.pool.DruidStatementConnection@495f7ca4] will not be managed by Spring
==>  Preparing: SELECT t.id, t.tenant_code, t.tenant_name, t.status, t.create_time, t.update_time FROM iam_tenant t JOIN iam_tenant_user tu ON tu.tenant_id = t.id WHERE tu.user_id = ?
==> Parameters: 2(Long)
<==    Columns: id, tenant_code, tenant_name, status, create_time, update_time
<==        Row: 1, T001, 演示企业, 1, 2026-08-15 16:38:36, 2026-08-15 16:38:36
<==      Total: 1
Closing non transactional SqlSession [org.apache.ibatis.session.defaults.DefaultSqlSession@7179ff9f]
Creating a new SqlSession
SqlSession [org.apache.ibatis.session.defaults.DefaultSqlSession@760aecf4] was not registered for synchronization because synchronization is not active
JDBC Connection [com.alibaba.druid.pool.DruidStatementConnection@495f7ca4] will not be managed by Spring
==>  Preparing: SELECT t.id, t.tenant_code, t.tenant_name, t.status, t.create_time, t.update_time FROM iam_tenant t JOIN iam_tenant_user tu ON tu.tenant_id = t.id WHERE tu.user_id = ?
==> Parameters: 4(Long)
<==    Columns: id, tenant_code, tenant_name, status, create_time, update_time
<==        Row: 1, T001, 演示企业, 1, 2026-08-15 16:38:36, 2026-08-15 16:38:36
<==      Total: 1
Closing non transactional SqlSession [org.apache.ibatis.session.defaults.DefaultSqlSession@760aecf4]
2026-08-15T17:39:15.007+08:00 DEBUG 18516 --- [iam-authorization-server] [nio-9000-exec-2] o.s.a.w.OAuth2ClientAuthenticationFilter : Set SecurityContextHolder authentication to OAuth2ClientAuthenticationToken
2026-08-15T17:39:15.011+08:00  INFO 18516 --- [iam-authorization-server] [nio-9000-exec-2] n.x.a.s.session.RedisSessionRegistry     : [RedisSessionRegistry] 注册会话: principal=resource-server, sessionId=a5fe411f-970c-4b78-9fe2-9907ddfba4b9
2026-08-15T17:39:16.355+08:00 DEBUG 18516 --- [iam-authorization-server] [nio-9000-exec-5] o.s.security.web.FilterChainProxy        : Securing POST /oauth2/introspect
2026-08-15T17:39:16.431+08:00 DEBUG 18516 --- [iam-authorization-server] [nio-9000-exec-5] o.s.a.w.OAuth2ClientAuthenticationFilter : Set SecurityContextHolder authentication to OAuth2ClientAuthenticationToken
2026-08-15T17:39:16.435+08:00  INFO 18516 --- [iam-authorization-server] [nio-9000-exec-5] n.x.a.s.session.RedisSessionRegistry     : [RedisSessionRegistry] 注册会话: principal=resource-server, sessionId=cf4075c5-ddd7-4e6f-bf3f-3882b6602393
2026-08-15T17:39:18.737+08:00 DEBUG 18516 --- [iam-authorization-server] [nio-9000-exec-4] o.s.security.web.FilterChainProxy        : Securing POST /oauth2/introspect
2026-08-15T17:39:18.811+08:00 DEBUG 18516 --- [iam-authorization-server] [nio-9000-exec-4] o.s.a.w.OAuth2ClientAuthenticationFilter : Set SecurityContextHolder authentication to OAuth2ClientAuthenticationToken
2026-08-15T17:39:18.814+08:00  INFO 18516 --- [iam-authorization-server] [nio-9000-exec-4] n.x.a.s.session.RedisSessionRegistry     : [RedisSessionRegistry] 注册会话: principal=resource-server, sessionId=5a6e9a68-01f5-4422-b6bf-6fdc1753cea7
2026-08-15T17:39:21.244+08:00 DEBUG 18516 --- [iam-authorization-server] [nio-9000-exec-9] o.s.security.web.FilterChainProxy        : Securing POST /oauth2/introspect
2026-08-15T17:39:21.320+08:00 DEBUG 18516 --- [iam-authorization-server] [nio-9000-exec-9] o.s.a.w.OAuth2ClientAuthenticationFilter : Set SecurityContextHolder authentication to OAuth2ClientAuthenticationToken
2026-08-15T17:39:21.323+08:00  INFO 18516 --- [iam-authorization-server] [nio-9000-exec-9] n.x.a.s.session.RedisSessionRegistry     : [RedisSessionRegistry] 注册会话: principal=resource-server, sessionId=03709fb7-d297-440b-882b-c73d47ad294d
2026-08-15T17:39:24.438+08:00 DEBUG 18516 --- [iam-authorization-server] [nio-9000-exec-3] o.s.security.web.FilterChainProxy        : Securing POST /oauth2/introspect
2026-08-15T17:39:24.510+08:00 DEBUG 18516 --- [iam-authorization-server] [nio-9000-exec-3] o.s.a.w.OAuth2ClientAuthenticationFilter : Set SecurityContextHolder authentication to OAuth2ClientAuthenticationToken
2026-08-15T17:39:24.514+08:00  INFO 18516 --- [iam-authorization-server] [nio-9000-exec-3] n.x.a.s.session.RedisSessionRegistry     : [RedisSessionRegistry] 注册会话: principal=resource-server, sessionId=78c8ba02-2124-4b5b-baae-e1cda9ee966a
2026-08-15T17:39:28.440+08:00 DEBUG 18516 --- [iam-authorization-server] [nio-9000-exec-6] o.s.security.web.FilterChainProxy        : Securing GET /oauth2/authorize?response_type=code&client_id=admin-app&scope=openid%20profile%20read%20write&state=v8vkmmr5bXbxs-Skz6cj5s5_yDEz5mtufEIvG_NF2GQ%3D&redirect_uri=http://localhost:8085/login/oauth2/code/admin-app&nonce=kr3btf1As3cqYbZUOvm-BvuKeWMXY7IySTgI6MQl_yA
2026-08-15T17:39:28.443+08:00 DEBUG 18516 --- [iam-authorization-server] [nio-9000-exec-6] o.s.s.w.a.AnonymousAuthenticationFilter  : Set SecurityContextHolder to anonymous SecurityContext
2026-08-15T17:39:28.443+08:00 DEBUG 18516 --- [iam-authorization-server] [nio-9000-exec-6] o.s.s.w.session.SessionManagementFilter  : Request requested invalid session id 503ca04c-643b-45c7-88f5-7da5f17a3e82
2026-08-15T17:39:28.445+08:00 DEBUG 18516 --- [iam-authorization-server] [nio-9000-exec-6] o.s.s.w.s.HttpSessionRequestCache        : Saved request http://localhost:9000/oauth2/authorize?response_type=code&client_id=admin-app&scope=openid%20profile%20read%20write&state=v8vkmmr5bXbxs-Skz6cj5s5_yDEz5mtufEIvG_NF2GQ%3D&redirect_uri=http://localhost:8085/login/oauth2/code/admin-app&nonce=kr3btf1As3cqYbZUOvm-BvuKeWMXY7IySTgI6MQl_yA&continue to session
2026-08-15T17:39:28.445+08:00 DEBUG 18516 --- [iam-authorization-server] [nio-9000-exec-6] s.w.a.DelegatingAuthenticationEntryPoint : Trying to match using MediaTypeRequestMatcher [contentNegotiationStrategy=org.springframework.web.accept.HeaderContentNegotiationStrategy@3162c18f, matchingMediaTypes=[text/html], useEquals=false, ignoredMediaTypes=[]]
2026-08-15T17:39:28.445+08:00 DEBUG 18516 --- [iam-authorization-server] [nio-9000-exec-6] s.w.a.DelegatingAuthenticationEntryPoint : Match found! Executing org.springframework.security.web.authentication.LoginUrlAuthenticationEntryPoint@44282af1
2026-08-15T17:39:28.446+08:00 DEBUG 18516 --- [iam-authorization-server] [nio-9000-exec-6] o.s.s.web.DefaultRedirectStrategy        : Redirecting to http://localhost:9000/login.html
2026-08-15T17:39:28.451+08:00 DEBUG 18516 --- [iam-authorization-server] [nio-9000-exec-1] o.s.security.web.FilterChainProxy        : Securing GET /login.html
2026-08-15T17:39:28.455+08:00 DEBUG 18516 --- [iam-authorization-server] [nio-9000-exec-1] o.s.s.w.a.AnonymousAuthenticationFilter  : Set SecurityContextHolder to anonymous SecurityContext
2026-08-15T17:39:28.456+08:00 DEBUG 18516 --- [iam-authorization-server] [nio-9000-exec-1] o.s.security.web.FilterChainProxy        : Secured GET /login.html
2026-08-15T17:39:32.708+08:00 DEBUG 18516 --- [iam-authorization-server] [io-9000-exec-10] o.s.security.web.FilterChainProxy        : Securing POST /login
JDBC Connection [com.alibaba.druid.pool.DruidStatementConnection@495f7ca4] will not be managed by Spring
==>  Preparing: SELECT id,user_code,username,password,nickname,email,phone,avatar,user_label,enabled,account_non_expired,account_non_locked,credentials_non_expired,create_time,update_time FROM sys_user WHERE (username = ?)
==> Parameters: test(String)
<==    Columns: id, user_code, username, password, nickname, email, phone, avatar, user_label, enabled, account_non_expired, account_non_locked, credentials_non_expired, create_time, update_time
<==        Row: 4, u_c76a70ff7bc543aab61828c48970d97e, test, $2a$10$st9k47cUjR./An/bBLQD7.z1iUidgKFuOe6aYtFbwNN87lsEgZmA6, , , , null, admin, 1, 1, 1, 1, 2026-08-15 17:38:50, 2026-08-15 17:38:50
<==      Total: 1
2026-08-15T17:39:32.730+08:00 DEBUG 18516 --- [iam-authorization-server] [nio-9000-exec-2] o.s.security.web.FilterChainProxy        : Securing POST /oauth2/introspect
2026-08-15T17:39:32.804+08:00 DEBUG 18516 --- [iam-authorization-server] [nio-9000-exec-2] o.s.a.w.OAuth2ClientAuthenticationFilter : Set SecurityContextHolder authentication to OAuth2ClientAuthenticationToken
2026-08-15T17:39:32.807+08:00  INFO 18516 --- [iam-authorization-server] [nio-9000-exec-2] n.x.a.s.session.RedisSessionRegistry     : [RedisSessionRegistry] 注册会话: principal=resource-server, sessionId=756d5df3-5de0-40f5-a5e6-707b2147dd64
2026-08-15T17:39:32.822+08:00 DEBUG 18516 --- [iam-authorization-server] [io-9000-exec-10] n.x.authserver.remote.RemoteRoleService  : [RemoteRole] userCode=u_c76a70ff7bc543aab61828c48970d97e, roles=[ROLE_ADMIN]
2026-08-15T17:39:32.822+08:00 DEBUG 18516 --- [iam-authorization-server] [io-9000-exec-10] n.x.a.s.u.PortalUserDetailsService       : 用户 test (user_code=u_c76a70ff7bc543aab61828c48970d97e) RBAC 角色: [ROLE_ADMIN]
2026-08-15T17:39:32.894+08:00 DEBUG 18516 --- [iam-authorization-server] [io-9000-exec-10] o.s.s.a.dao.DaoAuthenticationProvider    : Authenticated user
2026-08-15T17:39:32.895+08:00 DEBUG 18516 --- [iam-authorization-server] [io-9000-exec-10] .s.ChangeSessionIdAuthenticationStrategy : Changed session id from c9352321-7469-4318-8452-1f5ba6357adc
2026-08-15T17:39:32.898+08:00  INFO 18516 --- [iam-authorization-server] [io-9000-exec-10] n.x.a.s.session.RedisSessionRegistry     : [RedisSessionRegistry] 注册会话: principal=u_c76a70ff7bc543aab61828c48970d97e, sessionId=bcf57b9b-dc25-4738-b65d-cca973732a1d
2026-08-15T17:39:32.898+08:00 DEBUG 18516 --- [iam-authorization-server] [io-9000-exec-10] w.a.UsernamePasswordAuthenticationFilter : Set SecurityContextHolder to UsernamePasswordAuthenticationToken [Principal=org.springframework.security.core.userdetails.User [Username=u_c76a70ff7bc543aab61828c48970d97e, Password=[PROTECTED], Enabled=true, AccountNonExpired=true, CredentialsNonExpired=true, AccountNonLocked=true, Granted Authorities=[ROLE_ADMIN]], Credentials=[PROTECTED], Authenticated=true, Details=WebAuthenticationDetails [RemoteIpAddress=0:0:0:0:0:0:0:1, SessionId=c9352321-7469-4318-8452-1f5ba6357adc], Granted Authorities=[ROLE_ADMIN]]
2026-08-15T17:39:32.899+08:00 DEBUG 18516 --- [iam-authorization-server] [io-9000-exec-10] o.s.s.web.DefaultRedirectStrategy        : Redirecting to http://localhost:9000/oauth2/authorize?response_type=code&client_id=admin-app&scope=openid%20profile%20read%20write&state=v8vkmmr5bXbxs-Skz6cj5s5_yDEz5mtufEIvG_NF2GQ%3D&redirect_uri=http://localhost:8085/login/oauth2/code/admin-app&nonce=kr3btf1As3cqYbZUOvm-BvuKeWMXY7IySTgI6MQl_yA&continue
2026-08-15T17:39:32.908+08:00 DEBUG 18516 --- [iam-authorization-server] [nio-9000-exec-5] o.s.security.web.FilterChainProxy        : Securing GET /oauth2/authorize?response_type=code&client_id=admin-app&scope=openid%20profile%20read%20write&state=v8vkmmr5bXbxs-Skz6cj5s5_yDEz5mtufEIvG_NF2GQ%3D&redirect_uri=http://localhost:8085/login/oauth2/code/admin-app&nonce=kr3btf1As3cqYbZUOvm-BvuKeWMXY7IySTgI6MQl_yA&continue
JDBC Connection [com.alibaba.druid.pool.DruidStatementConnection@495f7ca4] will not be managed by Spring
==>  Preparing: SELECT id,client_id,allowed_roles,status,remark,create_time,update_time FROM iam_client_policy WHERE (client_id = ?)
==> Parameters: admin-app(String)
<==    Columns: id, client_id, allowed_roles, status, remark, create_time, update_time
<==        Row: 1, admin-app, ADMIN2, 1, 管理后台 (原 yaml client-identity-policy: admin-app: [admin] 迁移), 2026-08-15 16:38:36, 2026-08-15 17:39:14
<==      Total: 1
2026-08-15T17:39:32.914+08:00  INFO 18516 --- [iam-authorization-server] [nio-9000-exec-5] n.x.a.security.ClientUserPolicyService   : [令牌准入] 拒绝签发: 客户端=admin-app, 用户=u_c76a70ff7bc543aab61828c48970d97e, 用户角色=[ADMIN]
2026-08-15T17:39:32.915+08:00  INFO 18516 --- [iam-authorization-server] [nio-9000-exec-5] n.x.a.s.web.AuthorizePolicyFilter        : [发码准入] 拒绝签发授权码: 客户端=admin-app, 用户=u_c76a70ff7bc543aab61828c48970d97e: 当前用户不允许在该客户端登录
2026-08-15T17:39:32.923+08:00 DEBUG 18516 --- [iam-authorization-server] [nio-9000-exec-4] o.s.security.web.FilterChainProxy        : Securing GET /login.html?error
2026-08-15T17:39:32.928+08:00 DEBUG 18516 --- [iam-authorization-server] [nio-9000-exec-4] o.s.security.web.FilterChainProxy        : Secured GET /login.html?error
2026-08-15T17:39:35.740+08:00 DEBUG 18516 --- [iam-authorization-server] [nio-9000-exec-8] o.s.security.web.FilterChainProxy        : Securing GET /api/admin/policies
JDBC Connection [com.alibaba.druid.pool.DruidStatementConnection@495f7ca4] will not be managed by Spring
==>  Preparing: SELECT id,user_code,username,password,nickname,email,phone,avatar,user_label,enabled,account_non_expired,account_non_locked,credentials_non_expired,create_time,update_time FROM sys_user WHERE (user_code = ?)
==> Parameters: u_1a2b3c4d5e6f708090a0b0c0d0e0f001(String)
<==    Columns: id, user_code, username, password, nickname, email, phone, avatar, user_label, enabled, account_non_expired, account_non_locked, credentials_non_expired, create_time, update_time
<==        Row: 1, u_1a2b3c4d5e6f708090a0b0c0d0e0f001, admin, $2a$10$ov3NUrdkAHujSRdGbDZF6O9h2cjZq4Zl17fL3TA5Nhs94mE/PmH8e, 管理员, admin@example.com, null, null, admin, 1, 1, 1, 1, 2026-08-11 20:00:08, 2026-08-11 20:00:08
<==      Total: 1
2026-08-15T17:39:35.769+08:00 DEBUG 18516 --- [iam-authorization-server] [nio-9000-exec-7] o.s.security.web.FilterChainProxy        : Securing POST /oauth2/introspect
2026-08-15T17:39:35.842+08:00 DEBUG 18516 --- [iam-authorization-server] [nio-9000-exec-7] o.s.a.w.OAuth2ClientAuthenticationFilter : Set SecurityContextHolder authentication to OAuth2ClientAuthenticationToken
2026-08-15T17:39:35.846+08:00  INFO 18516 --- [iam-authorization-server] [nio-9000-exec-7] n.x.a.s.session.RedisSessionRegistry     : [RedisSessionRegistry] 注册会话: principal=resource-server, sessionId=b886dea7-5992-4803-b0c9-a1c5ba124f01
2026-08-15T17:39:35.863+08:00 DEBUG 18516 --- [iam-authorization-server] [nio-9000-exec-8] n.x.authserver.remote.RemoteRoleService  : [RemoteRole] userCode=u_1a2b3c4d5e6f708090a0b0c0d0e0f001, roles=[ROLE_ADMIN]
2026-08-15T17:39:35.864+08:00 DEBUG 18516 --- [iam-authorization-server] [nio-9000-exec-8] n.x.a.s.u.PortalUserDetailsService       : 用户 admin (user_code=u_1a2b3c4d5e6f708090a0b0c0d0e0f001) RBAC 角色: [ROLE_ADMIN]
2026-08-15T17:39:35.864+08:00 DEBUG 18516 --- [iam-authorization-server] [nio-9000-exec-8] n.x.a.s.t.RedisOpaqueTokenIntrospector   : Opaque token introspect success, sub=u_1a2b3c4d5e6f708090a0b0c0d0e0f001, scope=[read, openid, profile, write]
2026-08-15T17:39:35.865+08:00 DEBUG 18516 --- [iam-authorization-server] [nio-9000-exec-8] .s.r.a.OpaqueTokenAuthenticationProvider : Authenticated token
2026-08-15T17:39:35.865+08:00 DEBUG 18516 --- [iam-authorization-server] [nio-9000-exec-8] .s.r.w.a.BearerTokenAuthenticationFilter : Set SecurityContextHolder to BearerTokenAuthentication [Principal=net.xzh.authserver.security.token.RedisOpaqueTokenIntrospector$OpaquePrincipal@148546df, Credentials=[PROTECTED], Authenticated=true, Details=WebAuthenticationDetails [RemoteIpAddress=127.0.0.1, SessionId=null], Granted Authorities=[ROLE_ADMIN]]
2026-08-15T17:39:35.866+08:00 DEBUG 18516 --- [iam-authorization-server] [nio-9000-exec-8] o.s.security.web.FilterChainProxy        : Secured GET /api/admin/policies
Creating a new SqlSession
SqlSession [org.apache.ibatis.session.defaults.DefaultSqlSession@3c97a547] was not registered for synchronization because synchronization is not active
JDBC Connection [com.alibaba.druid.pool.DruidStatementConnection@495f7ca4] will not be managed by Spring
==>  Preparing: SELECT id,client_id,allowed_roles,status,remark,create_time,update_time FROM iam_client_policy
==> Parameters: 
<==    Columns: id, client_id, allowed_roles, status, remark, create_time, update_time
<==        Row: 1, admin-app, ADMIN2, 1, 管理后台 (原 yaml client-identity-policy: admin-app: [admin] 迁移), 2026-08-15 16:38:36, 2026-08-15 17:39:14
<==      Total: 1
Closing non transactional SqlSession [org.apache.ibatis.session.defaults.DefaultSqlSession@3c97a547]
Creating a new SqlSession
SqlSession [org.apache.ibatis.session.defaults.DefaultSqlSession@5805e9ed] was not registered for synchronization because synchronization is not active
JDBC Connection [com.alibaba.druid.pool.DruidStatementConnection@495f7ca4] will not be managed by Spring
==>  Preparing: SELECT id,client_id,client_id_issued_at,client_secret,client_secret_expires_at,client_name,client_authentication_methods,authorization_grant_types,redirect_uris,post_logout_redirect_uris,scopes,client_settings,token_settings FROM oauth2_registered_client
==> Parameters: 
<==    Columns: id, client_id, client_id_issued_at, client_secret, client_secret_expires_at, client_name, client_authentication_methods, authorization_grant_types, redirect_uris, post_logout_redirect_uris, scopes, client_settings, token_settings
<==        Row: 1, resource-server, 2026-08-13 09:56:12, $2a$10$ov3NUrdkAHujSRdGbDZF6O9h2cjZq4Zl17fL3TA5Nhs94mE/PmH8e, null, 资源服务器, client_secret_basic, client_credentials, , , read,write, {"requireProofKey":false,"requireAuthorizationConsent":false}, {"accessTokenFormat":"reference","authorizationCodeTimeToLive":"PT5M","accessTokenTimeToLive":"PT30M","reuseRefreshTokens":false}
<==        Row: 2, admin-app, 2026-08-13 12:00:00, $2a$10$ov3NUrdkAHujSRdGbDZF6O9h2cjZq4Zl17fL3TA5Nhs94mE/PmH8e, null, 管理后台, client_secret_basic, refresh_token,authorization_code, http://localhost:8085/login/oauth2/code/admin-app, http://localhost:8001/logged-out, openid,profile,read,write, {"requireProofKey":false,"requireAuthorizationConsent":false}, {"accessTokenFormat":"reference","authorizationCodeTimeToLive":"PT5M","accessTokenTimeToLive":"PT2H","reuseRefreshTokens":true}
<==        Row: 3, portal-app, 2026-08-11 20:00:08, $2a$10$ov3NUrdkAHujSRdGbDZF6O9h2cjZq4Zl17fL3TA5Nhs94mE/PmH8e, null, 门户应用 (SSO), client_secret_basic, refresh_token,authorization_code, http://localhost:8083/portal-sso-callback,http://localhost:8081/portal-sso-callback,http://localhost:8080/login/oauth2/code/portal-app-oidc, http://localhost:8000/logged-out,http://localhost:8080/logged-out, openid,profile,email, {"requireProofKey":false,"requireAuthorizationConsent":false}, {"accessTokenFormat":"reference","authorizationCodeTimeToLive":"PT5M","accessTokenTimeToLive":"PT2H","reuseRefreshTokens":false}
<==        Row: 4, web-app, 2026-08-11 20:00:08, $2a$10$ov3NUrdkAHujSRdGbDZF6O9h2cjZq4Zl17fL3TA5Nhs94mE/PmH8e, null, Web 应用客户端, client_secret_basic,client_secret_post, authorization_code,refresh_token,password, http://localhost:8081/callback,http://127.0.0.1:8081/callback, http://localhost:8081/logout, openid,profile,email,read,write, {"requireProofKey":false,"requireAuthorizationConsent":true}, {"accessTokenFormat":"REFERENCE","accessTokenTimeToLive":"PT2H","reuseRefreshTokens":false,"idTokenSignatureAlgorithm":"RS256"}
<==        Row: 5, device-app, 2026-08-11 20:00:08, null, null, 设备码客户端, none, refresh_token,urn:ietf:params:oauth:grant-type:device_code, null, null, openid,profile,email,read, {"requireProofKey":false,"requireAuthorizationConsent":true}, {"accessTokenFormat":"REFERENCE","accessTokenTimeToLive":"PT1H","reuseRefreshTokens":false}
<==        Row: 6, mobile-app, 2026-08-11 20:00:08, null, null, 移动应用客户端(PKCE), none, authorization_code,refresh_token, com.example.mobileapp://oauth2/redirect,http://localhost:8083/callback, http://localhost:8083/logout, openid,profile,email,read,write, {"requireProofKey":true,"requireAuthorizationConsent":true}, {"accessTokenFormat":"REFERENCE","accessTokenTimeToLive":"PT2H","reuseRefreshTokens":false,"idTokenSignatureAlgorithm":"RS256"}
<==        Row: 7, service-app, 2026-08-11 20:00:08, $2a$10$ov3NUrdkAHujSRdGbDZF6O9h2cjZq4Zl17fL3TA5Nhs94mE/PmH8e, null, 服务间调用客户端, client_secret_basic, client_credentials, null, null, read,write, {"requireProofKey":false,"requireAuthorizationConsent":true}, {"accessTokenFormat":"REFERENCE","accessTokenTimeToLive":"PT30M","reuseRefreshTokens":false}
<==      Total: 7
Closing non transactional SqlSession [org.apache.ibatis.session.defaults.DefaultSqlSession@5805e9ed]
2026-08-15T17:39:39.183+08:00 DEBUG 18516 --- [iam-authorization-server] [nio-9000-exec-9] o.s.security.web.FilterChainProxy        : Securing POST /api/admin/policies
JDBC Connection [com.alibaba.druid.pool.DruidStatementConnection@495f7ca4] will not be managed by Spring
==>  Preparing: SELECT id,user_code,username,password,nickname,email,phone,avatar,user_label,enabled,account_non_expired,account_non_locked,credentials_non_expired,create_time,update_time FROM sys_user WHERE (user_code = ?)
==> Parameters: u_1a2b3c4d5e6f708090a0b0c0d0e0f001(String)
<==    Columns: id, user_code, username, password, nickname, email, phone, avatar, user_label, enabled, account_non_expired, account_non_locked, credentials_non_expired, create_time, update_time
<==        Row: 1, u_1a2b3c4d5e6f708090a0b0c0d0e0f001, admin, $2a$10$ov3NUrdkAHujSRdGbDZF6O9h2cjZq4Zl17fL3TA5Nhs94mE/PmH8e, 管理员, admin@example.com, null, null, admin, 1, 1, 1, 1, 2026-08-11 20:00:08, 2026-08-11 20:00:08
<==      Total: 1
2026-08-15T17:39:39.191+08:00 DEBUG 18516 --- [iam-authorization-server] [nio-9000-exec-9] n.x.a.s.u.PortalUserDetailsService       : 用户 admin (user_code=u_1a2b3c4d5e6f708090a0b0c0d0e0f001) RBAC 角色: [ROLE_ADMIN]
2026-08-15T17:39:39.191+08:00 DEBUG 18516 --- [iam-authorization-server] [nio-9000-exec-9] n.x.a.s.t.RedisOpaqueTokenIntrospector   : Opaque token introspect success, sub=u_1a2b3c4d5e6f708090a0b0c0d0e0f001, scope=[read, openid, profile, write]
2026-08-15T17:39:39.191+08:00 DEBUG 18516 --- [iam-authorization-server] [nio-9000-exec-9] .s.r.a.OpaqueTokenAuthenticationProvider : Authenticated token
2026-08-15T17:39:39.192+08:00 DEBUG 18516 --- [iam-authorization-server] [nio-9000-exec-9] .s.r.w.a.BearerTokenAuthenticationFilter : Set SecurityContextHolder to BearerTokenAuthentication [Principal=net.xzh.authserver.security.token.RedisOpaqueTokenIntrospector$OpaquePrincipal@15049803, Credentials=[PROTECTED], Authenticated=true, Details=WebAuthenticationDetails [RemoteIpAddress=127.0.0.1, SessionId=null], Granted Authorities=[ROLE_ADMIN]]
2026-08-15T17:39:39.192+08:00 DEBUG 18516 --- [iam-authorization-server] [nio-9000-exec-9] o.s.security.web.FilterChainProxy        : Secured POST /api/admin/policies
JDBC Connection [com.alibaba.druid.pool.DruidStatementConnection@495f7ca4] will not be managed by Spring
==>  Preparing: SELECT id,client_id,allowed_roles,status,remark,create_time,update_time FROM iam_client_policy WHERE (client_id = ?)
==> Parameters: admin-app(String)
<==    Columns: id, client_id, allowed_roles, status, remark, create_time, update_time
<==        Row: 1, admin-app, ADMIN2, 1, 管理后台 (原 yaml client-identity-policy: admin-app: [admin] 迁移), 2026-08-15 16:38:36, 2026-08-15 17:39:14
<==      Total: 1
Creating a new SqlSession
SqlSession [org.apache.ibatis.session.defaults.DefaultSqlSession@48eed3ee] was not registered for synchronization because synchronization is not active
JDBC Connection [com.alibaba.druid.pool.DruidStatementConnection@495f7ca4] will not be managed by Spring
==>  Preparing: UPDATE iam_client_policy SET client_id=?, allowed_roles=?, status=?, remark=?, create_time=?, update_time=? WHERE id=?
==> Parameters: admin-app(String), ADMIN(String), true(Boolean), 管理后台 (原 yaml client-identity-policy: admin-app: [admin] 迁移)(String), 2026-08-15T16:38:36(LocalDateTime), 2026-08-15T17:39:39.195753900(LocalDateTime), 1(Long)
<==    Updates: 1
Closing non transactional SqlSession [org.apache.ibatis.session.defaults.DefaultSqlSession@48eed3ee]
2026-08-15T17:39:39.211+08:00 DEBUG 18516 --- [iam-authorization-server] [nio-9000-exec-3] o.s.security.web.FilterChainProxy        : Securing GET /api/admin/policies
JDBC Connection [com.alibaba.druid.pool.DruidStatementConnection@495f7ca4] will not be managed by Spring
==>  Preparing: SELECT id,user_code,username,password,nickname,email,phone,avatar,user_label,enabled,account_non_expired,account_non_locked,credentials_non_expired,create_time,update_time FROM sys_user WHERE (user_code = ?)
==> Parameters: u_1a2b3c4d5e6f708090a0b0c0d0e0f001(String)
<==    Columns: id, user_code, username, password, nickname, email, phone, avatar, user_label, enabled, account_non_expired, account_non_locked, credentials_non_expired, create_time, update_time
<==        Row: 1, u_1a2b3c4d5e6f708090a0b0c0d0e0f001, admin, $2a$10$ov3NUrdkAHujSRdGbDZF6O9h2cjZq4Zl17fL3TA5Nhs94mE/PmH8e, 管理员, admin@example.com, null, null, admin, 1, 1, 1, 1, 2026-08-11 20:00:08, 2026-08-11 20:00:08
<==      Total: 1
2026-08-15T17:39:39.221+08:00 DEBUG 18516 --- [iam-authorization-server] [nio-9000-exec-3] n.x.a.s.u.PortalUserDetailsService       : 用户 admin (user_code=u_1a2b3c4d5e6f708090a0b0c0d0e0f001) RBAC 角色: [ROLE_ADMIN]
2026-08-15T17:39:39.221+08:00 DEBUG 18516 --- [iam-authorization-server] [nio-9000-exec-3] n.x.a.s.t.RedisOpaqueTokenIntrospector   : Opaque token introspect success, sub=u_1a2b3c4d5e6f708090a0b0c0d0e0f001, scope=[read, openid, profile, write]
2026-08-15T17:39:39.221+08:00 DEBUG 18516 --- [iam-authorization-server] [nio-9000-exec-3] .s.r.a.OpaqueTokenAuthenticationProvider : Authenticated token
2026-08-15T17:39:39.222+08:00 DEBUG 18516 --- [iam-authorization-server] [nio-9000-exec-3] .s.r.w.a.BearerTokenAuthenticationFilter : Set SecurityContextHolder to BearerTokenAuthentication [Principal=net.xzh.authserver.security.token.RedisOpaqueTokenIntrospector$OpaquePrincipal@43655519, Credentials=[PROTECTED], Authenticated=true, Details=WebAuthenticationDetails [RemoteIpAddress=127.0.0.1, SessionId=null], Granted Authorities=[ROLE_ADMIN]]
2026-08-15T17:39:39.222+08:00 DEBUG 18516 --- [iam-authorization-server] [nio-9000-exec-3] o.s.security.web.FilterChainProxy        : Secured GET /api/admin/policies
Creating a new SqlSession
SqlSession [org.apache.ibatis.session.defaults.DefaultSqlSession@6c3281e2] was not registered for synchronization because synchronization is not active
JDBC Connection [com.alibaba.druid.pool.DruidStatementConnection@495f7ca4] will not be managed by Spring
==>  Preparing: SELECT id,client_id,allowed_roles,status,remark,create_time,update_time FROM iam_client_policy
==> Parameters: 
<==    Columns: id, client_id, allowed_roles, status, remark, create_time, update_time
<==        Row: 1, admin-app, ADMIN, 1, 管理后台 (原 yaml client-identity-policy: admin-app: [admin] 迁移), 2026-08-15 16:38:36, 2026-08-15 17:39:39
<==      Total: 1
Closing non transactional SqlSession [org.apache.ibatis.session.defaults.DefaultSqlSession@6c3281e2]
Creating a new SqlSession
SqlSession [org.apache.ibatis.session.defaults.DefaultSqlSession@41b675d1] was not registered for synchronization because synchronization is not active
JDBC Connection [com.alibaba.druid.pool.DruidStatementConnection@495f7ca4] will not be managed by Spring
==>  Preparing: SELECT id,client_id,client_id_issued_at,client_secret,client_secret_expires_at,client_name,client_authentication_methods,authorization_grant_types,redirect_uris,post_logout_redirect_uris,scopes,client_settings,token_settings FROM oauth2_registered_client
==> Parameters: 
<==    Columns: id, client_id, client_id_issued_at, client_secret, client_secret_expires_at, client_name, client_authentication_methods, authorization_grant_types, redirect_uris, post_logout_redirect_uris, scopes, client_settings, token_settings
<==        Row: 1, resource-server, 2026-08-13 09:56:12, $2a$10$ov3NUrdkAHujSRdGbDZF6O9h2cjZq4Zl17fL3TA5Nhs94mE/PmH8e, null, 资源服务器, client_secret_basic, client_credentials, , , read,write, {"requireProofKey":false,"requireAuthorizationConsent":false}, {"accessTokenFormat":"reference","authorizationCodeTimeToLive":"PT5M","accessTokenTimeToLive":"PT30M","reuseRefreshTokens":false}
<==        Row: 2, admin-app, 2026-08-13 12:00:00, $2a$10$ov3NUrdkAHujSRdGbDZF6O9h2cjZq4Zl17fL3TA5Nhs94mE/PmH8e, null, 管理后台, client_secret_basic, refresh_token,authorization_code, http://localhost:8085/login/oauth2/code/admin-app, http://localhost:8001/logged-out, openid,profile,read,write, {"requireProofKey":false,"requireAuthorizationConsent":false}, {"accessTokenFormat":"reference","authorizationCodeTimeToLive":"PT5M","accessTokenTimeToLive":"PT2H","reuseRefreshTokens":true}
<==        Row: 3, portal-app, 2026-08-11 20:00:08, $2a$10$ov3NUrdkAHujSRdGbDZF6O9h2cjZq4Zl17fL3TA5Nhs94mE/PmH8e, null, 门户应用 (SSO), client_secret_basic, refresh_token,authorization_code, http://localhost:8083/portal-sso-callback,http://localhost:8081/portal-sso-callback,http://localhost:8080/login/oauth2/code/portal-app-oidc, http://localhost:8000/logged-out,http://localhost:8080/logged-out, openid,profile,email, {"requireProofKey":false,"requireAuthorizationConsent":false}, {"accessTokenFormat":"reference","authorizationCodeTimeToLive":"PT5M","accessTokenTimeToLive":"PT2H","reuseRefreshTokens":false}
<==        Row: 4, web-app, 2026-08-11 20:00:08, $2a$10$ov3NUrdkAHujSRdGbDZF6O9h2cjZq4Zl17fL3TA5Nhs94mE/PmH8e, null, Web 应用客户端, client_secret_basic,client_secret_post, authorization_code,refresh_token,password, http://localhost:8081/callback,http://127.0.0.1:8081/callback, http://localhost:8081/logout, openid,profile,email,read,write, {"requireProofKey":false,"requireAuthorizationConsent":true}, {"accessTokenFormat":"REFERENCE","accessTokenTimeToLive":"PT2H","reuseRefreshTokens":false,"idTokenSignatureAlgorithm":"RS256"}
<==        Row: 5, device-app, 2026-08-11 20:00:08, null, null, 设备码客户端, none, refresh_token,urn:ietf:params:oauth:grant-type:device_code, null, null, openid,profile,email,read, {"requireProofKey":false,"requireAuthorizationConsent":true}, {"accessTokenFormat":"REFERENCE","accessTokenTimeToLive":"PT1H","reuseRefreshTokens":false}
<==        Row: 6, mobile-app, 2026-08-11 20:00:08, null, null, 移动应用客户端(PKCE), none, authorization_code,refresh_token, com.example.mobileapp://oauth2/redirect,http://localhost:8083/callback, http://localhost:8083/logout, openid,profile,email,read,write, {"requireProofKey":true,"requireAuthorizationConsent":true}, {"accessTokenFormat":"REFERENCE","accessTokenTimeToLive":"PT2H","reuseRefreshTokens":false,"idTokenSignatureAlgorithm":"RS256"}
<==        Row: 7, service-app, 2026-08-11 20:00:08, $2a$10$ov3NUrdkAHujSRdGbDZF6O9h2cjZq4Zl17fL3TA5Nhs94mE/PmH8e, null, 服务间调用客户端, client_secret_basic, client_credentials, null, null, read,write, {"requireProofKey":false,"requireAuthorizationConsent":true}, {"accessTokenFormat":"REFERENCE","accessTokenTimeToLive":"PT30M","reuseRefreshTokens":false}
<==      Total: 7
Closing non transactional SqlSession [org.apache.ibatis.session.defaults.DefaultSqlSession@41b675d1]
2026-08-15T17:39:45.305+08:00 DEBUG 18516 --- [iam-authorization-server] [nio-9000-exec-6] o.s.security.web.FilterChainProxy        : Securing POST /login
JDBC Connection [com.alibaba.druid.pool.DruidStatementConnection@495f7ca4] will not be managed by Spring
==>  Preparing: SELECT id,user_code,username,password,nickname,email,phone,avatar,user_label,enabled,account_non_expired,account_non_locked,credentials_non_expired,create_time,update_time FROM sys_user WHERE (username = ?)
==> Parameters: test(String)
<==    Columns: id, user_code, username, password, nickname, email, phone, avatar, user_label, enabled, account_non_expired, account_non_locked, credentials_non_expired, create_time, update_time
<==        Row: 4, u_c76a70ff7bc543aab61828c48970d97e, test, $2a$10$st9k47cUjR./An/bBLQD7.z1iUidgKFuOe6aYtFbwNN87lsEgZmA6, , , , null, admin, 1, 1, 1, 1, 2026-08-15 17:38:50, 2026-08-15 17:38:50
<==      Total: 1
2026-08-15T17:39:45.316+08:00 DEBUG 18516 --- [iam-authorization-server] [nio-9000-exec-6] n.x.a.s.u.PortalUserDetailsService       : 用户 test (user_code=u_c76a70ff7bc543aab61828c48970d97e) RBAC 角色: [ROLE_ADMIN]
2026-08-15T17:39:45.386+08:00 DEBUG 18516 --- [iam-authorization-server] [nio-9000-exec-6] o.s.s.a.dao.DaoAuthenticationProvider    : Authenticated user
2026-08-15T17:39:45.387+08:00 DEBUG 18516 --- [iam-authorization-server] [nio-9000-exec-6] .s.ChangeSessionIdAuthenticationStrategy : Changed session id from bcf57b9b-dc25-4738-b65d-cca973732a1d
2026-08-15T17:39:45.390+08:00  INFO 18516 --- [iam-authorization-server] [nio-9000-exec-6] n.x.a.s.session.RedisSessionRegistry     : [RedisSessionRegistry] 注册会话: principal=u_c76a70ff7bc543aab61828c48970d97e, sessionId=751d76fc-3f81-481f-88a4-f2f28190cbfe
2026-08-15T17:39:45.390+08:00 DEBUG 18516 --- [iam-authorization-server] [nio-9000-exec-6] w.a.UsernamePasswordAuthenticationFilter : Set SecurityContextHolder to UsernamePasswordAuthenticationToken [Principal=org.springframework.security.core.userdetails.User [Username=u_c76a70ff7bc543aab61828c48970d97e, Password=[PROTECTED], Enabled=true, AccountNonExpired=true, CredentialsNonExpired=true, AccountNonLocked=true, Granted Authorities=[ROLE_ADMIN]], Credentials=[PROTECTED], Authenticated=true, Details=WebAuthenticationDetails [RemoteIpAddress=0:0:0:0:0:0:0:1, SessionId=bcf57b9b-dc25-4738-b65d-cca973732a1d], Granted Authorities=[ROLE_ADMIN]]
2026-08-15T17:39:45.391+08:00 DEBUG 18516 --- [iam-authorization-server] [nio-9000-exec-6] o.s.s.web.DefaultRedirectStrategy        : Redirecting to http://localhost:9000/oauth2/authorize?response_type=code&client_id=admin-app&scope=openid%20profile%20read%20write&state=v8vkmmr5bXbxs-Skz6cj5s5_yDEz5mtufEIvG_NF2GQ%3D&redirect_uri=http://localhost:8085/login/oauth2/code/admin-app&nonce=kr3btf1As3cqYbZUOvm-BvuKeWMXY7IySTgI6MQl_yA&continue
2026-08-15T17:39:45.395+08:00 DEBUG 18516 --- [iam-authorization-server] [nio-9000-exec-1] o.s.security.web.FilterChainProxy        : Securing GET /oauth2/authorize?response_type=code&client_id=admin-app&scope=openid%20profile%20read%20write&state=v8vkmmr5bXbxs-Skz6cj5s5_yDEz5mtufEIvG_NF2GQ%3D&redirect_uri=http://localhost:8085/login/oauth2/code/admin-app&nonce=kr3btf1As3cqYbZUOvm-BvuKeWMXY7IySTgI6MQl_yA&continue
JDBC Connection [com.alibaba.druid.pool.DruidStatementConnection@495f7ca4] will not be managed by Spring
==>  Preparing: SELECT id,client_id,allowed_roles,status,remark,create_time,update_time FROM iam_client_policy WHERE (client_id = ?)
==> Parameters: admin-app(String)
<==    Columns: id, client_id, allowed_roles, status, remark, create_time, update_time
<==        Row: 1, admin-app, ADMIN, 1, 管理后台 (原 yaml client-identity-policy: admin-app: [admin] 迁移), 2026-08-15 16:38:36, 2026-08-15 17:39:39
<==      Total: 1
Creating a new SqlSession
SqlSession [org.apache.ibatis.session.defaults.DefaultSqlSession@6bb9bdfa] was not registered for synchronization because synchronization is not active
JDBC Connection [com.alibaba.druid.pool.DruidStatementConnection@495f7ca4] will not be managed by Spring
==>  Preparing: SELECT * FROM oauth2_authorization_consent WHERE registered_client_id = ? AND principal_name = ? LIMIT 1
==> Parameters: 2(String), u_c76a70ff7bc543aab61828c48970d97e(String)
<==      Total: 0
Closing non transactional SqlSession [org.apache.ibatis.session.defaults.DefaultSqlSession@6bb9bdfa]
Creating a new SqlSession
SqlSession [org.apache.ibatis.session.defaults.DefaultSqlSession@47a3d6b4] was not registered for synchronization because synchronization is not active
JDBC Connection [com.alibaba.druid.pool.DruidStatementConnection@495f7ca4] will not be managed by Spring
==>  Preparing: SELECT * FROM oauth2_registered_client WHERE client_id = ? LIMIT 1
==> Parameters: u_c76a70ff7bc543aab61828c48970d97e(String)
<==      Total: 0
Closing non transactional SqlSession [org.apache.ibatis.session.defaults.DefaultSqlSession@47a3d6b4]
2026-08-15T17:39:45.414+08:00 DEBUG 18516 --- [iam-authorization-server] [nio-9000-exec-1] .x.a.s.r.RedisOAuth2AuthorizationService : OAuth2Authorization saved to Redis, id=6ad0083c-8f03-4a42-a86a-e17ede3e200f, user=u_c76a70ff7bc543aab61828c48970d97e
2026-08-15T17:39:45.416+08:00 DEBUG 18516 --- [iam-authorization-server] [nio-9000-exec-1] o.s.s.web.DefaultRedirectStrategy        : Redirecting to http://localhost:8085/login/oauth2/code/admin-app?code=l6mi3TyGrqZ5JpIT6n4tpcu-Ft4x3s0YA1Q2Ntn073gCDTJ32lb8F7fJW3iBd0dgpXSpfcI-QCIbzirdPBGDc6xl-O-JPpzAhe6vzJyrT3lU4Df0fTcZXkUp-yNbd2AL&state=v8vkmmr5bXbxs-Skz6cj5s5_yDEz5mtufEIvG_NF2GQ%3D
2026-08-15T17:39:45.422+08:00 DEBUG 18516 --- [iam-authorization-server] [nio-9000-exec-2] o.s.security.web.FilterChainProxy        : Securing POST /oauth2/token
2026-08-15T17:39:45.498+08:00 DEBUG 18516 --- [iam-authorization-server] [nio-9000-exec-2] o.s.a.w.OAuth2ClientAuthenticationFilter : Set SecurityContextHolder authentication to OAuth2ClientAuthenticationToken
2026-08-15T17:39:45.501+08:00  INFO 18516 --- [iam-authorization-server] [nio-9000-exec-2] n.x.a.s.session.RedisSessionRegistry     : [RedisSessionRegistry] 注册会话: principal=admin-app, sessionId=119872ed-784c-45da-9fd3-a8cbdd70f73f
JDBC Connection [com.alibaba.druid.pool.DruidStatementConnection@495f7ca4] will not be managed by Spring
==>  Preparing: SELECT id,client_id,allowed_roles,status,remark,create_time,update_time FROM iam_client_policy WHERE (client_id = ?)
==> Parameters: admin-app(String)
<==    Columns: id, client_id, allowed_roles, status, remark, create_time, update_time
<==        Row: 1, admin-app, ADMIN, 1, 管理后台 (原 yaml client-identity-policy: admin-app: [admin] 迁移), 2026-08-15 16:38:36, 2026-08-15 17:39:39
<==      Total: 1
JDBC Connection [com.alibaba.druid.pool.DruidStatementConnection@495f7ca4] will not be managed by Spring
==>  Preparing: SELECT id,user_code,username,password,nickname,email,phone,avatar,user_label,enabled,account_non_expired,account_non_locked,credentials_non_expired,create_time,update_time FROM sys_user WHERE (user_code = ?)
==> Parameters: u_c76a70ff7bc543aab61828c48970d97e(String)
<==    Columns: id, user_code, username, password, nickname, email, phone, avatar, user_label, enabled, account_non_expired, account_non_locked, credentials_non_expired, create_time, update_time
<==        Row: 4, u_c76a70ff7bc543aab61828c48970d97e, test, $2a$10$st9k47cUjR./An/bBLQD7.z1iUidgKFuOe6aYtFbwNN87lsEgZmA6, , , , null, admin, 1, 1, 1, 1, 2026-08-15 17:38:50, 2026-08-15 17:38:50
<==      Total: 1
Creating a new SqlSession
SqlSession [org.apache.ibatis.session.defaults.DefaultSqlSession@1943f878] was not registered for synchronization because synchronization is not active
JDBC Connection [com.alibaba.druid.pool.DruidStatementConnection@495f7ca4] will not be managed by Spring
==>  Preparing: SELECT * FROM oauth2_registered_client WHERE client_id = ? LIMIT 1
==> Parameters: u_c76a70ff7bc543aab61828c48970d97e(String)
<==      Total: 0
Closing non transactional SqlSession [org.apache.ibatis.session.defaults.DefaultSqlSession@1943f878]
2026-08-15T17:39:45.527+08:00 DEBUG 18516 --- [iam-authorization-server] [nio-9000-exec-2] .x.a.s.r.RedisOAuth2AuthorizationService : OAuth2Authorization saved to Redis, id=6ad0083c-8f03-4a42-a86a-e17ede3e200f, user=u_c76a70ff7bc543aab61828c48970d97e
2026-08-15T17:39:45.530+08:00 DEBUG 18516 --- [iam-authorization-server] [nio-9000-exec-2] n.x.a.s.web.ActiveClientTrackingFilter   : [ActiveClientTracking] 响应已提交, 跳过 session 写入 clientId=admin-app
JDBC Connection [com.alibaba.druid.pool.DruidStatementConnection@495f7ca4] will not be managed by Spring
==>  Preparing: SELECT id,user_code,username,password,nickname,email,phone,avatar,user_label,enabled,account_non_expired,account_non_locked,credentials_non_expired,create_time,update_time FROM sys_user WHERE (user_code = ?)
==> Parameters: u_c76a70ff7bc543aab61828c48970d97e(String)
<==    Columns: id, user_code, username, password, nickname, email, phone, avatar, user_label, enabled, account_non_expired, account_non_locked, credentials_non_expired, create_time, update_time
<==        Row: 4, u_c76a70ff7bc543aab61828c48970d97e, test, $2a$10$st9k47cUjR./An/bBLQD7.z1iUidgKFuOe6aYtFbwNN87lsEgZmA6, , , , null, admin, 1, 1, 1, 1, 2026-08-15 17:38:50, 2026-08-15 17:38:50
<==      Total: 1
2026-08-15T17:39:45.541+08:00 DEBUG 18516 --- [iam-authorization-server] [io-9000-exec-10] n.x.a.s.u.PortalUserDetailsService       : 用户 test (user_code=u_c76a70ff7bc543aab61828c48970d97e) RBAC 角色: [ROLE_ADMIN]
2026-08-15T17:39:45.541+08:00 DEBUG 18516 --- [iam-authorization-server] [io-9000-exec-10] n.x.a.s.t.RedisOpaqueTokenIntrospector   : Opaque token introspect success, sub=u_c76a70ff7bc543aab61828c48970d97e, scope=[read, openid, profile, write]
JDBC Connection [com.alibaba.druid.pool.DruidStatementConnection@495f7ca4] will not be managed by Spring
==>  Preparing: SELECT id,user_code,username,password,nickname,email,phone,avatar,user_label,enabled,account_non_expired,account_non_locked,credentials_non_expired,create_time,update_time FROM sys_user WHERE (user_code = ?)
==> Parameters: u_c76a70ff7bc543aab61828c48970d97e(String)
<==    Columns: id, user_code, username, password, nickname, email, phone, avatar, user_label, enabled, account_non_expired, account_non_locked, credentials_non_expired, create_time, update_time
<==        Row: 4, u_c76a70ff7bc543aab61828c48970d97e, test, $2a$10$st9k47cUjR./An/bBLQD7.z1iUidgKFuOe6aYtFbwNN87lsEgZmA6, , , , null, admin, 1, 1, 1, 1, 2026-08-15 17:38:50, 2026-08-15 17:38:50
<==      Total: 1
2026-08-15T17:39:46.827+08:00 DEBUG 18516 --- [iam-authorization-server] [nio-9000-exec-5] o.s.security.web.FilterChainProxy        : Securing GET /api/admin/sessions/online
JDBC Connection [com.alibaba.druid.pool.DruidStatementConnection@495f7ca4] will not be managed by Spring
==>  Preparing: SELECT id,user_code,username,password,nickname,email,phone,avatar,user_label,enabled,account_non_expired,account_non_locked,credentials_non_expired,create_time,update_time FROM sys_user WHERE (user_code = ?)
==> Parameters: u_c76a70ff7bc543aab61828c48970d97e(String)
<==    Columns: id, user_code, username, password, nickname, email, phone, avatar, user_label, enabled, account_non_expired, account_non_locked, credentials_non_expired, create_time, update_time
<==        Row: 4, u_c76a70ff7bc543aab61828c48970d97e, test, $2a$10$st9k47cUjR./An/bBLQD7.z1iUidgKFuOe6aYtFbwNN87lsEgZmA6, , , , null, admin, 1, 1, 1, 1, 2026-08-15 17:38:50, 2026-08-15 17:38:50
<==      Total: 1
2026-08-15T17:39:46.839+08:00 DEBUG 18516 --- [iam-authorization-server] [nio-9000-exec-5] n.x.a.s.u.PortalUserDetailsService       : 用户 test (user_code=u_c76a70ff7bc543aab61828c48970d97e) RBAC 角色: [ROLE_ADMIN]
2026-08-15T17:39:46.840+08:00 DEBUG 18516 --- [iam-authorization-server] [nio-9000-exec-5] n.x.a.s.t.RedisOpaqueTokenIntrospector   : Opaque token introspect success, sub=u_c76a70ff7bc543aab61828c48970d97e, scope=[read, openid, profile, write]
2026-08-15T17:39:46.840+08:00 DEBUG 18516 --- [iam-authorization-server] [nio-9000-exec-5] .s.r.a.OpaqueTokenAuthenticationProvider : Authenticated token
2026-08-15T17:39:46.840+08:00 DEBUG 18516 --- [iam-authorization-server] [nio-9000-exec-5] .s.r.w.a.BearerTokenAuthenticationFilter : Set SecurityContextHolder to BearerTokenAuthentication [Principal=net.xzh.authserver.security.token.RedisOpaqueTokenIntrospector$OpaquePrincipal@76bc6690, Credentials=[PROTECTED], Authenticated=true, Details=WebAuthenticationDetails [RemoteIpAddress=127.0.0.1, SessionId=null], Granted Authorities=[ROLE_ADMIN]]
2026-08-15T17:39:46.841+08:00 DEBUG 18516 --- [iam-authorization-server] [nio-9000-exec-5] o.s.security.web.FilterChainProxy        : Secured GET /api/admin/sessions/online
JDBC Connection [com.alibaba.druid.pool.DruidStatementConnection@495f7ca4] will not be managed by Spring
==>  Preparing: SELECT id,user_code,username,password,nickname,email,phone,avatar,user_label,enabled,account_non_expired,account_non_locked,credentials_non_expired,create_time,update_time FROM sys_user WHERE (user_code = ?)
==> Parameters: resource-server(String)
<==      Total: 0
2026-08-15T17:39:46.857+08:00 DEBUG 18516 --- [iam-authorization-server] [nio-9000-exec-5] n.x.a.service.AuthSessionService         : 跳过非用户 principal: resource-server
JDBC Connection [com.alibaba.druid.pool.DruidStatementConnection@495f7ca4] will not be managed by Spring
==>  Preparing: SELECT id,user_code,username,password,nickname,email,phone,avatar,user_label,enabled,account_non_expired,account_non_locked,credentials_non_expired,create_time,update_time FROM sys_user WHERE (user_code = ?)
==> Parameters: u_1a2b3c4d5e6f708090a0b0c0d0e0f001(String)
<==    Columns: id, user_code, username, password, nickname, email, phone, avatar, user_label, enabled, account_non_expired, account_non_locked, credentials_non_expired, create_time, update_time
<==        Row: 1, u_1a2b3c4d5e6f708090a0b0c0d0e0f001, admin, $2a$10$ov3NUrdkAHujSRdGbDZF6O9h2cjZq4Zl17fL3TA5Nhs94mE/PmH8e, 管理员, admin@example.com, null, null, admin, 1, 1, 1, 1, 2026-08-11 20:00:08, 2026-08-11 20:00:08
<==      Total: 1
JDBC Connection [com.alibaba.druid.pool.DruidStatementConnection@495f7ca4] will not be managed by Spring
==>  Preparing: SELECT id,user_code,username,password,nickname,email,phone,avatar,user_label,enabled,account_non_expired,account_non_locked,credentials_non_expired,create_time,update_time FROM sys_user WHERE (user_code = ?)
==> Parameters: u_1a2b3c4d5e6f708090a0b0c0d0e0f001(String)
<==    Columns: id, user_code, username, password, nickname, email, phone, avatar, user_label, enabled, account_non_expired, account_non_locked, credentials_non_expired, create_time, update_time
<==        Row: 1, u_1a2b3c4d5e6f708090a0b0c0d0e0f001, admin, $2a$10$ov3NUrdkAHujSRdGbDZF6O9h2cjZq4Zl17fL3TA5Nhs94mE/PmH8e, 管理员, admin@example.com, null, null, admin, 1, 1, 1, 1, 2026-08-11 20:00:08, 2026-08-11 20:00:08
<==      Total: 1
JDBC Connection [com.alibaba.druid.pool.DruidStatementConnection@495f7ca4] will not be managed by Spring
==>  Preparing: SELECT id,user_code,username,password,nickname,email,phone,avatar,user_label,enabled,account_non_expired,account_non_locked,credentials_non_expired,create_time,update_time FROM sys_user WHERE (user_code = ?)
==> Parameters: admin-app(String)
<==      Total: 0
2026-08-15T17:39:46.877+08:00 DEBUG 18516 --- [iam-authorization-server] [nio-9000-exec-5] n.x.a.service.AuthSessionService         : 跳过非用户 principal: admin-app
JDBC Connection [com.alibaba.druid.pool.DruidStatementConnection@495f7ca4] will not be managed by Spring
==>  Preparing: SELECT id,user_code,username,password,nickname,email,phone,avatar,user_label,enabled,account_non_expired,account_non_locked,credentials_non_expired,create_time,update_time FROM sys_user WHERE (user_code = ?)
==> Parameters: u_c76a70ff7bc543aab61828c48970d97e(String)
<==    Columns: id, user_code, username, password, nickname, email, phone, avatar, user_label, enabled, account_non_expired, account_non_locked, credentials_non_expired, create_time, update_time
<==        Row: 4, u_c76a70ff7bc543aab61828c48970d97e, test, $2a$10$st9k47cUjR./An/bBLQD7.z1iUidgKFuOe6aYtFbwNN87lsEgZmA6, , , , null, admin, 1, 1, 1, 1, 2026-08-15 17:38:50, 2026-08-15 17:38:50
<==      Total: 1
JDBC Connection [com.alibaba.druid.pool.DruidStatementConnection@495f7ca4] will not be managed by Spring
==>  Preparing: SELECT id,user_code,username,password,nickname,email,phone,avatar,user_label,enabled,account_non_expired,account_non_locked,credentials_non_expired,create_time,update_time FROM sys_user WHERE (user_code = ?)
==> Parameters: u_c76a70ff7bc543aab61828c48970d97e(String)
<==    Columns: id, user_code, username, password, nickname, email, phone, avatar, user_label, enabled, account_non_expired, account_non_locked, credentials_non_expired, create_time, update_time
<==        Row: 4, u_c76a70ff7bc543aab61828c48970d97e, test, $2a$10$st9k47cUjR./An/bBLQD7.z1iUidgKFuOe6aYtFbwNN87lsEgZmA6, , , , null, admin, 1, 1, 1, 1, 2026-08-15 17:38:50, 2026-08-15 17:38:50
<==      Total: 1
2026-08-15T17:39:50.772+08:00 DEBUG 18516 --- [iam-authorization-server] [nio-9000-exec-4] o.s.security.web.FilterChainProxy        : Securing GET /api/admin/sessions/users/4
JDBC Connection [com.alibaba.druid.pool.DruidStatementConnection@495f7ca4] will not be managed by Spring
==>  Preparing: SELECT id,user_code,username,password,nickname,email,phone,avatar,user_label,enabled,account_non_expired,account_non_locked,credentials_non_expired,create_time,update_time FROM sys_user WHERE (user_code = ?)
==> Parameters: u_c76a70ff7bc543aab61828c48970d97e(String)
<==    Columns: id, user_code, username, password, nickname, email, phone, avatar, user_label, enabled, account_non_expired, account_non_locked, credentials_non_expired, create_time, update_time
<==        Row: 4, u_c76a70ff7bc543aab61828c48970d97e, test, $2a$10$st9k47cUjR./An/bBLQD7.z1iUidgKFuOe6aYtFbwNN87lsEgZmA6, , , , null, admin, 1, 1, 1, 1, 2026-08-15 17:38:50, 2026-08-15 17:38:50
<==      Total: 1
2026-08-15T17:39:50.779+08:00 DEBUG 18516 --- [iam-authorization-server] [nio-9000-exec-4] n.x.a.s.u.PortalUserDetailsService       : 用户 test (user_code=u_c76a70ff7bc543aab61828c48970d97e) RBAC 角色: [ROLE_ADMIN]
2026-08-15T17:39:50.779+08:00 DEBUG 18516 --- [iam-authorization-server] [nio-9000-exec-4] n.x.a.s.t.RedisOpaqueTokenIntrospector   : Opaque token introspect success, sub=u_c76a70ff7bc543aab61828c48970d97e, scope=[read, openid, profile, write]
2026-08-15T17:39:50.779+08:00 DEBUG 18516 --- [iam-authorization-server] [nio-9000-exec-4] .s.r.a.OpaqueTokenAuthenticationProvider : Authenticated token
2026-08-15T17:39:50.779+08:00 DEBUG 18516 --- [iam-authorization-server] [nio-9000-exec-4] .s.r.w.a.BearerTokenAuthenticationFilter : Set SecurityContextHolder to BearerTokenAuthentication [Principal=net.xzh.authserver.security.token.RedisOpaqueTokenIntrospector$OpaquePrincipal@15500f16, Credentials=[PROTECTED], Authenticated=true, Details=WebAuthenticationDetails [RemoteIpAddress=127.0.0.1, SessionId=null], Granted Authorities=[ROLE_ADMIN]]
2026-08-15T17:39:50.779+08:00 DEBUG 18516 --- [iam-authorization-server] [nio-9000-exec-4] o.s.security.web.FilterChainProxy        : Secured GET /api/admin/sessions/users/4
Creating a new SqlSession
SqlSession [org.apache.ibatis.session.defaults.DefaultSqlSession@409e181a] was not registered for synchronization because synchronization is not active
JDBC Connection [com.alibaba.druid.pool.DruidStatementConnection@495f7ca4] will not be managed by Spring
==>  Preparing: SELECT id,user_code,username,password,nickname,email,phone,avatar,user_label,enabled,account_non_expired,account_non_locked,credentials_non_expired,create_time,update_time FROM sys_user WHERE id=?
==> Parameters: 4(Long)
<==    Columns: id, user_code, username, password, nickname, email, phone, avatar, user_label, enabled, account_non_expired, account_non_locked, credentials_non_expired, create_time, update_time
<==        Row: 4, u_c76a70ff7bc543aab61828c48970d97e, test, $2a$10$st9k47cUjR./An/bBLQD7.z1iUidgKFuOe6aYtFbwNN87lsEgZmA6, , , , null, admin, 1, 1, 1, 1, 2026-08-15 17:38:50, 2026-08-15 17:38:50
<==      Total: 1
Closing non transactional SqlSession [org.apache.ibatis.session.defaults.DefaultSqlSession@409e181a]
JDBC Connection [com.alibaba.druid.pool.DruidStatementConnection@495f7ca4] will not be managed by Spring
==>  Preparing: SELECT id,user_code,username,password,nickname,email,phone,avatar,user_label,enabled,account_non_expired,account_non_locked,credentials_non_expired,create_time,update_time FROM sys_user WHERE (user_code = ?)
==> Parameters: u_c76a70ff7bc543aab61828c48970d97e(String)
<==    Columns: id, user_code, username, password, nickname, email, phone, avatar, user_label, enabled, account_non_expired, account_non_locked, credentials_non_expired, create_time, update_time
<==        Row: 4, u_c76a70ff7bc543aab61828c48970d97e, test, $2a$10$st9k47cUjR./An/bBLQD7.z1iUidgKFuOe6aYtFbwNN87lsEgZmA6, , , , null, admin, 1, 1, 1, 1, 2026-08-15 17:38:50, 2026-08-15 17:38:50
<==      Total: 1
