[INFO] Scanning for projects...
[INFO] 
[INFO] --------------------< net.xzh:iam-resource-service >--------------------
[INFO] Building iam-resource-service 1.0.0
[INFO] --------------------------------[ jar ]---------------------------------
[INFO] 
[INFO] >>> spring-boot-maven-plugin:3.4.1:run (default-cli) > test-compile @ iam-resource-service >>>
[INFO] 
[INFO] --- maven-resources-plugin:3.3.1:resources (default-resources) @ iam-resource-service ---
[INFO] Copying 3 resources from src\main\resources to target\classes
[INFO] Copying 3 resources from src\main\resources to target\classes
[INFO] 
[INFO] --- maven-compiler-plugin:3.13.0:compile (default-compile) @ iam-resource-service ---
[INFO] Nothing to compile - all classes are up to date.
[INFO] 
[INFO] --- maven-resources-plugin:3.3.1:testResources (default-testResources) @ iam-resource-service ---
[INFO] skip non existing resourceDirectory D:\GitHub\spring-boot3-demo\iam-platform\iam-resource-service\src\test\resources
[INFO] 
[INFO] --- maven-compiler-plugin:3.13.0:testCompile (default-testCompile) @ iam-resource-service ---
[INFO] No sources to compile
[INFO] 
[INFO] <<< spring-boot-maven-plugin:3.4.1:run (default-cli) < test-compile @ iam-resource-service <<<
[INFO] 
[INFO] 
[INFO] --- spring-boot-maven-plugin:3.4.1:run (default-cli) @ iam-resource-service ---
[INFO] Attaching agents: []

  .   ____          _            __ _ _
 /\\ / ___'_ __ _ _(_)_ __  __ _ \ \ \ \
( ( )\___ | '_ | '_| | '_ \/ _` | \ \ \ \
 \\/  ___)| |_)| | | | | || (_| |  ) ) ) )
  '  |____| .__|_| |_|_| |_\__, | / / / /
 =========|_|==============|___/=/_/_/_/

 :: Spring Boot ::                (v3.4.1)

2026-08-15T16:42:01.035+08:00  INFO 18616 --- [iam-resource-service] [           main] n.x.resource.ResourceServiceApplication  : Starting ResourceServiceApplication using Java 17.0.13 with PID 18616 (D:\GitHub\spring-boot3-demo\iam-platform\iam-resource-service\target\classes started by admin in D:\GitHub\spring-boot3-demo\iam-platform\iam-resource-service)
2026-08-15T16:42:01.038+08:00 DEBUG 18616 --- [iam-resource-service] [           main] n.x.resource.ResourceServiceApplication  : Running with Spring Boot v3.4.1, Spring v6.2.1
2026-08-15T16:42:01.039+08:00  INFO 18616 --- [iam-resource-service] [           main] n.x.resource.ResourceServiceApplication  : The following 1 profile is active: "local"
2026-08-15T16:42:02.716+08:00  INFO 18616 --- [iam-resource-service] [           main] o.s.b.w.embedded.tomcat.TomcatWebServer  : Tomcat initialized with port 9010 (http)
2026-08-15T16:42:02.731+08:00  INFO 18616 --- [iam-resource-service] [           main] o.apache.catalina.core.StandardService   : Starting service [Tomcat]
2026-08-15T16:42:02.732+08:00  INFO 18616 --- [iam-resource-service] [           main] o.apache.catalina.core.StandardEngine    : Starting Servlet engine: [Apache Tomcat/10.1.34]
2026-08-15T16:42:02.795+08:00  INFO 18616 --- [iam-resource-service] [           main] o.a.c.c.C.[Tomcat].[localhost].[/]       : Initializing Spring embedded WebApplicationContext
2026-08-15T16:42:02.797+08:00  INFO 18616 --- [iam-resource-service] [           main] w.s.c.ServletWebServerApplicationContext : Root WebApplicationContext: initialization completed in 1695 ms
Logging initialized using 'class org.apache.ibatis.logging.stdout.StdOutImpl' adapter.
Get /192.168.1.2 network interface 
Get network interface info: name:wlan2 (Realtek RTL8852AE WiFi 6 802.11ax PCIe Adapter)
Initialization Sequence datacenterId:5 workerId:31
 _ _   |_  _ _|_. ___ _ |    _ 
| | |\/|_)(_| | |_\  |_)||_|_\ 
     /               |         
                        null 
2026-08-15T16:42:03.724+08:00 DEBUG 18616 --- [iam-resource-service] [           main] swordEncoderAuthenticationManagerBuilder : No authenticationProviders and no parentAuthenticationManager defined. Returning null.
2026-08-15T16:42:04.031+08:00 DEBUG 18616 --- [iam-resource-service] [           main] o.s.s.web.DefaultSecurityFilterChain     : Will secure any request with filters: DisableEncodeUrlFilter, WebAsyncManagerIntegrationFilter, SecurityContextHolderFilter, HeaderWriterFilter, LogoutFilter, BearerTokenAuthenticationFilter, RequestCacheAwareFilter, SecurityContextHolderAwareRequestFilter, AnonymousAuthenticationFilter, SessionManagementFilter, ExceptionTranslationFilter, AuthorizationFilter
2026-08-15T16:42:04.164+08:00  INFO 18616 --- [iam-resource-service] [           main] b.m.s.MybatisPlusApplicationContextAware : Register ApplicationContext instances org.springframework.boot.web.servlet.context.AnnotationConfigServletWebServerApplicationContext@7a1a14a4
2026-08-15T16:42:04.279+08:00  INFO 18616 --- [iam-resource-service] [           main] o.s.b.w.embedded.tomcat.TomcatWebServer  : Tomcat started on port 9010 (http) with context path '/'
2026-08-15T16:42:04.289+08:00  INFO 18616 --- [iam-resource-service] [           main] n.x.resource.ResourceServiceApplication  : Started ResourceServiceApplication in 3.808 seconds (process running for 4.253)
2026-08-15T16:42:04.345+08:00  INFO 18616 --- [iam-resource-service] [           main] com.alibaba.druid.pool.DruidDataSource   : {dataSource-1} inited
2026-08-15T16:42:09.007+08:00  INFO 18616 --- [iam-resource-service] [           main] n.x.r.c.ShadowUserMigrationInitializer   : [ShadowUserMigration] sys_user_role 已是 user_code 结构, 跳过迁移
2026-08-15T16:44:37.236+08:00  INFO 18616 --- [iam-resource-service] [nio-9010-exec-1] o.a.c.c.C.[Tomcat].[localhost].[/]       : Initializing Spring DispatcherServlet 'dispatcherServlet'
2026-08-15T16:44:37.237+08:00  INFO 18616 --- [iam-resource-service] [nio-9010-exec-1] o.s.web.servlet.DispatcherServlet        : Initializing Servlet 'dispatcherServlet'
2026-08-15T16:44:37.238+08:00  INFO 18616 --- [iam-resource-service] [nio-9010-exec-1] o.s.web.servlet.DispatcherServlet        : Completed initialization in 1 ms
2026-08-15T16:44:37.254+08:00 DEBUG 18616 --- [iam-resource-service] [nio-9010-exec-1] o.s.security.web.FilterChainProxy        : Securing GET /api/internal/user/u_1a2b3c4d5e6f708090a0b0c0d0e0f001/roles
2026-08-15T16:44:37.409+08:00 DEBUG 18616 --- [iam-resource-service] [nio-9010-exec-1] c.RbacAuthoritiesOpaqueTokenIntrospector : [Introspect] 服务令牌注入 ROLE_SERVICE, sub=resource-server
2026-08-15T16:44:37.411+08:00 DEBUG 18616 --- [iam-resource-service] [nio-9010-exec-1] .s.r.a.OpaqueTokenAuthenticationProvider : Authenticated token
2026-08-15T16:44:37.412+08:00 DEBUG 18616 --- [iam-resource-service] [nio-9010-exec-1] .s.r.w.a.BearerTokenAuthenticationFilter : Set SecurityContextHolder to BearerTokenAuthentication [Principal=net.xzh.resource.config.RbacAuthoritiesOpaqueTokenIntrospector$EnrichedPrincipal@2803cf0a, Credentials=[PROTECTED], Authenticated=true, Details=WebAuthenticationDetails [RemoteIpAddress=127.0.0.1, SessionId=null], Granted Authorities=[SCOPE_read, ROLE_SERVICE]]
2026-08-15T16:44:37.417+08:00 DEBUG 18616 --- [iam-resource-service] [nio-9010-exec-1] o.s.security.web.FilterChainProxy        : Secured GET /api/internal/user/u_1a2b3c4d5e6f708090a0b0c0d0e0f001/roles
Creating a new SqlSession
SqlSession [org.apache.ibatis.session.defaults.DefaultSqlSession@384d32cb] was not registered for synchronization because synchronization is not active
JDBC Connection [com.alibaba.druid.pool.DruidStatementConnection@2aa12e8c] will not be managed by Spring
==>  Preparing: SELECT DISTINCT r.code FROM sys_role r JOIN sys_user_role ur ON ur.role_id = r.id WHERE ur.user_code = ?
==> Parameters: u_1a2b3c4d5e6f708090a0b0c0d0e0f001(String)
<==    Columns: code
<==        Row: ADMIN
<==      Total: 1
Closing non transactional SqlSession [org.apache.ibatis.session.defaults.DefaultSqlSession@384d32cb]
Creating a new SqlSession
SqlSession [org.apache.ibatis.session.defaults.DefaultSqlSession@5058de9b] was not registered for synchronization because synchronization is not active
JDBC Connection [com.alibaba.druid.pool.DruidStatementConnection@2aa12e8c] will not be managed by Spring
==>  Preparing: SELECT DISTINCT p.code FROM sys_permission p JOIN sys_role_permission rp ON rp.permission_id = p.id JOIN sys_role r ON r.id = rp.role_id JOIN sys_user_role ur ON ur.role_id = r.id WHERE ur.user_code = ?
==> Parameters: u_1a2b3c4d5e6f708090a0b0c0d0e0f001(String)
<==    Columns: code
<==        Row: app:portal
<==        Row: app:oa
<==        Row: app:crm
<==        Row: app:erp
<==        Row: app:bi
<==      Total: 5
Closing non transactional SqlSession [org.apache.ibatis.session.defaults.DefaultSqlSession@5058de9b]
2026-08-15T16:44:38.588+08:00 DEBUG 18616 --- [iam-resource-service] [nio-9010-exec-3] o.s.security.web.FilterChainProxy        : Securing GET /api/admin/roles
Creating a new SqlSession
SqlSession [org.apache.ibatis.session.defaults.DefaultSqlSession@39cde49a] was not registered for synchronization because synchronization is not active
JDBC Connection [com.alibaba.druid.pool.DruidStatementConnection@2aa12e8c] will not be managed by Spring
==>  Preparing: SELECT DISTINCT r.code FROM sys_role r JOIN sys_user_role ur ON ur.role_id = r.id WHERE ur.user_code = ?
==> Parameters: u_1a2b3c4d5e6f708090a0b0c0d0e0f001(String)
<==    Columns: code
<==        Row: ADMIN
<==      Total: 1
Closing non transactional SqlSession [org.apache.ibatis.session.defaults.DefaultSqlSession@39cde49a]
Creating a new SqlSession
SqlSession [org.apache.ibatis.session.defaults.DefaultSqlSession@639af76b] was not registered for synchronization because synchronization is not active
JDBC Connection [com.alibaba.druid.pool.DruidStatementConnection@2aa12e8c] will not be managed by Spring
==>  Preparing: SELECT DISTINCT p.code FROM sys_permission p JOIN sys_role_permission rp ON rp.permission_id = p.id JOIN sys_role r ON r.id = rp.role_id JOIN sys_user_role ur ON ur.role_id = r.id WHERE ur.user_code = ?
==> Parameters: u_1a2b3c4d5e6f708090a0b0c0d0e0f001(String)
<==    Columns: code
<==        Row: app:portal
<==        Row: app:oa
<==        Row: app:crm
<==        Row: app:erp
<==        Row: app:bi
<==      Total: 5
Closing non transactional SqlSession [org.apache.ibatis.session.defaults.DefaultSqlSession@639af76b]
Creating a new SqlSession
SqlSession [org.apache.ibatis.session.defaults.DefaultSqlSession@42dc83] was not registered for synchronization because synchronization is not active
JDBC Connection [com.alibaba.druid.pool.DruidStatementConnection@2aa12e8c] will not be managed by Spring
==>  Preparing: SELECT DISTINCT r.code FROM sys_role r JOIN sys_user_role ur ON ur.role_id = r.id WHERE ur.user_code = ?
==> Parameters: u_1a2b3c4d5e6f708090a0b0c0d0e0f001(String)
<==    Columns: code
<==        Row: ADMIN
<==      Total: 1
Closing non transactional SqlSession [org.apache.ibatis.session.defaults.DefaultSqlSession@42dc83]
2026-08-15T16:44:38.709+08:00 DEBUG 18616 --- [iam-resource-service] [nio-9010-exec-3] c.RbacAuthoritiesOpaqueTokenIntrospector : [Introspect] 用户令牌注入 RBAC authorities, sub=u_1a2b3c4d5e6f708090a0b0c0d0e0f001, roles=[ADMIN]
2026-08-15T16:44:38.709+08:00 DEBUG 18616 --- [iam-resource-service] [nio-9010-exec-3] .s.r.a.OpaqueTokenAuthenticationProvider : Authenticated token
2026-08-15T16:44:38.709+08:00 DEBUG 18616 --- [iam-resource-service] [nio-9010-exec-3] .s.r.w.a.BearerTokenAuthenticationFilter : Set SecurityContextHolder to BearerTokenAuthentication [Principal=net.xzh.resource.config.RbacAuthoritiesOpaqueTokenIntrospector$EnrichedPrincipal@1825ed9b, Credentials=[PROTECTED], Authenticated=true, Details=WebAuthenticationDetails [RemoteIpAddress=127.0.0.1, SessionId=null], Granted Authorities=[SCOPE_read, SCOPE_openid, SCOPE_profile, SCOPE_write, ROLE_ADMIN, app:portal, app:oa, app:crm, app:erp, app:bi]]
2026-08-15T16:44:38.710+08:00 DEBUG 18616 --- [iam-resource-service] [nio-9010-exec-3] o.s.security.web.FilterChainProxy        : Secured GET /api/admin/roles
Creating a new SqlSession
SqlSession [org.apache.ibatis.session.defaults.DefaultSqlSession@294c97a] was not registered for synchronization because synchronization is not active
JDBC Connection [com.alibaba.druid.pool.DruidStatementConnection@2aa12e8c] will not be managed by Spring
==>  Preparing: SELECT id,code,name,remark,create_time,update_time FROM sys_role
==> Parameters: 
<==    Columns: id, code, name, remark, create_time, update_time
<==        Row: 1, ADMIN, 管理员, 拥有全部应用访问权限, 2026-08-13 09:57:52, 2026-08-13 09:57:52
<==        Row: 2, USER, 普通用户, 仅可访问门户与 OA, 2026-08-13 09:57:52, 2026-08-13 09:57:52
<==      Total: 2
Closing non transactional SqlSession [org.apache.ibatis.session.defaults.DefaultSqlSession@294c97a]
Creating a new SqlSession
SqlSession [org.apache.ibatis.session.defaults.DefaultSqlSession@321a202a] was not registered for synchronization because synchronization is not active
JDBC Connection [com.alibaba.druid.pool.DruidStatementConnection@2aa12e8c] will not be managed by Spring
==>  Preparing: SELECT rp.permission_id FROM sys_role_permission rp WHERE rp.role_id = ?
==> Parameters: 1(Long)
<==    Columns: permission_id
<==        Row: 1
<==        Row: 2
<==        Row: 3
<==        Row: 4
<==        Row: 5
<==      Total: 5
Closing non transactional SqlSession [org.apache.ibatis.session.defaults.DefaultSqlSession@321a202a]
Creating a new SqlSession
SqlSession [org.apache.ibatis.session.defaults.DefaultSqlSession@20813f91] was not registered for synchronization because synchronization is not active
JDBC Connection [com.alibaba.druid.pool.DruidStatementConnection@2aa12e8c] will not be managed by Spring
==>  Preparing: SELECT rp.permission_id FROM sys_role_permission rp WHERE rp.role_id = ?
==> Parameters: 2(Long)
<==    Columns: permission_id
<==        Row: 1
<==        Row: 2
<==      Total: 2
Closing non transactional SqlSession [org.apache.ibatis.session.defaults.DefaultSqlSession@20813f91]
2026-08-15T16:44:38.810+08:00 DEBUG 18616 --- [iam-resource-service] [nio-9010-exec-4] o.s.security.web.FilterChainProxy        : Securing GET /api/admin/permissions
Creating a new SqlSession
SqlSession [org.apache.ibatis.session.defaults.DefaultSqlSession@1cf37707] was not registered for synchronization because synchronization is not active
JDBC Connection [com.alibaba.druid.pool.DruidStatementConnection@2aa12e8c] will not be managed by Spring
==>  Preparing: SELECT DISTINCT r.code FROM sys_role r JOIN sys_user_role ur ON ur.role_id = r.id WHERE ur.user_code = ?
==> Parameters: u_1a2b3c4d5e6f708090a0b0c0d0e0f001(String)
<==    Columns: code
<==        Row: ADMIN
<==      Total: 1
Closing non transactional SqlSession [org.apache.ibatis.session.defaults.DefaultSqlSession@1cf37707]
Creating a new SqlSession
SqlSession [org.apache.ibatis.session.defaults.DefaultSqlSession@160b1c77] was not registered for synchronization because synchronization is not active
JDBC Connection [com.alibaba.druid.pool.DruidStatementConnection@2aa12e8c] will not be managed by Spring
==>  Preparing: SELECT DISTINCT p.code FROM sys_permission p JOIN sys_role_permission rp ON rp.permission_id = p.id JOIN sys_role r ON r.id = rp.role_id JOIN sys_user_role ur ON ur.role_id = r.id WHERE ur.user_code = ?
==> Parameters: u_1a2b3c4d5e6f708090a0b0c0d0e0f001(String)
<==    Columns: code
<==        Row: app:portal
<==        Row: app:oa
<==        Row: app:crm
<==        Row: app:erp
<==        Row: app:bi
<==      Total: 5
Closing non transactional SqlSession [org.apache.ibatis.session.defaults.DefaultSqlSession@160b1c77]
Creating a new SqlSession
SqlSession [org.apache.ibatis.session.defaults.DefaultSqlSession@54459efb] was not registered for synchronization because synchronization is not active
JDBC Connection [com.alibaba.druid.pool.DruidStatementConnection@2aa12e8c] will not be managed by Spring
==>  Preparing: SELECT DISTINCT r.code FROM sys_role r JOIN sys_user_role ur ON ur.role_id = r.id WHERE ur.user_code = ?
==> Parameters: u_1a2b3c4d5e6f708090a0b0c0d0e0f001(String)
<==    Columns: code
<==        Row: ADMIN
<==      Total: 1
Closing non transactional SqlSession [org.apache.ibatis.session.defaults.DefaultSqlSession@54459efb]
2026-08-15T16:44:38.925+08:00 DEBUG 18616 --- [iam-resource-service] [nio-9010-exec-4] c.RbacAuthoritiesOpaqueTokenIntrospector : [Introspect] 用户令牌注入 RBAC authorities, sub=u_1a2b3c4d5e6f708090a0b0c0d0e0f001, roles=[ADMIN]
2026-08-15T16:44:38.925+08:00 DEBUG 18616 --- [iam-resource-service] [nio-9010-exec-4] .s.r.a.OpaqueTokenAuthenticationProvider : Authenticated token
2026-08-15T16:44:38.926+08:00 DEBUG 18616 --- [iam-resource-service] [nio-9010-exec-4] .s.r.w.a.BearerTokenAuthenticationFilter : Set SecurityContextHolder to BearerTokenAuthentication [Principal=net.xzh.resource.config.RbacAuthoritiesOpaqueTokenIntrospector$EnrichedPrincipal@2cb6f5d9, Credentials=[PROTECTED], Authenticated=true, Details=WebAuthenticationDetails [RemoteIpAddress=127.0.0.1, SessionId=null], Granted Authorities=[SCOPE_read, SCOPE_openid, SCOPE_profile, SCOPE_write, ROLE_ADMIN, app:portal, app:oa, app:crm, app:erp, app:bi]]
2026-08-15T16:44:38.926+08:00 DEBUG 18616 --- [iam-resource-service] [nio-9010-exec-4] o.s.security.web.FilterChainProxy        : Secured GET /api/admin/permissions
Creating a new SqlSession
SqlSession [org.apache.ibatis.session.defaults.DefaultSqlSession@2fedee39] was not registered for synchronization because synchronization is not active
JDBC Connection [com.alibaba.druid.pool.DruidStatementConnection@2aa12e8c] will not be managed by Spring
==>  Preparing: SELECT id,code,name,type,remark,create_time FROM sys_permission ORDER BY id ASC
==> Parameters: 
<==    Columns: id, code, name, type, remark, create_time
<==        Row: 1, app:portal, 门户应用, app, 统一工作台门户, 2026-08-13 09:57:52
<==        Row: 2, app:oa, OA 办公系统, app, 办公自动化, 2026-08-13 09:57:52
<==        Row: 3, app:crm, CRM 客户管理, app, 客户关系管理, 2026-08-13 09:57:52
<==        Row: 4, app:erp, ERP 企业资源, app, 企业资源计划, 2026-08-13 09:57:52
<==        Row: 5, app:bi, BI 数据分析, app, 商业智能分析, 2026-08-13 09:57:52
<==      Total: 5
Closing non transactional SqlSession [org.apache.ibatis.session.defaults.DefaultSqlSession@2fedee39]
2026-08-15T16:45:15.337+08:00 DEBUG 18616 --- [iam-resource-service] [nio-9010-exec-2] o.s.security.web.FilterChainProxy        : Securing GET /api/internal/user/u_1a2b3c4d5e6f708090a0b0c0d0e0f001/roles
2026-08-15T16:45:15.428+08:00 DEBUG 18616 --- [iam-resource-service] [nio-9010-exec-2] c.RbacAuthoritiesOpaqueTokenIntrospector : [Introspect] 服务令牌注入 ROLE_SERVICE, sub=resource-server
2026-08-15T16:45:15.429+08:00 DEBUG 18616 --- [iam-resource-service] [nio-9010-exec-2] .s.r.a.OpaqueTokenAuthenticationProvider : Authenticated token
2026-08-15T16:45:15.429+08:00 DEBUG 18616 --- [iam-resource-service] [nio-9010-exec-2] .s.r.w.a.BearerTokenAuthenticationFilter : Set SecurityContextHolder to BearerTokenAuthentication [Principal=net.xzh.resource.config.RbacAuthoritiesOpaqueTokenIntrospector$EnrichedPrincipal@17834c50, Credentials=[PROTECTED], Authenticated=true, Details=WebAuthenticationDetails [RemoteIpAddress=127.0.0.1, SessionId=null], Granted Authorities=[SCOPE_read, ROLE_SERVICE]]
2026-08-15T16:45:15.429+08:00 DEBUG 18616 --- [iam-resource-service] [nio-9010-exec-2] o.s.security.web.FilterChainProxy        : Secured GET /api/internal/user/u_1a2b3c4d5e6f708090a0b0c0d0e0f001/roles
Creating a new SqlSession
SqlSession [org.apache.ibatis.session.defaults.DefaultSqlSession@1944b0d0] was not registered for synchronization because synchronization is not active
JDBC Connection [com.alibaba.druid.pool.DruidStatementConnection@2aa12e8c] will not be managed by Spring
==>  Preparing: SELECT DISTINCT r.code FROM sys_role r JOIN sys_user_role ur ON ur.role_id = r.id WHERE ur.user_code = ?
==> Parameters: u_1a2b3c4d5e6f708090a0b0c0d0e0f001(String)
<==    Columns: code
<==        Row: ADMIN
<==      Total: 1
Closing non transactional SqlSession [org.apache.ibatis.session.defaults.DefaultSqlSession@1944b0d0]
Creating a new SqlSession
SqlSession [org.apache.ibatis.session.defaults.DefaultSqlSession@5879baeb] was not registered for synchronization because synchronization is not active
JDBC Connection [com.alibaba.druid.pool.DruidStatementConnection@2aa12e8c] will not be managed by Spring
==>  Preparing: SELECT DISTINCT p.code FROM sys_permission p JOIN sys_role_permission rp ON rp.permission_id = p.id JOIN sys_role r ON r.id = rp.role_id JOIN sys_user_role ur ON ur.role_id = r.id WHERE ur.user_code = ?
==> Parameters: u_1a2b3c4d5e6f708090a0b0c0d0e0f001(String)
<==    Columns: code
<==        Row: app:portal
<==        Row: app:oa
<==        Row: app:crm
<==        Row: app:erp
<==        Row: app:bi
<==      Total: 5
Closing non transactional SqlSession [org.apache.ibatis.session.defaults.DefaultSqlSession@5879baeb]
2026-08-15T16:45:15.860+08:00 DEBUG 18616 --- [iam-resource-service] [nio-9010-exec-6] o.s.security.web.FilterChainProxy        : Securing PUT /api/admin/user-roles/u_1a2b3c4d5e6f708090a0b0c0d0e0f002
Creating a new SqlSession
SqlSession [org.apache.ibatis.session.defaults.DefaultSqlSession@468703e1] was not registered for synchronization because synchronization is not active
JDBC Connection [com.alibaba.druid.pool.DruidStatementConnection@2aa12e8c] will not be managed by Spring
==>  Preparing: SELECT DISTINCT r.code FROM sys_role r JOIN sys_user_role ur ON ur.role_id = r.id WHERE ur.user_code = ?
==> Parameters: u_1a2b3c4d5e6f708090a0b0c0d0e0f001(String)
<==    Columns: code
<==        Row: ADMIN
<==      Total: 1
Closing non transactional SqlSession [org.apache.ibatis.session.defaults.DefaultSqlSession@468703e1]
Creating a new SqlSession
SqlSession [org.apache.ibatis.session.defaults.DefaultSqlSession@779b7dbf] was not registered for synchronization because synchronization is not active
JDBC Connection [com.alibaba.druid.pool.DruidStatementConnection@2aa12e8c] will not be managed by Spring
==>  Preparing: SELECT DISTINCT p.code FROM sys_permission p JOIN sys_role_permission rp ON rp.permission_id = p.id JOIN sys_role r ON r.id = rp.role_id JOIN sys_user_role ur ON ur.role_id = r.id WHERE ur.user_code = ?
==> Parameters: u_1a2b3c4d5e6f708090a0b0c0d0e0f001(String)
<==    Columns: code
<==        Row: app:portal
<==        Row: app:oa
<==        Row: app:crm
<==        Row: app:erp
<==        Row: app:bi
<==      Total: 5
Closing non transactional SqlSession [org.apache.ibatis.session.defaults.DefaultSqlSession@779b7dbf]
Creating a new SqlSession
SqlSession [org.apache.ibatis.session.defaults.DefaultSqlSession@47e9cc19] was not registered for synchronization because synchronization is not active
JDBC Connection [com.alibaba.druid.pool.DruidStatementConnection@2aa12e8c] will not be managed by Spring
==>  Preparing: SELECT DISTINCT r.code FROM sys_role r JOIN sys_user_role ur ON ur.role_id = r.id WHERE ur.user_code = ?
==> Parameters: u_1a2b3c4d5e6f708090a0b0c0d0e0f001(String)
<==    Columns: code
<==        Row: ADMIN
<==      Total: 1
Closing non transactional SqlSession [org.apache.ibatis.session.defaults.DefaultSqlSession@47e9cc19]
2026-08-15T16:45:15.971+08:00 DEBUG 18616 --- [iam-resource-service] [nio-9010-exec-6] c.RbacAuthoritiesOpaqueTokenIntrospector : [Introspect] 用户令牌注入 RBAC authorities, sub=u_1a2b3c4d5e6f708090a0b0c0d0e0f001, roles=[ADMIN]
2026-08-15T16:45:15.972+08:00 DEBUG 18616 --- [iam-resource-service] [nio-9010-exec-6] .s.r.a.OpaqueTokenAuthenticationProvider : Authenticated token
2026-08-15T16:45:15.973+08:00 DEBUG 18616 --- [iam-resource-service] [nio-9010-exec-6] .s.r.w.a.BearerTokenAuthenticationFilter : Set SecurityContextHolder to BearerTokenAuthentication [Principal=net.xzh.resource.config.RbacAuthoritiesOpaqueTokenIntrospector$EnrichedPrincipal@28efb14e, Credentials=[PROTECTED], Authenticated=true, Details=WebAuthenticationDetails [RemoteIpAddress=127.0.0.1, SessionId=null], Granted Authorities=[SCOPE_read, SCOPE_openid, SCOPE_profile, SCOPE_write, ROLE_ADMIN, app:portal, app:oa, app:crm, app:erp, app:bi]]
2026-08-15T16:45:15.973+08:00 DEBUG 18616 --- [iam-resource-service] [nio-9010-exec-6] o.s.security.web.FilterChainProxy        : Secured PUT /api/admin/user-roles/u_1a2b3c4d5e6f708090a0b0c0d0e0f002
Creating a new SqlSession
Registering transaction synchronization for SqlSession [org.apache.ibatis.session.defaults.DefaultSqlSession@4fa9eadc]
JDBC Connection [com.alibaba.druid.pool.DruidStatementConnection@2aa12e8c] will be managed by Spring
==>  Preparing: DELETE FROM sys_user_role WHERE (user_code = ?)
==> Parameters: u_1a2b3c4d5e6f708090a0b0c0d0e0f002(String)
<==    Updates: 1
Releasing transactional SqlSession [org.apache.ibatis.session.defaults.DefaultSqlSession@4fa9eadc]
Fetched SqlSession [org.apache.ibatis.session.defaults.DefaultSqlSession@4fa9eadc] from current transaction
==>  Preparing: INSERT INTO sys_user_role ( user_code, role_id ) VALUES ( ?, ? )
==> Parameters: u_1a2b3c4d5e6f708090a0b0c0d0e0f002(String), 1(Long)
<==    Updates: 1
Releasing transactional SqlSession [org.apache.ibatis.session.defaults.DefaultSqlSession@4fa9eadc]
2026-08-15T16:45:16.021+08:00  INFO 18616 --- [iam-resource-service] [nio-9010-exec-6] net.xzh.resource.service.RbacService     : 为用户 user_code=u_1a2b3c4d5e6f708090a0b0c0d0e0f002 分配角色 roleIds=[1]
Transaction synchronization committing SqlSession [org.apache.ibatis.session.defaults.DefaultSqlSession@4fa9eadc]
Transaction synchronization deregistering SqlSession [org.apache.ibatis.session.defaults.DefaultSqlSession@4fa9eadc]
Transaction synchronization closing SqlSession [org.apache.ibatis.session.defaults.DefaultSqlSession@4fa9eadc]
2026-08-15T16:46:31.679+08:00 DEBUG 18616 --- [iam-resource-service] [nio-9010-exec-8] o.s.security.web.FilterChainProxy        : Securing GET /api/internal/user/u_1a2b3c4d5e6f708090a0b0c0d0e0f001/roles
2026-08-15T16:46:31.771+08:00 DEBUG 18616 --- [iam-resource-service] [nio-9010-exec-8] c.RbacAuthoritiesOpaqueTokenIntrospector : [Introspect] 服务令牌注入 ROLE_SERVICE, sub=resource-server
2026-08-15T16:46:31.772+08:00 DEBUG 18616 --- [iam-resource-service] [nio-9010-exec-8] .s.r.a.OpaqueTokenAuthenticationProvider : Authenticated token
2026-08-15T16:46:31.772+08:00 DEBUG 18616 --- [iam-resource-service] [nio-9010-exec-8] .s.r.w.a.BearerTokenAuthenticationFilter : Set SecurityContextHolder to BearerTokenAuthentication [Principal=net.xzh.resource.config.RbacAuthoritiesOpaqueTokenIntrospector$EnrichedPrincipal@43600ce3, Credentials=[PROTECTED], Authenticated=true, Details=WebAuthenticationDetails [RemoteIpAddress=127.0.0.1, SessionId=null], Granted Authorities=[SCOPE_read, ROLE_SERVICE]]
2026-08-15T16:46:31.773+08:00 DEBUG 18616 --- [iam-resource-service] [nio-9010-exec-8] o.s.security.web.FilterChainProxy        : Secured GET /api/internal/user/u_1a2b3c4d5e6f708090a0b0c0d0e0f001/roles
Creating a new SqlSession
SqlSession [org.apache.ibatis.session.defaults.DefaultSqlSession@4da7faff] was not registered for synchronization because synchronization is not active
JDBC Connection [com.alibaba.druid.pool.DruidStatementConnection@2aa12e8c] will not be managed by Spring
==>  Preparing: SELECT DISTINCT r.code FROM sys_role r JOIN sys_user_role ur ON ur.role_id = r.id WHERE ur.user_code = ?
==> Parameters: u_1a2b3c4d5e6f708090a0b0c0d0e0f001(String)
<==    Columns: code
<==        Row: ADMIN
<==      Total: 1
Closing non transactional SqlSession [org.apache.ibatis.session.defaults.DefaultSqlSession@4da7faff]
Creating a new SqlSession
SqlSession [org.apache.ibatis.session.defaults.DefaultSqlSession@37f2c561] was not registered for synchronization because synchronization is not active
JDBC Connection [com.alibaba.druid.pool.DruidStatementConnection@2aa12e8c] will not be managed by Spring
==>  Preparing: SELECT DISTINCT p.code FROM sys_permission p JOIN sys_role_permission rp ON rp.permission_id = p.id JOIN sys_role r ON r.id = rp.role_id JOIN sys_user_role ur ON ur.role_id = r.id WHERE ur.user_code = ?
==> Parameters: u_1a2b3c4d5e6f708090a0b0c0d0e0f001(String)
<==    Columns: code
<==        Row: app:portal
<==        Row: app:oa
<==        Row: app:crm
<==        Row: app:erp
<==        Row: app:bi
<==      Total: 5
Closing non transactional SqlSession [org.apache.ibatis.session.defaults.DefaultSqlSession@37f2c561]
2026-08-15T16:46:32.165+08:00 DEBUG 18616 --- [iam-resource-service] [nio-9010-exec-7] o.s.security.web.FilterChainProxy        : Securing GET /api/admin/user-roles/u_1a2b3c4d5e6f708090a0b0c0d0e0f002
Creating a new SqlSession
SqlSession [org.apache.ibatis.session.defaults.DefaultSqlSession@4e4ff637] was not registered for synchronization because synchronization is not active
JDBC Connection [com.alibaba.druid.pool.DruidStatementConnection@2aa12e8c] will not be managed by Spring
==>  Preparing: SELECT DISTINCT r.code FROM sys_role r JOIN sys_user_role ur ON ur.role_id = r.id WHERE ur.user_code = ?
==> Parameters: u_1a2b3c4d5e6f708090a0b0c0d0e0f001(String)
<==    Columns: code
<==        Row: ADMIN
<==      Total: 1
Closing non transactional SqlSession [org.apache.ibatis.session.defaults.DefaultSqlSession@4e4ff637]
Creating a new SqlSession
SqlSession [org.apache.ibatis.session.defaults.DefaultSqlSession@44b79d47] was not registered for synchronization because synchronization is not active
JDBC Connection [com.alibaba.druid.pool.DruidStatementConnection@2aa12e8c] will not be managed by Spring
==>  Preparing: SELECT DISTINCT p.code FROM sys_permission p JOIN sys_role_permission rp ON rp.permission_id = p.id JOIN sys_role r ON r.id = rp.role_id JOIN sys_user_role ur ON ur.role_id = r.id WHERE ur.user_code = ?
==> Parameters: u_1a2b3c4d5e6f708090a0b0c0d0e0f001(String)
<==    Columns: code
<==        Row: app:portal
<==        Row: app:oa
<==        Row: app:crm
<==        Row: app:erp
<==        Row: app:bi
<==      Total: 5
Closing non transactional SqlSession [org.apache.ibatis.session.defaults.DefaultSqlSession@44b79d47]
Creating a new SqlSession
SqlSession [org.apache.ibatis.session.defaults.DefaultSqlSession@307aabfa] was not registered for synchronization because synchronization is not active
JDBC Connection [com.alibaba.druid.pool.DruidStatementConnection@2aa12e8c] will not be managed by Spring
==>  Preparing: SELECT DISTINCT r.code FROM sys_role r JOIN sys_user_role ur ON ur.role_id = r.id WHERE ur.user_code = ?
==> Parameters: u_1a2b3c4d5e6f708090a0b0c0d0e0f001(String)
<==    Columns: code
<==        Row: ADMIN
<==      Total: 1
Closing non transactional SqlSession [org.apache.ibatis.session.defaults.DefaultSqlSession@307aabfa]
2026-08-15T16:46:32.275+08:00 DEBUG 18616 --- [iam-resource-service] [nio-9010-exec-7] c.RbacAuthoritiesOpaqueTokenIntrospector : [Introspect] 用户令牌注入 RBAC authorities, sub=u_1a2b3c4d5e6f708090a0b0c0d0e0f001, roles=[ADMIN]
2026-08-15T16:46:32.276+08:00 DEBUG 18616 --- [iam-resource-service] [nio-9010-exec-7] .s.r.a.OpaqueTokenAuthenticationProvider : Authenticated token
2026-08-15T16:46:32.276+08:00 DEBUG 18616 --- [iam-resource-service] [nio-9010-exec-7] .s.r.w.a.BearerTokenAuthenticationFilter : Set SecurityContextHolder to BearerTokenAuthentication [Principal=net.xzh.resource.config.RbacAuthoritiesOpaqueTokenIntrospector$EnrichedPrincipal@485bb6e7, Credentials=[PROTECTED], Authenticated=true, Details=WebAuthenticationDetails [RemoteIpAddress=127.0.0.1, SessionId=null], Granted Authorities=[SCOPE_read, SCOPE_openid, SCOPE_profile, SCOPE_write, ROLE_ADMIN, app:portal, app:oa, app:crm, app:erp, app:bi]]
2026-08-15T16:46:32.276+08:00 DEBUG 18616 --- [iam-resource-service] [nio-9010-exec-7] o.s.security.web.FilterChainProxy        : Secured GET /api/admin/user-roles/u_1a2b3c4d5e6f708090a0b0c0d0e0f002
Creating a new SqlSession
SqlSession [org.apache.ibatis.session.defaults.DefaultSqlSession@619af4fa] was not registered for synchronization because synchronization is not active
JDBC Connection [com.alibaba.druid.pool.DruidStatementConnection@2aa12e8c] will not be managed by Spring
==>  Preparing: SELECT ur.role_id FROM sys_user_role ur WHERE ur.user_code = ?
==> Parameters: u_1a2b3c4d5e6f708090a0b0c0d0e0f002(String)
<==    Columns: role_id
<==        Row: 1
<==      Total: 1
Closing non transactional SqlSession [org.apache.ibatis.session.defaults.DefaultSqlSession@619af4fa]
2026-08-15T16:46:32.326+08:00 DEBUG 18616 --- [iam-resource-service] [io-9010-exec-10] o.s.security.web.FilterChainProxy        : Securing PUT /api/admin/user-roles/u_1a2b3c4d5e6f708090a0b0c0d0e0f002
Creating a new SqlSession
SqlSession [org.apache.ibatis.session.defaults.DefaultSqlSession@1cf5a73e] was not registered for synchronization because synchronization is not active
JDBC Connection [com.alibaba.druid.pool.DruidStatementConnection@2aa12e8c] will not be managed by Spring
==>  Preparing: SELECT DISTINCT r.code FROM sys_role r JOIN sys_user_role ur ON ur.role_id = r.id WHERE ur.user_code = ?
==> Parameters: u_1a2b3c4d5e6f708090a0b0c0d0e0f001(String)
<==    Columns: code
<==        Row: ADMIN
<==      Total: 1
Closing non transactional SqlSession [org.apache.ibatis.session.defaults.DefaultSqlSession@1cf5a73e]
Creating a new SqlSession
SqlSession [org.apache.ibatis.session.defaults.DefaultSqlSession@160dcc4e] was not registered for synchronization because synchronization is not active
JDBC Connection [com.alibaba.druid.pool.DruidStatementConnection@2aa12e8c] will not be managed by Spring
==>  Preparing: SELECT DISTINCT p.code FROM sys_permission p JOIN sys_role_permission rp ON rp.permission_id = p.id JOIN sys_role r ON r.id = rp.role_id JOIN sys_user_role ur ON ur.role_id = r.id WHERE ur.user_code = ?
==> Parameters: u_1a2b3c4d5e6f708090a0b0c0d0e0f001(String)
<==    Columns: code
<==        Row: app:portal
<==        Row: app:oa
<==        Row: app:crm
<==        Row: app:erp
<==        Row: app:bi
<==      Total: 5
Closing non transactional SqlSession [org.apache.ibatis.session.defaults.DefaultSqlSession@160dcc4e]
Creating a new SqlSession
SqlSession [org.apache.ibatis.session.defaults.DefaultSqlSession@6272d1e3] was not registered for synchronization because synchronization is not active
JDBC Connection [com.alibaba.druid.pool.DruidStatementConnection@2aa12e8c] will not be managed by Spring
==>  Preparing: SELECT DISTINCT r.code FROM sys_role r JOIN sys_user_role ur ON ur.role_id = r.id WHERE ur.user_code = ?
==> Parameters: u_1a2b3c4d5e6f708090a0b0c0d0e0f001(String)
<==    Columns: code
<==        Row: ADMIN
<==      Total: 1
Closing non transactional SqlSession [org.apache.ibatis.session.defaults.DefaultSqlSession@6272d1e3]
2026-08-15T16:46:32.437+08:00 DEBUG 18616 --- [iam-resource-service] [io-9010-exec-10] c.RbacAuthoritiesOpaqueTokenIntrospector : [Introspect] 用户令牌注入 RBAC authorities, sub=u_1a2b3c4d5e6f708090a0b0c0d0e0f001, roles=[ADMIN]
2026-08-15T16:46:32.437+08:00 DEBUG 18616 --- [iam-resource-service] [io-9010-exec-10] .s.r.a.OpaqueTokenAuthenticationProvider : Authenticated token
2026-08-15T16:46:32.437+08:00 DEBUG 18616 --- [iam-resource-service] [io-9010-exec-10] .s.r.w.a.BearerTokenAuthenticationFilter : Set SecurityContextHolder to BearerTokenAuthentication [Principal=net.xzh.resource.config.RbacAuthoritiesOpaqueTokenIntrospector$EnrichedPrincipal@1a013c07, Credentials=[PROTECTED], Authenticated=true, Details=WebAuthenticationDetails [RemoteIpAddress=127.0.0.1, SessionId=null], Granted Authorities=[SCOPE_read, SCOPE_openid, SCOPE_profile, SCOPE_write, ROLE_ADMIN, app:portal, app:oa, app:crm, app:erp, app:bi]]
2026-08-15T16:46:32.438+08:00 DEBUG 18616 --- [iam-resource-service] [io-9010-exec-10] o.s.security.web.FilterChainProxy        : Secured PUT /api/admin/user-roles/u_1a2b3c4d5e6f708090a0b0c0d0e0f002
Creating a new SqlSession
Registering transaction synchronization for SqlSession [org.apache.ibatis.session.defaults.DefaultSqlSession@3320afa4]
JDBC Connection [com.alibaba.druid.pool.DruidStatementConnection@2aa12e8c] will be managed by Spring
==>  Preparing: DELETE FROM sys_user_role WHERE (user_code = ?)
==> Parameters: u_1a2b3c4d5e6f708090a0b0c0d0e0f002(String)
<==    Updates: 1
Releasing transactional SqlSession [org.apache.ibatis.session.defaults.DefaultSqlSession@3320afa4]
Fetched SqlSession [org.apache.ibatis.session.defaults.DefaultSqlSession@3320afa4] from current transaction
==>  Preparing: INSERT INTO sys_user_role ( user_code, role_id ) VALUES ( ?, ? )
==> Parameters: u_1a2b3c4d5e6f708090a0b0c0d0e0f002(String), 1(Long)
<==    Updates: 1
Releasing transactional SqlSession [org.apache.ibatis.session.defaults.DefaultSqlSession@3320afa4]
2026-08-15T16:46:32.448+08:00  INFO 18616 --- [iam-resource-service] [io-9010-exec-10] net.xzh.resource.service.RbacService     : 为用户 user_code=u_1a2b3c4d5e6f708090a0b0c0d0e0f002 分配角色 roleIds=[1]
Transaction synchronization committing SqlSession [org.apache.ibatis.session.defaults.DefaultSqlSession@3320afa4]
Transaction synchronization deregistering SqlSession [org.apache.ibatis.session.defaults.DefaultSqlSession@3320afa4]
Transaction synchronization closing SqlSession [org.apache.ibatis.session.defaults.DefaultSqlSession@3320afa4]
2026-08-15T16:46:32.488+08:00 DEBUG 18616 --- [iam-resource-service] [nio-9010-exec-1] o.s.security.web.FilterChainProxy        : Securing GET /api/admin/user-roles/u_1a2b3c4d5e6f708090a0b0c0d0e0f002
Creating a new SqlSession
SqlSession [org.apache.ibatis.session.defaults.DefaultSqlSession@4a478362] was not registered for synchronization because synchronization is not active
JDBC Connection [com.alibaba.druid.pool.DruidStatementConnection@2aa12e8c] will not be managed by Spring
==>  Preparing: SELECT DISTINCT r.code FROM sys_role r JOIN sys_user_role ur ON ur.role_id = r.id WHERE ur.user_code = ?
==> Parameters: u_1a2b3c4d5e6f708090a0b0c0d0e0f001(String)
<==    Columns: code
<==        Row: ADMIN
<==      Total: 1
Closing non transactional SqlSession [org.apache.ibatis.session.defaults.DefaultSqlSession@4a478362]
Creating a new SqlSession
SqlSession [org.apache.ibatis.session.defaults.DefaultSqlSession@5dcdcb85] was not registered for synchronization because synchronization is not active
JDBC Connection [com.alibaba.druid.pool.DruidStatementConnection@2aa12e8c] will not be managed by Spring
==>  Preparing: SELECT DISTINCT p.code FROM sys_permission p JOIN sys_role_permission rp ON rp.permission_id = p.id JOIN sys_role r ON r.id = rp.role_id JOIN sys_user_role ur ON ur.role_id = r.id WHERE ur.user_code = ?
==> Parameters: u_1a2b3c4d5e6f708090a0b0c0d0e0f001(String)
<==    Columns: code
<==        Row: app:portal
<==        Row: app:oa
<==        Row: app:crm
<==        Row: app:erp
<==        Row: app:bi
<==      Total: 5
Closing non transactional SqlSession [org.apache.ibatis.session.defaults.DefaultSqlSession@5dcdcb85]
Creating a new SqlSession
SqlSession [org.apache.ibatis.session.defaults.DefaultSqlSession@64f37c75] was not registered for synchronization because synchronization is not active
JDBC Connection [com.alibaba.druid.pool.DruidStatementConnection@2aa12e8c] will not be managed by Spring
==>  Preparing: SELECT DISTINCT r.code FROM sys_role r JOIN sys_user_role ur ON ur.role_id = r.id WHERE ur.user_code = ?
==> Parameters: u_1a2b3c4d5e6f708090a0b0c0d0e0f001(String)
<==    Columns: code
<==        Row: ADMIN
<==      Total: 1
Closing non transactional SqlSession [org.apache.ibatis.session.defaults.DefaultSqlSession@64f37c75]
2026-08-15T16:46:32.596+08:00 DEBUG 18616 --- [iam-resource-service] [nio-9010-exec-1] c.RbacAuthoritiesOpaqueTokenIntrospector : [Introspect] 用户令牌注入 RBAC authorities, sub=u_1a2b3c4d5e6f708090a0b0c0d0e0f001, roles=[ADMIN]
2026-08-15T16:46:32.597+08:00 DEBUG 18616 --- [iam-resource-service] [nio-9010-exec-1] .s.r.a.OpaqueTokenAuthenticationProvider : Authenticated token
2026-08-15T16:46:32.597+08:00 DEBUG 18616 --- [iam-resource-service] [nio-9010-exec-1] .s.r.w.a.BearerTokenAuthenticationFilter : Set SecurityContextHolder to BearerTokenAuthentication [Principal=net.xzh.resource.config.RbacAuthoritiesOpaqueTokenIntrospector$EnrichedPrincipal@230a440c, Credentials=[PROTECTED], Authenticated=true, Details=WebAuthenticationDetails [RemoteIpAddress=127.0.0.1, SessionId=null], Granted Authorities=[SCOPE_read, SCOPE_openid, SCOPE_profile, SCOPE_write, ROLE_ADMIN, app:portal, app:oa, app:crm, app:erp, app:bi]]
2026-08-15T16:46:32.597+08:00 DEBUG 18616 --- [iam-resource-service] [nio-9010-exec-1] o.s.security.web.FilterChainProxy        : Secured GET /api/admin/user-roles/u_1a2b3c4d5e6f708090a0b0c0d0e0f002
Creating a new SqlSession
SqlSession [org.apache.ibatis.session.defaults.DefaultSqlSession@7c02ce7b] was not registered for synchronization because synchronization is not active
JDBC Connection [com.alibaba.druid.pool.DruidStatementConnection@2aa12e8c] will not be managed by Spring
==>  Preparing: SELECT ur.role_id FROM sys_user_role ur WHERE ur.user_code = ?
==> Parameters: u_1a2b3c4d5e6f708090a0b0c0d0e0f002(String)
<==    Columns: role_id
<==        Row: 1
<==      Total: 1
Closing non transactional SqlSession [org.apache.ibatis.session.defaults.DefaultSqlSession@7c02ce7b]
2026-08-15T16:47:02.466+08:00 DEBUG 18616 --- [iam-resource-service] [nio-9010-exec-3] o.s.security.web.FilterChainProxy        : Securing GET /api/internal/user/u_1a2b3c4d5e6f708090a0b0c0d0e0f001/roles
2026-08-15T16:47:02.566+08:00 DEBUG 18616 --- [iam-resource-service] [nio-9010-exec-3] c.RbacAuthoritiesOpaqueTokenIntrospector : [Introspect] 服务令牌注入 ROLE_SERVICE, sub=resource-server
2026-08-15T16:47:02.567+08:00 DEBUG 18616 --- [iam-resource-service] [nio-9010-exec-3] .s.r.a.OpaqueTokenAuthenticationProvider : Authenticated token
2026-08-15T16:47:02.567+08:00 DEBUG 18616 --- [iam-resource-service] [nio-9010-exec-3] .s.r.w.a.BearerTokenAuthenticationFilter : Set SecurityContextHolder to BearerTokenAuthentication [Principal=net.xzh.resource.config.RbacAuthoritiesOpaqueTokenIntrospector$EnrichedPrincipal@ba3153f, Credentials=[PROTECTED], Authenticated=true, Details=WebAuthenticationDetails [RemoteIpAddress=127.0.0.1, SessionId=null], Granted Authorities=[SCOPE_read, ROLE_SERVICE]]
2026-08-15T16:47:02.567+08:00 DEBUG 18616 --- [iam-resource-service] [nio-9010-exec-3] o.s.security.web.FilterChainProxy        : Secured GET /api/internal/user/u_1a2b3c4d5e6f708090a0b0c0d0e0f001/roles
Creating a new SqlSession
SqlSession [org.apache.ibatis.session.defaults.DefaultSqlSession@702e6bc7] was not registered for synchronization because synchronization is not active
JDBC Connection [com.alibaba.druid.pool.DruidStatementConnection@2aa12e8c] will not be managed by Spring
==>  Preparing: SELECT DISTINCT r.code FROM sys_role r JOIN sys_user_role ur ON ur.role_id = r.id WHERE ur.user_code = ?
==> Parameters: u_1a2b3c4d5e6f708090a0b0c0d0e0f001(String)
<==    Columns: code
<==        Row: ADMIN
<==      Total: 1
Closing non transactional SqlSession [org.apache.ibatis.session.defaults.DefaultSqlSession@702e6bc7]
Creating a new SqlSession
SqlSession [org.apache.ibatis.session.defaults.DefaultSqlSession@3da82497] was not registered for synchronization because synchronization is not active
JDBC Connection [com.alibaba.druid.pool.DruidStatementConnection@2aa12e8c] will not be managed by Spring
==>  Preparing: SELECT DISTINCT p.code FROM sys_permission p JOIN sys_role_permission rp ON rp.permission_id = p.id JOIN sys_role r ON r.id = rp.role_id JOIN sys_user_role ur ON ur.role_id = r.id WHERE ur.user_code = ?
==> Parameters: u_1a2b3c4d5e6f708090a0b0c0d0e0f001(String)
<==    Columns: code
<==        Row: app:portal
<==        Row: app:oa
<==        Row: app:crm
<==        Row: app:erp
<==        Row: app:bi
<==      Total: 5
Closing non transactional SqlSession [org.apache.ibatis.session.defaults.DefaultSqlSession@3da82497]
2026-08-15T16:47:39.445+08:00 DEBUG 18616 --- [iam-resource-service] [nio-9010-exec-2] o.s.security.web.FilterChainProxy        : Securing GET /api/internal/user/u_1a2b3c4d5e6f708090a0b0c0d0e0f001/roles
2026-08-15T16:47:39.541+08:00 DEBUG 18616 --- [iam-resource-service] [nio-9010-exec-2] c.RbacAuthoritiesOpaqueTokenIntrospector : [Introspect] 服务令牌注入 ROLE_SERVICE, sub=resource-server
2026-08-15T16:47:39.541+08:00 DEBUG 18616 --- [iam-resource-service] [nio-9010-exec-2] .s.r.a.OpaqueTokenAuthenticationProvider : Authenticated token
2026-08-15T16:47:39.542+08:00 DEBUG 18616 --- [iam-resource-service] [nio-9010-exec-2] .s.r.w.a.BearerTokenAuthenticationFilter : Set SecurityContextHolder to BearerTokenAuthentication [Principal=net.xzh.resource.config.RbacAuthoritiesOpaqueTokenIntrospector$EnrichedPrincipal@69eb642a, Credentials=[PROTECTED], Authenticated=true, Details=WebAuthenticationDetails [RemoteIpAddress=127.0.0.1, SessionId=null], Granted Authorities=[SCOPE_read, ROLE_SERVICE]]
2026-08-15T16:47:39.542+08:00 DEBUG 18616 --- [iam-resource-service] [nio-9010-exec-2] o.s.security.web.FilterChainProxy        : Secured GET /api/internal/user/u_1a2b3c4d5e6f708090a0b0c0d0e0f001/roles
Creating a new SqlSession
SqlSession [org.apache.ibatis.session.defaults.DefaultSqlSession@2ded0c10] was not registered for synchronization because synchronization is not active
JDBC Connection [com.alibaba.druid.pool.DruidStatementConnection@2aa12e8c] will not be managed by Spring
==>  Preparing: SELECT DISTINCT r.code FROM sys_role r JOIN sys_user_role ur ON ur.role_id = r.id WHERE ur.user_code = ?
==> Parameters: u_1a2b3c4d5e6f708090a0b0c0d0e0f001(String)
<==    Columns: code
<==        Row: ADMIN
<==      Total: 1
Closing non transactional SqlSession [org.apache.ibatis.session.defaults.DefaultSqlSession@2ded0c10]
Creating a new SqlSession
SqlSession [org.apache.ibatis.session.defaults.DefaultSqlSession@41d9f89a] was not registered for synchronization because synchronization is not active
JDBC Connection [com.alibaba.druid.pool.DruidStatementConnection@2aa12e8c] will not be managed by Spring
==>  Preparing: SELECT DISTINCT p.code FROM sys_permission p JOIN sys_role_permission rp ON rp.permission_id = p.id JOIN sys_role r ON r.id = rp.role_id JOIN sys_user_role ur ON ur.role_id = r.id WHERE ur.user_code = ?
==> Parameters: u_1a2b3c4d5e6f708090a0b0c0d0e0f001(String)
<==    Columns: code
<==        Row: app:portal
<==        Row: app:oa
<==        Row: app:crm
<==        Row: app:erp
<==        Row: app:bi
<==      Total: 5
Closing non transactional SqlSession [org.apache.ibatis.session.defaults.DefaultSqlSession@41d9f89a]
2026-08-15T16:47:59.281+08:00 DEBUG 18616 --- [iam-resource-service] [nio-9010-exec-6] o.s.security.web.FilterChainProxy        : Securing GET /api/internal/user/u_1a2b3c4d5e6f708090a0b0c0d0e0f001/roles
2026-08-15T16:47:59.373+08:00 DEBUG 18616 --- [iam-resource-service] [nio-9010-exec-6] c.RbacAuthoritiesOpaqueTokenIntrospector : [Introspect] 服务令牌注入 ROLE_SERVICE, sub=resource-server
2026-08-15T16:47:59.374+08:00 DEBUG 18616 --- [iam-resource-service] [nio-9010-exec-6] .s.r.a.OpaqueTokenAuthenticationProvider : Authenticated token
2026-08-15T16:47:59.374+08:00 DEBUG 18616 --- [iam-resource-service] [nio-9010-exec-6] .s.r.w.a.BearerTokenAuthenticationFilter : Set SecurityContextHolder to BearerTokenAuthentication [Principal=net.xzh.resource.config.RbacAuthoritiesOpaqueTokenIntrospector$EnrichedPrincipal@6d378ec4, Credentials=[PROTECTED], Authenticated=true, Details=WebAuthenticationDetails [RemoteIpAddress=127.0.0.1, SessionId=null], Granted Authorities=[SCOPE_read, ROLE_SERVICE]]
2026-08-15T16:47:59.374+08:00 DEBUG 18616 --- [iam-resource-service] [nio-9010-exec-6] o.s.security.web.FilterChainProxy        : Secured GET /api/internal/user/u_1a2b3c4d5e6f708090a0b0c0d0e0f001/roles
Creating a new SqlSession
SqlSession [org.apache.ibatis.session.defaults.DefaultSqlSession@690ad6b2] was not registered for synchronization because synchronization is not active
JDBC Connection [com.alibaba.druid.pool.DruidStatementConnection@2aa12e8c] will not be managed by Spring
==>  Preparing: SELECT DISTINCT r.code FROM sys_role r JOIN sys_user_role ur ON ur.role_id = r.id WHERE ur.user_code = ?
==> Parameters: u_1a2b3c4d5e6f708090a0b0c0d0e0f001(String)
<==    Columns: code
<==        Row: ADMIN
<==      Total: 1
Closing non transactional SqlSession [org.apache.ibatis.session.defaults.DefaultSqlSession@690ad6b2]
Creating a new SqlSession
SqlSession [org.apache.ibatis.session.defaults.DefaultSqlSession@144cdfe] was not registered for synchronization because synchronization is not active
JDBC Connection [com.alibaba.druid.pool.DruidStatementConnection@2aa12e8c] will not be managed by Spring
==>  Preparing: SELECT DISTINCT p.code FROM sys_permission p JOIN sys_role_permission rp ON rp.permission_id = p.id JOIN sys_role r ON r.id = rp.role_id JOIN sys_user_role ur ON ur.role_id = r.id WHERE ur.user_code = ?
==> Parameters: u_1a2b3c4d5e6f708090a0b0c0d0e0f001(String)
<==    Columns: code
<==        Row: app:portal
<==        Row: app:oa
<==        Row: app:crm
<==        Row: app:erp
<==        Row: app:bi
<==      Total: 5
Closing non transactional SqlSession [org.apache.ibatis.session.defaults.DefaultSqlSession@144cdfe]
2026-08-15T16:48:57.664+08:00 DEBUG 18616 --- [iam-resource-service] [nio-9010-exec-8] o.s.security.web.FilterChainProxy        : Securing GET /api/internal/user/u_1a2b3c4d5e6f708090a0b0c0d0e0f001/roles
2026-08-15T16:48:57.760+08:00 DEBUG 18616 --- [iam-resource-service] [nio-9010-exec-8] c.RbacAuthoritiesOpaqueTokenIntrospector : [Introspect] 服务令牌注入 ROLE_SERVICE, sub=resource-server
2026-08-15T16:48:57.761+08:00 DEBUG 18616 --- [iam-resource-service] [nio-9010-exec-8] .s.r.a.OpaqueTokenAuthenticationProvider : Authenticated token
2026-08-15T16:48:57.762+08:00 DEBUG 18616 --- [iam-resource-service] [nio-9010-exec-8] .s.r.w.a.BearerTokenAuthenticationFilter : Set SecurityContextHolder to BearerTokenAuthentication [Principal=net.xzh.resource.config.RbacAuthoritiesOpaqueTokenIntrospector$EnrichedPrincipal@54c6bb4f, Credentials=[PROTECTED], Authenticated=true, Details=WebAuthenticationDetails [RemoteIpAddress=127.0.0.1, SessionId=null], Granted Authorities=[SCOPE_read, ROLE_SERVICE]]
2026-08-15T16:48:57.762+08:00 DEBUG 18616 --- [iam-resource-service] [nio-9010-exec-8] o.s.security.web.FilterChainProxy        : Secured GET /api/internal/user/u_1a2b3c4d5e6f708090a0b0c0d0e0f001/roles
Creating a new SqlSession
SqlSession [org.apache.ibatis.session.defaults.DefaultSqlSession@d8e89d8] was not registered for synchronization because synchronization is not active
JDBC Connection [com.alibaba.druid.pool.DruidStatementConnection@2aa12e8c] will not be managed by Spring
==>  Preparing: SELECT DISTINCT r.code FROM sys_role r JOIN sys_user_role ur ON ur.role_id = r.id WHERE ur.user_code = ?
==> Parameters: u_1a2b3c4d5e6f708090a0b0c0d0e0f001(String)
<==    Columns: code
<==        Row: ADMIN
<==      Total: 1
Closing non transactional SqlSession [org.apache.ibatis.session.defaults.DefaultSqlSession@d8e89d8]
Creating a new SqlSession
SqlSession [org.apache.ibatis.session.defaults.DefaultSqlSession@68fb1787] was not registered for synchronization because synchronization is not active
JDBC Connection [com.alibaba.druid.pool.DruidStatementConnection@2aa12e8c] will not be managed by Spring
==>  Preparing: SELECT DISTINCT p.code FROM sys_permission p JOIN sys_role_permission rp ON rp.permission_id = p.id JOIN sys_role r ON r.id = rp.role_id JOIN sys_user_role ur ON ur.role_id = r.id WHERE ur.user_code = ?
==> Parameters: u_1a2b3c4d5e6f708090a0b0c0d0e0f001(String)
<==    Columns: code
<==        Row: app:portal
<==        Row: app:oa
<==        Row: app:crm
<==        Row: app:erp
<==        Row: app:bi
<==      Total: 5
Closing non transactional SqlSession [org.apache.ibatis.session.defaults.DefaultSqlSession@68fb1787]
2026-08-15T16:49:18.947+08:00 DEBUG 18616 --- [iam-resource-service] [nio-9010-exec-7] o.s.security.web.FilterChainProxy        : Securing GET /api/internal/user/u_1a2b3c4d5e6f708090a0b0c0d0e0f002/roles
2026-08-15T16:49:19.043+08:00 DEBUG 18616 --- [iam-resource-service] [nio-9010-exec-7] c.RbacAuthoritiesOpaqueTokenIntrospector : [Introspect] 服务令牌注入 ROLE_SERVICE, sub=resource-server
2026-08-15T16:49:19.043+08:00 DEBUG 18616 --- [iam-resource-service] [nio-9010-exec-7] .s.r.a.OpaqueTokenAuthenticationProvider : Authenticated token
2026-08-15T16:49:19.044+08:00 DEBUG 18616 --- [iam-resource-service] [nio-9010-exec-7] .s.r.w.a.BearerTokenAuthenticationFilter : Set SecurityContextHolder to BearerTokenAuthentication [Principal=net.xzh.resource.config.RbacAuthoritiesOpaqueTokenIntrospector$EnrichedPrincipal@65d4e9d9, Credentials=[PROTECTED], Authenticated=true, Details=WebAuthenticationDetails [RemoteIpAddress=127.0.0.1, SessionId=null], Granted Authorities=[SCOPE_read, ROLE_SERVICE]]
2026-08-15T16:49:19.044+08:00 DEBUG 18616 --- [iam-resource-service] [nio-9010-exec-7] o.s.security.web.FilterChainProxy        : Secured GET /api/internal/user/u_1a2b3c4d5e6f708090a0b0c0d0e0f002/roles
Creating a new SqlSession
SqlSession [org.apache.ibatis.session.defaults.DefaultSqlSession@34edfbcd] was not registered for synchronization because synchronization is not active
JDBC Connection [com.alibaba.druid.pool.DruidStatementConnection@2aa12e8c] will not be managed by Spring
==>  Preparing: SELECT DISTINCT r.code FROM sys_role r JOIN sys_user_role ur ON ur.role_id = r.id WHERE ur.user_code = ?
==> Parameters: u_1a2b3c4d5e6f708090a0b0c0d0e0f002(String)
<==    Columns: code
<==        Row: ADMIN
<==      Total: 1
Closing non transactional SqlSession [org.apache.ibatis.session.defaults.DefaultSqlSession@34edfbcd]
Creating a new SqlSession
SqlSession [org.apache.ibatis.session.defaults.DefaultSqlSession@6a1f5b28] was not registered for synchronization because synchronization is not active
JDBC Connection [com.alibaba.druid.pool.DruidStatementConnection@2aa12e8c] will not be managed by Spring
==>  Preparing: SELECT DISTINCT p.code FROM sys_permission p JOIN sys_role_permission rp ON rp.permission_id = p.id JOIN sys_role r ON r.id = rp.role_id JOIN sys_user_role ur ON ur.role_id = r.id WHERE ur.user_code = ?
==> Parameters: u_1a2b3c4d5e6f708090a0b0c0d0e0f002(String)
<==    Columns: code
<==        Row: app:portal
<==        Row: app:oa
<==        Row: app:crm
<==        Row: app:erp
<==        Row: app:bi
<==      Total: 5
Closing non transactional SqlSession [org.apache.ibatis.session.defaults.DefaultSqlSession@6a1f5b28]
2026-08-15T16:50:35.754+08:00 DEBUG 18616 --- [iam-resource-service] [nio-9010-exec-1] o.s.security.web.FilterChainProxy        : Securing GET /api/internal/user/u_1a2b3c4d5e6f708090a0b0c0d0e0f001/roles
2026-08-15T16:50:35.860+08:00 DEBUG 18616 --- [iam-resource-service] [nio-9010-exec-1] c.RbacAuthoritiesOpaqueTokenIntrospector : [Introspect] 服务令牌注入 ROLE_SERVICE, sub=resource-server
2026-08-15T16:50:35.860+08:00 DEBUG 18616 --- [iam-resource-service] [nio-9010-exec-1] .s.r.a.OpaqueTokenAuthenticationProvider : Authenticated token
2026-08-15T16:50:35.861+08:00 DEBUG 18616 --- [iam-resource-service] [nio-9010-exec-1] .s.r.w.a.BearerTokenAuthenticationFilter : Set SecurityContextHolder to BearerTokenAuthentication [Principal=net.xzh.resource.config.RbacAuthoritiesOpaqueTokenIntrospector$EnrichedPrincipal@49f7b5fa, Credentials=[PROTECTED], Authenticated=true, Details=WebAuthenticationDetails [RemoteIpAddress=127.0.0.1, SessionId=null], Granted Authorities=[SCOPE_read, ROLE_SERVICE]]
2026-08-15T16:50:35.861+08:00 DEBUG 18616 --- [iam-resource-service] [nio-9010-exec-1] o.s.security.web.FilterChainProxy        : Secured GET /api/internal/user/u_1a2b3c4d5e6f708090a0b0c0d0e0f001/roles
Creating a new SqlSession
SqlSession [org.apache.ibatis.session.defaults.DefaultSqlSession@22dbbe4b] was not registered for synchronization because synchronization is not active
JDBC Connection [com.alibaba.druid.pool.DruidStatementConnection@2aa12e8c] will not be managed by Spring
==>  Preparing: SELECT DISTINCT r.code FROM sys_role r JOIN sys_user_role ur ON ur.role_id = r.id WHERE ur.user_code = ?
==> Parameters: u_1a2b3c4d5e6f708090a0b0c0d0e0f001(String)
<==    Columns: code
<==        Row: ADMIN
<==      Total: 1
Closing non transactional SqlSession [org.apache.ibatis.session.defaults.DefaultSqlSession@22dbbe4b]
Creating a new SqlSession
SqlSession [org.apache.ibatis.session.defaults.DefaultSqlSession@7fa683b6] was not registered for synchronization because synchronization is not active
JDBC Connection [com.alibaba.druid.pool.DruidStatementConnection@2aa12e8c] will not be managed by Spring
==>  Preparing: SELECT DISTINCT p.code FROM sys_permission p JOIN sys_role_permission rp ON rp.permission_id = p.id JOIN sys_role r ON r.id = rp.role_id JOIN sys_user_role ur ON ur.role_id = r.id WHERE ur.user_code = ?
==> Parameters: u_1a2b3c4d5e6f708090a0b0c0d0e0f001(String)
<==    Columns: code
<==        Row: app:portal
<==        Row: app:oa
<==        Row: app:crm
<==        Row: app:erp
<==        Row: app:bi
<==      Total: 5
Closing non transactional SqlSession [org.apache.ibatis.session.defaults.DefaultSqlSession@7fa683b6]
2026-08-15T16:50:36.155+08:00 DEBUG 18616 --- [iam-resource-service] [nio-9010-exec-3] o.s.security.web.FilterChainProxy        : Securing GET /api/admin/user-roles/u_1a2b3c4d5e6f708090a0b0c0d0e0f002
Creating a new SqlSession
SqlSession [org.apache.ibatis.session.defaults.DefaultSqlSession@2d42f2a2] was not registered for synchronization because synchronization is not active
JDBC Connection [com.alibaba.druid.pool.DruidStatementConnection@2aa12e8c] will not be managed by Spring
==>  Preparing: SELECT DISTINCT r.code FROM sys_role r JOIN sys_user_role ur ON ur.role_id = r.id WHERE ur.user_code = ?
==> Parameters: u_1a2b3c4d5e6f708090a0b0c0d0e0f001(String)
<==    Columns: code
<==        Row: ADMIN
<==      Total: 1
Closing non transactional SqlSession [org.apache.ibatis.session.defaults.DefaultSqlSession@2d42f2a2]
Creating a new SqlSession
SqlSession [org.apache.ibatis.session.defaults.DefaultSqlSession@248db24b] was not registered for synchronization because synchronization is not active
JDBC Connection [com.alibaba.druid.pool.DruidStatementConnection@2aa12e8c] will not be managed by Spring
==>  Preparing: SELECT DISTINCT p.code FROM sys_permission p JOIN sys_role_permission rp ON rp.permission_id = p.id JOIN sys_role r ON r.id = rp.role_id JOIN sys_user_role ur ON ur.role_id = r.id WHERE ur.user_code = ?
==> Parameters: u_1a2b3c4d5e6f708090a0b0c0d0e0f001(String)
<==    Columns: code
<==        Row: app:portal
<==        Row: app:oa
<==        Row: app:crm
<==        Row: app:erp
<==        Row: app:bi
<==      Total: 5
Closing non transactional SqlSession [org.apache.ibatis.session.defaults.DefaultSqlSession@248db24b]
Creating a new SqlSession
SqlSession [org.apache.ibatis.session.defaults.DefaultSqlSession@3e5651a9] was not registered for synchronization because synchronization is not active
JDBC Connection [com.alibaba.druid.pool.DruidStatementConnection@2aa12e8c] will not be managed by Spring
==>  Preparing: SELECT DISTINCT r.code FROM sys_role r JOIN sys_user_role ur ON ur.role_id = r.id WHERE ur.user_code = ?
==> Parameters: u_1a2b3c4d5e6f708090a0b0c0d0e0f001(String)
<==    Columns: code
<==        Row: ADMIN
<==      Total: 1
Closing non transactional SqlSession [org.apache.ibatis.session.defaults.DefaultSqlSession@3e5651a9]
2026-08-15T16:50:36.264+08:00 DEBUG 18616 --- [iam-resource-service] [nio-9010-exec-3] c.RbacAuthoritiesOpaqueTokenIntrospector : [Introspect] 用户令牌注入 RBAC authorities, sub=u_1a2b3c4d5e6f708090a0b0c0d0e0f001, roles=[ADMIN]
2026-08-15T16:50:36.264+08:00 DEBUG 18616 --- [iam-resource-service] [nio-9010-exec-3] .s.r.a.OpaqueTokenAuthenticationProvider : Authenticated token
2026-08-15T16:50:36.265+08:00 DEBUG 18616 --- [iam-resource-service] [nio-9010-exec-3] .s.r.w.a.BearerTokenAuthenticationFilter : Set SecurityContextHolder to BearerTokenAuthentication [Principal=net.xzh.resource.config.RbacAuthoritiesOpaqueTokenIntrospector$EnrichedPrincipal@4202d4b6, Credentials=[PROTECTED], Authenticated=true, Details=WebAuthenticationDetails [RemoteIpAddress=127.0.0.1, SessionId=null], Granted Authorities=[SCOPE_read, SCOPE_openid, SCOPE_profile, SCOPE_write, ROLE_ADMIN, app:portal, app:oa, app:crm, app:erp, app:bi]]
2026-08-15T16:50:36.265+08:00 DEBUG 18616 --- [iam-resource-service] [nio-9010-exec-3] o.s.security.web.FilterChainProxy        : Secured GET /api/admin/user-roles/u_1a2b3c4d5e6f708090a0b0c0d0e0f002
Creating a new SqlSession
SqlSession [org.apache.ibatis.session.defaults.DefaultSqlSession@1d45500c] was not registered for synchronization because synchronization is not active
JDBC Connection [com.alibaba.druid.pool.DruidStatementConnection@2aa12e8c] will not be managed by Spring
==>  Preparing: SELECT ur.role_id FROM sys_user_role ur WHERE ur.user_code = ?
==> Parameters: u_1a2b3c4d5e6f708090a0b0c0d0e0f002(String)
<==    Columns: role_id
<==        Row: 1
<==      Total: 1
Closing non transactional SqlSession [org.apache.ibatis.session.defaults.DefaultSqlSession@1d45500c]
2026-08-15T16:50:36.280+08:00 DEBUG 18616 --- [iam-resource-service] [nio-9010-exec-4] o.s.security.web.FilterChainProxy        : Securing PUT /api/admin/user-roles/u_1a2b3c4d5e6f708090a0b0c0d0e0f002
Creating a new SqlSession
SqlSession [org.apache.ibatis.session.defaults.DefaultSqlSession@738c3fd] was not registered for synchronization because synchronization is not active
JDBC Connection [com.alibaba.druid.pool.DruidStatementConnection@2aa12e8c] will not be managed by Spring
==>  Preparing: SELECT DISTINCT r.code FROM sys_role r JOIN sys_user_role ur ON ur.role_id = r.id WHERE ur.user_code = ?
==> Parameters: u_1a2b3c4d5e6f708090a0b0c0d0e0f001(String)
<==    Columns: code
<==        Row: ADMIN
<==      Total: 1
Closing non transactional SqlSession [org.apache.ibatis.session.defaults.DefaultSqlSession@738c3fd]
Creating a new SqlSession
SqlSession [org.apache.ibatis.session.defaults.DefaultSqlSession@8e110e8] was not registered for synchronization because synchronization is not active
JDBC Connection [com.alibaba.druid.pool.DruidStatementConnection@2aa12e8c] will not be managed by Spring
==>  Preparing: SELECT DISTINCT p.code FROM sys_permission p JOIN sys_role_permission rp ON rp.permission_id = p.id JOIN sys_role r ON r.id = rp.role_id JOIN sys_user_role ur ON ur.role_id = r.id WHERE ur.user_code = ?
==> Parameters: u_1a2b3c4d5e6f708090a0b0c0d0e0f001(String)
<==    Columns: code
<==        Row: app:portal
<==        Row: app:oa
<==        Row: app:crm
<==        Row: app:erp
<==        Row: app:bi
<==      Total: 5
Closing non transactional SqlSession [org.apache.ibatis.session.defaults.DefaultSqlSession@8e110e8]
Creating a new SqlSession
SqlSession [org.apache.ibatis.session.defaults.DefaultSqlSession@51debb9c] was not registered for synchronization because synchronization is not active
JDBC Connection [com.alibaba.druid.pool.DruidStatementConnection@2aa12e8c] will not be managed by Spring
==>  Preparing: SELECT DISTINCT r.code FROM sys_role r JOIN sys_user_role ur ON ur.role_id = r.id WHERE ur.user_code = ?
==> Parameters: u_1a2b3c4d5e6f708090a0b0c0d0e0f001(String)
<==    Columns: code
<==        Row: ADMIN
<==      Total: 1
Closing non transactional SqlSession [org.apache.ibatis.session.defaults.DefaultSqlSession@51debb9c]
2026-08-15T16:50:36.386+08:00 DEBUG 18616 --- [iam-resource-service] [nio-9010-exec-4] c.RbacAuthoritiesOpaqueTokenIntrospector : [Introspect] 用户令牌注入 RBAC authorities, sub=u_1a2b3c4d5e6f708090a0b0c0d0e0f001, roles=[ADMIN]
2026-08-15T16:50:36.387+08:00 DEBUG 18616 --- [iam-resource-service] [nio-9010-exec-4] .s.r.a.OpaqueTokenAuthenticationProvider : Authenticated token
2026-08-15T16:50:36.387+08:00 DEBUG 18616 --- [iam-resource-service] [nio-9010-exec-4] .s.r.w.a.BearerTokenAuthenticationFilter : Set SecurityContextHolder to BearerTokenAuthentication [Principal=net.xzh.resource.config.RbacAuthoritiesOpaqueTokenIntrospector$EnrichedPrincipal@75d2863, Credentials=[PROTECTED], Authenticated=true, Details=WebAuthenticationDetails [RemoteIpAddress=127.0.0.1, SessionId=null], Granted Authorities=[SCOPE_read, SCOPE_openid, SCOPE_profile, SCOPE_write, ROLE_ADMIN, app:portal, app:oa, app:crm, app:erp, app:bi]]
2026-08-15T16:50:36.387+08:00 DEBUG 18616 --- [iam-resource-service] [nio-9010-exec-4] o.s.security.web.FilterChainProxy        : Secured PUT /api/admin/user-roles/u_1a2b3c4d5e6f708090a0b0c0d0e0f002
Creating a new SqlSession
Registering transaction synchronization for SqlSession [org.apache.ibatis.session.defaults.DefaultSqlSession@521af708]
JDBC Connection [com.alibaba.druid.pool.DruidStatementConnection@2aa12e8c] will be managed by Spring
==>  Preparing: DELETE FROM sys_user_role WHERE (user_code = ?)
==> Parameters: u_1a2b3c4d5e6f708090a0b0c0d0e0f002(String)
<==    Updates: 1
Releasing transactional SqlSession [org.apache.ibatis.session.defaults.DefaultSqlSession@521af708]
Fetched SqlSession [org.apache.ibatis.session.defaults.DefaultSqlSession@521af708] from current transaction
==>  Preparing: INSERT INTO sys_user_role ( user_code, role_id ) VALUES ( ?, ? )
==> Parameters: u_1a2b3c4d5e6f708090a0b0c0d0e0f002(String), 2(Long)
<==    Updates: 1
Releasing transactional SqlSession [org.apache.ibatis.session.defaults.DefaultSqlSession@521af708]
2026-08-15T16:50:36.399+08:00  INFO 18616 --- [iam-resource-service] [nio-9010-exec-4] net.xzh.resource.service.RbacService     : 为用户 user_code=u_1a2b3c4d5e6f708090a0b0c0d0e0f002 分配角色 roleIds=[2]
Transaction synchronization committing SqlSession [org.apache.ibatis.session.defaults.DefaultSqlSession@521af708]
Transaction synchronization deregistering SqlSession [org.apache.ibatis.session.defaults.DefaultSqlSession@521af708]
Transaction synchronization closing SqlSession [org.apache.ibatis.session.defaults.DefaultSqlSession@521af708]
2026-08-15T16:50:36.416+08:00 DEBUG 18616 --- [iam-resource-service] [nio-9010-exec-2] o.s.security.web.FilterChainProxy        : Securing GET /api/admin/user-roles/u_1a2b3c4d5e6f708090a0b0c0d0e0f002
Creating a new SqlSession
SqlSession [org.apache.ibatis.session.defaults.DefaultSqlSession@36e90147] was not registered for synchronization because synchronization is not active
JDBC Connection [com.alibaba.druid.pool.DruidStatementConnection@2aa12e8c] will not be managed by Spring
==>  Preparing: SELECT DISTINCT r.code FROM sys_role r JOIN sys_user_role ur ON ur.role_id = r.id WHERE ur.user_code = ?
==> Parameters: u_1a2b3c4d5e6f708090a0b0c0d0e0f001(String)
<==    Columns: code
<==        Row: ADMIN
<==      Total: 1
Closing non transactional SqlSession [org.apache.ibatis.session.defaults.DefaultSqlSession@36e90147]
Creating a new SqlSession
SqlSession [org.apache.ibatis.session.defaults.DefaultSqlSession@328b3b6a] was not registered for synchronization because synchronization is not active
JDBC Connection [com.alibaba.druid.pool.DruidStatementConnection@2aa12e8c] will not be managed by Spring
==>  Preparing: SELECT DISTINCT p.code FROM sys_permission p JOIN sys_role_permission rp ON rp.permission_id = p.id JOIN sys_role r ON r.id = rp.role_id JOIN sys_user_role ur ON ur.role_id = r.id WHERE ur.user_code = ?
==> Parameters: u_1a2b3c4d5e6f708090a0b0c0d0e0f001(String)
<==    Columns: code
<==        Row: app:portal
<==        Row: app:oa
<==        Row: app:crm
<==        Row: app:erp
<==        Row: app:bi
<==      Total: 5
Closing non transactional SqlSession [org.apache.ibatis.session.defaults.DefaultSqlSession@328b3b6a]
Creating a new SqlSession
SqlSession [org.apache.ibatis.session.defaults.DefaultSqlSession@37394c38] was not registered for synchronization because synchronization is not active
JDBC Connection [com.alibaba.druid.pool.DruidStatementConnection@2aa12e8c] will not be managed by Spring
==>  Preparing: SELECT DISTINCT r.code FROM sys_role r JOIN sys_user_role ur ON ur.role_id = r.id WHERE ur.user_code = ?
==> Parameters: u_1a2b3c4d5e6f708090a0b0c0d0e0f001(String)
<==    Columns: code
<==        Row: ADMIN
<==      Total: 1
Closing non transactional SqlSession [org.apache.ibatis.session.defaults.DefaultSqlSession@37394c38]
2026-08-15T16:50:36.526+08:00 DEBUG 18616 --- [iam-resource-service] [nio-9010-exec-2] c.RbacAuthoritiesOpaqueTokenIntrospector : [Introspect] 用户令牌注入 RBAC authorities, sub=u_1a2b3c4d5e6f708090a0b0c0d0e0f001, roles=[ADMIN]
2026-08-15T16:50:36.526+08:00 DEBUG 18616 --- [iam-resource-service] [nio-9010-exec-2] .s.r.a.OpaqueTokenAuthenticationProvider : Authenticated token
2026-08-15T16:50:36.526+08:00 DEBUG 18616 --- [iam-resource-service] [nio-9010-exec-2] .s.r.w.a.BearerTokenAuthenticationFilter : Set SecurityContextHolder to BearerTokenAuthentication [Principal=net.xzh.resource.config.RbacAuthoritiesOpaqueTokenIntrospector$EnrichedPrincipal@20ac6b36, Credentials=[PROTECTED], Authenticated=true, Details=WebAuthenticationDetails [RemoteIpAddress=127.0.0.1, SessionId=null], Granted Authorities=[SCOPE_read, SCOPE_openid, SCOPE_profile, SCOPE_write, ROLE_ADMIN, app:portal, app:oa, app:crm, app:erp, app:bi]]
2026-08-15T16:50:36.527+08:00 DEBUG 18616 --- [iam-resource-service] [nio-9010-exec-2] o.s.security.web.FilterChainProxy        : Secured GET /api/admin/user-roles/u_1a2b3c4d5e6f708090a0b0c0d0e0f002
Creating a new SqlSession
SqlSession [org.apache.ibatis.session.defaults.DefaultSqlSession@4d9e3f5e] was not registered for synchronization because synchronization is not active
JDBC Connection [com.alibaba.druid.pool.DruidStatementConnection@2aa12e8c] will not be managed by Spring
==>  Preparing: SELECT ur.role_id FROM sys_user_role ur WHERE ur.user_code = ?
==> Parameters: u_1a2b3c4d5e6f708090a0b0c0d0e0f002(String)
<==    Columns: role_id
<==        Row: 2
<==      Total: 1
Closing non transactional SqlSession [org.apache.ibatis.session.defaults.DefaultSqlSession@4d9e3f5e]
2026-08-15T16:50:45.456+08:00 DEBUG 18616 --- [iam-resource-service] [nio-9010-exec-6] o.s.security.web.FilterChainProxy        : Securing GET /api/internal/user/u_1a2b3c4d5e6f708090a0b0c0d0e0f002/roles
2026-08-15T16:50:45.565+08:00 DEBUG 18616 --- [iam-resource-service] [nio-9010-exec-6] c.RbacAuthoritiesOpaqueTokenIntrospector : [Introspect] 服务令牌注入 ROLE_SERVICE, sub=resource-server
2026-08-15T16:50:45.565+08:00 DEBUG 18616 --- [iam-resource-service] [nio-9010-exec-6] .s.r.a.OpaqueTokenAuthenticationProvider : Authenticated token
2026-08-15T16:50:45.566+08:00 DEBUG 18616 --- [iam-resource-service] [nio-9010-exec-6] .s.r.w.a.BearerTokenAuthenticationFilter : Set SecurityContextHolder to BearerTokenAuthentication [Principal=net.xzh.resource.config.RbacAuthoritiesOpaqueTokenIntrospector$EnrichedPrincipal@6f54c152, Credentials=[PROTECTED], Authenticated=true, Details=WebAuthenticationDetails [RemoteIpAddress=127.0.0.1, SessionId=null], Granted Authorities=[SCOPE_read, ROLE_SERVICE]]
2026-08-15T16:50:45.566+08:00 DEBUG 18616 --- [iam-resource-service] [nio-9010-exec-6] o.s.security.web.FilterChainProxy        : Secured GET /api/internal/user/u_1a2b3c4d5e6f708090a0b0c0d0e0f002/roles
Creating a new SqlSession
SqlSession [org.apache.ibatis.session.defaults.DefaultSqlSession@51aa7c41] was not registered for synchronization because synchronization is not active
JDBC Connection [com.alibaba.druid.pool.DruidStatementConnection@2aa12e8c] will not be managed by Spring
==>  Preparing: SELECT DISTINCT r.code FROM sys_role r JOIN sys_user_role ur ON ur.role_id = r.id WHERE ur.user_code = ?
==> Parameters: u_1a2b3c4d5e6f708090a0b0c0d0e0f002(String)
<==    Columns: code
<==        Row: USER
<==      Total: 1
Closing non transactional SqlSession [org.apache.ibatis.session.defaults.DefaultSqlSession@51aa7c41]
Creating a new SqlSession
SqlSession [org.apache.ibatis.session.defaults.DefaultSqlSession@7166d1d] was not registered for synchronization because synchronization is not active
JDBC Connection [com.alibaba.druid.pool.DruidStatementConnection@2aa12e8c] will not be managed by Spring
==>  Preparing: SELECT DISTINCT p.code FROM sys_permission p JOIN sys_role_permission rp ON rp.permission_id = p.id JOIN sys_role r ON r.id = rp.role_id JOIN sys_user_role ur ON ur.role_id = r.id WHERE ur.user_code = ?
==> Parameters: u_1a2b3c4d5e6f708090a0b0c0d0e0f002(String)
<==    Columns: code
<==        Row: app:portal
<==        Row: app:oa
<==      Total: 2
Closing non transactional SqlSession [org.apache.ibatis.session.defaults.DefaultSqlSession@7166d1d]
2026-08-15T16:52:02.871+08:00 DEBUG 18616 --- [iam-resource-service] [nio-9010-exec-8] o.s.security.web.FilterChainProxy        : Securing GET /api/internal/user/u_1a2b3c4d5e6f708090a0b0c0d0e0f001/roles
2026-08-15T16:52:02.958+08:00 DEBUG 18616 --- [iam-resource-service] [nio-9010-exec-8] c.RbacAuthoritiesOpaqueTokenIntrospector : [Introspect] 服务令牌注入 ROLE_SERVICE, sub=resource-server
2026-08-15T16:52:02.958+08:00 DEBUG 18616 --- [iam-resource-service] [nio-9010-exec-8] .s.r.a.OpaqueTokenAuthenticationProvider : Authenticated token
2026-08-15T16:52:02.959+08:00 DEBUG 18616 --- [iam-resource-service] [nio-9010-exec-8] .s.r.w.a.BearerTokenAuthenticationFilter : Set SecurityContextHolder to BearerTokenAuthentication [Principal=net.xzh.resource.config.RbacAuthoritiesOpaqueTokenIntrospector$EnrichedPrincipal@70bf4db5, Credentials=[PROTECTED], Authenticated=true, Details=WebAuthenticationDetails [RemoteIpAddress=127.0.0.1, SessionId=null], Granted Authorities=[SCOPE_read, ROLE_SERVICE]]
2026-08-15T16:52:02.960+08:00 DEBUG 18616 --- [iam-resource-service] [nio-9010-exec-8] o.s.security.web.FilterChainProxy        : Secured GET /api/internal/user/u_1a2b3c4d5e6f708090a0b0c0d0e0f001/roles
Creating a new SqlSession
SqlSession [org.apache.ibatis.session.defaults.DefaultSqlSession@68b777c3] was not registered for synchronization because synchronization is not active
JDBC Connection [com.alibaba.druid.pool.DruidStatementConnection@2aa12e8c] will not be managed by Spring
==>  Preparing: SELECT DISTINCT r.code FROM sys_role r JOIN sys_user_role ur ON ur.role_id = r.id WHERE ur.user_code = ?
==> Parameters: u_1a2b3c4d5e6f708090a0b0c0d0e0f001(String)
<==    Columns: code
<==        Row: ADMIN
<==      Total: 1
Closing non transactional SqlSession [org.apache.ibatis.session.defaults.DefaultSqlSession@68b777c3]
Creating a new SqlSession
SqlSession [org.apache.ibatis.session.defaults.DefaultSqlSession@6d0979be] was not registered for synchronization because synchronization is not active
JDBC Connection [com.alibaba.druid.pool.DruidStatementConnection@2aa12e8c] will not be managed by Spring
==>  Preparing: SELECT DISTINCT p.code FROM sys_permission p JOIN sys_role_permission rp ON rp.permission_id = p.id JOIN sys_role r ON r.id = rp.role_id JOIN sys_user_role ur ON ur.role_id = r.id WHERE ur.user_code = ?
==> Parameters: u_1a2b3c4d5e6f708090a0b0c0d0e0f001(String)
<==    Columns: code
<==        Row: app:portal
<==        Row: app:oa
<==        Row: app:crm
<==        Row: app:erp
<==        Row: app:bi
<==      Total: 5
Closing non transactional SqlSession [org.apache.ibatis.session.defaults.DefaultSqlSession@6d0979be]
2026-08-15T16:52:06.669+08:00 DEBUG 18616 --- [iam-resource-service] [nio-9010-exec-7] o.s.security.web.FilterChainProxy        : Securing GET /api/admin/permissions
Creating a new SqlSession
SqlSession [org.apache.ibatis.session.defaults.DefaultSqlSession@73af48d5] was not registered for synchronization because synchronization is not active
JDBC Connection [com.alibaba.druid.pool.DruidStatementConnection@2aa12e8c] will not be managed by Spring
==>  Preparing: SELECT DISTINCT r.code FROM sys_role r JOIN sys_user_role ur ON ur.role_id = r.id WHERE ur.user_code = ?
==> Parameters: u_1a2b3c4d5e6f708090a0b0c0d0e0f001(String)
<==    Columns: code
<==        Row: ADMIN
<==      Total: 1
Closing non transactional SqlSession [org.apache.ibatis.session.defaults.DefaultSqlSession@73af48d5]
Creating a new SqlSession
SqlSession [org.apache.ibatis.session.defaults.DefaultSqlSession@5f5298f7] was not registered for synchronization because synchronization is not active
JDBC Connection [com.alibaba.druid.pool.DruidStatementConnection@2aa12e8c] will not be managed by Spring
==>  Preparing: SELECT DISTINCT p.code FROM sys_permission p JOIN sys_role_permission rp ON rp.permission_id = p.id JOIN sys_role r ON r.id = rp.role_id JOIN sys_user_role ur ON ur.role_id = r.id WHERE ur.user_code = ?
==> Parameters: u_1a2b3c4d5e6f708090a0b0c0d0e0f001(String)
<==    Columns: code
<==        Row: app:portal
<==        Row: app:oa
<==        Row: app:crm
<==        Row: app:erp
<==        Row: app:bi
<==      Total: 5
Closing non transactional SqlSession [org.apache.ibatis.session.defaults.DefaultSqlSession@5f5298f7]
Creating a new SqlSession
SqlSession [org.apache.ibatis.session.defaults.DefaultSqlSession@410e4dd3] was not registered for synchronization because synchronization is not active
JDBC Connection [com.alibaba.druid.pool.DruidStatementConnection@2aa12e8c] will not be managed by Spring
==>  Preparing: SELECT DISTINCT r.code FROM sys_role r JOIN sys_user_role ur ON ur.role_id = r.id WHERE ur.user_code = ?
==> Parameters: u_1a2b3c4d5e6f708090a0b0c0d0e0f001(String)
<==    Columns: code
<==        Row: ADMIN
<==      Total: 1
Closing non transactional SqlSession [org.apache.ibatis.session.defaults.DefaultSqlSession@410e4dd3]
2026-08-15T16:52:06.772+08:00 DEBUG 18616 --- [iam-resource-service] [nio-9010-exec-7] c.RbacAuthoritiesOpaqueTokenIntrospector : [Introspect] 用户令牌注入 RBAC authorities, sub=u_1a2b3c4d5e6f708090a0b0c0d0e0f001, roles=[ADMIN]
2026-08-15T16:52:06.773+08:00 DEBUG 18616 --- [iam-resource-service] [nio-9010-exec-7] .s.r.a.OpaqueTokenAuthenticationProvider : Authenticated token
2026-08-15T16:52:06.773+08:00 DEBUG 18616 --- [iam-resource-service] [nio-9010-exec-7] .s.r.w.a.BearerTokenAuthenticationFilter : Set SecurityContextHolder to BearerTokenAuthentication [Principal=net.xzh.resource.config.RbacAuthoritiesOpaqueTokenIntrospector$EnrichedPrincipal@67d8fced, Credentials=[PROTECTED], Authenticated=true, Details=WebAuthenticationDetails [RemoteIpAddress=127.0.0.1, SessionId=null], Granted Authorities=[SCOPE_read, SCOPE_openid, SCOPE_profile, SCOPE_write, ROLE_ADMIN, app:portal, app:oa, app:crm, app:erp, app:bi]]
2026-08-15T16:52:06.773+08:00 DEBUG 18616 --- [iam-resource-service] [nio-9010-exec-7] o.s.security.web.FilterChainProxy        : Secured GET /api/admin/permissions
Creating a new SqlSession
SqlSession [org.apache.ibatis.session.defaults.DefaultSqlSession@5d636468] was not registered for synchronization because synchronization is not active
JDBC Connection [com.alibaba.druid.pool.DruidStatementConnection@2aa12e8c] will not be managed by Spring
==>  Preparing: SELECT id,code,name,type,remark,create_time FROM sys_permission ORDER BY id ASC
==> Parameters: 
<==    Columns: id, code, name, type, remark, create_time
<==        Row: 1, app:portal, 门户应用, app, 统一工作台门户, 2026-08-13 09:57:52
<==        Row: 2, app:oa, OA 办公系统, app, 办公自动化, 2026-08-13 09:57:52
<==        Row: 3, app:crm, CRM 客户管理, app, 客户关系管理, 2026-08-13 09:57:52
<==        Row: 4, app:erp, ERP 企业资源, app, 企业资源计划, 2026-08-13 09:57:52
<==        Row: 5, app:bi, BI 数据分析, app, 商业智能分析, 2026-08-13 09:57:52
<==      Total: 5
Closing non transactional SqlSession [org.apache.ibatis.session.defaults.DefaultSqlSession@5d636468]
2026-08-15T16:52:09.756+08:00 DEBUG 18616 --- [iam-resource-service] [io-9010-exec-10] o.s.security.web.FilterChainProxy        : Securing GET /api/admin/roles
Creating a new SqlSession
SqlSession [org.apache.ibatis.session.defaults.DefaultSqlSession@3c23edff] was not registered for synchronization because synchronization is not active
JDBC Connection [com.alibaba.druid.pool.DruidStatementConnection@2aa12e8c] will not be managed by Spring
==>  Preparing: SELECT DISTINCT r.code FROM sys_role r JOIN sys_user_role ur ON ur.role_id = r.id WHERE ur.user_code = ?
==> Parameters: u_1a2b3c4d5e6f708090a0b0c0d0e0f001(String)
<==    Columns: code
<==        Row: ADMIN
<==      Total: 1
Closing non transactional SqlSession [org.apache.ibatis.session.defaults.DefaultSqlSession@3c23edff]
Creating a new SqlSession
SqlSession [org.apache.ibatis.session.defaults.DefaultSqlSession@386f3fb3] was not registered for synchronization because synchronization is not active
JDBC Connection [com.alibaba.druid.pool.DruidStatementConnection@2aa12e8c] will not be managed by Spring
==>  Preparing: SELECT DISTINCT p.code FROM sys_permission p JOIN sys_role_permission rp ON rp.permission_id = p.id JOIN sys_role r ON r.id = rp.role_id JOIN sys_user_role ur ON ur.role_id = r.id WHERE ur.user_code = ?
==> Parameters: u_1a2b3c4d5e6f708090a0b0c0d0e0f001(String)
<==    Columns: code
<==        Row: app:portal
<==        Row: app:oa
<==        Row: app:crm
<==        Row: app:erp
<==        Row: app:bi
<==      Total: 5
Closing non transactional SqlSession [org.apache.ibatis.session.defaults.DefaultSqlSession@386f3fb3]
Creating a new SqlSession
SqlSession [org.apache.ibatis.session.defaults.DefaultSqlSession@5b2fc931] was not registered for synchronization because synchronization is not active
JDBC Connection [com.alibaba.druid.pool.DruidStatementConnection@2aa12e8c] will not be managed by Spring
==>  Preparing: SELECT DISTINCT r.code FROM sys_role r JOIN sys_user_role ur ON ur.role_id = r.id WHERE ur.user_code = ?
==> Parameters: u_1a2b3c4d5e6f708090a0b0c0d0e0f001(String)
<==    Columns: code
<==        Row: ADMIN
<==      Total: 1
Closing non transactional SqlSession [org.apache.ibatis.session.defaults.DefaultSqlSession@5b2fc931]
2026-08-15T16:52:09.867+08:00 DEBUG 18616 --- [iam-resource-service] [io-9010-exec-10] c.RbacAuthoritiesOpaqueTokenIntrospector : [Introspect] 用户令牌注入 RBAC authorities, sub=u_1a2b3c4d5e6f708090a0b0c0d0e0f001, roles=[ADMIN]
2026-08-15T16:52:09.867+08:00 DEBUG 18616 --- [iam-resource-service] [io-9010-exec-10] .s.r.a.OpaqueTokenAuthenticationProvider : Authenticated token
2026-08-15T16:52:09.868+08:00 DEBUG 18616 --- [iam-resource-service] [io-9010-exec-10] .s.r.w.a.BearerTokenAuthenticationFilter : Set SecurityContextHolder to BearerTokenAuthentication [Principal=net.xzh.resource.config.RbacAuthoritiesOpaqueTokenIntrospector$EnrichedPrincipal@117e2743, Credentials=[PROTECTED], Authenticated=true, Details=WebAuthenticationDetails [RemoteIpAddress=127.0.0.1, SessionId=null], Granted Authorities=[SCOPE_read, SCOPE_openid, SCOPE_profile, SCOPE_write, ROLE_ADMIN, app:portal, app:oa, app:crm, app:erp, app:bi]]
2026-08-15T16:52:09.868+08:00 DEBUG 18616 --- [iam-resource-service] [io-9010-exec-10] o.s.security.web.FilterChainProxy        : Secured GET /api/admin/roles
Creating a new SqlSession
SqlSession [org.apache.ibatis.session.defaults.DefaultSqlSession@6dbc1ca8] was not registered for synchronization because synchronization is not active
JDBC Connection [com.alibaba.druid.pool.DruidStatementConnection@2aa12e8c] will not be managed by Spring
==>  Preparing: SELECT id,code,name,remark,create_time,update_time FROM sys_role
==> Parameters: 
<==    Columns: id, code, name, remark, create_time, update_time
<==        Row: 1, ADMIN, 管理员, 拥有全部应用访问权限, 2026-08-13 09:57:52, 2026-08-13 09:57:52
<==        Row: 2, USER, 普通用户, 仅可访问门户与 OA, 2026-08-13 09:57:52, 2026-08-13 09:57:52
<==      Total: 2
Closing non transactional SqlSession [org.apache.ibatis.session.defaults.DefaultSqlSession@6dbc1ca8]
Creating a new SqlSession
SqlSession [org.apache.ibatis.session.defaults.DefaultSqlSession@1dd8aab6] was not registered for synchronization because synchronization is not active
JDBC Connection [com.alibaba.druid.pool.DruidStatementConnection@2aa12e8c] will not be managed by Spring
==>  Preparing: SELECT rp.permission_id FROM sys_role_permission rp WHERE rp.role_id = ?
==> Parameters: 1(Long)
<==    Columns: permission_id
<==        Row: 1
<==        Row: 2
<==        Row: 3
<==        Row: 4
<==        Row: 5
<==      Total: 5
Closing non transactional SqlSession [org.apache.ibatis.session.defaults.DefaultSqlSession@1dd8aab6]
Creating a new SqlSession
SqlSession [org.apache.ibatis.session.defaults.DefaultSqlSession@1afacf9a] was not registered for synchronization because synchronization is not active
JDBC Connection [com.alibaba.druid.pool.DruidStatementConnection@2aa12e8c] will not be managed by Spring
==>  Preparing: SELECT rp.permission_id FROM sys_role_permission rp WHERE rp.role_id = ?
==> Parameters: 2(Long)
<==    Columns: permission_id
<==        Row: 1
<==        Row: 2
<==      Total: 2
Closing non transactional SqlSession [org.apache.ibatis.session.defaults.DefaultSqlSession@1afacf9a]
2026-08-15T16:52:11.595+08:00 DEBUG 18616 --- [iam-resource-service] [nio-9010-exec-1] o.s.security.web.FilterChainProxy        : Securing GET /api/admin/roles
Creating a new SqlSession
SqlSession [org.apache.ibatis.session.defaults.DefaultSqlSession@6952c34c] was not registered for synchronization because synchronization is not active
JDBC Connection [com.alibaba.druid.pool.DruidStatementConnection@2aa12e8c] will not be managed by Spring
==>  Preparing: SELECT DISTINCT r.code FROM sys_role r JOIN sys_user_role ur ON ur.role_id = r.id WHERE ur.user_code = ?
==> Parameters: u_1a2b3c4d5e6f708090a0b0c0d0e0f001(String)
<==    Columns: code
<==        Row: ADMIN
<==      Total: 1
Closing non transactional SqlSession [org.apache.ibatis.session.defaults.DefaultSqlSession@6952c34c]
Creating a new SqlSession
SqlSession [org.apache.ibatis.session.defaults.DefaultSqlSession@7c0ccf3b] was not registered for synchronization because synchronization is not active
JDBC Connection [com.alibaba.druid.pool.DruidStatementConnection@2aa12e8c] will not be managed by Spring
==>  Preparing: SELECT DISTINCT p.code FROM sys_permission p JOIN sys_role_permission rp ON rp.permission_id = p.id JOIN sys_role r ON r.id = rp.role_id JOIN sys_user_role ur ON ur.role_id = r.id WHERE ur.user_code = ?
==> Parameters: u_1a2b3c4d5e6f708090a0b0c0d0e0f001(String)
<==    Columns: code
<==        Row: app:portal
<==        Row: app:oa
<==        Row: app:crm
<==        Row: app:erp
<==        Row: app:bi
<==      Total: 5
Closing non transactional SqlSession [org.apache.ibatis.session.defaults.DefaultSqlSession@7c0ccf3b]
Creating a new SqlSession
SqlSession [org.apache.ibatis.session.defaults.DefaultSqlSession@156f05d] was not registered for synchronization because synchronization is not active
JDBC Connection [com.alibaba.druid.pool.DruidStatementConnection@2aa12e8c] will not be managed by Spring
==>  Preparing: SELECT DISTINCT r.code FROM sys_role r JOIN sys_user_role ur ON ur.role_id = r.id WHERE ur.user_code = ?
==> Parameters: u_1a2b3c4d5e6f708090a0b0c0d0e0f001(String)
<==    Columns: code
<==        Row: ADMIN
<==      Total: 1
Closing non transactional SqlSession [org.apache.ibatis.session.defaults.DefaultSqlSession@156f05d]
2026-08-15T16:52:11.703+08:00 DEBUG 18616 --- [iam-resource-service] [nio-9010-exec-1] c.RbacAuthoritiesOpaqueTokenIntrospector : [Introspect] 用户令牌注入 RBAC authorities, sub=u_1a2b3c4d5e6f708090a0b0c0d0e0f001, roles=[ADMIN]
2026-08-15T16:52:11.704+08:00 DEBUG 18616 --- [iam-resource-service] [nio-9010-exec-1] .s.r.a.OpaqueTokenAuthenticationProvider : Authenticated token
2026-08-15T16:52:11.704+08:00 DEBUG 18616 --- [iam-resource-service] [nio-9010-exec-1] .s.r.w.a.BearerTokenAuthenticationFilter : Set SecurityContextHolder to BearerTokenAuthentication [Principal=net.xzh.resource.config.RbacAuthoritiesOpaqueTokenIntrospector$EnrichedPrincipal@4e1a375d, Credentials=[PROTECTED], Authenticated=true, Details=WebAuthenticationDetails [RemoteIpAddress=127.0.0.1, SessionId=null], Granted Authorities=[SCOPE_read, SCOPE_openid, SCOPE_profile, SCOPE_write, ROLE_ADMIN, app:portal, app:oa, app:crm, app:erp, app:bi]]
2026-08-15T16:52:11.704+08:00 DEBUG 18616 --- [iam-resource-service] [nio-9010-exec-1] o.s.security.web.FilterChainProxy        : Secured GET /api/admin/roles
Creating a new SqlSession
SqlSession [org.apache.ibatis.session.defaults.DefaultSqlSession@38ae1804] was not registered for synchronization because synchronization is not active
JDBC Connection [com.alibaba.druid.pool.DruidStatementConnection@2aa12e8c] will not be managed by Spring
==>  Preparing: SELECT id,code,name,remark,create_time,update_time FROM sys_role
==> Parameters: 
<==    Columns: id, code, name, remark, create_time, update_time
<==        Row: 1, ADMIN, 管理员, 拥有全部应用访问权限, 2026-08-13 09:57:52, 2026-08-13 09:57:52
<==        Row: 2, USER, 普通用户, 仅可访问门户与 OA, 2026-08-13 09:57:52, 2026-08-13 09:57:52
<==      Total: 2
Closing non transactional SqlSession [org.apache.ibatis.session.defaults.DefaultSqlSession@38ae1804]
Creating a new SqlSession
SqlSession [org.apache.ibatis.session.defaults.DefaultSqlSession@70387f55] was not registered for synchronization because synchronization is not active
JDBC Connection [com.alibaba.druid.pool.DruidStatementConnection@2aa12e8c] will not be managed by Spring
==>  Preparing: SELECT rp.permission_id FROM sys_role_permission rp WHERE rp.role_id = ?
==> Parameters: 1(Long)
<==    Columns: permission_id
<==        Row: 1
<==        Row: 2
<==        Row: 3
<==        Row: 4
<==        Row: 5
<==      Total: 5
Closing non transactional SqlSession [org.apache.ibatis.session.defaults.DefaultSqlSession@70387f55]
Creating a new SqlSession
SqlSession [org.apache.ibatis.session.defaults.DefaultSqlSession@2721450c] was not registered for synchronization because synchronization is not active
JDBC Connection [com.alibaba.druid.pool.DruidStatementConnection@2aa12e8c] will not be managed by Spring
==>  Preparing: SELECT rp.permission_id FROM sys_role_permission rp WHERE rp.role_id = ?
==> Parameters: 2(Long)
<==    Columns: permission_id
<==        Row: 1
<==        Row: 2
<==      Total: 2
Closing non transactional SqlSession [org.apache.ibatis.session.defaults.DefaultSqlSession@2721450c]
2026-08-15T16:52:11.998+08:00 DEBUG 18616 --- [iam-resource-service] [nio-9010-exec-3] o.s.security.web.FilterChainProxy        : Securing GET /api/admin/roles
Creating a new SqlSession
SqlSession [org.apache.ibatis.session.defaults.DefaultSqlSession@1d679ec6] was not registered for synchronization because synchronization is not active
JDBC Connection [com.alibaba.druid.pool.DruidStatementConnection@2aa12e8c] will not be managed by Spring
==>  Preparing: SELECT DISTINCT r.code FROM sys_role r JOIN sys_user_role ur ON ur.role_id = r.id WHERE ur.user_code = ?
==> Parameters: u_1a2b3c4d5e6f708090a0b0c0d0e0f001(String)
<==    Columns: code
<==        Row: ADMIN
<==      Total: 1
Closing non transactional SqlSession [org.apache.ibatis.session.defaults.DefaultSqlSession@1d679ec6]
Creating a new SqlSession
SqlSession [org.apache.ibatis.session.defaults.DefaultSqlSession@12313b03] was not registered for synchronization because synchronization is not active
JDBC Connection [com.alibaba.druid.pool.DruidStatementConnection@2aa12e8c] will not be managed by Spring
==>  Preparing: SELECT DISTINCT p.code FROM sys_permission p JOIN sys_role_permission rp ON rp.permission_id = p.id JOIN sys_role r ON r.id = rp.role_id JOIN sys_user_role ur ON ur.role_id = r.id WHERE ur.user_code = ?
==> Parameters: u_1a2b3c4d5e6f708090a0b0c0d0e0f001(String)
<==    Columns: code
<==        Row: app:portal
<==        Row: app:oa
<==        Row: app:crm
<==        Row: app:erp
<==        Row: app:bi
<==      Total: 5
Closing non transactional SqlSession [org.apache.ibatis.session.defaults.DefaultSqlSession@12313b03]
Creating a new SqlSession
SqlSession [org.apache.ibatis.session.defaults.DefaultSqlSession@4f75255] was not registered for synchronization because synchronization is not active
JDBC Connection [com.alibaba.druid.pool.DruidStatementConnection@2aa12e8c] will not be managed by Spring
==>  Preparing: SELECT DISTINCT r.code FROM sys_role r JOIN sys_user_role ur ON ur.role_id = r.id WHERE ur.user_code = ?
==> Parameters: u_1a2b3c4d5e6f708090a0b0c0d0e0f001(String)
<==    Columns: code
<==        Row: ADMIN
<==      Total: 1
Closing non transactional SqlSession [org.apache.ibatis.session.defaults.DefaultSqlSession@4f75255]
2026-08-15T16:52:12.107+08:00 DEBUG 18616 --- [iam-resource-service] [nio-9010-exec-3] c.RbacAuthoritiesOpaqueTokenIntrospector : [Introspect] 用户令牌注入 RBAC authorities, sub=u_1a2b3c4d5e6f708090a0b0c0d0e0f001, roles=[ADMIN]
2026-08-15T16:52:12.107+08:00 DEBUG 18616 --- [iam-resource-service] [nio-9010-exec-3] .s.r.a.OpaqueTokenAuthenticationProvider : Authenticated token
2026-08-15T16:52:12.108+08:00 DEBUG 18616 --- [iam-resource-service] [nio-9010-exec-3] .s.r.w.a.BearerTokenAuthenticationFilter : Set SecurityContextHolder to BearerTokenAuthentication [Principal=net.xzh.resource.config.RbacAuthoritiesOpaqueTokenIntrospector$EnrichedPrincipal@46c28a6b, Credentials=[PROTECTED], Authenticated=true, Details=WebAuthenticationDetails [RemoteIpAddress=127.0.0.1, SessionId=null], Granted Authorities=[SCOPE_read, SCOPE_openid, SCOPE_profile, SCOPE_write, ROLE_ADMIN, app:portal, app:oa, app:crm, app:erp, app:bi]]
2026-08-15T16:52:12.108+08:00 DEBUG 18616 --- [iam-resource-service] [nio-9010-exec-3] o.s.security.web.FilterChainProxy        : Secured GET /api/admin/roles
Creating a new SqlSession
SqlSession [org.apache.ibatis.session.defaults.DefaultSqlSession@58574877] was not registered for synchronization because synchronization is not active
JDBC Connection [com.alibaba.druid.pool.DruidStatementConnection@2aa12e8c] will not be managed by Spring
==>  Preparing: SELECT id,code,name,remark,create_time,update_time FROM sys_role
==> Parameters: 
<==    Columns: id, code, name, remark, create_time, update_time
<==        Row: 1, ADMIN, 管理员, 拥有全部应用访问权限, 2026-08-13 09:57:52, 2026-08-13 09:57:52
<==        Row: 2, USER, 普通用户, 仅可访问门户与 OA, 2026-08-13 09:57:52, 2026-08-13 09:57:52
<==      Total: 2
Closing non transactional SqlSession [org.apache.ibatis.session.defaults.DefaultSqlSession@58574877]
Creating a new SqlSession
SqlSession [org.apache.ibatis.session.defaults.DefaultSqlSession@393c0c5d] was not registered for synchronization because synchronization is not active
JDBC Connection [com.alibaba.druid.pool.DruidStatementConnection@2aa12e8c] will not be managed by Spring
==>  Preparing: SELECT rp.permission_id FROM sys_role_permission rp WHERE rp.role_id = ?
==> Parameters: 1(Long)
<==    Columns: permission_id
<==        Row: 1
<==        Row: 2
<==        Row: 3
<==        Row: 4
<==        Row: 5
<==      Total: 5
Closing non transactional SqlSession [org.apache.ibatis.session.defaults.DefaultSqlSession@393c0c5d]
Creating a new SqlSession
SqlSession [org.apache.ibatis.session.defaults.DefaultSqlSession@909a13b] was not registered for synchronization because synchronization is not active
JDBC Connection [com.alibaba.druid.pool.DruidStatementConnection@2aa12e8c] will not be managed by Spring
==>  Preparing: SELECT rp.permission_id FROM sys_role_permission rp WHERE rp.role_id = ?
==> Parameters: 2(Long)
<==    Columns: permission_id
<==        Row: 1
<==        Row: 2
<==      Total: 2
Closing non transactional SqlSession [org.apache.ibatis.session.defaults.DefaultSqlSession@909a13b]
2026-08-15T16:52:46.563+08:00 DEBUG 18616 --- [iam-resource-service] [nio-9010-exec-4] o.s.security.web.FilterChainProxy        : Securing GET /api/internal/user/u_1a2b3c4d5e6f708090a0b0c0d0e0f002/roles
2026-08-15T16:52:46.656+08:00 DEBUG 18616 --- [iam-resource-service] [nio-9010-exec-4] .s.r.a.OpaqueTokenAuthenticationProvider : Failed to authenticate since token was invalid
2026-08-15T16:52:46.752+08:00 DEBUG 18616 --- [iam-resource-service] [nio-9010-exec-2] o.s.security.web.FilterChainProxy        : Securing GET /api/internal/user/u_1a2b3c4d5e6f708090a0b0c0d0e0f002/roles
2026-08-15T16:52:46.839+08:00 DEBUG 18616 --- [iam-resource-service] [nio-9010-exec-2] .s.r.a.OpaqueTokenAuthenticationProvider : Failed to authenticate since token was invalid
2026-08-15T16:52:59.568+08:00 DEBUG 18616 --- [iam-resource-service] [nio-9010-exec-6] o.s.security.web.FilterChainProxy        : Securing GET /api/internal/user/u_1a2b3c4d5e6f708090a0b0c0d0e0f001/roles
2026-08-15T16:52:59.652+08:00 DEBUG 18616 --- [iam-resource-service] [nio-9010-exec-6] .s.r.a.OpaqueTokenAuthenticationProvider : Failed to authenticate since token was invalid
2026-08-15T16:52:59.743+08:00 DEBUG 18616 --- [iam-resource-service] [nio-9010-exec-5] o.s.security.web.FilterChainProxy        : Securing GET /api/internal/user/u_1a2b3c4d5e6f708090a0b0c0d0e0f001/roles
2026-08-15T16:52:59.828+08:00 DEBUG 18616 --- [iam-resource-service] [nio-9010-exec-5] .s.r.a.OpaqueTokenAuthenticationProvider : Failed to authenticate since token was invalid
2026-08-15T16:53:03.676+08:00 DEBUG 18616 --- [iam-resource-service] [nio-9010-exec-9] o.s.security.web.FilterChainProxy        : Securing GET /api/internal/user/u_1a2b3c4d5e6f708090a0b0c0d0e0f001/roles
2026-08-15T16:53:03.764+08:00 DEBUG 18616 --- [iam-resource-service] [nio-9010-exec-9] .s.r.a.OpaqueTokenAuthenticationProvider : Failed to authenticate since token was invalid
2026-08-15T16:53:03.860+08:00 DEBUG 18616 --- [iam-resource-service] [nio-9010-exec-8] o.s.security.web.FilterChainProxy        : Securing GET /api/internal/user/u_1a2b3c4d5e6f708090a0b0c0d0e0f001/roles
2026-08-15T16:53:03.948+08:00 DEBUG 18616 --- [iam-resource-service] [nio-9010-exec-8] .s.r.a.OpaqueTokenAuthenticationProvider : Failed to authenticate since token was invalid
2026-08-15T16:53:17.892+08:00 DEBUG 18616 --- [iam-resource-service] [io-9010-exec-10] o.s.security.web.FilterChainProxy        : Securing GET /api/internal/user/u_1a2b3c4d5e6f708090a0b0c0d0e0f001/roles
2026-08-15T16:53:17.979+08:00 DEBUG 18616 --- [iam-resource-service] [io-9010-exec-10] .s.r.a.OpaqueTokenAuthenticationProvider : Failed to authenticate since token was invalid
2026-08-15T16:53:18.277+08:00 DEBUG 18616 --- [iam-resource-service] [nio-9010-exec-1] o.s.security.web.FilterChainProxy        : Securing GET /api/internal/user/u_1a2b3c4d5e6f708090a0b0c0d0e0f001/roles
2026-08-15T16:53:18.367+08:00 DEBUG 18616 --- [iam-resource-service] [nio-9010-exec-1] .s.r.a.OpaqueTokenAuthenticationProvider : Failed to authenticate since token was invalid
2026-08-15T16:53:22.502+08:00 DEBUG 18616 --- [iam-resource-service] [nio-9010-exec-3] o.s.security.web.FilterChainProxy        : Securing GET /api/internal/user/u_1a2b3c4d5e6f708090a0b0c0d0e0f001/roles
2026-08-15T16:53:22.594+08:00 DEBUG 18616 --- [iam-resource-service] [nio-9010-exec-3] .s.r.a.OpaqueTokenAuthenticationProvider : Failed to authenticate since token was invalid
2026-08-15T16:53:22.688+08:00 DEBUG 18616 --- [iam-resource-service] [nio-9010-exec-4] o.s.security.web.FilterChainProxy        : Securing GET /api/internal/user/u_1a2b3c4d5e6f708090a0b0c0d0e0f001/roles
2026-08-15T16:53:22.774+08:00 DEBUG 18616 --- [iam-resource-service] [nio-9010-exec-4] .s.r.a.OpaqueTokenAuthenticationProvider : Failed to authenticate since token was invalid
2026-08-15T16:54:02.841+08:00 DEBUG 18616 --- [iam-resource-service] [nio-9010-exec-2] o.s.security.web.FilterChainProxy        : Securing GET /api/internal/user/u_1a2b3c4d5e6f708090a0b0c0d0e0f001/roles
2026-08-15T16:54:02.929+08:00 DEBUG 18616 --- [iam-resource-service] [nio-9010-exec-2] .s.r.a.OpaqueTokenAuthenticationProvider : Failed to authenticate since token was invalid
2026-08-15T16:54:03.027+08:00 DEBUG 18616 --- [iam-resource-service] [nio-9010-exec-6] o.s.security.web.FilterChainProxy        : Securing GET /api/internal/user/u_1a2b3c4d5e6f708090a0b0c0d0e0f001/roles
2026-08-15T16:54:03.115+08:00 DEBUG 18616 --- [iam-resource-service] [nio-9010-exec-6] .s.r.a.OpaqueTokenAuthenticationProvider : Failed to authenticate since token was invalid
2026-08-15T16:54:03.161+08:00 DEBUG 18616 --- [iam-resource-service] [nio-9010-exec-5] o.s.security.web.FilterChainProxy        : Securing GET /api/internal/user/u_1a2b3c4d5e6f708090a0b0c0d0e0f001/roles
2026-08-15T16:54:03.259+08:00 DEBUG 18616 --- [iam-resource-service] [nio-9010-exec-5] .s.r.a.OpaqueTokenAuthenticationProvider : Failed to authenticate since token was invalid
2026-08-15T16:54:06.134+08:00 DEBUG 18616 --- [iam-resource-service] [nio-9010-exec-9] o.s.security.web.FilterChainProxy        : Securing GET /api/internal/user/u_1a2b3c4d5e6f708090a0b0c0d0e0f001/roles
2026-08-15T16:54:06.228+08:00 DEBUG 18616 --- [iam-resource-service] [nio-9010-exec-9] .s.r.a.OpaqueTokenAuthenticationProvider : Failed to authenticate since token was invalid
2026-08-15T16:54:06.323+08:00 DEBUG 18616 --- [iam-resource-service] [nio-9010-exec-8] o.s.security.web.FilterChainProxy        : Securing GET /api/internal/user/u_1a2b3c4d5e6f708090a0b0c0d0e0f001/roles
2026-08-15T16:54:06.411+08:00 DEBUG 18616 --- [iam-resource-service] [nio-9010-exec-8] .s.r.a.OpaqueTokenAuthenticationProvider : Failed to authenticate since token was invalid
2026-08-15T16:55:03.638+08:00 DEBUG 18616 --- [iam-resource-service] [nio-9010-exec-7] o.s.security.web.FilterChainProxy        : Securing GET /api/internal/user/u_1a2b3c4d5e6f708090a0b0c0d0e0f001/roles
2026-08-15T16:55:03.725+08:00 DEBUG 18616 --- [iam-resource-service] [nio-9010-exec-7] c.RbacAuthoritiesOpaqueTokenIntrospector : [Introspect] 服务令牌注入 ROLE_SERVICE, sub=resource-server
2026-08-15T16:55:03.726+08:00 DEBUG 18616 --- [iam-resource-service] [nio-9010-exec-7] .s.r.a.OpaqueTokenAuthenticationProvider : Authenticated token
2026-08-15T16:55:03.726+08:00 DEBUG 18616 --- [iam-resource-service] [nio-9010-exec-7] .s.r.w.a.BearerTokenAuthenticationFilter : Set SecurityContextHolder to BearerTokenAuthentication [Principal=net.xzh.resource.config.RbacAuthoritiesOpaqueTokenIntrospector$EnrichedPrincipal@70cda822, Credentials=[PROTECTED], Authenticated=true, Details=WebAuthenticationDetails [RemoteIpAddress=127.0.0.1, SessionId=null], Granted Authorities=[SCOPE_read, ROLE_SERVICE]]
2026-08-15T16:55:03.726+08:00 DEBUG 18616 --- [iam-resource-service] [nio-9010-exec-7] o.s.security.web.FilterChainProxy        : Secured GET /api/internal/user/u_1a2b3c4d5e6f708090a0b0c0d0e0f001/roles
Creating a new SqlSession
SqlSession [org.apache.ibatis.session.defaults.DefaultSqlSession@50d20d42] was not registered for synchronization because synchronization is not active
JDBC Connection [com.alibaba.druid.pool.DruidStatementConnection@2aa12e8c] will not be managed by Spring
==>  Preparing: SELECT DISTINCT r.code FROM sys_role r JOIN sys_user_role ur ON ur.role_id = r.id WHERE ur.user_code = ?
==> Parameters: u_1a2b3c4d5e6f708090a0b0c0d0e0f001(String)
<==    Columns: code
<==        Row: ADMIN
<==      Total: 1
Closing non transactional SqlSession [org.apache.ibatis.session.defaults.DefaultSqlSession@50d20d42]
Creating a new SqlSession
SqlSession [org.apache.ibatis.session.defaults.DefaultSqlSession@634bf687] was not registered for synchronization because synchronization is not active
JDBC Connection [com.alibaba.druid.pool.DruidStatementConnection@2aa12e8c] will not be managed by Spring
==>  Preparing: SELECT DISTINCT p.code FROM sys_permission p JOIN sys_role_permission rp ON rp.permission_id = p.id JOIN sys_role r ON r.id = rp.role_id JOIN sys_user_role ur ON ur.role_id = r.id WHERE ur.user_code = ?
==> Parameters: u_1a2b3c4d5e6f708090a0b0c0d0e0f001(String)
<==    Columns: code
<==        Row: app:portal
<==        Row: app:oa
<==        Row: app:crm
<==        Row: app:erp
<==        Row: app:bi
<==      Total: 5
Closing non transactional SqlSession [org.apache.ibatis.session.defaults.DefaultSqlSession@634bf687]
2026-08-15T16:55:23.230+08:00 DEBUG 18616 --- [iam-resource-service] [nio-9010-exec-3] o.s.security.web.FilterChainProxy        : Securing GET /api/internal/user/u_1a2b3c4d5e6f708090a0b0c0d0e0f001/roles
2026-08-15T16:55:23.317+08:00 DEBUG 18616 --- [iam-resource-service] [nio-9010-exec-3] .s.r.a.OpaqueTokenAuthenticationProvider : Failed to authenticate since token was invalid
2026-08-15T16:55:23.411+08:00 DEBUG 18616 --- [iam-resource-service] [nio-9010-exec-4] o.s.security.web.FilterChainProxy        : Securing GET /api/internal/user/u_1a2b3c4d5e6f708090a0b0c0d0e0f001/roles
2026-08-15T16:55:23.499+08:00 DEBUG 18616 --- [iam-resource-service] [nio-9010-exec-4] .s.r.a.OpaqueTokenAuthenticationProvider : Failed to authenticate since token was invalid
2026-08-15T16:55:23.535+08:00 DEBUG 18616 --- [iam-resource-service] [nio-9010-exec-2] o.s.security.web.FilterChainProxy        : Securing GET /api/internal/user/u_1a2b3c4d5e6f708090a0b0c0d0e0f001/roles
2026-08-15T16:55:23.622+08:00 DEBUG 18616 --- [iam-resource-service] [nio-9010-exec-2] .s.r.a.OpaqueTokenAuthenticationProvider : Failed to authenticate since token was invalid
2026-08-15T16:55:52.552+08:00 DEBUG 18616 --- [iam-resource-service] [nio-9010-exec-6] o.s.security.web.FilterChainProxy        : Securing GET /api/internal/user/u_1a2b3c4d5e6f708090a0b0c0d0e0f001/roles
2026-08-15T16:55:52.652+08:00 DEBUG 18616 --- [iam-resource-service] [nio-9010-exec-6] c.RbacAuthoritiesOpaqueTokenIntrospector : [Introspect] 服务令牌注入 ROLE_SERVICE, sub=resource-server
2026-08-15T16:55:52.653+08:00 DEBUG 18616 --- [iam-resource-service] [nio-9010-exec-6] .s.r.a.OpaqueTokenAuthenticationProvider : Authenticated token
2026-08-15T16:55:52.653+08:00 DEBUG 18616 --- [iam-resource-service] [nio-9010-exec-6] .s.r.w.a.BearerTokenAuthenticationFilter : Set SecurityContextHolder to BearerTokenAuthentication [Principal=net.xzh.resource.config.RbacAuthoritiesOpaqueTokenIntrospector$EnrichedPrincipal@4c4b5709, Credentials=[PROTECTED], Authenticated=true, Details=WebAuthenticationDetails [RemoteIpAddress=127.0.0.1, SessionId=null], Granted Authorities=[SCOPE_read, ROLE_SERVICE]]
2026-08-15T16:55:52.654+08:00 DEBUG 18616 --- [iam-resource-service] [nio-9010-exec-6] o.s.security.web.FilterChainProxy        : Secured GET /api/internal/user/u_1a2b3c4d5e6f708090a0b0c0d0e0f001/roles
Creating a new SqlSession
SqlSession [org.apache.ibatis.session.defaults.DefaultSqlSession@9ad25ef] was not registered for synchronization because synchronization is not active
JDBC Connection [com.alibaba.druid.pool.DruidStatementConnection@2aa12e8c] will not be managed by Spring
==>  Preparing: SELECT DISTINCT r.code FROM sys_role r JOIN sys_user_role ur ON ur.role_id = r.id WHERE ur.user_code = ?
==> Parameters: u_1a2b3c4d5e6f708090a0b0c0d0e0f001(String)
<==    Columns: code
<==        Row: ADMIN
<==      Total: 1
Closing non transactional SqlSession [org.apache.ibatis.session.defaults.DefaultSqlSession@9ad25ef]
Creating a new SqlSession
SqlSession [org.apache.ibatis.session.defaults.DefaultSqlSession@78345c90] was not registered for synchronization because synchronization is not active
JDBC Connection [com.alibaba.druid.pool.DruidStatementConnection@2aa12e8c] will not be managed by Spring
==>  Preparing: SELECT DISTINCT p.code FROM sys_permission p JOIN sys_role_permission rp ON rp.permission_id = p.id JOIN sys_role r ON r.id = rp.role_id JOIN sys_user_role ur ON ur.role_id = r.id WHERE ur.user_code = ?
==> Parameters: u_1a2b3c4d5e6f708090a0b0c0d0e0f001(String)
<==    Columns: code
<==        Row: app:portal
<==        Row: app:oa
<==        Row: app:crm
<==        Row: app:erp
<==        Row: app:bi
<==      Total: 5
Closing non transactional SqlSession [org.apache.ibatis.session.defaults.DefaultSqlSession@78345c90]
2026-08-15T17:00:19.481+08:00 DEBUG 18616 --- [iam-resource-service] [nio-9010-exec-8] o.s.security.web.FilterChainProxy        : Securing GET /api/internal/user/u_1a2b3c4d5e6f708090a0b0c0d0e0f001/roles
2026-08-15T17:00:19.582+08:00 DEBUG 18616 --- [iam-resource-service] [nio-9010-exec-8] c.RbacAuthoritiesOpaqueTokenIntrospector : [Introspect] 服务令牌注入 ROLE_SERVICE, sub=resource-server
2026-08-15T17:00:19.582+08:00 DEBUG 18616 --- [iam-resource-service] [nio-9010-exec-8] .s.r.a.OpaqueTokenAuthenticationProvider : Authenticated token
2026-08-15T17:00:19.583+08:00 DEBUG 18616 --- [iam-resource-service] [nio-9010-exec-8] .s.r.w.a.BearerTokenAuthenticationFilter : Set SecurityContextHolder to BearerTokenAuthentication [Principal=net.xzh.resource.config.RbacAuthoritiesOpaqueTokenIntrospector$EnrichedPrincipal@66582cee, Credentials=[PROTECTED], Authenticated=true, Details=WebAuthenticationDetails [RemoteIpAddress=127.0.0.1, SessionId=null], Granted Authorities=[SCOPE_read, ROLE_SERVICE]]
2026-08-15T17:00:19.583+08:00 DEBUG 18616 --- [iam-resource-service] [nio-9010-exec-8] o.s.security.web.FilterChainProxy        : Secured GET /api/internal/user/u_1a2b3c4d5e6f708090a0b0c0d0e0f001/roles
Creating a new SqlSession
SqlSession [org.apache.ibatis.session.defaults.DefaultSqlSession@bf40343] was not registered for synchronization because synchronization is not active
JDBC Connection [com.alibaba.druid.pool.DruidStatementConnection@2aa12e8c] will not be managed by Spring
==>  Preparing: SELECT DISTINCT r.code FROM sys_role r JOIN sys_user_role ur ON ur.role_id = r.id WHERE ur.user_code = ?
==> Parameters: u_1a2b3c4d5e6f708090a0b0c0d0e0f001(String)
<==    Columns: code
<==        Row: ADMIN
<==      Total: 1
Closing non transactional SqlSession [org.apache.ibatis.session.defaults.DefaultSqlSession@bf40343]
Creating a new SqlSession
SqlSession [org.apache.ibatis.session.defaults.DefaultSqlSession@2c6ee45d] was not registered for synchronization because synchronization is not active
JDBC Connection [com.alibaba.druid.pool.DruidStatementConnection@2aa12e8c] will not be managed by Spring
==>  Preparing: SELECT DISTINCT p.code FROM sys_permission p JOIN sys_role_permission rp ON rp.permission_id = p.id JOIN sys_role r ON r.id = rp.role_id JOIN sys_user_role ur ON ur.role_id = r.id WHERE ur.user_code = ?
==> Parameters: u_1a2b3c4d5e6f708090a0b0c0d0e0f001(String)
<==    Columns: code
<==        Row: app:portal
<==        Row: app:oa
<==        Row: app:crm
<==        Row: app:erp
<==        Row: app:bi
<==      Total: 5
Closing non transactional SqlSession [org.apache.ibatis.session.defaults.DefaultSqlSession@2c6ee45d]
2026-08-15T17:08:32.945+08:00 DEBUG 18616 --- [iam-resource-service] [io-9010-exec-10] o.s.security.web.FilterChainProxy        : Securing GET /api/internal/user/u_1a2b3c4d5e6f708090a0b0c0d0e0f001/roles
2026-08-15T17:08:33.072+08:00 DEBUG 18616 --- [iam-resource-service] [io-9010-exec-10] c.RbacAuthoritiesOpaqueTokenIntrospector : [Introspect] 服务令牌注入 ROLE_SERVICE, sub=resource-server
2026-08-15T17:08:33.073+08:00 DEBUG 18616 --- [iam-resource-service] [io-9010-exec-10] .s.r.a.OpaqueTokenAuthenticationProvider : Authenticated token
2026-08-15T17:08:33.073+08:00 DEBUG 18616 --- [iam-resource-service] [io-9010-exec-10] .s.r.w.a.BearerTokenAuthenticationFilter : Set SecurityContextHolder to BearerTokenAuthentication [Principal=net.xzh.resource.config.RbacAuthoritiesOpaqueTokenIntrospector$EnrichedPrincipal@373c8562, Credentials=[PROTECTED], Authenticated=true, Details=WebAuthenticationDetails [RemoteIpAddress=127.0.0.1, SessionId=null], Granted Authorities=[SCOPE_read, ROLE_SERVICE]]
2026-08-15T17:08:33.074+08:00 DEBUG 18616 --- [iam-resource-service] [io-9010-exec-10] o.s.security.web.FilterChainProxy        : Secured GET /api/internal/user/u_1a2b3c4d5e6f708090a0b0c0d0e0f001/roles
Creating a new SqlSession
SqlSession [org.apache.ibatis.session.defaults.DefaultSqlSession@324534f2] was not registered for synchronization because synchronization is not active
JDBC Connection [com.alibaba.druid.pool.DruidStatementConnection@2aa12e8c] will not be managed by Spring
==>  Preparing: SELECT DISTINCT r.code FROM sys_role r JOIN sys_user_role ur ON ur.role_id = r.id WHERE ur.user_code = ?
==> Parameters: u_1a2b3c4d5e6f708090a0b0c0d0e0f001(String)
<==    Columns: code
<==        Row: ADMIN
<==      Total: 1
Closing non transactional SqlSession [org.apache.ibatis.session.defaults.DefaultSqlSession@324534f2]
Creating a new SqlSession
SqlSession [org.apache.ibatis.session.defaults.DefaultSqlSession@afc3a8a] was not registered for synchronization because synchronization is not active
JDBC Connection [com.alibaba.druid.pool.DruidStatementConnection@2aa12e8c] will not be managed by Spring
==>  Preparing: SELECT DISTINCT p.code FROM sys_permission p JOIN sys_role_permission rp ON rp.permission_id = p.id JOIN sys_role r ON r.id = rp.role_id JOIN sys_user_role ur ON ur.role_id = r.id WHERE ur.user_code = ?
==> Parameters: u_1a2b3c4d5e6f708090a0b0c0d0e0f001(String)
<==    Columns: code
<==        Row: app:portal
<==        Row: app:oa
<==        Row: app:crm
<==        Row: app:erp
<==        Row: app:bi
<==      Total: 5
Closing non transactional SqlSession [org.apache.ibatis.session.defaults.DefaultSqlSession@afc3a8a]
2026-08-15T17:14:41.944+08:00 DEBUG 18616 --- [iam-resource-service] [nio-9010-exec-3] o.s.security.web.FilterChainProxy        : Securing GET /api/internal/user/u_1a2b3c4d5e6f708090a0b0c0d0e0f001/roles
2026-08-15T17:14:42.048+08:00 DEBUG 18616 --- [iam-resource-service] [nio-9010-exec-3] .s.r.a.OpaqueTokenAuthenticationProvider : Failed to authenticate since token was invalid
2026-08-15T17:14:42.151+08:00 DEBUG 18616 --- [iam-resource-service] [nio-9010-exec-4] o.s.security.web.FilterChainProxy        : Securing GET /api/internal/user/u_1a2b3c4d5e6f708090a0b0c0d0e0f001/roles
2026-08-15T17:14:42.246+08:00 DEBUG 18616 --- [iam-resource-service] [nio-9010-exec-4] c.RbacAuthoritiesOpaqueTokenIntrospector : [Introspect] 服务令牌注入 ROLE_SERVICE, sub=resource-server
2026-08-15T17:14:42.246+08:00 DEBUG 18616 --- [iam-resource-service] [nio-9010-exec-4] .s.r.a.OpaqueTokenAuthenticationProvider : Authenticated token
2026-08-15T17:14:42.247+08:00 DEBUG 18616 --- [iam-resource-service] [nio-9010-exec-4] .s.r.w.a.BearerTokenAuthenticationFilter : Set SecurityContextHolder to BearerTokenAuthentication [Principal=net.xzh.resource.config.RbacAuthoritiesOpaqueTokenIntrospector$EnrichedPrincipal@6649fb9b, Credentials=[PROTECTED], Authenticated=true, Details=WebAuthenticationDetails [RemoteIpAddress=127.0.0.1, SessionId=null], Granted Authorities=[SCOPE_read, ROLE_SERVICE]]
2026-08-15T17:14:42.247+08:00 DEBUG 18616 --- [iam-resource-service] [nio-9010-exec-4] o.s.security.web.FilterChainProxy        : Secured GET /api/internal/user/u_1a2b3c4d5e6f708090a0b0c0d0e0f001/roles
Creating a new SqlSession
SqlSession [org.apache.ibatis.session.defaults.DefaultSqlSession@575669ef] was not registered for synchronization because synchronization is not active
JDBC Connection [com.alibaba.druid.pool.DruidStatementConnection@2aa12e8c] will not be managed by Spring
==>  Preparing: SELECT DISTINCT r.code FROM sys_role r JOIN sys_user_role ur ON ur.role_id = r.id WHERE ur.user_code = ?
==> Parameters: u_1a2b3c4d5e6f708090a0b0c0d0e0f001(String)
<==    Columns: code
<==        Row: ADMIN
<==      Total: 1
Closing non transactional SqlSession [org.apache.ibatis.session.defaults.DefaultSqlSession@575669ef]
Creating a new SqlSession
SqlSession [org.apache.ibatis.session.defaults.DefaultSqlSession@283f24eb] was not registered for synchronization because synchronization is not active
JDBC Connection [com.alibaba.druid.pool.DruidStatementConnection@2aa12e8c] will not be managed by Spring
==>  Preparing: SELECT DISTINCT p.code FROM sys_permission p JOIN sys_role_permission rp ON rp.permission_id = p.id JOIN sys_role r ON r.id = rp.role_id JOIN sys_user_role ur ON ur.role_id = r.id WHERE ur.user_code = ?
==> Parameters: u_1a2b3c4d5e6f708090a0b0c0d0e0f001(String)
<==    Columns: code
<==        Row: app:portal
<==        Row: app:oa
<==        Row: app:crm
<==        Row: app:erp
<==        Row: app:bi
<==      Total: 5
Closing non transactional SqlSession [org.apache.ibatis.session.defaults.DefaultSqlSession@283f24eb]
2026-08-15T17:38:13.622+08:00 DEBUG 18616 --- [iam-resource-service] [nio-9010-exec-6] o.s.security.web.FilterChainProxy        : Securing GET /api/internal/user/u_1a2b3c4d5e6f708090a0b0c0d0e0f001/roles
2026-08-15T17:38:13.720+08:00 DEBUG 18616 --- [iam-resource-service] [nio-9010-exec-6] .s.r.a.OpaqueTokenAuthenticationProvider : Failed to authenticate since token was invalid
2026-08-15T17:38:13.814+08:00 DEBUG 18616 --- [iam-resource-service] [nio-9010-exec-5] o.s.security.web.FilterChainProxy        : Securing GET /api/internal/user/u_1a2b3c4d5e6f708090a0b0c0d0e0f001/roles
2026-08-15T17:38:13.901+08:00 DEBUG 18616 --- [iam-resource-service] [nio-9010-exec-5] c.RbacAuthoritiesOpaqueTokenIntrospector : [Introspect] 服务令牌注入 ROLE_SERVICE, sub=resource-server
2026-08-15T17:38:13.901+08:00 DEBUG 18616 --- [iam-resource-service] [nio-9010-exec-5] .s.r.a.OpaqueTokenAuthenticationProvider : Authenticated token
2026-08-15T17:38:13.902+08:00 DEBUG 18616 --- [iam-resource-service] [nio-9010-exec-5] .s.r.w.a.BearerTokenAuthenticationFilter : Set SecurityContextHolder to BearerTokenAuthentication [Principal=net.xzh.resource.config.RbacAuthoritiesOpaqueTokenIntrospector$EnrichedPrincipal@66cd7487, Credentials=[PROTECTED], Authenticated=true, Details=WebAuthenticationDetails [RemoteIpAddress=127.0.0.1, SessionId=null], Granted Authorities=[SCOPE_read, ROLE_SERVICE]]
2026-08-15T17:38:13.902+08:00 DEBUG 18616 --- [iam-resource-service] [nio-9010-exec-5] o.s.security.web.FilterChainProxy        : Secured GET /api/internal/user/u_1a2b3c4d5e6f708090a0b0c0d0e0f001/roles
Creating a new SqlSession
SqlSession [org.apache.ibatis.session.defaults.DefaultSqlSession@23cff63a] was not registered for synchronization because synchronization is not active
JDBC Connection [com.alibaba.druid.pool.DruidStatementConnection@2aa12e8c] will not be managed by Spring
==>  Preparing: SELECT DISTINCT r.code FROM sys_role r JOIN sys_user_role ur ON ur.role_id = r.id WHERE ur.user_code = ?
==> Parameters: u_1a2b3c4d5e6f708090a0b0c0d0e0f001(String)
<==    Columns: code
<==        Row: ADMIN
<==      Total: 1
Closing non transactional SqlSession [org.apache.ibatis.session.defaults.DefaultSqlSession@23cff63a]
Creating a new SqlSession
SqlSession [org.apache.ibatis.session.defaults.DefaultSqlSession@1fc24291] was not registered for synchronization because synchronization is not active
JDBC Connection [com.alibaba.druid.pool.DruidStatementConnection@2aa12e8c] will not be managed by Spring
==>  Preparing: SELECT DISTINCT p.code FROM sys_permission p JOIN sys_role_permission rp ON rp.permission_id = p.id JOIN sys_role r ON r.id = rp.role_id JOIN sys_user_role ur ON ur.role_id = r.id WHERE ur.user_code = ?
==> Parameters: u_1a2b3c4d5e6f708090a0b0c0d0e0f001(String)
<==    Columns: code
<==        Row: app:portal
<==        Row: app:oa
<==        Row: app:crm
<==        Row: app:erp
<==        Row: app:bi
<==      Total: 5
Closing non transactional SqlSession [org.apache.ibatis.session.defaults.DefaultSqlSession@1fc24291]
2026-08-15T17:38:31.019+08:00 DEBUG 18616 --- [iam-resource-service] [nio-9010-exec-9] o.s.security.web.FilterChainProxy        : Securing GET /api/admin/roles
Creating a new SqlSession
SqlSession [org.apache.ibatis.session.defaults.DefaultSqlSession@3c2527f8] was not registered for synchronization because synchronization is not active
JDBC Connection [com.alibaba.druid.pool.DruidStatementConnection@2aa12e8c] will not be managed by Spring
==>  Preparing: SELECT DISTINCT r.code FROM sys_role r JOIN sys_user_role ur ON ur.role_id = r.id WHERE ur.user_code = ?
==> Parameters: u_1a2b3c4d5e6f708090a0b0c0d0e0f001(String)
<==    Columns: code
<==        Row: ADMIN
<==      Total: 1
Closing non transactional SqlSession [org.apache.ibatis.session.defaults.DefaultSqlSession@3c2527f8]
Creating a new SqlSession
SqlSession [org.apache.ibatis.session.defaults.DefaultSqlSession@36dd4c88] was not registered for synchronization because synchronization is not active
JDBC Connection [com.alibaba.druid.pool.DruidStatementConnection@2aa12e8c] will not be managed by Spring
==>  Preparing: SELECT DISTINCT p.code FROM sys_permission p JOIN sys_role_permission rp ON rp.permission_id = p.id JOIN sys_role r ON r.id = rp.role_id JOIN sys_user_role ur ON ur.role_id = r.id WHERE ur.user_code = ?
==> Parameters: u_1a2b3c4d5e6f708090a0b0c0d0e0f001(String)
<==    Columns: code
<==        Row: app:portal
<==        Row: app:oa
<==        Row: app:crm
<==        Row: app:erp
<==        Row: app:bi
<==      Total: 5
Closing non transactional SqlSession [org.apache.ibatis.session.defaults.DefaultSqlSession@36dd4c88]
Creating a new SqlSession
SqlSession [org.apache.ibatis.session.defaults.DefaultSqlSession@66503753] was not registered for synchronization because synchronization is not active
JDBC Connection [com.alibaba.druid.pool.DruidStatementConnection@2aa12e8c] will not be managed by Spring
==>  Preparing: SELECT DISTINCT r.code FROM sys_role r JOIN sys_user_role ur ON ur.role_id = r.id WHERE ur.user_code = ?
==> Parameters: u_1a2b3c4d5e6f708090a0b0c0d0e0f001(String)
<==    Columns: code
<==        Row: ADMIN
<==      Total: 1
Closing non transactional SqlSession [org.apache.ibatis.session.defaults.DefaultSqlSession@66503753]
2026-08-15T17:38:31.122+08:00 DEBUG 18616 --- [iam-resource-service] [nio-9010-exec-9] c.RbacAuthoritiesOpaqueTokenIntrospector : [Introspect] 用户令牌注入 RBAC authorities, sub=u_1a2b3c4d5e6f708090a0b0c0d0e0f001, roles=[ADMIN]
2026-08-15T17:38:31.122+08:00 DEBUG 18616 --- [iam-resource-service] [nio-9010-exec-9] .s.r.a.OpaqueTokenAuthenticationProvider : Authenticated token
2026-08-15T17:38:31.122+08:00 DEBUG 18616 --- [iam-resource-service] [nio-9010-exec-9] .s.r.w.a.BearerTokenAuthenticationFilter : Set SecurityContextHolder to BearerTokenAuthentication [Principal=net.xzh.resource.config.RbacAuthoritiesOpaqueTokenIntrospector$EnrichedPrincipal@1e83bae3, Credentials=[PROTECTED], Authenticated=true, Details=WebAuthenticationDetails [RemoteIpAddress=127.0.0.1, SessionId=null], Granted Authorities=[SCOPE_read, SCOPE_openid, SCOPE_profile, SCOPE_write, ROLE_ADMIN, app:portal, app:oa, app:crm, app:erp, app:bi]]
2026-08-15T17:38:31.123+08:00 DEBUG 18616 --- [iam-resource-service] [nio-9010-exec-9] o.s.security.web.FilterChainProxy        : Secured GET /api/admin/roles
Creating a new SqlSession
SqlSession [org.apache.ibatis.session.defaults.DefaultSqlSession@13f03b78] was not registered for synchronization because synchronization is not active
JDBC Connection [com.alibaba.druid.pool.DruidStatementConnection@2aa12e8c] will not be managed by Spring
==>  Preparing: SELECT id,code,name,remark,create_time,update_time FROM sys_role
==> Parameters: 
<==    Columns: id, code, name, remark, create_time, update_time
<==        Row: 1, ADMIN, 管理员, 拥有全部应用访问权限, 2026-08-13 09:57:52, 2026-08-13 09:57:52
<==        Row: 2, USER, 普通用户, 仅可访问门户与 OA, 2026-08-13 09:57:52, 2026-08-13 09:57:52
<==      Total: 2
Closing non transactional SqlSession [org.apache.ibatis.session.defaults.DefaultSqlSession@13f03b78]
Creating a new SqlSession
SqlSession [org.apache.ibatis.session.defaults.DefaultSqlSession@6d0e281] was not registered for synchronization because synchronization is not active
JDBC Connection [com.alibaba.druid.pool.DruidStatementConnection@2aa12e8c] will not be managed by Spring
==>  Preparing: SELECT rp.permission_id FROM sys_role_permission rp WHERE rp.role_id = ?
==> Parameters: 1(Long)
<==    Columns: permission_id
<==        Row: 1
<==        Row: 2
<==        Row: 3
<==        Row: 4
<==        Row: 5
<==      Total: 5
Closing non transactional SqlSession [org.apache.ibatis.session.defaults.DefaultSqlSession@6d0e281]
Creating a new SqlSession
SqlSession [org.apache.ibatis.session.defaults.DefaultSqlSession@17bec429] was not registered for synchronization because synchronization is not active
JDBC Connection [com.alibaba.druid.pool.DruidStatementConnection@2aa12e8c] will not be managed by Spring
==>  Preparing: SELECT rp.permission_id FROM sys_role_permission rp WHERE rp.role_id = ?
==> Parameters: 2(Long)
<==    Columns: permission_id
<==        Row: 1
<==        Row: 2
<==      Total: 2
Closing non transactional SqlSession [org.apache.ibatis.session.defaults.DefaultSqlSession@17bec429]
2026-08-15T17:38:32.648+08:00 DEBUG 18616 --- [iam-resource-service] [nio-9010-exec-8] o.s.security.web.FilterChainProxy        : Securing GET /api/admin/roles
Creating a new SqlSession
SqlSession [org.apache.ibatis.session.defaults.DefaultSqlSession@185a7578] was not registered for synchronization because synchronization is not active
JDBC Connection [com.alibaba.druid.pool.DruidStatementConnection@2aa12e8c] will not be managed by Spring
==>  Preparing: SELECT DISTINCT r.code FROM sys_role r JOIN sys_user_role ur ON ur.role_id = r.id WHERE ur.user_code = ?
==> Parameters: u_1a2b3c4d5e6f708090a0b0c0d0e0f001(String)
<==    Columns: code
<==        Row: ADMIN
<==      Total: 1
Closing non transactional SqlSession [org.apache.ibatis.session.defaults.DefaultSqlSession@185a7578]
Creating a new SqlSession
SqlSession [org.apache.ibatis.session.defaults.DefaultSqlSession@7cb0ee59] was not registered for synchronization because synchronization is not active
JDBC Connection [com.alibaba.druid.pool.DruidStatementConnection@2aa12e8c] will not be managed by Spring
==>  Preparing: SELECT DISTINCT p.code FROM sys_permission p JOIN sys_role_permission rp ON rp.permission_id = p.id JOIN sys_role r ON r.id = rp.role_id JOIN sys_user_role ur ON ur.role_id = r.id WHERE ur.user_code = ?
==> Parameters: u_1a2b3c4d5e6f708090a0b0c0d0e0f001(String)
<==    Columns: code
<==        Row: app:portal
<==        Row: app:oa
<==        Row: app:crm
<==        Row: app:erp
<==        Row: app:bi
<==      Total: 5
Closing non transactional SqlSession [org.apache.ibatis.session.defaults.DefaultSqlSession@7cb0ee59]
Creating a new SqlSession
SqlSession [org.apache.ibatis.session.defaults.DefaultSqlSession@68da7ab2] was not registered for synchronization because synchronization is not active
JDBC Connection [com.alibaba.druid.pool.DruidStatementConnection@2aa12e8c] will not be managed by Spring
==>  Preparing: SELECT DISTINCT r.code FROM sys_role r JOIN sys_user_role ur ON ur.role_id = r.id WHERE ur.user_code = ?
==> Parameters: u_1a2b3c4d5e6f708090a0b0c0d0e0f001(String)
<==    Columns: code
<==        Row: ADMIN
<==      Total: 1
Closing non transactional SqlSession [org.apache.ibatis.session.defaults.DefaultSqlSession@68da7ab2]
2026-08-15T17:38:32.751+08:00 DEBUG 18616 --- [iam-resource-service] [nio-9010-exec-8] c.RbacAuthoritiesOpaqueTokenIntrospector : [Introspect] 用户令牌注入 RBAC authorities, sub=u_1a2b3c4d5e6f708090a0b0c0d0e0f001, roles=[ADMIN]
2026-08-15T17:38:32.751+08:00 DEBUG 18616 --- [iam-resource-service] [nio-9010-exec-8] .s.r.a.OpaqueTokenAuthenticationProvider : Authenticated token
2026-08-15T17:38:32.751+08:00 DEBUG 18616 --- [iam-resource-service] [nio-9010-exec-8] .s.r.w.a.BearerTokenAuthenticationFilter : Set SecurityContextHolder to BearerTokenAuthentication [Principal=net.xzh.resource.config.RbacAuthoritiesOpaqueTokenIntrospector$EnrichedPrincipal@989a7b6, Credentials=[PROTECTED], Authenticated=true, Details=WebAuthenticationDetails [RemoteIpAddress=127.0.0.1, SessionId=null], Granted Authorities=[SCOPE_read, SCOPE_openid, SCOPE_profile, SCOPE_write, ROLE_ADMIN, app:portal, app:oa, app:crm, app:erp, app:bi]]
2026-08-15T17:38:32.752+08:00 DEBUG 18616 --- [iam-resource-service] [nio-9010-exec-8] o.s.security.web.FilterChainProxy        : Secured GET /api/admin/roles
Creating a new SqlSession
SqlSession [org.apache.ibatis.session.defaults.DefaultSqlSession@2b9b24b6] was not registered for synchronization because synchronization is not active
JDBC Connection [com.alibaba.druid.pool.DruidStatementConnection@2aa12e8c] will not be managed by Spring
==>  Preparing: SELECT id,code,name,remark,create_time,update_time FROM sys_role
==> Parameters: 
<==    Columns: id, code, name, remark, create_time, update_time
<==        Row: 1, ADMIN, 管理员, 拥有全部应用访问权限, 2026-08-13 09:57:52, 2026-08-13 09:57:52
<==        Row: 2, USER, 普通用户, 仅可访问门户与 OA, 2026-08-13 09:57:52, 2026-08-13 09:57:52
<==      Total: 2
Closing non transactional SqlSession [org.apache.ibatis.session.defaults.DefaultSqlSession@2b9b24b6]
Creating a new SqlSession
SqlSession [org.apache.ibatis.session.defaults.DefaultSqlSession@60032fa2] was not registered for synchronization because synchronization is not active
JDBC Connection [com.alibaba.druid.pool.DruidStatementConnection@2aa12e8c] will not be managed by Spring
==>  Preparing: SELECT rp.permission_id FROM sys_role_permission rp WHERE rp.role_id = ?
==> Parameters: 1(Long)
<==    Columns: permission_id
<==        Row: 1
<==        Row: 2
<==        Row: 3
<==        Row: 4
<==        Row: 5
<==      Total: 5
Closing non transactional SqlSession [org.apache.ibatis.session.defaults.DefaultSqlSession@60032fa2]
Creating a new SqlSession
SqlSession [org.apache.ibatis.session.defaults.DefaultSqlSession@563faebf] was not registered for synchronization because synchronization is not active
JDBC Connection [com.alibaba.druid.pool.DruidStatementConnection@2aa12e8c] will not be managed by Spring
==>  Preparing: SELECT rp.permission_id FROM sys_role_permission rp WHERE rp.role_id = ?
==> Parameters: 2(Long)
<==    Columns: permission_id
<==        Row: 1
<==        Row: 2
<==      Total: 2
Closing non transactional SqlSession [org.apache.ibatis.session.defaults.DefaultSqlSession@563faebf]
2026-08-15T17:38:33.377+08:00 DEBUG 18616 --- [iam-resource-service] [nio-9010-exec-7] o.s.security.web.FilterChainProxy        : Securing GET /api/admin/permissions
Creating a new SqlSession
SqlSession [org.apache.ibatis.session.defaults.DefaultSqlSession@164a4400] was not registered for synchronization because synchronization is not active
JDBC Connection [com.alibaba.druid.pool.DruidStatementConnection@2aa12e8c] will not be managed by Spring
==>  Preparing: SELECT DISTINCT r.code FROM sys_role r JOIN sys_user_role ur ON ur.role_id = r.id WHERE ur.user_code = ?
==> Parameters: u_1a2b3c4d5e6f708090a0b0c0d0e0f001(String)
<==    Columns: code
<==        Row: ADMIN
<==      Total: 1
Closing non transactional SqlSession [org.apache.ibatis.session.defaults.DefaultSqlSession@164a4400]
Creating a new SqlSession
SqlSession [org.apache.ibatis.session.defaults.DefaultSqlSession@2952971] was not registered for synchronization because synchronization is not active
JDBC Connection [com.alibaba.druid.pool.DruidStatementConnection@2aa12e8c] will not be managed by Spring
==>  Preparing: SELECT DISTINCT p.code FROM sys_permission p JOIN sys_role_permission rp ON rp.permission_id = p.id JOIN sys_role r ON r.id = rp.role_id JOIN sys_user_role ur ON ur.role_id = r.id WHERE ur.user_code = ?
==> Parameters: u_1a2b3c4d5e6f708090a0b0c0d0e0f001(String)
<==    Columns: code
<==        Row: app:portal
<==        Row: app:oa
<==        Row: app:crm
<==        Row: app:erp
<==        Row: app:bi
<==      Total: 5
Closing non transactional SqlSession [org.apache.ibatis.session.defaults.DefaultSqlSession@2952971]
Creating a new SqlSession
SqlSession [org.apache.ibatis.session.defaults.DefaultSqlSession@7f4c196d] was not registered for synchronization because synchronization is not active
JDBC Connection [com.alibaba.druid.pool.DruidStatementConnection@2aa12e8c] will not be managed by Spring
==>  Preparing: SELECT DISTINCT r.code FROM sys_role r JOIN sys_user_role ur ON ur.role_id = r.id WHERE ur.user_code = ?
==> Parameters: u_1a2b3c4d5e6f708090a0b0c0d0e0f001(String)
<==    Columns: code
<==        Row: ADMIN
<==      Total: 1
Closing non transactional SqlSession [org.apache.ibatis.session.defaults.DefaultSqlSession@7f4c196d]
2026-08-15T17:38:33.478+08:00 DEBUG 18616 --- [iam-resource-service] [nio-9010-exec-7] c.RbacAuthoritiesOpaqueTokenIntrospector : [Introspect] 用户令牌注入 RBAC authorities, sub=u_1a2b3c4d5e6f708090a0b0c0d0e0f001, roles=[ADMIN]
2026-08-15T17:38:33.478+08:00 DEBUG 18616 --- [iam-resource-service] [nio-9010-exec-7] .s.r.a.OpaqueTokenAuthenticationProvider : Authenticated token
2026-08-15T17:38:33.479+08:00 DEBUG 18616 --- [iam-resource-service] [nio-9010-exec-7] .s.r.w.a.BearerTokenAuthenticationFilter : Set SecurityContextHolder to BearerTokenAuthentication [Principal=net.xzh.resource.config.RbacAuthoritiesOpaqueTokenIntrospector$EnrichedPrincipal@5a9ed114, Credentials=[PROTECTED], Authenticated=true, Details=WebAuthenticationDetails [RemoteIpAddress=127.0.0.1, SessionId=null], Granted Authorities=[SCOPE_read, SCOPE_openid, SCOPE_profile, SCOPE_write, ROLE_ADMIN, app:portal, app:oa, app:crm, app:erp, app:bi]]
2026-08-15T17:38:33.479+08:00 DEBUG 18616 --- [iam-resource-service] [nio-9010-exec-7] o.s.security.web.FilterChainProxy        : Secured GET /api/admin/permissions
Creating a new SqlSession
SqlSession [org.apache.ibatis.session.defaults.DefaultSqlSession@7054a20a] was not registered for synchronization because synchronization is not active
JDBC Connection [com.alibaba.druid.pool.DruidStatementConnection@2aa12e8c] will not be managed by Spring
==>  Preparing: SELECT id,code,name,type,remark,create_time FROM sys_permission ORDER BY id ASC
==> Parameters: 
<==    Columns: id, code, name, type, remark, create_time
<==        Row: 1, app:portal, 门户应用, app, 统一工作台门户, 2026-08-13 09:57:52
<==        Row: 2, app:oa, OA 办公系统, app, 办公自动化, 2026-08-13 09:57:52
<==        Row: 3, app:crm, CRM 客户管理, app, 客户关系管理, 2026-08-13 09:57:52
<==        Row: 4, app:erp, ERP 企业资源, app, 企业资源计划, 2026-08-13 09:57:52
<==        Row: 5, app:bi, BI 数据分析, app, 商业智能分析, 2026-08-13 09:57:52
<==      Total: 5
Closing non transactional SqlSession [org.apache.ibatis.session.defaults.DefaultSqlSession@7054a20a]
2026-08-15T17:38:42.340+08:00 DEBUG 18616 --- [iam-resource-service] [io-9010-exec-10] o.s.security.web.FilterChainProxy        : Securing GET /api/admin/roles
Creating a new SqlSession
SqlSession [org.apache.ibatis.session.defaults.DefaultSqlSession@12d0facf] was not registered for synchronization because synchronization is not active
JDBC Connection [com.alibaba.druid.pool.DruidStatementConnection@2aa12e8c] will not be managed by Spring
==>  Preparing: SELECT DISTINCT r.code FROM sys_role r JOIN sys_user_role ur ON ur.role_id = r.id WHERE ur.user_code = ?
==> Parameters: u_1a2b3c4d5e6f708090a0b0c0d0e0f001(String)
<==    Columns: code
<==        Row: ADMIN
<==      Total: 1
Closing non transactional SqlSession [org.apache.ibatis.session.defaults.DefaultSqlSession@12d0facf]
Creating a new SqlSession
SqlSession [org.apache.ibatis.session.defaults.DefaultSqlSession@652dea01] was not registered for synchronization because synchronization is not active
JDBC Connection [com.alibaba.druid.pool.DruidStatementConnection@2aa12e8c] will not be managed by Spring
==>  Preparing: SELECT DISTINCT p.code FROM sys_permission p JOIN sys_role_permission rp ON rp.permission_id = p.id JOIN sys_role r ON r.id = rp.role_id JOIN sys_user_role ur ON ur.role_id = r.id WHERE ur.user_code = ?
==> Parameters: u_1a2b3c4d5e6f708090a0b0c0d0e0f001(String)
<==    Columns: code
<==        Row: app:portal
<==        Row: app:oa
<==        Row: app:crm
<==        Row: app:erp
<==        Row: app:bi
<==      Total: 5
Closing non transactional SqlSession [org.apache.ibatis.session.defaults.DefaultSqlSession@652dea01]
Creating a new SqlSession
SqlSession [org.apache.ibatis.session.defaults.DefaultSqlSession@4aed65e0] was not registered for synchronization because synchronization is not active
JDBC Connection [com.alibaba.druid.pool.DruidStatementConnection@2aa12e8c] will not be managed by Spring
==>  Preparing: SELECT DISTINCT r.code FROM sys_role r JOIN sys_user_role ur ON ur.role_id = r.id WHERE ur.user_code = ?
==> Parameters: u_1a2b3c4d5e6f708090a0b0c0d0e0f001(String)
<==    Columns: code
<==        Row: ADMIN
<==      Total: 1
Closing non transactional SqlSession [org.apache.ibatis.session.defaults.DefaultSqlSession@4aed65e0]
2026-08-15T17:38:42.449+08:00 DEBUG 18616 --- [iam-resource-service] [io-9010-exec-10] c.RbacAuthoritiesOpaqueTokenIntrospector : [Introspect] 用户令牌注入 RBAC authorities, sub=u_1a2b3c4d5e6f708090a0b0c0d0e0f001, roles=[ADMIN]
2026-08-15T17:38:42.449+08:00 DEBUG 18616 --- [iam-resource-service] [io-9010-exec-10] .s.r.a.OpaqueTokenAuthenticationProvider : Authenticated token
2026-08-15T17:38:42.450+08:00 DEBUG 18616 --- [iam-resource-service] [io-9010-exec-10] .s.r.w.a.BearerTokenAuthenticationFilter : Set SecurityContextHolder to BearerTokenAuthentication [Principal=net.xzh.resource.config.RbacAuthoritiesOpaqueTokenIntrospector$EnrichedPrincipal@3b469b9d, Credentials=[PROTECTED], Authenticated=true, Details=WebAuthenticationDetails [RemoteIpAddress=127.0.0.1, SessionId=null], Granted Authorities=[SCOPE_read, SCOPE_openid, SCOPE_profile, SCOPE_write, ROLE_ADMIN, app:portal, app:oa, app:crm, app:erp, app:bi]]
2026-08-15T17:38:42.450+08:00 DEBUG 18616 --- [iam-resource-service] [io-9010-exec-10] o.s.security.web.FilterChainProxy        : Secured GET /api/admin/roles
Creating a new SqlSession
SqlSession [org.apache.ibatis.session.defaults.DefaultSqlSession@13424add] was not registered for synchronization because synchronization is not active
JDBC Connection [com.alibaba.druid.pool.DruidStatementConnection@2aa12e8c] will not be managed by Spring
==>  Preparing: SELECT id,code,name,remark,create_time,update_time FROM sys_role
==> Parameters: 
<==    Columns: id, code, name, remark, create_time, update_time
<==        Row: 1, ADMIN, 管理员, 拥有全部应用访问权限, 2026-08-13 09:57:52, 2026-08-13 09:57:52
<==        Row: 2, USER, 普通用户, 仅可访问门户与 OA, 2026-08-13 09:57:52, 2026-08-13 09:57:52
<==      Total: 2
Closing non transactional SqlSession [org.apache.ibatis.session.defaults.DefaultSqlSession@13424add]
Creating a new SqlSession
SqlSession [org.apache.ibatis.session.defaults.DefaultSqlSession@bbb987e] was not registered for synchronization because synchronization is not active
JDBC Connection [com.alibaba.druid.pool.DruidStatementConnection@2aa12e8c] will not be managed by Spring
==>  Preparing: SELECT rp.permission_id FROM sys_role_permission rp WHERE rp.role_id = ?
==> Parameters: 1(Long)
<==    Columns: permission_id
<==        Row: 1
<==        Row: 2
<==        Row: 3
<==        Row: 4
<==        Row: 5
<==      Total: 5
Closing non transactional SqlSession [org.apache.ibatis.session.defaults.DefaultSqlSession@bbb987e]
Creating a new SqlSession
SqlSession [org.apache.ibatis.session.defaults.DefaultSqlSession@6f71e6f8] was not registered for synchronization because synchronization is not active
JDBC Connection [com.alibaba.druid.pool.DruidStatementConnection@2aa12e8c] will not be managed by Spring
==>  Preparing: SELECT rp.permission_id FROM sys_role_permission rp WHERE rp.role_id = ?
==> Parameters: 2(Long)
<==    Columns: permission_id
<==        Row: 1
<==        Row: 2
<==      Total: 2
Closing non transactional SqlSession [org.apache.ibatis.session.defaults.DefaultSqlSession@6f71e6f8]
2026-08-15T17:38:50.278+08:00 DEBUG 18616 --- [iam-resource-service] [nio-9010-exec-1] o.s.security.web.FilterChainProxy        : Securing GET /api/internal/user/u_1a2b3c4d5e6f708090a0b0c0d0e0f001/roles
2026-08-15T17:38:50.366+08:00 DEBUG 18616 --- [iam-resource-service] [nio-9010-exec-1] c.RbacAuthoritiesOpaqueTokenIntrospector : [Introspect] 服务令牌注入 ROLE_SERVICE, sub=resource-server
2026-08-15T17:38:50.367+08:00 DEBUG 18616 --- [iam-resource-service] [nio-9010-exec-1] .s.r.a.OpaqueTokenAuthenticationProvider : Authenticated token
2026-08-15T17:38:50.367+08:00 DEBUG 18616 --- [iam-resource-service] [nio-9010-exec-1] .s.r.w.a.BearerTokenAuthenticationFilter : Set SecurityContextHolder to BearerTokenAuthentication [Principal=net.xzh.resource.config.RbacAuthoritiesOpaqueTokenIntrospector$EnrichedPrincipal@7c6e68be, Credentials=[PROTECTED], Authenticated=true, Details=WebAuthenticationDetails [RemoteIpAddress=127.0.0.1, SessionId=null], Granted Authorities=[SCOPE_read, ROLE_SERVICE]]
2026-08-15T17:38:50.367+08:00 DEBUG 18616 --- [iam-resource-service] [nio-9010-exec-1] o.s.security.web.FilterChainProxy        : Secured GET /api/internal/user/u_1a2b3c4d5e6f708090a0b0c0d0e0f001/roles
Creating a new SqlSession
SqlSession [org.apache.ibatis.session.defaults.DefaultSqlSession@2bc8187d] was not registered for synchronization because synchronization is not active
JDBC Connection [com.alibaba.druid.pool.DruidStatementConnection@2aa12e8c] will not be managed by Spring
==>  Preparing: SELECT DISTINCT r.code FROM sys_role r JOIN sys_user_role ur ON ur.role_id = r.id WHERE ur.user_code = ?
==> Parameters: u_1a2b3c4d5e6f708090a0b0c0d0e0f001(String)
<==    Columns: code
<==        Row: ADMIN
<==      Total: 1
Closing non transactional SqlSession [org.apache.ibatis.session.defaults.DefaultSqlSession@2bc8187d]
Creating a new SqlSession
SqlSession [org.apache.ibatis.session.defaults.DefaultSqlSession@32619423] was not registered for synchronization because synchronization is not active
JDBC Connection [com.alibaba.druid.pool.DruidStatementConnection@2aa12e8c] will not be managed by Spring
==>  Preparing: SELECT DISTINCT p.code FROM sys_permission p JOIN sys_role_permission rp ON rp.permission_id = p.id JOIN sys_role r ON r.id = rp.role_id JOIN sys_user_role ur ON ur.role_id = r.id WHERE ur.user_code = ?
==> Parameters: u_1a2b3c4d5e6f708090a0b0c0d0e0f001(String)
<==    Columns: code
<==        Row: app:portal
<==        Row: app:oa
<==        Row: app:crm
<==        Row: app:erp
<==        Row: app:bi
<==      Total: 5
Closing non transactional SqlSession [org.apache.ibatis.session.defaults.DefaultSqlSession@32619423]
2026-08-15T17:38:53.697+08:00 DEBUG 18616 --- [iam-resource-service] [nio-9010-exec-3] o.s.security.web.FilterChainProxy        : Securing GET /api/admin/user-roles/u_c76a70ff7bc543aab61828c48970d97e
Creating a new SqlSession
SqlSession [org.apache.ibatis.session.defaults.DefaultSqlSession@5883ff5] was not registered for synchronization because synchronization is not active
JDBC Connection [com.alibaba.druid.pool.DruidStatementConnection@2aa12e8c] will not be managed by Spring
==>  Preparing: SELECT DISTINCT r.code FROM sys_role r JOIN sys_user_role ur ON ur.role_id = r.id WHERE ur.user_code = ?
==> Parameters: u_1a2b3c4d5e6f708090a0b0c0d0e0f001(String)
<==    Columns: code
<==        Row: ADMIN
<==      Total: 1
Closing non transactional SqlSession [org.apache.ibatis.session.defaults.DefaultSqlSession@5883ff5]
Creating a new SqlSession
SqlSession [org.apache.ibatis.session.defaults.DefaultSqlSession@61b775cb] was not registered for synchronization because synchronization is not active
JDBC Connection [com.alibaba.druid.pool.DruidStatementConnection@2aa12e8c] will not be managed by Spring
==>  Preparing: SELECT DISTINCT p.code FROM sys_permission p JOIN sys_role_permission rp ON rp.permission_id = p.id JOIN sys_role r ON r.id = rp.role_id JOIN sys_user_role ur ON ur.role_id = r.id WHERE ur.user_code = ?
==> Parameters: u_1a2b3c4d5e6f708090a0b0c0d0e0f001(String)
<==    Columns: code
<==        Row: app:portal
<==        Row: app:oa
<==        Row: app:crm
<==        Row: app:erp
<==        Row: app:bi
<==      Total: 5
Closing non transactional SqlSession [org.apache.ibatis.session.defaults.DefaultSqlSession@61b775cb]
Creating a new SqlSession
SqlSession [org.apache.ibatis.session.defaults.DefaultSqlSession@69f97fa] was not registered for synchronization because synchronization is not active
JDBC Connection [com.alibaba.druid.pool.DruidStatementConnection@2aa12e8c] will not be managed by Spring
==>  Preparing: SELECT DISTINCT r.code FROM sys_role r JOIN sys_user_role ur ON ur.role_id = r.id WHERE ur.user_code = ?
==> Parameters: u_1a2b3c4d5e6f708090a0b0c0d0e0f001(String)
<==    Columns: code
<==        Row: ADMIN
<==      Total: 1
Closing non transactional SqlSession [org.apache.ibatis.session.defaults.DefaultSqlSession@69f97fa]
2026-08-15T17:38:53.794+08:00 DEBUG 18616 --- [iam-resource-service] [nio-9010-exec-3] c.RbacAuthoritiesOpaqueTokenIntrospector : [Introspect] 用户令牌注入 RBAC authorities, sub=u_1a2b3c4d5e6f708090a0b0c0d0e0f001, roles=[ADMIN]
2026-08-15T17:38:53.795+08:00 DEBUG 18616 --- [iam-resource-service] [nio-9010-exec-3] .s.r.a.OpaqueTokenAuthenticationProvider : Authenticated token
2026-08-15T17:38:53.795+08:00 DEBUG 18616 --- [iam-resource-service] [nio-9010-exec-3] .s.r.w.a.BearerTokenAuthenticationFilter : Set SecurityContextHolder to BearerTokenAuthentication [Principal=net.xzh.resource.config.RbacAuthoritiesOpaqueTokenIntrospector$EnrichedPrincipal@3a83e8cf, Credentials=[PROTECTED], Authenticated=true, Details=WebAuthenticationDetails [RemoteIpAddress=127.0.0.1, SessionId=null], Granted Authorities=[SCOPE_read, SCOPE_openid, SCOPE_profile, SCOPE_write, ROLE_ADMIN, app:portal, app:oa, app:crm, app:erp, app:bi]]
2026-08-15T17:38:53.795+08:00 DEBUG 18616 --- [iam-resource-service] [nio-9010-exec-3] o.s.security.web.FilterChainProxy        : Secured GET /api/admin/user-roles/u_c76a70ff7bc543aab61828c48970d97e
Creating a new SqlSession
SqlSession [org.apache.ibatis.session.defaults.DefaultSqlSession@1bf0ba45] was not registered for synchronization because synchronization is not active
JDBC Connection [com.alibaba.druid.pool.DruidStatementConnection@2aa12e8c] will not be managed by Spring
==>  Preparing: SELECT ur.role_id FROM sys_user_role ur WHERE ur.user_code = ?
==> Parameters: u_c76a70ff7bc543aab61828c48970d97e(String)
<==      Total: 0
Closing non transactional SqlSession [org.apache.ibatis.session.defaults.DefaultSqlSession@1bf0ba45]
2026-08-15T17:39:14.928+08:00 DEBUG 18616 --- [iam-resource-service] [nio-9010-exec-4] o.s.security.web.FilterChainProxy        : Securing GET /api/admin/roles
Creating a new SqlSession
SqlSession [org.apache.ibatis.session.defaults.DefaultSqlSession@642dca0a] was not registered for synchronization because synchronization is not active
JDBC Connection [com.alibaba.druid.pool.DruidStatementConnection@2aa12e8c] will not be managed by Spring
==>  Preparing: SELECT DISTINCT r.code FROM sys_role r JOIN sys_user_role ur ON ur.role_id = r.id WHERE ur.user_code = ?
==> Parameters: u_1a2b3c4d5e6f708090a0b0c0d0e0f001(String)
<==    Columns: code
<==        Row: ADMIN
<==      Total: 1
Closing non transactional SqlSession [org.apache.ibatis.session.defaults.DefaultSqlSession@642dca0a]
Creating a new SqlSession
SqlSession [org.apache.ibatis.session.defaults.DefaultSqlSession@1c0c4bf7] was not registered for synchronization because synchronization is not active
JDBC Connection [com.alibaba.druid.pool.DruidStatementConnection@2aa12e8c] will not be managed by Spring
==>  Preparing: SELECT DISTINCT p.code FROM sys_permission p JOIN sys_role_permission rp ON rp.permission_id = p.id JOIN sys_role r ON r.id = rp.role_id JOIN sys_user_role ur ON ur.role_id = r.id WHERE ur.user_code = ?
==> Parameters: u_1a2b3c4d5e6f708090a0b0c0d0e0f001(String)
<==    Columns: code
<==        Row: app:portal
<==        Row: app:oa
<==        Row: app:crm
<==        Row: app:erp
<==        Row: app:bi
<==      Total: 5
Closing non transactional SqlSession [org.apache.ibatis.session.defaults.DefaultSqlSession@1c0c4bf7]
Creating a new SqlSession
SqlSession [org.apache.ibatis.session.defaults.DefaultSqlSession@4bac1466] was not registered for synchronization because synchronization is not active
JDBC Connection [com.alibaba.druid.pool.DruidStatementConnection@2aa12e8c] will not be managed by Spring
==>  Preparing: SELECT DISTINCT r.code FROM sys_role r JOIN sys_user_role ur ON ur.role_id = r.id WHERE ur.user_code = ?
==> Parameters: u_1a2b3c4d5e6f708090a0b0c0d0e0f001(String)
<==    Columns: code
<==        Row: ADMIN
<==      Total: 1
Closing non transactional SqlSession [org.apache.ibatis.session.defaults.DefaultSqlSession@4bac1466]
2026-08-15T17:39:15.031+08:00 DEBUG 18616 --- [iam-resource-service] [nio-9010-exec-4] c.RbacAuthoritiesOpaqueTokenIntrospector : [Introspect] 用户令牌注入 RBAC authorities, sub=u_1a2b3c4d5e6f708090a0b0c0d0e0f001, roles=[ADMIN]
2026-08-15T17:39:15.031+08:00 DEBUG 18616 --- [iam-resource-service] [nio-9010-exec-4] .s.r.a.OpaqueTokenAuthenticationProvider : Authenticated token
2026-08-15T17:39:15.032+08:00 DEBUG 18616 --- [iam-resource-service] [nio-9010-exec-4] .s.r.w.a.BearerTokenAuthenticationFilter : Set SecurityContextHolder to BearerTokenAuthentication [Principal=net.xzh.resource.config.RbacAuthoritiesOpaqueTokenIntrospector$EnrichedPrincipal@51162dde, Credentials=[PROTECTED], Authenticated=true, Details=WebAuthenticationDetails [RemoteIpAddress=127.0.0.1, SessionId=null], Granted Authorities=[SCOPE_read, SCOPE_openid, SCOPE_profile, SCOPE_write, ROLE_ADMIN, app:portal, app:oa, app:crm, app:erp, app:bi]]
2026-08-15T17:39:15.032+08:00 DEBUG 18616 --- [iam-resource-service] [nio-9010-exec-4] o.s.security.web.FilterChainProxy        : Secured GET /api/admin/roles
Creating a new SqlSession
SqlSession [org.apache.ibatis.session.defaults.DefaultSqlSession@4f0db132] was not registered for synchronization because synchronization is not active
JDBC Connection [com.alibaba.druid.pool.DruidStatementConnection@2aa12e8c] will not be managed by Spring
==>  Preparing: SELECT id,code,name,remark,create_time,update_time FROM sys_role
==> Parameters: 
<==    Columns: id, code, name, remark, create_time, update_time
<==        Row: 1, ADMIN, 管理员, 拥有全部应用访问权限, 2026-08-13 09:57:52, 2026-08-13 09:57:52
<==        Row: 2, USER, 普通用户, 仅可访问门户与 OA, 2026-08-13 09:57:52, 2026-08-13 09:57:52
<==      Total: 2
Closing non transactional SqlSession [org.apache.ibatis.session.defaults.DefaultSqlSession@4f0db132]
Creating a new SqlSession
SqlSession [org.apache.ibatis.session.defaults.DefaultSqlSession@13b8abf1] was not registered for synchronization because synchronization is not active
JDBC Connection [com.alibaba.druid.pool.DruidStatementConnection@2aa12e8c] will not be managed by Spring
==>  Preparing: SELECT rp.permission_id FROM sys_role_permission rp WHERE rp.role_id = ?
==> Parameters: 1(Long)
<==    Columns: permission_id
<==        Row: 1
<==        Row: 2
<==        Row: 3
<==        Row: 4
<==        Row: 5
<==      Total: 5
Closing non transactional SqlSession [org.apache.ibatis.session.defaults.DefaultSqlSession@13b8abf1]
Creating a new SqlSession
SqlSession [org.apache.ibatis.session.defaults.DefaultSqlSession@1372ba57] was not registered for synchronization because synchronization is not active
JDBC Connection [com.alibaba.druid.pool.DruidStatementConnection@2aa12e8c] will not be managed by Spring
==>  Preparing: SELECT rp.permission_id FROM sys_role_permission rp WHERE rp.role_id = ?
==> Parameters: 2(Long)
<==    Columns: permission_id
<==        Row: 1
<==        Row: 2
<==      Total: 2
Closing non transactional SqlSession [org.apache.ibatis.session.defaults.DefaultSqlSession@1372ba57]
2026-08-15T17:39:16.350+08:00 DEBUG 18616 --- [iam-resource-service] [nio-9010-exec-2] o.s.security.web.FilterChainProxy        : Securing GET /api/admin/user-roles/u_c76a70ff7bc543aab61828c48970d97e
Creating a new SqlSession
SqlSession [org.apache.ibatis.session.defaults.DefaultSqlSession@4197d86a] was not registered for synchronization because synchronization is not active
JDBC Connection [com.alibaba.druid.pool.DruidStatementConnection@2aa12e8c] will not be managed by Spring
==>  Preparing: SELECT DISTINCT r.code FROM sys_role r JOIN sys_user_role ur ON ur.role_id = r.id WHERE ur.user_code = ?
==> Parameters: u_1a2b3c4d5e6f708090a0b0c0d0e0f001(String)
<==    Columns: code
<==        Row: ADMIN
<==      Total: 1
Closing non transactional SqlSession [org.apache.ibatis.session.defaults.DefaultSqlSession@4197d86a]
Creating a new SqlSession
SqlSession [org.apache.ibatis.session.defaults.DefaultSqlSession@3ef95560] was not registered for synchronization because synchronization is not active
JDBC Connection [com.alibaba.druid.pool.DruidStatementConnection@2aa12e8c] will not be managed by Spring
==>  Preparing: SELECT DISTINCT p.code FROM sys_permission p JOIN sys_role_permission rp ON rp.permission_id = p.id JOIN sys_role r ON r.id = rp.role_id JOIN sys_user_role ur ON ur.role_id = r.id WHERE ur.user_code = ?
==> Parameters: u_1a2b3c4d5e6f708090a0b0c0d0e0f001(String)
<==    Columns: code
<==        Row: app:portal
<==        Row: app:oa
<==        Row: app:crm
<==        Row: app:erp
<==        Row: app:bi
<==      Total: 5
Closing non transactional SqlSession [org.apache.ibatis.session.defaults.DefaultSqlSession@3ef95560]
Creating a new SqlSession
SqlSession [org.apache.ibatis.session.defaults.DefaultSqlSession@2e148719] was not registered for synchronization because synchronization is not active
JDBC Connection [com.alibaba.druid.pool.DruidStatementConnection@2aa12e8c] will not be managed by Spring
==>  Preparing: SELECT DISTINCT r.code FROM sys_role r JOIN sys_user_role ur ON ur.role_id = r.id WHERE ur.user_code = ?
==> Parameters: u_1a2b3c4d5e6f708090a0b0c0d0e0f001(String)
<==    Columns: code
<==        Row: ADMIN
<==      Total: 1
Closing non transactional SqlSession [org.apache.ibatis.session.defaults.DefaultSqlSession@2e148719]
2026-08-15T17:39:16.453+08:00 DEBUG 18616 --- [iam-resource-service] [nio-9010-exec-2] c.RbacAuthoritiesOpaqueTokenIntrospector : [Introspect] 用户令牌注入 RBAC authorities, sub=u_1a2b3c4d5e6f708090a0b0c0d0e0f001, roles=[ADMIN]
2026-08-15T17:39:16.454+08:00 DEBUG 18616 --- [iam-resource-service] [nio-9010-exec-2] .s.r.a.OpaqueTokenAuthenticationProvider : Authenticated token
2026-08-15T17:39:16.454+08:00 DEBUG 18616 --- [iam-resource-service] [nio-9010-exec-2] .s.r.w.a.BearerTokenAuthenticationFilter : Set SecurityContextHolder to BearerTokenAuthentication [Principal=net.xzh.resource.config.RbacAuthoritiesOpaqueTokenIntrospector$EnrichedPrincipal@57eb0374, Credentials=[PROTECTED], Authenticated=true, Details=WebAuthenticationDetails [RemoteIpAddress=127.0.0.1, SessionId=null], Granted Authorities=[SCOPE_read, SCOPE_openid, SCOPE_profile, SCOPE_write, ROLE_ADMIN, app:portal, app:oa, app:crm, app:erp, app:bi]]
2026-08-15T17:39:16.454+08:00 DEBUG 18616 --- [iam-resource-service] [nio-9010-exec-2] o.s.security.web.FilterChainProxy        : Secured GET /api/admin/user-roles/u_c76a70ff7bc543aab61828c48970d97e
Creating a new SqlSession
SqlSession [org.apache.ibatis.session.defaults.DefaultSqlSession@7c719964] was not registered for synchronization because synchronization is not active
JDBC Connection [com.alibaba.druid.pool.DruidStatementConnection@2aa12e8c] will not be managed by Spring
==>  Preparing: SELECT ur.role_id FROM sys_user_role ur WHERE ur.user_code = ?
==> Parameters: u_c76a70ff7bc543aab61828c48970d97e(String)
<==      Total: 0
Closing non transactional SqlSession [org.apache.ibatis.session.defaults.DefaultSqlSession@7c719964]
2026-08-15T17:39:18.734+08:00 DEBUG 18616 --- [iam-resource-service] [nio-9010-exec-6] o.s.security.web.FilterChainProxy        : Securing GET /api/admin/user-roles/u_c76a70ff7bc543aab61828c48970d97e
Creating a new SqlSession
SqlSession [org.apache.ibatis.session.defaults.DefaultSqlSession@e336de8] was not registered for synchronization because synchronization is not active
JDBC Connection [com.alibaba.druid.pool.DruidStatementConnection@2aa12e8c] will not be managed by Spring
==>  Preparing: SELECT DISTINCT r.code FROM sys_role r JOIN sys_user_role ur ON ur.role_id = r.id WHERE ur.user_code = ?
==> Parameters: u_1a2b3c4d5e6f708090a0b0c0d0e0f001(String)
<==    Columns: code
<==        Row: ADMIN
<==      Total: 1
Closing non transactional SqlSession [org.apache.ibatis.session.defaults.DefaultSqlSession@e336de8]
Creating a new SqlSession
SqlSession [org.apache.ibatis.session.defaults.DefaultSqlSession@57a7234a] was not registered for synchronization because synchronization is not active
JDBC Connection [com.alibaba.druid.pool.DruidStatementConnection@2aa12e8c] will not be managed by Spring
==>  Preparing: SELECT DISTINCT p.code FROM sys_permission p JOIN sys_role_permission rp ON rp.permission_id = p.id JOIN sys_role r ON r.id = rp.role_id JOIN sys_user_role ur ON ur.role_id = r.id WHERE ur.user_code = ?
==> Parameters: u_1a2b3c4d5e6f708090a0b0c0d0e0f001(String)
<==    Columns: code
<==        Row: app:portal
<==        Row: app:oa
<==        Row: app:crm
<==        Row: app:erp
<==        Row: app:bi
<==      Total: 5
Closing non transactional SqlSession [org.apache.ibatis.session.defaults.DefaultSqlSession@57a7234a]
Creating a new SqlSession
SqlSession [org.apache.ibatis.session.defaults.DefaultSqlSession@21205cd9] was not registered for synchronization because synchronization is not active
JDBC Connection [com.alibaba.druid.pool.DruidStatementConnection@2aa12e8c] will not be managed by Spring
==>  Preparing: SELECT DISTINCT r.code FROM sys_role r JOIN sys_user_role ur ON ur.role_id = r.id WHERE ur.user_code = ?
==> Parameters: u_1a2b3c4d5e6f708090a0b0c0d0e0f001(String)
<==    Columns: code
<==        Row: ADMIN
<==      Total: 1
Closing non transactional SqlSession [org.apache.ibatis.session.defaults.DefaultSqlSession@21205cd9]
2026-08-15T17:39:18.829+08:00 DEBUG 18616 --- [iam-resource-service] [nio-9010-exec-6] c.RbacAuthoritiesOpaqueTokenIntrospector : [Introspect] 用户令牌注入 RBAC authorities, sub=u_1a2b3c4d5e6f708090a0b0c0d0e0f001, roles=[ADMIN]
2026-08-15T17:39:18.830+08:00 DEBUG 18616 --- [iam-resource-service] [nio-9010-exec-6] .s.r.a.OpaqueTokenAuthenticationProvider : Authenticated token
2026-08-15T17:39:18.830+08:00 DEBUG 18616 --- [iam-resource-service] [nio-9010-exec-6] .s.r.w.a.BearerTokenAuthenticationFilter : Set SecurityContextHolder to BearerTokenAuthentication [Principal=net.xzh.resource.config.RbacAuthoritiesOpaqueTokenIntrospector$EnrichedPrincipal@2bcff0f2, Credentials=[PROTECTED], Authenticated=true, Details=WebAuthenticationDetails [RemoteIpAddress=127.0.0.1, SessionId=null], Granted Authorities=[SCOPE_read, SCOPE_openid, SCOPE_profile, SCOPE_write, ROLE_ADMIN, app:portal, app:oa, app:crm, app:erp, app:bi]]
2026-08-15T17:39:18.830+08:00 DEBUG 18616 --- [iam-resource-service] [nio-9010-exec-6] o.s.security.web.FilterChainProxy        : Secured GET /api/admin/user-roles/u_c76a70ff7bc543aab61828c48970d97e
Creating a new SqlSession
SqlSession [org.apache.ibatis.session.defaults.DefaultSqlSession@568763b9] was not registered for synchronization because synchronization is not active
JDBC Connection [com.alibaba.druid.pool.DruidStatementConnection@2aa12e8c] will not be managed by Spring
==>  Preparing: SELECT ur.role_id FROM sys_user_role ur WHERE ur.user_code = ?
==> Parameters: u_c76a70ff7bc543aab61828c48970d97e(String)
<==      Total: 0
Closing non transactional SqlSession [org.apache.ibatis.session.defaults.DefaultSqlSession@568763b9]
2026-08-15T17:39:21.240+08:00 DEBUG 18616 --- [iam-resource-service] [nio-9010-exec-5] o.s.security.web.FilterChainProxy        : Securing PUT /api/admin/user-roles/u_c76a70ff7bc543aab61828c48970d97e
Creating a new SqlSession
SqlSession [org.apache.ibatis.session.defaults.DefaultSqlSession@2832af1d] was not registered for synchronization because synchronization is not active
JDBC Connection [com.alibaba.druid.pool.DruidStatementConnection@2aa12e8c] will not be managed by Spring
==>  Preparing: SELECT DISTINCT r.code FROM sys_role r JOIN sys_user_role ur ON ur.role_id = r.id WHERE ur.user_code = ?
==> Parameters: u_1a2b3c4d5e6f708090a0b0c0d0e0f001(String)
<==    Columns: code
<==        Row: ADMIN
<==      Total: 1
Closing non transactional SqlSession [org.apache.ibatis.session.defaults.DefaultSqlSession@2832af1d]
Creating a new SqlSession
SqlSession [org.apache.ibatis.session.defaults.DefaultSqlSession@4c6ac78] was not registered for synchronization because synchronization is not active
JDBC Connection [com.alibaba.druid.pool.DruidStatementConnection@2aa12e8c] will not be managed by Spring
==>  Preparing: SELECT DISTINCT p.code FROM sys_permission p JOIN sys_role_permission rp ON rp.permission_id = p.id JOIN sys_role r ON r.id = rp.role_id JOIN sys_user_role ur ON ur.role_id = r.id WHERE ur.user_code = ?
==> Parameters: u_1a2b3c4d5e6f708090a0b0c0d0e0f001(String)
<==    Columns: code
<==        Row: app:portal
<==        Row: app:oa
<==        Row: app:crm
<==        Row: app:erp
<==        Row: app:bi
<==      Total: 5
Closing non transactional SqlSession [org.apache.ibatis.session.defaults.DefaultSqlSession@4c6ac78]
Creating a new SqlSession
SqlSession [org.apache.ibatis.session.defaults.DefaultSqlSession@7ad9b39b] was not registered for synchronization because synchronization is not active
JDBC Connection [com.alibaba.druid.pool.DruidStatementConnection@2aa12e8c] will not be managed by Spring
==>  Preparing: SELECT DISTINCT r.code FROM sys_role r JOIN sys_user_role ur ON ur.role_id = r.id WHERE ur.user_code = ?
==> Parameters: u_1a2b3c4d5e6f708090a0b0c0d0e0f001(String)
<==    Columns: code
<==        Row: ADMIN
<==      Total: 1
Closing non transactional SqlSession [org.apache.ibatis.session.defaults.DefaultSqlSession@7ad9b39b]
2026-08-15T17:39:21.339+08:00 DEBUG 18616 --- [iam-resource-service] [nio-9010-exec-5] c.RbacAuthoritiesOpaqueTokenIntrospector : [Introspect] 用户令牌注入 RBAC authorities, sub=u_1a2b3c4d5e6f708090a0b0c0d0e0f001, roles=[ADMIN]
2026-08-15T17:39:21.340+08:00 DEBUG 18616 --- [iam-resource-service] [nio-9010-exec-5] .s.r.a.OpaqueTokenAuthenticationProvider : Authenticated token
2026-08-15T17:39:21.340+08:00 DEBUG 18616 --- [iam-resource-service] [nio-9010-exec-5] .s.r.w.a.BearerTokenAuthenticationFilter : Set SecurityContextHolder to BearerTokenAuthentication [Principal=net.xzh.resource.config.RbacAuthoritiesOpaqueTokenIntrospector$EnrichedPrincipal@2f3c4230, Credentials=[PROTECTED], Authenticated=true, Details=WebAuthenticationDetails [RemoteIpAddress=127.0.0.1, SessionId=null], Granted Authorities=[SCOPE_read, SCOPE_openid, SCOPE_profile, SCOPE_write, ROLE_ADMIN, app:portal, app:oa, app:crm, app:erp, app:bi]]
2026-08-15T17:39:21.340+08:00 DEBUG 18616 --- [iam-resource-service] [nio-9010-exec-5] o.s.security.web.FilterChainProxy        : Secured PUT /api/admin/user-roles/u_c76a70ff7bc543aab61828c48970d97e
Creating a new SqlSession
Registering transaction synchronization for SqlSession [org.apache.ibatis.session.defaults.DefaultSqlSession@1d114ef5]
JDBC Connection [com.alibaba.druid.pool.DruidStatementConnection@2aa12e8c] will be managed by Spring
==>  Preparing: DELETE FROM sys_user_role WHERE (user_code = ?)
==> Parameters: u_c76a70ff7bc543aab61828c48970d97e(String)
<==    Updates: 0
Releasing transactional SqlSession [org.apache.ibatis.session.defaults.DefaultSqlSession@1d114ef5]
Fetched SqlSession [org.apache.ibatis.session.defaults.DefaultSqlSession@1d114ef5] from current transaction
==>  Preparing: INSERT INTO sys_user_role ( user_code, role_id ) VALUES ( ?, ? )
==> Parameters: u_c76a70ff7bc543aab61828c48970d97e(String), 1(Long)
<==    Updates: 1
Releasing transactional SqlSession [org.apache.ibatis.session.defaults.DefaultSqlSession@1d114ef5]
2026-08-15T17:39:21.347+08:00  INFO 18616 --- [iam-resource-service] [nio-9010-exec-5] net.xzh.resource.service.RbacService     : 为用户 user_code=u_c76a70ff7bc543aab61828c48970d97e 分配角色 roleIds=[1]
Transaction synchronization committing SqlSession [org.apache.ibatis.session.defaults.DefaultSqlSession@1d114ef5]
Transaction synchronization deregistering SqlSession [org.apache.ibatis.session.defaults.DefaultSqlSession@1d114ef5]
Transaction synchronization closing SqlSession [org.apache.ibatis.session.defaults.DefaultSqlSession@1d114ef5]
2026-08-15T17:39:24.435+08:00 DEBUG 18616 --- [iam-resource-service] [nio-9010-exec-9] o.s.security.web.FilterChainProxy        : Securing GET /api/admin/user-roles/u_c76a70ff7bc543aab61828c48970d97e
Creating a new SqlSession
SqlSession [org.apache.ibatis.session.defaults.DefaultSqlSession@9fe4fe4] was not registered for synchronization because synchronization is not active
JDBC Connection [com.alibaba.druid.pool.DruidStatementConnection@2aa12e8c] will not be managed by Spring
==>  Preparing: SELECT DISTINCT r.code FROM sys_role r JOIN sys_user_role ur ON ur.role_id = r.id WHERE ur.user_code = ?
==> Parameters: u_1a2b3c4d5e6f708090a0b0c0d0e0f001(String)
<==    Columns: code
<==        Row: ADMIN
<==      Total: 1
Closing non transactional SqlSession [org.apache.ibatis.session.defaults.DefaultSqlSession@9fe4fe4]
Creating a new SqlSession
SqlSession [org.apache.ibatis.session.defaults.DefaultSqlSession@559ab83c] was not registered for synchronization because synchronization is not active
JDBC Connection [com.alibaba.druid.pool.DruidStatementConnection@2aa12e8c] will not be managed by Spring
==>  Preparing: SELECT DISTINCT p.code FROM sys_permission p JOIN sys_role_permission rp ON rp.permission_id = p.id JOIN sys_role r ON r.id = rp.role_id JOIN sys_user_role ur ON ur.role_id = r.id WHERE ur.user_code = ?
==> Parameters: u_1a2b3c4d5e6f708090a0b0c0d0e0f001(String)
<==    Columns: code
<==        Row: app:portal
<==        Row: app:oa
<==        Row: app:crm
<==        Row: app:erp
<==        Row: app:bi
<==      Total: 5
Closing non transactional SqlSession [org.apache.ibatis.session.defaults.DefaultSqlSession@559ab83c]
Creating a new SqlSession
SqlSession [org.apache.ibatis.session.defaults.DefaultSqlSession@7d0c53e2] was not registered for synchronization because synchronization is not active
JDBC Connection [com.alibaba.druid.pool.DruidStatementConnection@2aa12e8c] will not be managed by Spring
==>  Preparing: SELECT DISTINCT r.code FROM sys_role r JOIN sys_user_role ur ON ur.role_id = r.id WHERE ur.user_code = ?
==> Parameters: u_1a2b3c4d5e6f708090a0b0c0d0e0f001(String)
<==    Columns: code
<==        Row: ADMIN
<==      Total: 1
Closing non transactional SqlSession [org.apache.ibatis.session.defaults.DefaultSqlSession@7d0c53e2]
2026-08-15T17:39:24.530+08:00 DEBUG 18616 --- [iam-resource-service] [nio-9010-exec-9] c.RbacAuthoritiesOpaqueTokenIntrospector : [Introspect] 用户令牌注入 RBAC authorities, sub=u_1a2b3c4d5e6f708090a0b0c0d0e0f001, roles=[ADMIN]
2026-08-15T17:39:24.531+08:00 DEBUG 18616 --- [iam-resource-service] [nio-9010-exec-9] .s.r.a.OpaqueTokenAuthenticationProvider : Authenticated token
2026-08-15T17:39:24.531+08:00 DEBUG 18616 --- [iam-resource-service] [nio-9010-exec-9] .s.r.w.a.BearerTokenAuthenticationFilter : Set SecurityContextHolder to BearerTokenAuthentication [Principal=net.xzh.resource.config.RbacAuthoritiesOpaqueTokenIntrospector$EnrichedPrincipal@6c4adb25, Credentials=[PROTECTED], Authenticated=true, Details=WebAuthenticationDetails [RemoteIpAddress=127.0.0.1, SessionId=null], Granted Authorities=[SCOPE_read, SCOPE_openid, SCOPE_profile, SCOPE_write, ROLE_ADMIN, app:portal, app:oa, app:crm, app:erp, app:bi]]
2026-08-15T17:39:24.532+08:00 DEBUG 18616 --- [iam-resource-service] [nio-9010-exec-9] o.s.security.web.FilterChainProxy        : Secured GET /api/admin/user-roles/u_c76a70ff7bc543aab61828c48970d97e
Creating a new SqlSession
SqlSession [org.apache.ibatis.session.defaults.DefaultSqlSession@5fe2480e] was not registered for synchronization because synchronization is not active
JDBC Connection [com.alibaba.druid.pool.DruidStatementConnection@2aa12e8c] will not be managed by Spring
==>  Preparing: SELECT ur.role_id FROM sys_user_role ur WHERE ur.user_code = ?
==> Parameters: u_c76a70ff7bc543aab61828c48970d97e(String)
<==    Columns: role_id
<==        Row: 1
<==      Total: 1
Closing non transactional SqlSession [org.apache.ibatis.session.defaults.DefaultSqlSession@5fe2480e]
2026-08-15T17:39:32.727+08:00 DEBUG 18616 --- [iam-resource-service] [nio-9010-exec-8] o.s.security.web.FilterChainProxy        : Securing GET /api/internal/user/u_c76a70ff7bc543aab61828c48970d97e/roles
2026-08-15T17:39:32.811+08:00 DEBUG 18616 --- [iam-resource-service] [nio-9010-exec-8] c.RbacAuthoritiesOpaqueTokenIntrospector : [Introspect] 服务令牌注入 ROLE_SERVICE, sub=resource-server
2026-08-15T17:39:32.811+08:00 DEBUG 18616 --- [iam-resource-service] [nio-9010-exec-8] .s.r.a.OpaqueTokenAuthenticationProvider : Authenticated token
2026-08-15T17:39:32.812+08:00 DEBUG 18616 --- [iam-resource-service] [nio-9010-exec-8] .s.r.w.a.BearerTokenAuthenticationFilter : Set SecurityContextHolder to BearerTokenAuthentication [Principal=net.xzh.resource.config.RbacAuthoritiesOpaqueTokenIntrospector$EnrichedPrincipal@41dd555f, Credentials=[PROTECTED], Authenticated=true, Details=WebAuthenticationDetails [RemoteIpAddress=127.0.0.1, SessionId=null], Granted Authorities=[SCOPE_read, ROLE_SERVICE]]
2026-08-15T17:39:32.812+08:00 DEBUG 18616 --- [iam-resource-service] [nio-9010-exec-8] o.s.security.web.FilterChainProxy        : Secured GET /api/internal/user/u_c76a70ff7bc543aab61828c48970d97e/roles
Creating a new SqlSession
SqlSession [org.apache.ibatis.session.defaults.DefaultSqlSession@799636ff] was not registered for synchronization because synchronization is not active
JDBC Connection [com.alibaba.druid.pool.DruidStatementConnection@2aa12e8c] will not be managed by Spring
==>  Preparing: SELECT DISTINCT r.code FROM sys_role r JOIN sys_user_role ur ON ur.role_id = r.id WHERE ur.user_code = ?
==> Parameters: u_c76a70ff7bc543aab61828c48970d97e(String)
<==    Columns: code
<==        Row: ADMIN
<==      Total: 1
Closing non transactional SqlSession [org.apache.ibatis.session.defaults.DefaultSqlSession@799636ff]
Creating a new SqlSession
SqlSession [org.apache.ibatis.session.defaults.DefaultSqlSession@3adba068] was not registered for synchronization because synchronization is not active
JDBC Connection [com.alibaba.druid.pool.DruidStatementConnection@2aa12e8c] will not be managed by Spring
==>  Preparing: SELECT DISTINCT p.code FROM sys_permission p JOIN sys_role_permission rp ON rp.permission_id = p.id JOIN sys_role r ON r.id = rp.role_id JOIN sys_user_role ur ON ur.role_id = r.id WHERE ur.user_code = ?
==> Parameters: u_c76a70ff7bc543aab61828c48970d97e(String)
<==    Columns: code
<==        Row: app:portal
<==        Row: app:oa
<==        Row: app:crm
<==        Row: app:erp
<==        Row: app:bi
<==      Total: 5
Closing non transactional SqlSession [org.apache.ibatis.session.defaults.DefaultSqlSession@3adba068]
2026-08-15T17:39:35.763+08:00 DEBUG 18616 --- [iam-resource-service] [nio-9010-exec-7] o.s.security.web.FilterChainProxy        : Securing GET /api/internal/user/u_1a2b3c4d5e6f708090a0b0c0d0e0f001/roles
2026-08-15T17:39:35.853+08:00 DEBUG 18616 --- [iam-resource-service] [nio-9010-exec-7] c.RbacAuthoritiesOpaqueTokenIntrospector : [Introspect] 服务令牌注入 ROLE_SERVICE, sub=resource-server
2026-08-15T17:39:35.853+08:00 DEBUG 18616 --- [iam-resource-service] [nio-9010-exec-7] .s.r.a.OpaqueTokenAuthenticationProvider : Authenticated token
2026-08-15T17:39:35.854+08:00 DEBUG 18616 --- [iam-resource-service] [nio-9010-exec-7] .s.r.w.a.BearerTokenAuthenticationFilter : Set SecurityContextHolder to BearerTokenAuthentication [Principal=net.xzh.resource.config.RbacAuthoritiesOpaqueTokenIntrospector$EnrichedPrincipal@3aa787fe, Credentials=[PROTECTED], Authenticated=true, Details=WebAuthenticationDetails [RemoteIpAddress=127.0.0.1, SessionId=null], Granted Authorities=[SCOPE_read, ROLE_SERVICE]]
2026-08-15T17:39:35.854+08:00 DEBUG 18616 --- [iam-resource-service] [nio-9010-exec-7] o.s.security.web.FilterChainProxy        : Secured GET /api/internal/user/u_1a2b3c4d5e6f708090a0b0c0d0e0f001/roles
Creating a new SqlSession
SqlSession [org.apache.ibatis.session.defaults.DefaultSqlSession@37b6b60c] was not registered for synchronization because synchronization is not active
JDBC Connection [com.alibaba.druid.pool.DruidStatementConnection@2aa12e8c] will not be managed by Spring
==>  Preparing: SELECT DISTINCT r.code FROM sys_role r JOIN sys_user_role ur ON ur.role_id = r.id WHERE ur.user_code = ?
==> Parameters: u_1a2b3c4d5e6f708090a0b0c0d0e0f001(String)
<==    Columns: code
<==        Row: ADMIN
<==      Total: 1
Closing non transactional SqlSession [org.apache.ibatis.session.defaults.DefaultSqlSession@37b6b60c]
Creating a new SqlSession
SqlSession [org.apache.ibatis.session.defaults.DefaultSqlSession@480bbf71] was not registered for synchronization because synchronization is not active
JDBC Connection [com.alibaba.druid.pool.DruidStatementConnection@2aa12e8c] will not be managed by Spring
==>  Preparing: SELECT DISTINCT p.code FROM sys_permission p JOIN sys_role_permission rp ON rp.permission_id = p.id JOIN sys_role r ON r.id = rp.role_id JOIN sys_user_role ur ON ur.role_id = r.id WHERE ur.user_code = ?
==> Parameters: u_1a2b3c4d5e6f708090a0b0c0d0e0f001(String)
<==    Columns: code
<==        Row: app:portal
<==        Row: app:oa
<==        Row: app:crm
<==        Row: app:erp
<==        Row: app:bi
<==      Total: 5
Closing non transactional SqlSession [org.apache.ibatis.session.defaults.DefaultSqlSession@480bbf71]
