[INFO] Scanning for projects...
[INFO] 
[INFO] --------------------< net.xzh:iam-resource-service >--------------------
[INFO] Building iam-resource-service 1.0.0
[INFO] --------------------------------[ jar ]---------------------------------
[INFO] 
[INFO] >>> spring-boot-maven-plugin:3.4.1:run (default-cli) > test-compile @ iam-resource-service >>>
[INFO] 
[INFO] --- maven-resources-plugin:3.3.1:resources (default-resources) @ iam-resource-service ---
[INFO] Copying 3 resources from src\main\resources to target\classes
[INFO] Copying 1 resource from src\main\resources to target\classes
[INFO] 
[INFO] --- maven-compiler-plugin:3.13.0:compile (default-compile) @ iam-resource-service ---
[INFO] Nothing to compile - all classes are up to date.
[INFO] 
[INFO] --- maven-resources-plugin:3.3.1:testResources (default-testResources) @ iam-resource-service ---
[INFO] skip non existing resourceDirectory D:\GitHub\spring-boot3-demo\iam-platform\iam-resource-service\src\test\resources
[INFO] 
[INFO] --- maven-compiler-plugin:3.13.0:testCompile (default-testCompile) @ iam-resource-service ---
[INFO] No sources to compile
[INFO] 
[INFO] <<< spring-boot-maven-plugin:3.4.1:run (default-cli) < test-compile @ iam-resource-service <<<
[INFO] 
[INFO] 
[INFO] --- spring-boot-maven-plugin:3.4.1:run (default-cli) @ iam-resource-service ---
[INFO] Attaching agents: []

  .   ____          _            __ _ _
 /\\ / ___'_ __ _ _(_)_ __  __ _ \ \ \ \
( ( )\___ | '_ | '_| | '_ \/ _` | \ \ \ \
 \\/  ___)| |_)| | | | | || (_| |  ) ) ) )
  '  |____| .__|_| |_|_| |_\__, | / / / /
 =========|_|==============|___/=/_/_/_/

 :: Spring Boot ::                (v3.4.1)

2026-08-15T10:51:34.446+08:00  INFO 11532 --- [iam-resource-service] [           main] n.x.resource.ResourceServiceApplication  : Starting ResourceServiceApplication using Java 17.0.13 with PID 11532 (D:\GitHub\spring-boot3-demo\iam-platform\iam-resource-service\target\classes started by admin in D:\GitHub\spring-boot3-demo\iam-platform\iam-resource-service)
2026-08-15T10:51:34.450+08:00 DEBUG 11532 --- [iam-resource-service] [           main] n.x.resource.ResourceServiceApplication  : Running with Spring Boot v3.4.1, Spring v6.2.1
2026-08-15T10:51:34.452+08:00  INFO 11532 --- [iam-resource-service] [           main] n.x.resource.ResourceServiceApplication  : The following 1 profile is active: "local"
2026-08-15T10:51:36.237+08:00  INFO 11532 --- [iam-resource-service] [           main] o.s.b.w.embedded.tomcat.TomcatWebServer  : Tomcat initialized with port 9010 (http)
2026-08-15T10:51:36.263+08:00  INFO 11532 --- [iam-resource-service] [           main] o.apache.catalina.core.StandardService   : Starting service [Tomcat]
2026-08-15T10:51:36.264+08:00  INFO 11532 --- [iam-resource-service] [           main] o.apache.catalina.core.StandardEngine    : Starting Servlet engine: [Apache Tomcat/10.1.34]
2026-08-15T10:51:36.375+08:00  INFO 11532 --- [iam-resource-service] [           main] o.a.c.c.C.[Tomcat].[localhost].[/]       : Initializing Spring embedded WebApplicationContext
2026-08-15T10:51:36.416+08:00  INFO 11532 --- [iam-resource-service] [           main] w.s.c.ServletWebServerApplicationContext : Root WebApplicationContext: initialization completed in 1879 ms
Logging initialized using 'class org.apache.ibatis.logging.stdout.StdOutImpl' adapter.
Get /192.168.1.2 network interface 
Get network interface info: name:wlan2 (Realtek RTL8852AE WiFi 6 802.11ax PCIe Adapter)
Initialization Sequence datacenterId:5 workerId:31
 _ _   |_  _ _|_. ___ _ |    _ 
| | |\/|_)(_| | |_\  |_)||_|_\ 
     /               |         
                        null 
2026-08-15T10:51:38.039+08:00 DEBUG 11532 --- [iam-resource-service] [           main] swordEncoderAuthenticationManagerBuilder : No authenticationProviders and no parentAuthenticationManager defined. Returning null.
2026-08-15T10:51:38.500+08:00 DEBUG 11532 --- [iam-resource-service] [           main] o.s.s.web.DefaultSecurityFilterChain     : Will secure any request with filters: DisableEncodeUrlFilter, WebAsyncManagerIntegrationFilter, SecurityContextHolderFilter, HeaderWriterFilter, LogoutFilter, BearerTokenAuthenticationFilter, RequestCacheAwareFilter, SecurityContextHolderAwareRequestFilter, AnonymousAuthenticationFilter, SessionManagementFilter, ExceptionTranslationFilter, AuthorizationFilter
2026-08-15T10:51:38.804+08:00  INFO 11532 --- [iam-resource-service] [           main] b.m.s.MybatisPlusApplicationContextAware : Register ApplicationContext instances org.springframework.boot.web.servlet.context.AnnotationConfigServletWebServerApplicationContext@7a1a14a4
2026-08-15T10:51:39.081+08:00  INFO 11532 --- [iam-resource-service] [           main] o.s.b.w.embedded.tomcat.TomcatWebServer  : Tomcat started on port 9010 (http) with context path '/'
2026-08-15T10:51:39.142+08:00  INFO 11532 --- [iam-resource-service] [           main] n.x.resource.ResourceServiceApplication  : Started ResourceServiceApplication in 5.394 seconds (process running for 5.903)
2026-08-15T10:58:00.068+08:00  INFO 11532 --- [iam-resource-service] [nio-9010-exec-2] o.a.c.c.C.[Tomcat].[localhost].[/]       : Initializing Spring DispatcherServlet 'dispatcherServlet'
2026-08-15T10:58:00.068+08:00  INFO 11532 --- [iam-resource-service] [nio-9010-exec-2] o.s.web.servlet.DispatcherServlet        : Initializing Servlet 'dispatcherServlet'
2026-08-15T10:58:00.070+08:00  INFO 11532 --- [iam-resource-service] [nio-9010-exec-2] o.s.web.servlet.DispatcherServlet        : Completed initialization in 1 ms
2026-08-15T10:58:00.090+08:00 DEBUG 11532 --- [iam-resource-service] [nio-9010-exec-2] o.s.security.web.FilterChainProxy        : Securing GET /api/admin/roles
Creating a new SqlSession
SqlSession [org.apache.ibatis.session.defaults.DefaultSqlSession@7d9db82d] was not registered for synchronization because synchronization is not active
2026-08-15T10:58:00.543+08:00  INFO 11532 --- [iam-resource-service] [nio-9010-exec-2] com.alibaba.druid.pool.DruidDataSource   : {dataSource-1} inited
JDBC Connection [com.alibaba.druid.pool.DruidStatementConnection@d150ea1] will not be managed by Spring
==>  Preparing: SELECT * FROM sys_user WHERE username = ? LIMIT 1
==> Parameters: admin(String)
<==    Columns: id, username, nickname, email, phone, avatar, identity_type, enabled, account_non_expired, account_non_locked, credentials_non_expired, create_time, update_time
<==        Row: 1, admin, 管理员, admin@example.com, null, null, 1, 1, 1, 1, 1, 2026-08-11 20:00:08, 2026-08-13 22:28:45
<==      Total: 1
Closing non transactional SqlSession [org.apache.ibatis.session.defaults.DefaultSqlSession@7d9db82d]
Creating a new SqlSession
SqlSession [org.apache.ibatis.session.defaults.DefaultSqlSession@1affa3c8] was not registered for synchronization because synchronization is not active
JDBC Connection [com.alibaba.druid.pool.DruidStatementConnection@d150ea1] will not be managed by Spring
==>  Preparing: SELECT DISTINCT r.code FROM sys_role r JOIN sys_user_role ur ON ur.role_id = r.id JOIN sys_user u ON u.id = ur.user_id WHERE u.username = ?
==> Parameters: admin(String)
<==    Columns: code
<==        Row: ADMIN
<==      Total: 1
Closing non transactional SqlSession [org.apache.ibatis.session.defaults.DefaultSqlSession@1affa3c8]
Creating a new SqlSession
SqlSession [org.apache.ibatis.session.defaults.DefaultSqlSession@6a3883f4] was not registered for synchronization because synchronization is not active
JDBC Connection [com.alibaba.druid.pool.DruidStatementConnection@d150ea1] will not be managed by Spring
==>  Preparing: SELECT DISTINCT p.code FROM sys_permission p JOIN sys_role_permission rp ON rp.permission_id = p.id JOIN sys_user_role ur ON ur.role_id = rp.role_id JOIN sys_user u ON u.id = ur.user_id WHERE u.username = ?
==> Parameters: admin(String)
<==    Columns: code
<==        Row: app:portal
<==        Row: app:oa
<==        Row: app:erp
<==        Row: app:bi
<==      Total: 4
Closing non transactional SqlSession [org.apache.ibatis.session.defaults.DefaultSqlSession@6a3883f4]
Creating a new SqlSession
SqlSession [org.apache.ibatis.session.defaults.DefaultSqlSession@30425f6d] was not registered for synchronization because synchronization is not active
JDBC Connection [com.alibaba.druid.pool.DruidStatementConnection@d150ea1] will not be managed by Spring
==>  Preparing: SELECT DISTINCT r.code FROM sys_role r JOIN sys_user_role ur ON ur.role_id = r.id JOIN sys_user u ON u.id = ur.user_id WHERE u.username = ?
==> Parameters: admin(String)
<==    Columns: code
<==        Row: ADMIN
<==      Total: 1
Closing non transactional SqlSession [org.apache.ibatis.session.defaults.DefaultSqlSession@30425f6d]
2026-08-15T10:58:05.516+08:00 DEBUG 11532 --- [iam-resource-service] [nio-9010-exec-2] c.RbacAuthoritiesOpaqueTokenIntrospector : [Introspect] 用户令牌注入 RBAC authorities, sub=admin, roles=[ADMIN]
2026-08-15T10:58:05.519+08:00 DEBUG 11532 --- [iam-resource-service] [nio-9010-exec-2] .s.r.a.OpaqueTokenAuthenticationProvider : Authenticated token
2026-08-15T10:58:05.521+08:00 DEBUG 11532 --- [iam-resource-service] [nio-9010-exec-2] .s.r.w.a.BearerTokenAuthenticationFilter : Set SecurityContextHolder to BearerTokenAuthentication [Principal=net.xzh.resource.config.RbacAuthoritiesOpaqueTokenIntrospector$EnrichedPrincipal@5861c3f2, Credentials=[PROTECTED], Authenticated=true, Details=WebAuthenticationDetails [RemoteIpAddress=127.0.0.1, SessionId=null], Granted Authorities=[SCOPE_read, SCOPE_openid, SCOPE_profile, SCOPE_write, ROLE_ADMIN, app:portal, app:oa, app:erp, app:bi]]
2026-08-15T10:58:05.525+08:00 DEBUG 11532 --- [iam-resource-service] [nio-9010-exec-2] o.s.security.web.FilterChainProxy        : Secured GET /api/admin/roles
Creating a new SqlSession
SqlSession [org.apache.ibatis.session.defaults.DefaultSqlSession@658aa366] was not registered for synchronization because synchronization is not active
JDBC Connection [com.alibaba.druid.pool.DruidStatementConnection@d150ea1] will not be managed by Spring
==>  Preparing: SELECT id,code,name,remark,create_time,update_time FROM sys_role
==> Parameters: 
<==    Columns: id, code, name, remark, create_time, update_time
<==        Row: 1, ADMIN, 管理员, 拥有全部应用访问权限, 2026-08-13 09:57:52, 2026-08-15 00:06:16
<==        Row: 2, USER, 普通用户, 仅可访问门户与 OA, 2026-08-13 09:57:52, 2026-08-13 09:57:52
<==      Total: 2
Closing non transactional SqlSession [org.apache.ibatis.session.defaults.DefaultSqlSession@658aa366]
Creating a new SqlSession
SqlSession [org.apache.ibatis.session.defaults.DefaultSqlSession@2e58f1d] was not registered for synchronization because synchronization is not active
JDBC Connection [com.alibaba.druid.pool.DruidStatementConnection@d150ea1] will not be managed by Spring
==>  Preparing: SELECT rp.permission_id FROM sys_role_permission rp WHERE rp.role_id = ?
==> Parameters: 1(Long)
<==    Columns: permission_id
<==        Row: 1
<==        Row: 2
<==        Row: 4
<==        Row: 5
<==      Total: 4
Closing non transactional SqlSession [org.apache.ibatis.session.defaults.DefaultSqlSession@2e58f1d]
Creating a new SqlSession
SqlSession [org.apache.ibatis.session.defaults.DefaultSqlSession@be4248c] was not registered for synchronization because synchronization is not active
JDBC Connection [com.alibaba.druid.pool.DruidStatementConnection@d150ea1] will not be managed by Spring
==>  Preparing: SELECT rp.permission_id FROM sys_role_permission rp WHERE rp.role_id = ?
==> Parameters: 2(Long)
<==    Columns: permission_id
<==        Row: 1
<==        Row: 2
<==      Total: 2
Closing non transactional SqlSession [org.apache.ibatis.session.defaults.DefaultSqlSession@be4248c]
2026-08-15T11:14:12.501+08:00 DEBUG 11532 --- [iam-resource-service] [nio-9010-exec-5] o.s.security.web.FilterChainProxy        : Securing GET /api/admin/roles
Creating a new SqlSession
SqlSession [org.apache.ibatis.session.defaults.DefaultSqlSession@1817e8d6] was not registered for synchronization because synchronization is not active
JDBC Connection [com.alibaba.druid.pool.DruidStatementConnection@d150ea1] will not be managed by Spring
==>  Preparing: SELECT * FROM sys_user WHERE username = ? LIMIT 1
==> Parameters: admin(String)
<==    Columns: id, username, nickname, email, phone, avatar, identity_type, enabled, account_non_expired, account_non_locked, credentials_non_expired, create_time, update_time
<==        Row: 1, admin, 管理员, admin@example.com, null, null, 1, 1, 1, 1, 1, 2026-08-11 20:00:08, 2026-08-13 22:28:45
<==      Total: 1
Closing non transactional SqlSession [org.apache.ibatis.session.defaults.DefaultSqlSession@1817e8d6]
Creating a new SqlSession
SqlSession [org.apache.ibatis.session.defaults.DefaultSqlSession@338cbba3] was not registered for synchronization because synchronization is not active
JDBC Connection [com.alibaba.druid.pool.DruidStatementConnection@d150ea1] will not be managed by Spring
==>  Preparing: SELECT DISTINCT r.code FROM sys_role r JOIN sys_user_role ur ON ur.role_id = r.id JOIN sys_user u ON u.id = ur.user_id WHERE u.username = ?
==> Parameters: admin(String)
<==    Columns: code
<==        Row: ADMIN
<==      Total: 1
Closing non transactional SqlSession [org.apache.ibatis.session.defaults.DefaultSqlSession@338cbba3]
Creating a new SqlSession
SqlSession [org.apache.ibatis.session.defaults.DefaultSqlSession@6bc2922e] was not registered for synchronization because synchronization is not active
JDBC Connection [com.alibaba.druid.pool.DruidStatementConnection@d150ea1] will not be managed by Spring
==>  Preparing: SELECT DISTINCT p.code FROM sys_permission p JOIN sys_role_permission rp ON rp.permission_id = p.id JOIN sys_user_role ur ON ur.role_id = rp.role_id JOIN sys_user u ON u.id = ur.user_id WHERE u.username = ?
==> Parameters: admin(String)
<==    Columns: code
<==        Row: app:portal
<==        Row: app:oa
<==        Row: app:erp
<==        Row: app:bi
<==      Total: 4
Closing non transactional SqlSession [org.apache.ibatis.session.defaults.DefaultSqlSession@6bc2922e]
Creating a new SqlSession
SqlSession [org.apache.ibatis.session.defaults.DefaultSqlSession@6e9584d7] was not registered for synchronization because synchronization is not active
JDBC Connection [com.alibaba.druid.pool.DruidStatementConnection@d150ea1] will not be managed by Spring
==>  Preparing: SELECT DISTINCT r.code FROM sys_role r JOIN sys_user_role ur ON ur.role_id = r.id JOIN sys_user u ON u.id = ur.user_id WHERE u.username = ?
==> Parameters: admin(String)
<==    Columns: code
<==        Row: ADMIN
<==      Total: 1
Closing non transactional SqlSession [org.apache.ibatis.session.defaults.DefaultSqlSession@6e9584d7]
2026-08-15T11:14:12.745+08:00 DEBUG 11532 --- [iam-resource-service] [nio-9010-exec-5] c.RbacAuthoritiesOpaqueTokenIntrospector : [Introspect] 用户令牌注入 RBAC authorities, sub=admin, roles=[ADMIN]
2026-08-15T11:14:12.746+08:00 DEBUG 11532 --- [iam-resource-service] [nio-9010-exec-5] .s.r.a.OpaqueTokenAuthenticationProvider : Authenticated token
2026-08-15T11:14:12.746+08:00 DEBUG 11532 --- [iam-resource-service] [nio-9010-exec-5] .s.r.w.a.BearerTokenAuthenticationFilter : Set SecurityContextHolder to BearerTokenAuthentication [Principal=net.xzh.resource.config.RbacAuthoritiesOpaqueTokenIntrospector$EnrichedPrincipal@37de38c3, Credentials=[PROTECTED], Authenticated=true, Details=WebAuthenticationDetails [RemoteIpAddress=127.0.0.1, SessionId=null], Granted Authorities=[SCOPE_read, SCOPE_openid, SCOPE_profile, SCOPE_write, ROLE_ADMIN, app:portal, app:oa, app:erp, app:bi]]
2026-08-15T11:14:12.747+08:00 DEBUG 11532 --- [iam-resource-service] [nio-9010-exec-5] o.s.security.web.FilterChainProxy        : Secured GET /api/admin/roles
Creating a new SqlSession
SqlSession [org.apache.ibatis.session.defaults.DefaultSqlSession@1ce9fb24] was not registered for synchronization because synchronization is not active
JDBC Connection [com.alibaba.druid.pool.DruidStatementConnection@d150ea1] will not be managed by Spring
==>  Preparing: SELECT id,code,name,remark,create_time,update_time FROM sys_role
==> Parameters: 
<==    Columns: id, code, name, remark, create_time, update_time
<==        Row: 1, ADMIN, 管理员, 拥有全部应用访问权限, 2026-08-13 09:57:52, 2026-08-15 00:06:16
<==        Row: 2, USER, 普通用户, 仅可访问门户与 OA, 2026-08-13 09:57:52, 2026-08-13 09:57:52
<==      Total: 2
Closing non transactional SqlSession [org.apache.ibatis.session.defaults.DefaultSqlSession@1ce9fb24]
Creating a new SqlSession
SqlSession [org.apache.ibatis.session.defaults.DefaultSqlSession@2b60688] was not registered for synchronization because synchronization is not active
JDBC Connection [com.alibaba.druid.pool.DruidStatementConnection@d150ea1] will not be managed by Spring
==>  Preparing: SELECT rp.permission_id FROM sys_role_permission rp WHERE rp.role_id = ?
==> Parameters: 1(Long)
<==    Columns: permission_id
<==        Row: 1
<==        Row: 2
<==        Row: 4
<==        Row: 5
<==      Total: 4
Closing non transactional SqlSession [org.apache.ibatis.session.defaults.DefaultSqlSession@2b60688]
Creating a new SqlSession
SqlSession [org.apache.ibatis.session.defaults.DefaultSqlSession@38045f93] was not registered for synchronization because synchronization is not active
JDBC Connection [com.alibaba.druid.pool.DruidStatementConnection@d150ea1] will not be managed by Spring
==>  Preparing: SELECT rp.permission_id FROM sys_role_permission rp WHERE rp.role_id = ?
==> Parameters: 2(Long)
<==    Columns: permission_id
<==        Row: 1
<==        Row: 2
<==      Total: 2
Closing non transactional SqlSession [org.apache.ibatis.session.defaults.DefaultSqlSession@38045f93]
2026-08-15T11:14:12.828+08:00 DEBUG 11532 --- [iam-resource-service] [nio-9010-exec-4] o.s.security.web.FilterChainProxy        : Securing GET /api/admin/permissions
Creating a new SqlSession
SqlSession [org.apache.ibatis.session.defaults.DefaultSqlSession@52651668] was not registered for synchronization because synchronization is not active
JDBC Connection [com.alibaba.druid.pool.DruidStatementConnection@d150ea1] will not be managed by Spring
==>  Preparing: SELECT * FROM sys_user WHERE username = ? LIMIT 1
==> Parameters: admin(String)
<==    Columns: id, username, nickname, email, phone, avatar, identity_type, enabled, account_non_expired, account_non_locked, credentials_non_expired, create_time, update_time
<==        Row: 1, admin, 管理员, admin@example.com, null, null, 1, 1, 1, 1, 1, 2026-08-11 20:00:08, 2026-08-13 22:28:45
<==      Total: 1
Closing non transactional SqlSession [org.apache.ibatis.session.defaults.DefaultSqlSession@52651668]
Creating a new SqlSession
SqlSession [org.apache.ibatis.session.defaults.DefaultSqlSession@67337be2] was not registered for synchronization because synchronization is not active
JDBC Connection [com.alibaba.druid.pool.DruidStatementConnection@d150ea1] will not be managed by Spring
==>  Preparing: SELECT DISTINCT r.code FROM sys_role r JOIN sys_user_role ur ON ur.role_id = r.id JOIN sys_user u ON u.id = ur.user_id WHERE u.username = ?
==> Parameters: admin(String)
<==    Columns: code
<==        Row: ADMIN
<==      Total: 1
Closing non transactional SqlSession [org.apache.ibatis.session.defaults.DefaultSqlSession@67337be2]
Creating a new SqlSession
SqlSession [org.apache.ibatis.session.defaults.DefaultSqlSession@284a51ad] was not registered for synchronization because synchronization is not active
JDBC Connection [com.alibaba.druid.pool.DruidStatementConnection@d150ea1] will not be managed by Spring
==>  Preparing: SELECT DISTINCT p.code FROM sys_permission p JOIN sys_role_permission rp ON rp.permission_id = p.id JOIN sys_user_role ur ON ur.role_id = rp.role_id JOIN sys_user u ON u.id = ur.user_id WHERE u.username = ?
==> Parameters: admin(String)
<==    Columns: code
<==        Row: app:portal
<==        Row: app:oa
<==        Row: app:erp
<==        Row: app:bi
<==      Total: 4
Closing non transactional SqlSession [org.apache.ibatis.session.defaults.DefaultSqlSession@284a51ad]
Creating a new SqlSession
SqlSession [org.apache.ibatis.session.defaults.DefaultSqlSession@6ae73c33] was not registered for synchronization because synchronization is not active
JDBC Connection [com.alibaba.druid.pool.DruidStatementConnection@d150ea1] will not be managed by Spring
==>  Preparing: SELECT DISTINCT r.code FROM sys_role r JOIN sys_user_role ur ON ur.role_id = r.id JOIN sys_user u ON u.id = ur.user_id WHERE u.username = ?
==> Parameters: admin(String)
<==    Columns: code
<==        Row: ADMIN
<==      Total: 1
Closing non transactional SqlSession [org.apache.ibatis.session.defaults.DefaultSqlSession@6ae73c33]
2026-08-15T11:14:13.111+08:00 DEBUG 11532 --- [iam-resource-service] [nio-9010-exec-4] c.RbacAuthoritiesOpaqueTokenIntrospector : [Introspect] 用户令牌注入 RBAC authorities, sub=admin, roles=[ADMIN]
2026-08-15T11:14:13.112+08:00 DEBUG 11532 --- [iam-resource-service] [nio-9010-exec-4] .s.r.a.OpaqueTokenAuthenticationProvider : Authenticated token
2026-08-15T11:14:13.113+08:00 DEBUG 11532 --- [iam-resource-service] [nio-9010-exec-4] .s.r.w.a.BearerTokenAuthenticationFilter : Set SecurityContextHolder to BearerTokenAuthentication [Principal=net.xzh.resource.config.RbacAuthoritiesOpaqueTokenIntrospector$EnrichedPrincipal@30680458, Credentials=[PROTECTED], Authenticated=true, Details=WebAuthenticationDetails [RemoteIpAddress=127.0.0.1, SessionId=null], Granted Authorities=[SCOPE_read, SCOPE_openid, SCOPE_profile, SCOPE_write, ROLE_ADMIN, app:portal, app:oa, app:erp, app:bi]]
2026-08-15T11:14:13.114+08:00 DEBUG 11532 --- [iam-resource-service] [nio-9010-exec-4] o.s.security.web.FilterChainProxy        : Secured GET /api/admin/permissions
Creating a new SqlSession
SqlSession [org.apache.ibatis.session.defaults.DefaultSqlSession@32e08df2] was not registered for synchronization because synchronization is not active
JDBC Connection [com.alibaba.druid.pool.DruidStatementConnection@d150ea1] will not be managed by Spring
==>  Preparing: SELECT id,code,name,type,remark,create_time FROM sys_permission ORDER BY id ASC
==> Parameters: 
<==    Columns: id, code, name, type, remark, create_time
<==        Row: 1, app:portal, 门户应用, app, 统一工作台门户, 2026-08-13 09:57:52
<==        Row: 2, app:oa, OA 办公系统, app, 办公自动化, 2026-08-13 09:57:52
<==        Row: 3, app:crm, CRM 客户管理, app, 客户关系管理, 2026-08-13 09:57:52
<==        Row: 4, app:erp, ERP 企业资源, app, 企业资源计划, 2026-08-13 09:57:52
<==        Row: 5, app:bi, BI 数据分析, app, 商业智能分析, 2026-08-13 09:57:52
<==      Total: 5
Closing non transactional SqlSession [org.apache.ibatis.session.defaults.DefaultSqlSession@32e08df2]
2026-08-15T11:14:13.265+08:00 DEBUG 11532 --- [iam-resource-service] [nio-9010-exec-6] o.s.security.web.FilterChainProxy        : Securing GET /api/admin/user-roles/admin
Creating a new SqlSession
SqlSession [org.apache.ibatis.session.defaults.DefaultSqlSession@f7b6ecb] was not registered for synchronization because synchronization is not active
JDBC Connection [com.alibaba.druid.pool.DruidStatementConnection@d150ea1] will not be managed by Spring
==>  Preparing: SELECT * FROM sys_user WHERE username = ? LIMIT 1
==> Parameters: admin(String)
<==    Columns: id, username, nickname, email, phone, avatar, identity_type, enabled, account_non_expired, account_non_locked, credentials_non_expired, create_time, update_time
<==        Row: 1, admin, 管理员, admin@example.com, null, null, 1, 1, 1, 1, 1, 2026-08-11 20:00:08, 2026-08-13 22:28:45
<==      Total: 1
Closing non transactional SqlSession [org.apache.ibatis.session.defaults.DefaultSqlSession@f7b6ecb]
Creating a new SqlSession
SqlSession [org.apache.ibatis.session.defaults.DefaultSqlSession@14d8b882] was not registered for synchronization because synchronization is not active
JDBC Connection [com.alibaba.druid.pool.DruidStatementConnection@d150ea1] will not be managed by Spring
==>  Preparing: SELECT DISTINCT r.code FROM sys_role r JOIN sys_user_role ur ON ur.role_id = r.id JOIN sys_user u ON u.id = ur.user_id WHERE u.username = ?
==> Parameters: admin(String)
<==    Columns: code
<==        Row: ADMIN
<==      Total: 1
Closing non transactional SqlSession [org.apache.ibatis.session.defaults.DefaultSqlSession@14d8b882]
Creating a new SqlSession
SqlSession [org.apache.ibatis.session.defaults.DefaultSqlSession@6c38403b] was not registered for synchronization because synchronization is not active
JDBC Connection [com.alibaba.druid.pool.DruidStatementConnection@d150ea1] will not be managed by Spring
==>  Preparing: SELECT DISTINCT p.code FROM sys_permission p JOIN sys_role_permission rp ON rp.permission_id = p.id JOIN sys_user_role ur ON ur.role_id = rp.role_id JOIN sys_user u ON u.id = ur.user_id WHERE u.username = ?
==> Parameters: admin(String)
<==    Columns: code
<==        Row: app:portal
<==        Row: app:oa
<==        Row: app:erp
<==        Row: app:bi
<==      Total: 4
Closing non transactional SqlSession [org.apache.ibatis.session.defaults.DefaultSqlSession@6c38403b]
Creating a new SqlSession
SqlSession [org.apache.ibatis.session.defaults.DefaultSqlSession@7163d41f] was not registered for synchronization because synchronization is not active
JDBC Connection [com.alibaba.druid.pool.DruidStatementConnection@d150ea1] will not be managed by Spring
==>  Preparing: SELECT DISTINCT r.code FROM sys_role r JOIN sys_user_role ur ON ur.role_id = r.id JOIN sys_user u ON u.id = ur.user_id WHERE u.username = ?
==> Parameters: admin(String)
<==    Columns: code
<==        Row: ADMIN
<==      Total: 1
Closing non transactional SqlSession [org.apache.ibatis.session.defaults.DefaultSqlSession@7163d41f]
2026-08-15T11:14:13.575+08:00 DEBUG 11532 --- [iam-resource-service] [nio-9010-exec-6] c.RbacAuthoritiesOpaqueTokenIntrospector : [Introspect] 用户令牌注入 RBAC authorities, sub=admin, roles=[ADMIN]
2026-08-15T11:14:13.576+08:00 DEBUG 11532 --- [iam-resource-service] [nio-9010-exec-6] .s.r.a.OpaqueTokenAuthenticationProvider : Authenticated token
2026-08-15T11:14:13.577+08:00 DEBUG 11532 --- [iam-resource-service] [nio-9010-exec-6] .s.r.w.a.BearerTokenAuthenticationFilter : Set SecurityContextHolder to BearerTokenAuthentication [Principal=net.xzh.resource.config.RbacAuthoritiesOpaqueTokenIntrospector$EnrichedPrincipal@4b4c4388, Credentials=[PROTECTED], Authenticated=true, Details=WebAuthenticationDetails [RemoteIpAddress=127.0.0.1, SessionId=null], Granted Authorities=[SCOPE_read, SCOPE_openid, SCOPE_profile, SCOPE_write, ROLE_ADMIN, app:portal, app:oa, app:erp, app:bi]]
2026-08-15T11:14:13.578+08:00 DEBUG 11532 --- [iam-resource-service] [nio-9010-exec-6] o.s.security.web.FilterChainProxy        : Secured GET /api/admin/user-roles/admin
Creating a new SqlSession
SqlSession [org.apache.ibatis.session.defaults.DefaultSqlSession@30015131] was not registered for synchronization because synchronization is not active
JDBC Connection [com.alibaba.druid.pool.DruidStatementConnection@d150ea1] will not be managed by Spring
==>  Preparing: SELECT id FROM sys_user WHERE username = ? LIMIT 1
==> Parameters: admin(String)
<==    Columns: id
<==        Row: 1
<==      Total: 1
Closing non transactional SqlSession [org.apache.ibatis.session.defaults.DefaultSqlSession@30015131]
Creating a new SqlSession
SqlSession [org.apache.ibatis.session.defaults.DefaultSqlSession@7e637fef] was not registered for synchronization because synchronization is not active
JDBC Connection [com.alibaba.druid.pool.DruidStatementConnection@d150ea1] will not be managed by Spring
==>  Preparing: SELECT ur.role_id FROM sys_user_role ur WHERE ur.user_id = ?
==> Parameters: 1(Long)
<==    Columns: role_id
<==        Row: 1
<==      Total: 1
Closing non transactional SqlSession [org.apache.ibatis.session.defaults.DefaultSqlSession@7e637fef]
2026-08-15T11:14:13.698+08:00 DEBUG 11532 --- [iam-resource-service] [nio-9010-exec-7] o.s.security.web.FilterChainProxy        : Securing GET /api/admin/user-roles/user
Creating a new SqlSession
SqlSession [org.apache.ibatis.session.defaults.DefaultSqlSession@57856aa9] was not registered for synchronization because synchronization is not active
JDBC Connection [com.alibaba.druid.pool.DruidStatementConnection@d150ea1] will not be managed by Spring
==>  Preparing: SELECT * FROM sys_user WHERE username = ? LIMIT 1
==> Parameters: admin(String)
<==    Columns: id, username, nickname, email, phone, avatar, identity_type, enabled, account_non_expired, account_non_locked, credentials_non_expired, create_time, update_time
<==        Row: 1, admin, 管理员, admin@example.com, null, null, 1, 1, 1, 1, 1, 2026-08-11 20:00:08, 2026-08-13 22:28:45
<==      Total: 1
Closing non transactional SqlSession [org.apache.ibatis.session.defaults.DefaultSqlSession@57856aa9]
Creating a new SqlSession
SqlSession [org.apache.ibatis.session.defaults.DefaultSqlSession@5d7d01d9] was not registered for synchronization because synchronization is not active
JDBC Connection [com.alibaba.druid.pool.DruidStatementConnection@d150ea1] will not be managed by Spring
==>  Preparing: SELECT DISTINCT r.code FROM sys_role r JOIN sys_user_role ur ON ur.role_id = r.id JOIN sys_user u ON u.id = ur.user_id WHERE u.username = ?
==> Parameters: admin(String)
<==    Columns: code
<==        Row: ADMIN
<==      Total: 1
Closing non transactional SqlSession [org.apache.ibatis.session.defaults.DefaultSqlSession@5d7d01d9]
Creating a new SqlSession
SqlSession [org.apache.ibatis.session.defaults.DefaultSqlSession@64d37596] was not registered for synchronization because synchronization is not active
JDBC Connection [com.alibaba.druid.pool.DruidStatementConnection@d150ea1] will not be managed by Spring
==>  Preparing: SELECT DISTINCT p.code FROM sys_permission p JOIN sys_role_permission rp ON rp.permission_id = p.id JOIN sys_user_role ur ON ur.role_id = rp.role_id JOIN sys_user u ON u.id = ur.user_id WHERE u.username = ?
==> Parameters: admin(String)
<==    Columns: code
<==        Row: app:portal
<==        Row: app:oa
<==        Row: app:erp
<==        Row: app:bi
<==      Total: 4
Closing non transactional SqlSession [org.apache.ibatis.session.defaults.DefaultSqlSession@64d37596]
Creating a new SqlSession
SqlSession [org.apache.ibatis.session.defaults.DefaultSqlSession@1cebb3d6] was not registered for synchronization because synchronization is not active
JDBC Connection [com.alibaba.druid.pool.DruidStatementConnection@d150ea1] will not be managed by Spring
==>  Preparing: SELECT DISTINCT r.code FROM sys_role r JOIN sys_user_role ur ON ur.role_id = r.id JOIN sys_user u ON u.id = ur.user_id WHERE u.username = ?
==> Parameters: admin(String)
<==    Columns: code
<==        Row: ADMIN
<==      Total: 1
Closing non transactional SqlSession [org.apache.ibatis.session.defaults.DefaultSqlSession@1cebb3d6]
2026-08-15T11:14:13.923+08:00 DEBUG 11532 --- [iam-resource-service] [nio-9010-exec-7] c.RbacAuthoritiesOpaqueTokenIntrospector : [Introspect] 用户令牌注入 RBAC authorities, sub=admin, roles=[ADMIN]
2026-08-15T11:14:13.924+08:00 DEBUG 11532 --- [iam-resource-service] [nio-9010-exec-7] .s.r.a.OpaqueTokenAuthenticationProvider : Authenticated token
2026-08-15T11:14:13.924+08:00 DEBUG 11532 --- [iam-resource-service] [nio-9010-exec-7] .s.r.w.a.BearerTokenAuthenticationFilter : Set SecurityContextHolder to BearerTokenAuthentication [Principal=net.xzh.resource.config.RbacAuthoritiesOpaqueTokenIntrospector$EnrichedPrincipal@750de04, Credentials=[PROTECTED], Authenticated=true, Details=WebAuthenticationDetails [RemoteIpAddress=127.0.0.1, SessionId=null], Granted Authorities=[SCOPE_read, SCOPE_openid, SCOPE_profile, SCOPE_write, ROLE_ADMIN, app:portal, app:oa, app:erp, app:bi]]
2026-08-15T11:14:13.925+08:00 DEBUG 11532 --- [iam-resource-service] [nio-9010-exec-7] o.s.security.web.FilterChainProxy        : Secured GET /api/admin/user-roles/user
Creating a new SqlSession
SqlSession [org.apache.ibatis.session.defaults.DefaultSqlSession@46db8089] was not registered for synchronization because synchronization is not active
JDBC Connection [com.alibaba.druid.pool.DruidStatementConnection@d150ea1] will not be managed by Spring
==>  Preparing: SELECT id FROM sys_user WHERE username = ? LIMIT 1
==> Parameters: user(String)
<==    Columns: id
<==        Row: 2
<==      Total: 1
Closing non transactional SqlSession [org.apache.ibatis.session.defaults.DefaultSqlSession@46db8089]
Creating a new SqlSession
SqlSession [org.apache.ibatis.session.defaults.DefaultSqlSession@7c1e77a4] was not registered for synchronization because synchronization is not active
JDBC Connection [com.alibaba.druid.pool.DruidStatementConnection@d150ea1] will not be managed by Spring
==>  Preparing: SELECT ur.role_id FROM sys_user_role ur WHERE ur.user_id = ?
==> Parameters: 2(Long)
<==    Columns: role_id
<==        Row: 1
<==      Total: 1
Closing non transactional SqlSession [org.apache.ibatis.session.defaults.DefaultSqlSession@7c1e77a4]
2026-08-15T11:14:14.009+08:00 DEBUG 11532 --- [iam-resource-service] [nio-9010-exec-8] o.s.security.web.FilterChainProxy        : Securing GET /api/admin/roles
Creating a new SqlSession
SqlSession [org.apache.ibatis.session.defaults.DefaultSqlSession@282ddcf6] was not registered for synchronization because synchronization is not active
JDBC Connection [com.alibaba.druid.pool.DruidStatementConnection@d150ea1] will not be managed by Spring
==>  Preparing: SELECT * FROM sys_user WHERE username = ? LIMIT 1
==> Parameters: admin(String)
<==    Columns: id, username, nickname, email, phone, avatar, identity_type, enabled, account_non_expired, account_non_locked, credentials_non_expired, create_time, update_time
<==        Row: 1, admin, 管理员, admin@example.com, null, null, 1, 1, 1, 1, 1, 2026-08-11 20:00:08, 2026-08-13 22:28:45
<==      Total: 1
Closing non transactional SqlSession [org.apache.ibatis.session.defaults.DefaultSqlSession@282ddcf6]
Creating a new SqlSession
SqlSession [org.apache.ibatis.session.defaults.DefaultSqlSession@22d5b786] was not registered for synchronization because synchronization is not active
JDBC Connection [com.alibaba.druid.pool.DruidStatementConnection@d150ea1] will not be managed by Spring
==>  Preparing: SELECT DISTINCT r.code FROM sys_role r JOIN sys_user_role ur ON ur.role_id = r.id JOIN sys_user u ON u.id = ur.user_id WHERE u.username = ?
==> Parameters: admin(String)
<==    Columns: code
<==        Row: ADMIN
<==      Total: 1
Closing non transactional SqlSession [org.apache.ibatis.session.defaults.DefaultSqlSession@22d5b786]
Creating a new SqlSession
SqlSession [org.apache.ibatis.session.defaults.DefaultSqlSession@21db97d8] was not registered for synchronization because synchronization is not active
JDBC Connection [com.alibaba.druid.pool.DruidStatementConnection@d150ea1] will not be managed by Spring
==>  Preparing: SELECT DISTINCT p.code FROM sys_permission p JOIN sys_role_permission rp ON rp.permission_id = p.id JOIN sys_user_role ur ON ur.role_id = rp.role_id JOIN sys_user u ON u.id = ur.user_id WHERE u.username = ?
==> Parameters: admin(String)
<==    Columns: code
<==        Row: app:portal
<==        Row: app:oa
<==        Row: app:erp
<==        Row: app:bi
<==      Total: 4
Closing non transactional SqlSession [org.apache.ibatis.session.defaults.DefaultSqlSession@21db97d8]
Creating a new SqlSession
SqlSession [org.apache.ibatis.session.defaults.DefaultSqlSession@591c0e91] was not registered for synchronization because synchronization is not active
JDBC Connection [com.alibaba.druid.pool.DruidStatementConnection@d150ea1] will not be managed by Spring
==>  Preparing: SELECT DISTINCT r.code FROM sys_role r JOIN sys_user_role ur ON ur.role_id = r.id JOIN sys_user u ON u.id = ur.user_id WHERE u.username = ?
==> Parameters: admin(String)
<==    Columns: code
<==        Row: ADMIN
<==      Total: 1
Closing non transactional SqlSession [org.apache.ibatis.session.defaults.DefaultSqlSession@591c0e91]
2026-08-15T11:14:14.238+08:00 DEBUG 11532 --- [iam-resource-service] [nio-9010-exec-8] c.RbacAuthoritiesOpaqueTokenIntrospector : [Introspect] 用户令牌注入 RBAC authorities, sub=admin, roles=[ADMIN]
2026-08-15T11:14:14.239+08:00 DEBUG 11532 --- [iam-resource-service] [nio-9010-exec-8] .s.r.a.OpaqueTokenAuthenticationProvider : Authenticated token
2026-08-15T11:14:14.240+08:00 DEBUG 11532 --- [iam-resource-service] [nio-9010-exec-8] .s.r.w.a.BearerTokenAuthenticationFilter : Set SecurityContextHolder to BearerTokenAuthentication [Principal=net.xzh.resource.config.RbacAuthoritiesOpaqueTokenIntrospector$EnrichedPrincipal@7ae0e087, Credentials=[PROTECTED], Authenticated=true, Details=WebAuthenticationDetails [RemoteIpAddress=127.0.0.1, SessionId=null], Granted Authorities=[SCOPE_read, SCOPE_openid, SCOPE_profile, SCOPE_write, ROLE_ADMIN, app:portal, app:oa, app:erp, app:bi]]
2026-08-15T11:14:14.241+08:00 DEBUG 11532 --- [iam-resource-service] [nio-9010-exec-8] o.s.security.web.FilterChainProxy        : Secured GET /api/admin/roles
Creating a new SqlSession
SqlSession [org.apache.ibatis.session.defaults.DefaultSqlSession@7bc95516] was not registered for synchronization because synchronization is not active
JDBC Connection [com.alibaba.druid.pool.DruidStatementConnection@d150ea1] will not be managed by Spring
==>  Preparing: SELECT id,code,name,remark,create_time,update_time FROM sys_role
==> Parameters: 
<==    Columns: id, code, name, remark, create_time, update_time
<==        Row: 1, ADMIN, 管理员, 拥有全部应用访问权限, 2026-08-13 09:57:52, 2026-08-15 00:06:16
<==        Row: 2, USER, 普通用户, 仅可访问门户与 OA, 2026-08-13 09:57:52, 2026-08-13 09:57:52
<==      Total: 2
Closing non transactional SqlSession [org.apache.ibatis.session.defaults.DefaultSqlSession@7bc95516]
Creating a new SqlSession
SqlSession [org.apache.ibatis.session.defaults.DefaultSqlSession@3b639b6] was not registered for synchronization because synchronization is not active
JDBC Connection [com.alibaba.druid.pool.DruidStatementConnection@d150ea1] will not be managed by Spring
==>  Preparing: SELECT rp.permission_id FROM sys_role_permission rp WHERE rp.role_id = ?
==> Parameters: 1(Long)
<==    Columns: permission_id
<==        Row: 1
<==        Row: 2
<==        Row: 4
<==        Row: 5
<==      Total: 4
Closing non transactional SqlSession [org.apache.ibatis.session.defaults.DefaultSqlSession@3b639b6]
Creating a new SqlSession
SqlSession [org.apache.ibatis.session.defaults.DefaultSqlSession@4f7f9eb9] was not registered for synchronization because synchronization is not active
JDBC Connection [com.alibaba.druid.pool.DruidStatementConnection@d150ea1] will not be managed by Spring
==>  Preparing: SELECT rp.permission_id FROM sys_role_permission rp WHERE rp.role_id = ?
==> Parameters: 2(Long)
<==    Columns: permission_id
<==        Row: 1
<==        Row: 2
<==      Total: 2
Closing non transactional SqlSession [org.apache.ibatis.session.defaults.DefaultSqlSession@4f7f9eb9]
2026-08-15T11:14:14.583+08:00 DEBUG 11532 --- [iam-resource-service] [nio-9010-exec-9] o.s.security.web.FilterChainProxy        : Securing PUT /api/admin/user-roles/user
Creating a new SqlSession
SqlSession [org.apache.ibatis.session.defaults.DefaultSqlSession@30efe0f9] was not registered for synchronization because synchronization is not active
JDBC Connection [com.alibaba.druid.pool.DruidStatementConnection@d150ea1] will not be managed by Spring
==>  Preparing: SELECT * FROM sys_user WHERE username = ? LIMIT 1
==> Parameters: admin(String)
<==    Columns: id, username, nickname, email, phone, avatar, identity_type, enabled, account_non_expired, account_non_locked, credentials_non_expired, create_time, update_time
<==        Row: 1, admin, 管理员, admin@example.com, null, null, 1, 1, 1, 1, 1, 2026-08-11 20:00:08, 2026-08-13 22:28:45
<==      Total: 1
Closing non transactional SqlSession [org.apache.ibatis.session.defaults.DefaultSqlSession@30efe0f9]
Creating a new SqlSession
SqlSession [org.apache.ibatis.session.defaults.DefaultSqlSession@3a178b89] was not registered for synchronization because synchronization is not active
JDBC Connection [com.alibaba.druid.pool.DruidStatementConnection@d150ea1] will not be managed by Spring
==>  Preparing: SELECT DISTINCT r.code FROM sys_role r JOIN sys_user_role ur ON ur.role_id = r.id JOIN sys_user u ON u.id = ur.user_id WHERE u.username = ?
==> Parameters: admin(String)
<==    Columns: code
<==        Row: ADMIN
<==      Total: 1
Closing non transactional SqlSession [org.apache.ibatis.session.defaults.DefaultSqlSession@3a178b89]
Creating a new SqlSession
SqlSession [org.apache.ibatis.session.defaults.DefaultSqlSession@3032cd9c] was not registered for synchronization because synchronization is not active
JDBC Connection [com.alibaba.druid.pool.DruidStatementConnection@d150ea1] will not be managed by Spring
==>  Preparing: SELECT DISTINCT p.code FROM sys_permission p JOIN sys_role_permission rp ON rp.permission_id = p.id JOIN sys_user_role ur ON ur.role_id = rp.role_id JOIN sys_user u ON u.id = ur.user_id WHERE u.username = ?
==> Parameters: admin(String)
<==    Columns: code
<==        Row: app:portal
<==        Row: app:oa
<==        Row: app:erp
<==        Row: app:bi
<==      Total: 4
Closing non transactional SqlSession [org.apache.ibatis.session.defaults.DefaultSqlSession@3032cd9c]
Creating a new SqlSession
SqlSession [org.apache.ibatis.session.defaults.DefaultSqlSession@48ed8e28] was not registered for synchronization because synchronization is not active
JDBC Connection [com.alibaba.druid.pool.DruidStatementConnection@d150ea1] will not be managed by Spring
==>  Preparing: SELECT DISTINCT r.code FROM sys_role r JOIN sys_user_role ur ON ur.role_id = r.id JOIN sys_user u ON u.id = ur.user_id WHERE u.username = ?
==> Parameters: admin(String)
<==    Columns: code
<==        Row: ADMIN
<==      Total: 1
Closing non transactional SqlSession [org.apache.ibatis.session.defaults.DefaultSqlSession@48ed8e28]
2026-08-15T11:14:14.827+08:00 DEBUG 11532 --- [iam-resource-service] [nio-9010-exec-9] c.RbacAuthoritiesOpaqueTokenIntrospector : [Introspect] 用户令牌注入 RBAC authorities, sub=admin, roles=[ADMIN]
2026-08-15T11:14:14.828+08:00 DEBUG 11532 --- [iam-resource-service] [nio-9010-exec-9] .s.r.a.OpaqueTokenAuthenticationProvider : Authenticated token
2026-08-15T11:14:14.829+08:00 DEBUG 11532 --- [iam-resource-service] [nio-9010-exec-9] .s.r.w.a.BearerTokenAuthenticationFilter : Set SecurityContextHolder to BearerTokenAuthentication [Principal=net.xzh.resource.config.RbacAuthoritiesOpaqueTokenIntrospector$EnrichedPrincipal@39429db6, Credentials=[PROTECTED], Authenticated=true, Details=WebAuthenticationDetails [RemoteIpAddress=127.0.0.1, SessionId=null], Granted Authorities=[SCOPE_read, SCOPE_openid, SCOPE_profile, SCOPE_write, ROLE_ADMIN, app:portal, app:oa, app:erp, app:bi]]
2026-08-15T11:14:14.830+08:00 DEBUG 11532 --- [iam-resource-service] [nio-9010-exec-9] o.s.security.web.FilterChainProxy        : Secured PUT /api/admin/user-roles/user
Creating a new SqlSession
Registering transaction synchronization for SqlSession [org.apache.ibatis.session.defaults.DefaultSqlSession@13d6f973]
JDBC Connection [com.alibaba.druid.pool.DruidStatementConnection@d150ea1] will be managed by Spring
==>  Preparing: SELECT id FROM sys_user WHERE username = ? LIMIT 1
==> Parameters: user(String)
<==    Columns: id
<==        Row: 2
<==      Total: 1
Releasing transactional SqlSession [org.apache.ibatis.session.defaults.DefaultSqlSession@13d6f973]
Fetched SqlSession [org.apache.ibatis.session.defaults.DefaultSqlSession@13d6f973] from current transaction
==>  Preparing: DELETE FROM sys_user_role WHERE (user_id = ?)
==> Parameters: 2(Long)
<==    Updates: 1
Releasing transactional SqlSession [org.apache.ibatis.session.defaults.DefaultSqlSession@13d6f973]
Fetched SqlSession [org.apache.ibatis.session.defaults.DefaultSqlSession@13d6f973] from current transaction
==>  Preparing: INSERT INTO sys_user_role ( user_id, role_id ) VALUES ( ?, ? )
==> Parameters: 2(Long), 1(Long)
<==    Updates: 1
Releasing transactional SqlSession [org.apache.ibatis.session.defaults.DefaultSqlSession@13d6f973]
2026-08-15T11:14:14.940+08:00  INFO 11532 --- [iam-resource-service] [nio-9010-exec-9] net.xzh.resource.service.RbacService     : 为用户 username=user 分配角色 roleIds=[1]
Transaction synchronization committing SqlSession [org.apache.ibatis.session.defaults.DefaultSqlSession@13d6f973]
Transaction synchronization deregistering SqlSession [org.apache.ibatis.session.defaults.DefaultSqlSession@13d6f973]
Transaction synchronization closing SqlSession [org.apache.ibatis.session.defaults.DefaultSqlSession@13d6f973]
2026-08-15T11:14:15.013+08:00 DEBUG 11532 --- [iam-resource-service] [io-9010-exec-10] o.s.security.web.FilterChainProxy        : Securing GET /api/admin/user-roles/user
Creating a new SqlSession
SqlSession [org.apache.ibatis.session.defaults.DefaultSqlSession@3996c3f3] was not registered for synchronization because synchronization is not active
JDBC Connection [com.alibaba.druid.pool.DruidStatementConnection@d150ea1] will not be managed by Spring
==>  Preparing: SELECT * FROM sys_user WHERE username = ? LIMIT 1
==> Parameters: admin(String)
<==    Columns: id, username, nickname, email, phone, avatar, identity_type, enabled, account_non_expired, account_non_locked, credentials_non_expired, create_time, update_time
<==        Row: 1, admin, 管理员, admin@example.com, null, null, 1, 1, 1, 1, 1, 2026-08-11 20:00:08, 2026-08-13 22:28:45
<==      Total: 1
Closing non transactional SqlSession [org.apache.ibatis.session.defaults.DefaultSqlSession@3996c3f3]
Creating a new SqlSession
SqlSession [org.apache.ibatis.session.defaults.DefaultSqlSession@336ea883] was not registered for synchronization because synchronization is not active
JDBC Connection [com.alibaba.druid.pool.DruidStatementConnection@d150ea1] will not be managed by Spring
==>  Preparing: SELECT DISTINCT r.code FROM sys_role r JOIN sys_user_role ur ON ur.role_id = r.id JOIN sys_user u ON u.id = ur.user_id WHERE u.username = ?
==> Parameters: admin(String)
<==    Columns: code
<==        Row: ADMIN
<==      Total: 1
Closing non transactional SqlSession [org.apache.ibatis.session.defaults.DefaultSqlSession@336ea883]
Creating a new SqlSession
SqlSession [org.apache.ibatis.session.defaults.DefaultSqlSession@79eafcef] was not registered for synchronization because synchronization is not active
JDBC Connection [com.alibaba.druid.pool.DruidStatementConnection@d150ea1] will not be managed by Spring
==>  Preparing: SELECT DISTINCT p.code FROM sys_permission p JOIN sys_role_permission rp ON rp.permission_id = p.id JOIN sys_user_role ur ON ur.role_id = rp.role_id JOIN sys_user u ON u.id = ur.user_id WHERE u.username = ?
==> Parameters: admin(String)
<==    Columns: code
<==        Row: app:portal
<==        Row: app:oa
<==        Row: app:erp
<==        Row: app:bi
<==      Total: 4
Closing non transactional SqlSession [org.apache.ibatis.session.defaults.DefaultSqlSession@79eafcef]
Creating a new SqlSession
SqlSession [org.apache.ibatis.session.defaults.DefaultSqlSession@13cd718] was not registered for synchronization because synchronization is not active
JDBC Connection [com.alibaba.druid.pool.DruidStatementConnection@d150ea1] will not be managed by Spring
==>  Preparing: SELECT DISTINCT r.code FROM sys_role r JOIN sys_user_role ur ON ur.role_id = r.id JOIN sys_user u ON u.id = ur.user_id WHERE u.username = ?
==> Parameters: admin(String)
<==    Columns: code
<==        Row: ADMIN
<==      Total: 1
Closing non transactional SqlSession [org.apache.ibatis.session.defaults.DefaultSqlSession@13cd718]
2026-08-15T11:14:15.260+08:00 DEBUG 11532 --- [iam-resource-service] [io-9010-exec-10] c.RbacAuthoritiesOpaqueTokenIntrospector : [Introspect] 用户令牌注入 RBAC authorities, sub=admin, roles=[ADMIN]
2026-08-15T11:14:15.261+08:00 DEBUG 11532 --- [iam-resource-service] [io-9010-exec-10] .s.r.a.OpaqueTokenAuthenticationProvider : Authenticated token
2026-08-15T11:14:15.261+08:00 DEBUG 11532 --- [iam-resource-service] [io-9010-exec-10] .s.r.w.a.BearerTokenAuthenticationFilter : Set SecurityContextHolder to BearerTokenAuthentication [Principal=net.xzh.resource.config.RbacAuthoritiesOpaqueTokenIntrospector$EnrichedPrincipal@38604466, Credentials=[PROTECTED], Authenticated=true, Details=WebAuthenticationDetails [RemoteIpAddress=127.0.0.1, SessionId=null], Granted Authorities=[SCOPE_read, SCOPE_openid, SCOPE_profile, SCOPE_write, ROLE_ADMIN, app:portal, app:oa, app:erp, app:bi]]
2026-08-15T11:14:15.262+08:00 DEBUG 11532 --- [iam-resource-service] [io-9010-exec-10] o.s.security.web.FilterChainProxy        : Secured GET /api/admin/user-roles/user
Creating a new SqlSession
SqlSession [org.apache.ibatis.session.defaults.DefaultSqlSession@7ddbf0f6] was not registered for synchronization because synchronization is not active
JDBC Connection [com.alibaba.druid.pool.DruidStatementConnection@d150ea1] will not be managed by Spring
==>  Preparing: SELECT id FROM sys_user WHERE username = ? LIMIT 1
==> Parameters: user(String)
<==    Columns: id
<==        Row: 2
<==      Total: 1
Closing non transactional SqlSession [org.apache.ibatis.session.defaults.DefaultSqlSession@7ddbf0f6]
Creating a new SqlSession
SqlSession [org.apache.ibatis.session.defaults.DefaultSqlSession@120d2537] was not registered for synchronization because synchronization is not active
JDBC Connection [com.alibaba.druid.pool.DruidStatementConnection@d150ea1] will not be managed by Spring
==>  Preparing: SELECT ur.role_id FROM sys_user_role ur WHERE ur.user_id = ?
==> Parameters: 2(Long)
<==    Columns: role_id
<==        Row: 1
<==      Total: 1
Closing non transactional SqlSession [org.apache.ibatis.session.defaults.DefaultSqlSession@120d2537]
2026-08-15T11:15:45.143+08:00 DEBUG 11532 --- [iam-resource-service] [nio-9010-exec-2] o.s.security.web.FilterChainProxy        : Securing GET /api/admin/roles
Creating a new SqlSession
SqlSession [org.apache.ibatis.session.defaults.DefaultSqlSession@7db16c8e] was not registered for synchronization because synchronization is not active
JDBC Connection [com.alibaba.druid.pool.DruidStatementConnection@d150ea1] will not be managed by Spring
==>  Preparing: SELECT * FROM sys_user WHERE username = ? LIMIT 1
==> Parameters: admin(String)
<==    Columns: id, username, nickname, email, phone, avatar, identity_type, enabled, account_non_expired, account_non_locked, credentials_non_expired, create_time, update_time
<==        Row: 1, admin, 管理员, admin@example.com, null, null, 1, 1, 1, 1, 1, 2026-08-11 20:00:08, 2026-08-13 22:28:45
<==      Total: 1
Closing non transactional SqlSession [org.apache.ibatis.session.defaults.DefaultSqlSession@7db16c8e]
Creating a new SqlSession
SqlSession [org.apache.ibatis.session.defaults.DefaultSqlSession@4e33859d] was not registered for synchronization because synchronization is not active
JDBC Connection [com.alibaba.druid.pool.DruidStatementConnection@d150ea1] will not be managed by Spring
==>  Preparing: SELECT DISTINCT r.code FROM sys_role r JOIN sys_user_role ur ON ur.role_id = r.id JOIN sys_user u ON u.id = ur.user_id WHERE u.username = ?
==> Parameters: admin(String)
<==    Columns: code
<==        Row: ADMIN
<==      Total: 1
Closing non transactional SqlSession [org.apache.ibatis.session.defaults.DefaultSqlSession@4e33859d]
Creating a new SqlSession
SqlSession [org.apache.ibatis.session.defaults.DefaultSqlSession@4e9768d6] was not registered for synchronization because synchronization is not active
JDBC Connection [com.alibaba.druid.pool.DruidStatementConnection@d150ea1] will not be managed by Spring
==>  Preparing: SELECT DISTINCT p.code FROM sys_permission p JOIN sys_role_permission rp ON rp.permission_id = p.id JOIN sys_user_role ur ON ur.role_id = rp.role_id JOIN sys_user u ON u.id = ur.user_id WHERE u.username = ?
==> Parameters: admin(String)
<==    Columns: code
<==        Row: app:portal
<==        Row: app:oa
<==        Row: app:erp
<==        Row: app:bi
<==      Total: 4
Closing non transactional SqlSession [org.apache.ibatis.session.defaults.DefaultSqlSession@4e9768d6]
Creating a new SqlSession
SqlSession [org.apache.ibatis.session.defaults.DefaultSqlSession@42c12332] was not registered for synchronization because synchronization is not active
JDBC Connection [com.alibaba.druid.pool.DruidStatementConnection@d150ea1] will not be managed by Spring
==>  Preparing: SELECT DISTINCT r.code FROM sys_role r JOIN sys_user_role ur ON ur.role_id = r.id JOIN sys_user u ON u.id = ur.user_id WHERE u.username = ?
==> Parameters: admin(String)
<==    Columns: code
<==        Row: ADMIN
<==      Total: 1
Closing non transactional SqlSession [org.apache.ibatis.session.defaults.DefaultSqlSession@42c12332]
2026-08-15T11:15:45.322+08:00 DEBUG 11532 --- [iam-resource-service] [nio-9010-exec-2] c.RbacAuthoritiesOpaqueTokenIntrospector : [Introspect] 用户令牌注入 RBAC authorities, sub=admin, roles=[ADMIN]
2026-08-15T11:15:45.323+08:00 DEBUG 11532 --- [iam-resource-service] [nio-9010-exec-2] .s.r.a.OpaqueTokenAuthenticationProvider : Authenticated token
2026-08-15T11:15:45.323+08:00 DEBUG 11532 --- [iam-resource-service] [nio-9010-exec-2] .s.r.w.a.BearerTokenAuthenticationFilter : Set SecurityContextHolder to BearerTokenAuthentication [Principal=net.xzh.resource.config.RbacAuthoritiesOpaqueTokenIntrospector$EnrichedPrincipal@de11eb8, Credentials=[PROTECTED], Authenticated=true, Details=WebAuthenticationDetails [RemoteIpAddress=127.0.0.1, SessionId=null], Granted Authorities=[SCOPE_read, SCOPE_openid, SCOPE_profile, SCOPE_write, ROLE_ADMIN, app:portal, app:oa, app:erp, app:bi]]
2026-08-15T11:15:45.323+08:00 DEBUG 11532 --- [iam-resource-service] [nio-9010-exec-2] o.s.security.web.FilterChainProxy        : Secured GET /api/admin/roles
Creating a new SqlSession
SqlSession [org.apache.ibatis.session.defaults.DefaultSqlSession@7f01c68c] was not registered for synchronization because synchronization is not active
JDBC Connection [com.alibaba.druid.pool.DruidStatementConnection@d150ea1] will not be managed by Spring
==>  Preparing: SELECT id,code,name,remark,create_time,update_time FROM sys_role
==> Parameters: 
<==    Columns: id, code, name, remark, create_time, update_time
<==        Row: 1, ADMIN, 管理员, 拥有全部应用访问权限, 2026-08-13 09:57:52, 2026-08-15 00:06:16
<==        Row: 2, USER, 普通用户, 仅可访问门户与 OA, 2026-08-13 09:57:52, 2026-08-13 09:57:52
<==      Total: 2
Closing non transactional SqlSession [org.apache.ibatis.session.defaults.DefaultSqlSession@7f01c68c]
Creating a new SqlSession
SqlSession [org.apache.ibatis.session.defaults.DefaultSqlSession@64424cb9] was not registered for synchronization because synchronization is not active
JDBC Connection [com.alibaba.druid.pool.DruidStatementConnection@d150ea1] will not be managed by Spring
==>  Preparing: SELECT rp.permission_id FROM sys_role_permission rp WHERE rp.role_id = ?
==> Parameters: 1(Long)
<==    Columns: permission_id
<==        Row: 1
<==        Row: 2
<==        Row: 4
<==        Row: 5
<==      Total: 4
Closing non transactional SqlSession [org.apache.ibatis.session.defaults.DefaultSqlSession@64424cb9]
Creating a new SqlSession
SqlSession [org.apache.ibatis.session.defaults.DefaultSqlSession@10171557] was not registered for synchronization because synchronization is not active
JDBC Connection [com.alibaba.druid.pool.DruidStatementConnection@d150ea1] will not be managed by Spring
==>  Preparing: SELECT rp.permission_id FROM sys_role_permission rp WHERE rp.role_id = ?
==> Parameters: 2(Long)
<==    Columns: permission_id
<==        Row: 1
<==        Row: 2
<==      Total: 2
Closing non transactional SqlSession [org.apache.ibatis.session.defaults.DefaultSqlSession@10171557]
2026-08-15T11:15:46.451+08:00 DEBUG 11532 --- [iam-resource-service] [nio-9010-exec-3] o.s.security.web.FilterChainProxy        : Securing GET /api/admin/user-roles/admin
Creating a new SqlSession
SqlSession [org.apache.ibatis.session.defaults.DefaultSqlSession@7da9a0e8] was not registered for synchronization because synchronization is not active
JDBC Connection [com.alibaba.druid.pool.DruidStatementConnection@d150ea1] will not be managed by Spring
==>  Preparing: SELECT * FROM sys_user WHERE username = ? LIMIT 1
==> Parameters: admin(String)
<==    Columns: id, username, nickname, email, phone, avatar, identity_type, enabled, account_non_expired, account_non_locked, credentials_non_expired, create_time, update_time
<==        Row: 1, admin, 管理员, admin@example.com, null, null, 1, 1, 1, 1, 1, 2026-08-11 20:00:08, 2026-08-13 22:28:45
<==      Total: 1
Closing non transactional SqlSession [org.apache.ibatis.session.defaults.DefaultSqlSession@7da9a0e8]
Creating a new SqlSession
SqlSession [org.apache.ibatis.session.defaults.DefaultSqlSession@7751cb98] was not registered for synchronization because synchronization is not active
JDBC Connection [com.alibaba.druid.pool.DruidStatementConnection@d150ea1] will not be managed by Spring
==>  Preparing: SELECT DISTINCT r.code FROM sys_role r JOIN sys_user_role ur ON ur.role_id = r.id JOIN sys_user u ON u.id = ur.user_id WHERE u.username = ?
==> Parameters: admin(String)
<==    Columns: code
<==        Row: ADMIN
<==      Total: 1
Closing non transactional SqlSession [org.apache.ibatis.session.defaults.DefaultSqlSession@7751cb98]
Creating a new SqlSession
SqlSession [org.apache.ibatis.session.defaults.DefaultSqlSession@2cd0354] was not registered for synchronization because synchronization is not active
JDBC Connection [com.alibaba.druid.pool.DruidStatementConnection@d150ea1] will not be managed by Spring
==>  Preparing: SELECT DISTINCT p.code FROM sys_permission p JOIN sys_role_permission rp ON rp.permission_id = p.id JOIN sys_user_role ur ON ur.role_id = rp.role_id JOIN sys_user u ON u.id = ur.user_id WHERE u.username = ?
==> Parameters: admin(String)
<==    Columns: code
<==        Row: app:portal
<==        Row: app:oa
<==        Row: app:erp
<==        Row: app:bi
<==      Total: 4
Closing non transactional SqlSession [org.apache.ibatis.session.defaults.DefaultSqlSession@2cd0354]
Creating a new SqlSession
SqlSession [org.apache.ibatis.session.defaults.DefaultSqlSession@7adfcbff] was not registered for synchronization because synchronization is not active
JDBC Connection [com.alibaba.druid.pool.DruidStatementConnection@d150ea1] will not be managed by Spring
==>  Preparing: SELECT DISTINCT r.code FROM sys_role r JOIN sys_user_role ur ON ur.role_id = r.id JOIN sys_user u ON u.id = ur.user_id WHERE u.username = ?
==> Parameters: admin(String)
<==    Columns: code
<==        Row: ADMIN
<==      Total: 1
Closing non transactional SqlSession [org.apache.ibatis.session.defaults.DefaultSqlSession@7adfcbff]
2026-08-15T11:15:46.674+08:00 DEBUG 11532 --- [iam-resource-service] [nio-9010-exec-3] c.RbacAuthoritiesOpaqueTokenIntrospector : [Introspect] 用户令牌注入 RBAC authorities, sub=admin, roles=[ADMIN]
2026-08-15T11:15:46.675+08:00 DEBUG 11532 --- [iam-resource-service] [nio-9010-exec-3] .s.r.a.OpaqueTokenAuthenticationProvider : Authenticated token
2026-08-15T11:15:46.676+08:00 DEBUG 11532 --- [iam-resource-service] [nio-9010-exec-3] .s.r.w.a.BearerTokenAuthenticationFilter : Set SecurityContextHolder to BearerTokenAuthentication [Principal=net.xzh.resource.config.RbacAuthoritiesOpaqueTokenIntrospector$EnrichedPrincipal@3841dae1, Credentials=[PROTECTED], Authenticated=true, Details=WebAuthenticationDetails [RemoteIpAddress=127.0.0.1, SessionId=null], Granted Authorities=[SCOPE_read, SCOPE_openid, SCOPE_profile, SCOPE_write, ROLE_ADMIN, app:portal, app:oa, app:erp, app:bi]]
2026-08-15T11:15:46.677+08:00 DEBUG 11532 --- [iam-resource-service] [nio-9010-exec-3] o.s.security.web.FilterChainProxy        : Secured GET /api/admin/user-roles/admin
Creating a new SqlSession
SqlSession [org.apache.ibatis.session.defaults.DefaultSqlSession@65df0bf5] was not registered for synchronization because synchronization is not active
JDBC Connection [com.alibaba.druid.pool.DruidStatementConnection@d150ea1] will not be managed by Spring
==>  Preparing: SELECT id FROM sys_user WHERE username = ? LIMIT 1
==> Parameters: admin(String)
<==    Columns: id
<==        Row: 1
<==      Total: 1
Closing non transactional SqlSession [org.apache.ibatis.session.defaults.DefaultSqlSession@65df0bf5]
Creating a new SqlSession
SqlSession [org.apache.ibatis.session.defaults.DefaultSqlSession@56329a8c] was not registered for synchronization because synchronization is not active
JDBC Connection [com.alibaba.druid.pool.DruidStatementConnection@d150ea1] will not be managed by Spring
==>  Preparing: SELECT ur.role_id FROM sys_user_role ur WHERE ur.user_id = ?
==> Parameters: 1(Long)
<==    Columns: role_id
<==        Row: 1
<==      Total: 1
Closing non transactional SqlSession [org.apache.ibatis.session.defaults.DefaultSqlSession@56329a8c]
2026-08-15T11:15:52.994+08:00 DEBUG 11532 --- [iam-resource-service] [nio-9010-exec-5] o.s.security.web.FilterChainProxy        : Securing GET /api/admin/user-roles/admin
Creating a new SqlSession
SqlSession [org.apache.ibatis.session.defaults.DefaultSqlSession@743054a1] was not registered for synchronization because synchronization is not active
JDBC Connection [com.alibaba.druid.pool.DruidStatementConnection@d150ea1] will not be managed by Spring
==>  Preparing: SELECT * FROM sys_user WHERE username = ? LIMIT 1
==> Parameters: admin(String)
<==    Columns: id, username, nickname, email, phone, avatar, identity_type, enabled, account_non_expired, account_non_locked, credentials_non_expired, create_time, update_time
<==        Row: 1, admin, 管理员, admin@example.com, null, null, 1, 1, 1, 1, 1, 2026-08-11 20:00:08, 2026-08-13 22:28:45
<==      Total: 1
Closing non transactional SqlSession [org.apache.ibatis.session.defaults.DefaultSqlSession@743054a1]
Creating a new SqlSession
SqlSession [org.apache.ibatis.session.defaults.DefaultSqlSession@4f217a8c] was not registered for synchronization because synchronization is not active
JDBC Connection [com.alibaba.druid.pool.DruidStatementConnection@d150ea1] will not be managed by Spring
==>  Preparing: SELECT DISTINCT r.code FROM sys_role r JOIN sys_user_role ur ON ur.role_id = r.id JOIN sys_user u ON u.id = ur.user_id WHERE u.username = ?
==> Parameters: admin(String)
<==    Columns: code
<==        Row: ADMIN
<==      Total: 1
Closing non transactional SqlSession [org.apache.ibatis.session.defaults.DefaultSqlSession@4f217a8c]
Creating a new SqlSession
SqlSession [org.apache.ibatis.session.defaults.DefaultSqlSession@44e8c5d9] was not registered for synchronization because synchronization is not active
JDBC Connection [com.alibaba.druid.pool.DruidStatementConnection@d150ea1] will not be managed by Spring
==>  Preparing: SELECT DISTINCT p.code FROM sys_permission p JOIN sys_role_permission rp ON rp.permission_id = p.id JOIN sys_user_role ur ON ur.role_id = rp.role_id JOIN sys_user u ON u.id = ur.user_id WHERE u.username = ?
==> Parameters: admin(String)
<==    Columns: code
<==        Row: app:portal
<==        Row: app:oa
<==        Row: app:erp
<==        Row: app:bi
<==      Total: 4
Closing non transactional SqlSession [org.apache.ibatis.session.defaults.DefaultSqlSession@44e8c5d9]
Creating a new SqlSession
SqlSession [org.apache.ibatis.session.defaults.DefaultSqlSession@2c15b3f3] was not registered for synchronization because synchronization is not active
JDBC Connection [com.alibaba.druid.pool.DruidStatementConnection@d150ea1] will not be managed by Spring
==>  Preparing: SELECT DISTINCT r.code FROM sys_role r JOIN sys_user_role ur ON ur.role_id = r.id JOIN sys_user u ON u.id = ur.user_id WHERE u.username = ?
==> Parameters: admin(String)
<==    Columns: code
<==        Row: ADMIN
<==      Total: 1
Closing non transactional SqlSession [org.apache.ibatis.session.defaults.DefaultSqlSession@2c15b3f3]
2026-08-15T11:15:53.204+08:00 DEBUG 11532 --- [iam-resource-service] [nio-9010-exec-5] c.RbacAuthoritiesOpaqueTokenIntrospector : [Introspect] 用户令牌注入 RBAC authorities, sub=admin, roles=[ADMIN]
2026-08-15T11:15:53.204+08:00 DEBUG 11532 --- [iam-resource-service] [nio-9010-exec-5] .s.r.a.OpaqueTokenAuthenticationProvider : Authenticated token
2026-08-15T11:15:53.205+08:00 DEBUG 11532 --- [iam-resource-service] [nio-9010-exec-5] .s.r.w.a.BearerTokenAuthenticationFilter : Set SecurityContextHolder to BearerTokenAuthentication [Principal=net.xzh.resource.config.RbacAuthoritiesOpaqueTokenIntrospector$EnrichedPrincipal@43b956b6, Credentials=[PROTECTED], Authenticated=true, Details=WebAuthenticationDetails [RemoteIpAddress=127.0.0.1, SessionId=null], Granted Authorities=[SCOPE_read, SCOPE_openid, SCOPE_profile, SCOPE_write, ROLE_ADMIN, app:portal, app:oa, app:erp, app:bi]]
2026-08-15T11:15:53.206+08:00 DEBUG 11532 --- [iam-resource-service] [nio-9010-exec-5] o.s.security.web.FilterChainProxy        : Secured GET /api/admin/user-roles/admin
Creating a new SqlSession
SqlSession [org.apache.ibatis.session.defaults.DefaultSqlSession@95cb8f9] was not registered for synchronization because synchronization is not active
JDBC Connection [com.alibaba.druid.pool.DruidStatementConnection@d150ea1] will not be managed by Spring
==>  Preparing: SELECT id FROM sys_user WHERE username = ? LIMIT 1
==> Parameters: admin(String)
<==    Columns: id
<==        Row: 1
<==      Total: 1
Closing non transactional SqlSession [org.apache.ibatis.session.defaults.DefaultSqlSession@95cb8f9]
Creating a new SqlSession
SqlSession [org.apache.ibatis.session.defaults.DefaultSqlSession@25ada3b0] was not registered for synchronization because synchronization is not active
JDBC Connection [com.alibaba.druid.pool.DruidStatementConnection@d150ea1] will not be managed by Spring
==>  Preparing: SELECT ur.role_id FROM sys_user_role ur WHERE ur.user_id = ?
==> Parameters: 1(Long)
<==    Columns: role_id
<==        Row: 1
<==      Total: 1
Closing non transactional SqlSession [org.apache.ibatis.session.defaults.DefaultSqlSession@25ada3b0]
2026-08-15T11:15:55.921+08:00 DEBUG 11532 --- [iam-resource-service] [nio-9010-exec-4] o.s.security.web.FilterChainProxy        : Securing GET /api/admin/roles
Creating a new SqlSession
SqlSession [org.apache.ibatis.session.defaults.DefaultSqlSession@1a7c3aa2] was not registered for synchronization because synchronization is not active
JDBC Connection [com.alibaba.druid.pool.DruidStatementConnection@d150ea1] will not be managed by Spring
==>  Preparing: SELECT * FROM sys_user WHERE username = ? LIMIT 1
==> Parameters: admin(String)
<==    Columns: id, username, nickname, email, phone, avatar, identity_type, enabled, account_non_expired, account_non_locked, credentials_non_expired, create_time, update_time
<==        Row: 1, admin, 管理员, admin@example.com, null, null, 1, 1, 1, 1, 1, 2026-08-11 20:00:08, 2026-08-13 22:28:45
<==      Total: 1
Closing non transactional SqlSession [org.apache.ibatis.session.defaults.DefaultSqlSession@1a7c3aa2]
Creating a new SqlSession
SqlSession [org.apache.ibatis.session.defaults.DefaultSqlSession@ded61ee] was not registered for synchronization because synchronization is not active
JDBC Connection [com.alibaba.druid.pool.DruidStatementConnection@d150ea1] will not be managed by Spring
==>  Preparing: SELECT DISTINCT r.code FROM sys_role r JOIN sys_user_role ur ON ur.role_id = r.id JOIN sys_user u ON u.id = ur.user_id WHERE u.username = ?
==> Parameters: admin(String)
<==    Columns: code
<==        Row: ADMIN
<==      Total: 1
Closing non transactional SqlSession [org.apache.ibatis.session.defaults.DefaultSqlSession@ded61ee]
Creating a new SqlSession
SqlSession [org.apache.ibatis.session.defaults.DefaultSqlSession@133c8103] was not registered for synchronization because synchronization is not active
JDBC Connection [com.alibaba.druid.pool.DruidStatementConnection@d150ea1] will not be managed by Spring
==>  Preparing: SELECT DISTINCT p.code FROM sys_permission p JOIN sys_role_permission rp ON rp.permission_id = p.id JOIN sys_user_role ur ON ur.role_id = rp.role_id JOIN sys_user u ON u.id = ur.user_id WHERE u.username = ?
==> Parameters: admin(String)
<==    Columns: code
<==        Row: app:portal
<==        Row: app:oa
<==        Row: app:erp
<==        Row: app:bi
<==      Total: 4
Closing non transactional SqlSession [org.apache.ibatis.session.defaults.DefaultSqlSession@133c8103]
Creating a new SqlSession
SqlSession [org.apache.ibatis.session.defaults.DefaultSqlSession@58aa0b19] was not registered for synchronization because synchronization is not active
JDBC Connection [com.alibaba.druid.pool.DruidStatementConnection@d150ea1] will not be managed by Spring
==>  Preparing: SELECT DISTINCT r.code FROM sys_role r JOIN sys_user_role ur ON ur.role_id = r.id JOIN sys_user u ON u.id = ur.user_id WHERE u.username = ?
==> Parameters: admin(String)
<==    Columns: code
<==        Row: ADMIN
<==      Total: 1
Closing non transactional SqlSession [org.apache.ibatis.session.defaults.DefaultSqlSession@58aa0b19]
2026-08-15T11:15:56.113+08:00 DEBUG 11532 --- [iam-resource-service] [nio-9010-exec-4] c.RbacAuthoritiesOpaqueTokenIntrospector : [Introspect] 用户令牌注入 RBAC authorities, sub=admin, roles=[ADMIN]
2026-08-15T11:15:56.114+08:00 DEBUG 11532 --- [iam-resource-service] [nio-9010-exec-4] .s.r.a.OpaqueTokenAuthenticationProvider : Authenticated token
2026-08-15T11:15:56.114+08:00 DEBUG 11532 --- [iam-resource-service] [nio-9010-exec-4] .s.r.w.a.BearerTokenAuthenticationFilter : Set SecurityContextHolder to BearerTokenAuthentication [Principal=net.xzh.resource.config.RbacAuthoritiesOpaqueTokenIntrospector$EnrichedPrincipal@37e3883b, Credentials=[PROTECTED], Authenticated=true, Details=WebAuthenticationDetails [RemoteIpAddress=127.0.0.1, SessionId=null], Granted Authorities=[SCOPE_read, SCOPE_openid, SCOPE_profile, SCOPE_write, ROLE_ADMIN, app:portal, app:oa, app:erp, app:bi]]
2026-08-15T11:15:56.115+08:00 DEBUG 11532 --- [iam-resource-service] [nio-9010-exec-4] o.s.security.web.FilterChainProxy        : Secured GET /api/admin/roles
Creating a new SqlSession
SqlSession [org.apache.ibatis.session.defaults.DefaultSqlSession@7e7d3e13] was not registered for synchronization because synchronization is not active
JDBC Connection [com.alibaba.druid.pool.DruidStatementConnection@d150ea1] will not be managed by Spring
==>  Preparing: SELECT id,code,name,remark,create_time,update_time FROM sys_role
==> Parameters: 
<==    Columns: id, code, name, remark, create_time, update_time
<==        Row: 1, ADMIN, 管理员, 拥有全部应用访问权限, 2026-08-13 09:57:52, 2026-08-15 00:06:16
<==        Row: 2, USER, 普通用户, 仅可访问门户与 OA, 2026-08-13 09:57:52, 2026-08-13 09:57:52
<==      Total: 2
Closing non transactional SqlSession [org.apache.ibatis.session.defaults.DefaultSqlSession@7e7d3e13]
Creating a new SqlSession
SqlSession [org.apache.ibatis.session.defaults.DefaultSqlSession@378bc6e6] was not registered for synchronization because synchronization is not active
JDBC Connection [com.alibaba.druid.pool.DruidStatementConnection@d150ea1] will not be managed by Spring
==>  Preparing: SELECT rp.permission_id FROM sys_role_permission rp WHERE rp.role_id = ?
==> Parameters: 1(Long)
<==    Columns: permission_id
<==        Row: 1
<==        Row: 2
<==        Row: 4
<==        Row: 5
<==      Total: 4
Closing non transactional SqlSession [org.apache.ibatis.session.defaults.DefaultSqlSession@378bc6e6]
Creating a new SqlSession
SqlSession [org.apache.ibatis.session.defaults.DefaultSqlSession@b980a59] was not registered for synchronization because synchronization is not active
JDBC Connection [com.alibaba.druid.pool.DruidStatementConnection@d150ea1] will not be managed by Spring
==>  Preparing: SELECT rp.permission_id FROM sys_role_permission rp WHERE rp.role_id = ?
==> Parameters: 2(Long)
<==    Columns: permission_id
<==        Row: 1
<==        Row: 2
<==      Total: 2
Closing non transactional SqlSession [org.apache.ibatis.session.defaults.DefaultSqlSession@b980a59]
2026-08-15T11:16:00.170+08:00 DEBUG 11532 --- [iam-resource-service] [nio-9010-exec-6] o.s.security.web.FilterChainProxy        : Securing GET /api/admin/roles
Creating a new SqlSession
SqlSession [org.apache.ibatis.session.defaults.DefaultSqlSession@1ef47d6e] was not registered for synchronization because synchronization is not active
JDBC Connection [com.alibaba.druid.pool.DruidStatementConnection@d150ea1] will not be managed by Spring
==>  Preparing: SELECT * FROM sys_user WHERE username = ? LIMIT 1
==> Parameters: admin(String)
<==    Columns: id, username, nickname, email, phone, avatar, identity_type, enabled, account_non_expired, account_non_locked, credentials_non_expired, create_time, update_time
<==        Row: 1, admin, 管理员, admin@example.com, null, null, 1, 1, 1, 1, 1, 2026-08-11 20:00:08, 2026-08-13 22:28:45
<==      Total: 1
Closing non transactional SqlSession [org.apache.ibatis.session.defaults.DefaultSqlSession@1ef47d6e]
Creating a new SqlSession
SqlSession [org.apache.ibatis.session.defaults.DefaultSqlSession@3988609c] was not registered for synchronization because synchronization is not active
JDBC Connection [com.alibaba.druid.pool.DruidStatementConnection@d150ea1] will not be managed by Spring
==>  Preparing: SELECT DISTINCT r.code FROM sys_role r JOIN sys_user_role ur ON ur.role_id = r.id JOIN sys_user u ON u.id = ur.user_id WHERE u.username = ?
==> Parameters: admin(String)
<==    Columns: code
<==        Row: ADMIN
<==      Total: 1
Closing non transactional SqlSession [org.apache.ibatis.session.defaults.DefaultSqlSession@3988609c]
Creating a new SqlSession
SqlSession [org.apache.ibatis.session.defaults.DefaultSqlSession@107ce343] was not registered for synchronization because synchronization is not active
JDBC Connection [com.alibaba.druid.pool.DruidStatementConnection@d150ea1] will not be managed by Spring
==>  Preparing: SELECT DISTINCT p.code FROM sys_permission p JOIN sys_role_permission rp ON rp.permission_id = p.id JOIN sys_user_role ur ON ur.role_id = rp.role_id JOIN sys_user u ON u.id = ur.user_id WHERE u.username = ?
==> Parameters: admin(String)
<==    Columns: code
<==        Row: app:portal
<==        Row: app:oa
<==        Row: app:erp
<==        Row: app:bi
<==      Total: 4
Closing non transactional SqlSession [org.apache.ibatis.session.defaults.DefaultSqlSession@107ce343]
Creating a new SqlSession
SqlSession [org.apache.ibatis.session.defaults.DefaultSqlSession@7e9c9da5] was not registered for synchronization because synchronization is not active
JDBC Connection [com.alibaba.druid.pool.DruidStatementConnection@d150ea1] will not be managed by Spring
==>  Preparing: SELECT DISTINCT r.code FROM sys_role r JOIN sys_user_role ur ON ur.role_id = r.id JOIN sys_user u ON u.id = ur.user_id WHERE u.username = ?
==> Parameters: admin(String)
<==    Columns: code
<==        Row: ADMIN
<==      Total: 1
Closing non transactional SqlSession [org.apache.ibatis.session.defaults.DefaultSqlSession@7e9c9da5]
2026-08-15T11:16:00.350+08:00 DEBUG 11532 --- [iam-resource-service] [nio-9010-exec-6] c.RbacAuthoritiesOpaqueTokenIntrospector : [Introspect] 用户令牌注入 RBAC authorities, sub=admin, roles=[ADMIN]
2026-08-15T11:16:00.351+08:00 DEBUG 11532 --- [iam-resource-service] [nio-9010-exec-6] .s.r.a.OpaqueTokenAuthenticationProvider : Authenticated token
2026-08-15T11:16:00.352+08:00 DEBUG 11532 --- [iam-resource-service] [nio-9010-exec-6] .s.r.w.a.BearerTokenAuthenticationFilter : Set SecurityContextHolder to BearerTokenAuthentication [Principal=net.xzh.resource.config.RbacAuthoritiesOpaqueTokenIntrospector$EnrichedPrincipal@53adcdee, Credentials=[PROTECTED], Authenticated=true, Details=WebAuthenticationDetails [RemoteIpAddress=127.0.0.1, SessionId=null], Granted Authorities=[SCOPE_read, SCOPE_openid, SCOPE_profile, SCOPE_write, ROLE_ADMIN, app:portal, app:oa, app:erp, app:bi]]
2026-08-15T11:16:00.352+08:00 DEBUG 11532 --- [iam-resource-service] [nio-9010-exec-6] o.s.security.web.FilterChainProxy        : Secured GET /api/admin/roles
Creating a new SqlSession
SqlSession [org.apache.ibatis.session.defaults.DefaultSqlSession@39e150e] was not registered for synchronization because synchronization is not active
JDBC Connection [com.alibaba.druid.pool.DruidStatementConnection@d150ea1] will not be managed by Spring
==>  Preparing: SELECT id,code,name,remark,create_time,update_time FROM sys_role
==> Parameters: 
<==    Columns: id, code, name, remark, create_time, update_time
<==        Row: 1, ADMIN, 管理员, 拥有全部应用访问权限, 2026-08-13 09:57:52, 2026-08-15 00:06:16
<==        Row: 2, USER, 普通用户, 仅可访问门户与 OA, 2026-08-13 09:57:52, 2026-08-13 09:57:52
<==      Total: 2
Closing non transactional SqlSession [org.apache.ibatis.session.defaults.DefaultSqlSession@39e150e]
Creating a new SqlSession
SqlSession [org.apache.ibatis.session.defaults.DefaultSqlSession@5fa9044e] was not registered for synchronization because synchronization is not active
JDBC Connection [com.alibaba.druid.pool.DruidStatementConnection@d150ea1] will not be managed by Spring
==>  Preparing: SELECT rp.permission_id FROM sys_role_permission rp WHERE rp.role_id = ?
==> Parameters: 1(Long)
<==    Columns: permission_id
<==        Row: 1
<==        Row: 2
<==        Row: 4
<==        Row: 5
<==      Total: 4
Closing non transactional SqlSession [org.apache.ibatis.session.defaults.DefaultSqlSession@5fa9044e]
Creating a new SqlSession
SqlSession [org.apache.ibatis.session.defaults.DefaultSqlSession@11932fc9] was not registered for synchronization because synchronization is not active
JDBC Connection [com.alibaba.druid.pool.DruidStatementConnection@d150ea1] will not be managed by Spring
==>  Preparing: SELECT rp.permission_id FROM sys_role_permission rp WHERE rp.role_id = ?
==> Parameters: 2(Long)
<==    Columns: permission_id
<==        Row: 1
<==        Row: 2
<==      Total: 2
Closing non transactional SqlSession [org.apache.ibatis.session.defaults.DefaultSqlSession@11932fc9]
2026-08-15T11:16:04.674+08:00 DEBUG 11532 --- [iam-resource-service] [nio-9010-exec-7] o.s.security.web.FilterChainProxy        : Securing GET /api/admin/user-roles/admin
Creating a new SqlSession
SqlSession [org.apache.ibatis.session.defaults.DefaultSqlSession@677a2e3b] was not registered for synchronization because synchronization is not active
JDBC Connection [com.alibaba.druid.pool.DruidStatementConnection@d150ea1] will not be managed by Spring
==>  Preparing: SELECT * FROM sys_user WHERE username = ? LIMIT 1
==> Parameters: admin(String)
<==    Columns: id, username, nickname, email, phone, avatar, identity_type, enabled, account_non_expired, account_non_locked, credentials_non_expired, create_time, update_time
<==        Row: 1, admin, 管理员, admin@example.com, null, null, 1, 1, 1, 1, 1, 2026-08-11 20:00:08, 2026-08-13 22:28:45
<==      Total: 1
Closing non transactional SqlSession [org.apache.ibatis.session.defaults.DefaultSqlSession@677a2e3b]
Creating a new SqlSession
SqlSession [org.apache.ibatis.session.defaults.DefaultSqlSession@10b50885] was not registered for synchronization because synchronization is not active
JDBC Connection [com.alibaba.druid.pool.DruidStatementConnection@d150ea1] will not be managed by Spring
==>  Preparing: SELECT DISTINCT r.code FROM sys_role r JOIN sys_user_role ur ON ur.role_id = r.id JOIN sys_user u ON u.id = ur.user_id WHERE u.username = ?
==> Parameters: admin(String)
<==    Columns: code
<==        Row: ADMIN
<==      Total: 1
Closing non transactional SqlSession [org.apache.ibatis.session.defaults.DefaultSqlSession@10b50885]
Creating a new SqlSession
SqlSession [org.apache.ibatis.session.defaults.DefaultSqlSession@2285b2ca] was not registered for synchronization because synchronization is not active
JDBC Connection [com.alibaba.druid.pool.DruidStatementConnection@d150ea1] will not be managed by Spring
==>  Preparing: SELECT DISTINCT p.code FROM sys_permission p JOIN sys_role_permission rp ON rp.permission_id = p.id JOIN sys_user_role ur ON ur.role_id = rp.role_id JOIN sys_user u ON u.id = ur.user_id WHERE u.username = ?
==> Parameters: admin(String)
<==    Columns: code
<==        Row: app:portal
<==        Row: app:oa
<==        Row: app:erp
<==        Row: app:bi
<==      Total: 4
Closing non transactional SqlSession [org.apache.ibatis.session.defaults.DefaultSqlSession@2285b2ca]
Creating a new SqlSession
SqlSession [org.apache.ibatis.session.defaults.DefaultSqlSession@4a794bbb] was not registered for synchronization because synchronization is not active
JDBC Connection [com.alibaba.druid.pool.DruidStatementConnection@d150ea1] will not be managed by Spring
==>  Preparing: SELECT DISTINCT r.code FROM sys_role r JOIN sys_user_role ur ON ur.role_id = r.id JOIN sys_user u ON u.id = ur.user_id WHERE u.username = ?
==> Parameters: admin(String)
<==    Columns: code
<==        Row: ADMIN
<==      Total: 1
Closing non transactional SqlSession [org.apache.ibatis.session.defaults.DefaultSqlSession@4a794bbb]
2026-08-15T11:16:04.894+08:00 DEBUG 11532 --- [iam-resource-service] [nio-9010-exec-7] c.RbacAuthoritiesOpaqueTokenIntrospector : [Introspect] 用户令牌注入 RBAC authorities, sub=admin, roles=[ADMIN]
2026-08-15T11:16:04.895+08:00 DEBUG 11532 --- [iam-resource-service] [nio-9010-exec-7] .s.r.a.OpaqueTokenAuthenticationProvider : Authenticated token
2026-08-15T11:16:04.895+08:00 DEBUG 11532 --- [iam-resource-service] [nio-9010-exec-7] .s.r.w.a.BearerTokenAuthenticationFilter : Set SecurityContextHolder to BearerTokenAuthentication [Principal=net.xzh.resource.config.RbacAuthoritiesOpaqueTokenIntrospector$EnrichedPrincipal@1367b90e, Credentials=[PROTECTED], Authenticated=true, Details=WebAuthenticationDetails [RemoteIpAddress=127.0.0.1, SessionId=null], Granted Authorities=[SCOPE_read, SCOPE_openid, SCOPE_profile, SCOPE_write, ROLE_ADMIN, app:portal, app:oa, app:erp, app:bi]]
2026-08-15T11:16:04.896+08:00 DEBUG 11532 --- [iam-resource-service] [nio-9010-exec-7] o.s.security.web.FilterChainProxy        : Secured GET /api/admin/user-roles/admin
Creating a new SqlSession
SqlSession [org.apache.ibatis.session.defaults.DefaultSqlSession@65836dfe] was not registered for synchronization because synchronization is not active
JDBC Connection [com.alibaba.druid.pool.DruidStatementConnection@d150ea1] will not be managed by Spring
==>  Preparing: SELECT id FROM sys_user WHERE username = ? LIMIT 1
==> Parameters: admin(String)
<==    Columns: id
<==        Row: 1
<==      Total: 1
Closing non transactional SqlSession [org.apache.ibatis.session.defaults.DefaultSqlSession@65836dfe]
Creating a new SqlSession
SqlSession [org.apache.ibatis.session.defaults.DefaultSqlSession@23c77f78] was not registered for synchronization because synchronization is not active
JDBC Connection [com.alibaba.druid.pool.DruidStatementConnection@d150ea1] will not be managed by Spring
==>  Preparing: SELECT ur.role_id FROM sys_user_role ur WHERE ur.user_id = ?
==> Parameters: 1(Long)
<==    Columns: role_id
<==        Row: 1
<==      Total: 1
Closing non transactional SqlSession [org.apache.ibatis.session.defaults.DefaultSqlSession@23c77f78]
2026-08-15T11:16:07.787+08:00 DEBUG 11532 --- [iam-resource-service] [nio-9010-exec-8] o.s.security.web.FilterChainProxy        : Securing GET /api/admin/roles
Creating a new SqlSession
SqlSession [org.apache.ibatis.session.defaults.DefaultSqlSession@7a0a236d] was not registered for synchronization because synchronization is not active
JDBC Connection [com.alibaba.druid.pool.DruidStatementConnection@d150ea1] will not be managed by Spring
==>  Preparing: SELECT * FROM sys_user WHERE username = ? LIMIT 1
==> Parameters: admin(String)
<==    Columns: id, username, nickname, email, phone, avatar, identity_type, enabled, account_non_expired, account_non_locked, credentials_non_expired, create_time, update_time
<==        Row: 1, admin, 管理员, admin@example.com, null, null, 1, 1, 1, 1, 1, 2026-08-11 20:00:08, 2026-08-13 22:28:45
<==      Total: 1
Closing non transactional SqlSession [org.apache.ibatis.session.defaults.DefaultSqlSession@7a0a236d]
Creating a new SqlSession
SqlSession [org.apache.ibatis.session.defaults.DefaultSqlSession@4f369120] was not registered for synchronization because synchronization is not active
JDBC Connection [com.alibaba.druid.pool.DruidStatementConnection@d150ea1] will not be managed by Spring
==>  Preparing: SELECT DISTINCT r.code FROM sys_role r JOIN sys_user_role ur ON ur.role_id = r.id JOIN sys_user u ON u.id = ur.user_id WHERE u.username = ?
==> Parameters: admin(String)
<==    Columns: code
<==        Row: ADMIN
<==      Total: 1
Closing non transactional SqlSession [org.apache.ibatis.session.defaults.DefaultSqlSession@4f369120]
Creating a new SqlSession
SqlSession [org.apache.ibatis.session.defaults.DefaultSqlSession@325bc81e] was not registered for synchronization because synchronization is not active
JDBC Connection [com.alibaba.druid.pool.DruidStatementConnection@d150ea1] will not be managed by Spring
==>  Preparing: SELECT DISTINCT p.code FROM sys_permission p JOIN sys_role_permission rp ON rp.permission_id = p.id JOIN sys_user_role ur ON ur.role_id = rp.role_id JOIN sys_user u ON u.id = ur.user_id WHERE u.username = ?
==> Parameters: admin(String)
<==    Columns: code
<==        Row: app:portal
<==        Row: app:oa
<==        Row: app:erp
<==        Row: app:bi
<==      Total: 4
Closing non transactional SqlSession [org.apache.ibatis.session.defaults.DefaultSqlSession@325bc81e]
Creating a new SqlSession
SqlSession [org.apache.ibatis.session.defaults.DefaultSqlSession@4f044900] was not registered for synchronization because synchronization is not active
JDBC Connection [com.alibaba.druid.pool.DruidStatementConnection@d150ea1] will not be managed by Spring
==>  Preparing: SELECT DISTINCT r.code FROM sys_role r JOIN sys_user_role ur ON ur.role_id = r.id JOIN sys_user u ON u.id = ur.user_id WHERE u.username = ?
==> Parameters: admin(String)
<==    Columns: code
<==        Row: ADMIN
<==      Total: 1
Closing non transactional SqlSession [org.apache.ibatis.session.defaults.DefaultSqlSession@4f044900]
2026-08-15T11:16:08.005+08:00 DEBUG 11532 --- [iam-resource-service] [nio-9010-exec-8] c.RbacAuthoritiesOpaqueTokenIntrospector : [Introspect] 用户令牌注入 RBAC authorities, sub=admin, roles=[ADMIN]
2026-08-15T11:16:08.006+08:00 DEBUG 11532 --- [iam-resource-service] [nio-9010-exec-8] .s.r.a.OpaqueTokenAuthenticationProvider : Authenticated token
2026-08-15T11:16:08.007+08:00 DEBUG 11532 --- [iam-resource-service] [nio-9010-exec-8] .s.r.w.a.BearerTokenAuthenticationFilter : Set SecurityContextHolder to BearerTokenAuthentication [Principal=net.xzh.resource.config.RbacAuthoritiesOpaqueTokenIntrospector$EnrichedPrincipal@368f30ac, Credentials=[PROTECTED], Authenticated=true, Details=WebAuthenticationDetails [RemoteIpAddress=127.0.0.1, SessionId=null], Granted Authorities=[SCOPE_read, SCOPE_openid, SCOPE_profile, SCOPE_write, ROLE_ADMIN, app:portal, app:oa, app:erp, app:bi]]
2026-08-15T11:16:08.008+08:00 DEBUG 11532 --- [iam-resource-service] [nio-9010-exec-8] o.s.security.web.FilterChainProxy        : Secured GET /api/admin/roles
Creating a new SqlSession
SqlSession [org.apache.ibatis.session.defaults.DefaultSqlSession@1f1d6ed] was not registered for synchronization because synchronization is not active
JDBC Connection [com.alibaba.druid.pool.DruidStatementConnection@d150ea1] will not be managed by Spring
==>  Preparing: SELECT id,code,name,remark,create_time,update_time FROM sys_role
==> Parameters: 
<==    Columns: id, code, name, remark, create_time, update_time
<==        Row: 1, ADMIN, 管理员, 拥有全部应用访问权限, 2026-08-13 09:57:52, 2026-08-15 00:06:16
<==        Row: 2, USER, 普通用户, 仅可访问门户与 OA, 2026-08-13 09:57:52, 2026-08-13 09:57:52
<==      Total: 2
Closing non transactional SqlSession [org.apache.ibatis.session.defaults.DefaultSqlSession@1f1d6ed]
Creating a new SqlSession
SqlSession [org.apache.ibatis.session.defaults.DefaultSqlSession@76f44075] was not registered for synchronization because synchronization is not active
JDBC Connection [com.alibaba.druid.pool.DruidStatementConnection@d150ea1] will not be managed by Spring
==>  Preparing: SELECT rp.permission_id FROM sys_role_permission rp WHERE rp.role_id = ?
==> Parameters: 1(Long)
<==    Columns: permission_id
<==        Row: 1
<==        Row: 2
<==        Row: 4
<==        Row: 5
<==      Total: 4
Closing non transactional SqlSession [org.apache.ibatis.session.defaults.DefaultSqlSession@76f44075]
Creating a new SqlSession
SqlSession [org.apache.ibatis.session.defaults.DefaultSqlSession@3678eb32] was not registered for synchronization because synchronization is not active
JDBC Connection [com.alibaba.druid.pool.DruidStatementConnection@d150ea1] will not be managed by Spring
==>  Preparing: SELECT rp.permission_id FROM sys_role_permission rp WHERE rp.role_id = ?
==> Parameters: 2(Long)
<==    Columns: permission_id
<==        Row: 1
<==        Row: 2
<==      Total: 2
Closing non transactional SqlSession [org.apache.ibatis.session.defaults.DefaultSqlSession@3678eb32]
2026-08-15T11:16:08.695+08:00 DEBUG 11532 --- [iam-resource-service] [nio-9010-exec-9] o.s.security.web.FilterChainProxy        : Securing GET /api/admin/permissions
Creating a new SqlSession
SqlSession [org.apache.ibatis.session.defaults.DefaultSqlSession@55f88b99] was not registered for synchronization because synchronization is not active
JDBC Connection [com.alibaba.druid.pool.DruidStatementConnection@d150ea1] will not be managed by Spring
==>  Preparing: SELECT * FROM sys_user WHERE username = ? LIMIT 1
==> Parameters: admin(String)
<==    Columns: id, username, nickname, email, phone, avatar, identity_type, enabled, account_non_expired, account_non_locked, credentials_non_expired, create_time, update_time
<==        Row: 1, admin, 管理员, admin@example.com, null, null, 1, 1, 1, 1, 1, 2026-08-11 20:00:08, 2026-08-13 22:28:45
<==      Total: 1
Closing non transactional SqlSession [org.apache.ibatis.session.defaults.DefaultSqlSession@55f88b99]
Creating a new SqlSession
SqlSession [org.apache.ibatis.session.defaults.DefaultSqlSession@559b2445] was not registered for synchronization because synchronization is not active
JDBC Connection [com.alibaba.druid.pool.DruidStatementConnection@d150ea1] will not be managed by Spring
==>  Preparing: SELECT DISTINCT r.code FROM sys_role r JOIN sys_user_role ur ON ur.role_id = r.id JOIN sys_user u ON u.id = ur.user_id WHERE u.username = ?
==> Parameters: admin(String)
<==    Columns: code
<==        Row: ADMIN
<==      Total: 1
Closing non transactional SqlSession [org.apache.ibatis.session.defaults.DefaultSqlSession@559b2445]
Creating a new SqlSession
SqlSession [org.apache.ibatis.session.defaults.DefaultSqlSession@108e5535] was not registered for synchronization because synchronization is not active
JDBC Connection [com.alibaba.druid.pool.DruidStatementConnection@d150ea1] will not be managed by Spring
==>  Preparing: SELECT DISTINCT p.code FROM sys_permission p JOIN sys_role_permission rp ON rp.permission_id = p.id JOIN sys_user_role ur ON ur.role_id = rp.role_id JOIN sys_user u ON u.id = ur.user_id WHERE u.username = ?
==> Parameters: admin(String)
<==    Columns: code
<==        Row: app:portal
<==        Row: app:oa
<==        Row: app:erp
<==        Row: app:bi
<==      Total: 4
Closing non transactional SqlSession [org.apache.ibatis.session.defaults.DefaultSqlSession@108e5535]
Creating a new SqlSession
SqlSession [org.apache.ibatis.session.defaults.DefaultSqlSession@67597c50] was not registered for synchronization because synchronization is not active
JDBC Connection [com.alibaba.druid.pool.DruidStatementConnection@d150ea1] will not be managed by Spring
==>  Preparing: SELECT DISTINCT r.code FROM sys_role r JOIN sys_user_role ur ON ur.role_id = r.id JOIN sys_user u ON u.id = ur.user_id WHERE u.username = ?
==> Parameters: admin(String)
<==    Columns: code
<==        Row: ADMIN
<==      Total: 1
Closing non transactional SqlSession [org.apache.ibatis.session.defaults.DefaultSqlSession@67597c50]
2026-08-15T11:16:08.875+08:00 DEBUG 11532 --- [iam-resource-service] [nio-9010-exec-9] c.RbacAuthoritiesOpaqueTokenIntrospector : [Introspect] 用户令牌注入 RBAC authorities, sub=admin, roles=[ADMIN]
2026-08-15T11:16:08.876+08:00 DEBUG 11532 --- [iam-resource-service] [nio-9010-exec-9] .s.r.a.OpaqueTokenAuthenticationProvider : Authenticated token
2026-08-15T11:16:08.876+08:00 DEBUG 11532 --- [iam-resource-service] [nio-9010-exec-9] .s.r.w.a.BearerTokenAuthenticationFilter : Set SecurityContextHolder to BearerTokenAuthentication [Principal=net.xzh.resource.config.RbacAuthoritiesOpaqueTokenIntrospector$EnrichedPrincipal@354bef00, Credentials=[PROTECTED], Authenticated=true, Details=WebAuthenticationDetails [RemoteIpAddress=127.0.0.1, SessionId=null], Granted Authorities=[SCOPE_read, SCOPE_openid, SCOPE_profile, SCOPE_write, ROLE_ADMIN, app:portal, app:oa, app:erp, app:bi]]
2026-08-15T11:16:08.877+08:00 DEBUG 11532 --- [iam-resource-service] [nio-9010-exec-9] o.s.security.web.FilterChainProxy        : Secured GET /api/admin/permissions
Creating a new SqlSession
SqlSession [org.apache.ibatis.session.defaults.DefaultSqlSession@38895239] was not registered for synchronization because synchronization is not active
JDBC Connection [com.alibaba.druid.pool.DruidStatementConnection@d150ea1] will not be managed by Spring
==>  Preparing: SELECT id,code,name,type,remark,create_time FROM sys_permission ORDER BY id ASC
==> Parameters: 
<==    Columns: id, code, name, type, remark, create_time
<==        Row: 1, app:portal, 门户应用, app, 统一工作台门户, 2026-08-13 09:57:52
<==        Row: 2, app:oa, OA 办公系统, app, 办公自动化, 2026-08-13 09:57:52
<==        Row: 3, app:crm, CRM 客户管理, app, 客户关系管理, 2026-08-13 09:57:52
<==        Row: 4, app:erp, ERP 企业资源, app, 企业资源计划, 2026-08-13 09:57:52
<==        Row: 5, app:bi, BI 数据分析, app, 商业智能分析, 2026-08-13 09:57:52
<==      Total: 5
Closing non transactional SqlSession [org.apache.ibatis.session.defaults.DefaultSqlSession@38895239]
2026-08-15T11:16:12.315+08:00 DEBUG 11532 --- [iam-resource-service] [io-9010-exec-10] o.s.security.web.FilterChainProxy        : Securing GET /api/admin/roles
Creating a new SqlSession
SqlSession [org.apache.ibatis.session.defaults.DefaultSqlSession@a8a19cc] was not registered for synchronization because synchronization is not active
JDBC Connection [com.alibaba.druid.pool.DruidStatementConnection@d150ea1] will not be managed by Spring
==>  Preparing: SELECT * FROM sys_user WHERE username = ? LIMIT 1
==> Parameters: admin(String)
<==    Columns: id, username, nickname, email, phone, avatar, identity_type, enabled, account_non_expired, account_non_locked, credentials_non_expired, create_time, update_time
<==        Row: 1, admin, 管理员, admin@example.com, null, null, 1, 1, 1, 1, 1, 2026-08-11 20:00:08, 2026-08-13 22:28:45
<==      Total: 1
Closing non transactional SqlSession [org.apache.ibatis.session.defaults.DefaultSqlSession@a8a19cc]
Creating a new SqlSession
SqlSession [org.apache.ibatis.session.defaults.DefaultSqlSession@28561d78] was not registered for synchronization because synchronization is not active
JDBC Connection [com.alibaba.druid.pool.DruidStatementConnection@d150ea1] will not be managed by Spring
==>  Preparing: SELECT DISTINCT r.code FROM sys_role r JOIN sys_user_role ur ON ur.role_id = r.id JOIN sys_user u ON u.id = ur.user_id WHERE u.username = ?
==> Parameters: admin(String)
<==    Columns: code
<==        Row: ADMIN
<==      Total: 1
Closing non transactional SqlSession [org.apache.ibatis.session.defaults.DefaultSqlSession@28561d78]
Creating a new SqlSession
SqlSession [org.apache.ibatis.session.defaults.DefaultSqlSession@7ab76696] was not registered for synchronization because synchronization is not active
JDBC Connection [com.alibaba.druid.pool.DruidStatementConnection@d150ea1] will not be managed by Spring
==>  Preparing: SELECT DISTINCT p.code FROM sys_permission p JOIN sys_role_permission rp ON rp.permission_id = p.id JOIN sys_user_role ur ON ur.role_id = rp.role_id JOIN sys_user u ON u.id = ur.user_id WHERE u.username = ?
==> Parameters: admin(String)
<==    Columns: code
<==        Row: app:portal
<==        Row: app:oa
<==        Row: app:erp
<==        Row: app:bi
<==      Total: 4
Closing non transactional SqlSession [org.apache.ibatis.session.defaults.DefaultSqlSession@7ab76696]
Creating a new SqlSession
SqlSession [org.apache.ibatis.session.defaults.DefaultSqlSession@7c70cf6a] was not registered for synchronization because synchronization is not active
JDBC Connection [com.alibaba.druid.pool.DruidStatementConnection@d150ea1] will not be managed by Spring
==>  Preparing: SELECT DISTINCT r.code FROM sys_role r JOIN sys_user_role ur ON ur.role_id = r.id JOIN sys_user u ON u.id = ur.user_id WHERE u.username = ?
==> Parameters: admin(String)
<==    Columns: code
<==        Row: ADMIN
<==      Total: 1
Closing non transactional SqlSession [org.apache.ibatis.session.defaults.DefaultSqlSession@7c70cf6a]
2026-08-15T11:16:12.485+08:00 DEBUG 11532 --- [iam-resource-service] [io-9010-exec-10] c.RbacAuthoritiesOpaqueTokenIntrospector : [Introspect] 用户令牌注入 RBAC authorities, sub=admin, roles=[ADMIN]
2026-08-15T11:16:12.486+08:00 DEBUG 11532 --- [iam-resource-service] [io-9010-exec-10] .s.r.a.OpaqueTokenAuthenticationProvider : Authenticated token
2026-08-15T11:16:12.487+08:00 DEBUG 11532 --- [iam-resource-service] [io-9010-exec-10] .s.r.w.a.BearerTokenAuthenticationFilter : Set SecurityContextHolder to BearerTokenAuthentication [Principal=net.xzh.resource.config.RbacAuthoritiesOpaqueTokenIntrospector$EnrichedPrincipal@5788a824, Credentials=[PROTECTED], Authenticated=true, Details=WebAuthenticationDetails [RemoteIpAddress=127.0.0.1, SessionId=null], Granted Authorities=[SCOPE_read, SCOPE_openid, SCOPE_profile, SCOPE_write, ROLE_ADMIN, app:portal, app:oa, app:erp, app:bi]]
2026-08-15T11:16:12.487+08:00 DEBUG 11532 --- [iam-resource-service] [io-9010-exec-10] o.s.security.web.FilterChainProxy        : Secured GET /api/admin/roles
Creating a new SqlSession
SqlSession [org.apache.ibatis.session.defaults.DefaultSqlSession@1e8ee69b] was not registered for synchronization because synchronization is not active
JDBC Connection [com.alibaba.druid.pool.DruidStatementConnection@d150ea1] will not be managed by Spring
==>  Preparing: SELECT id,code,name,remark,create_time,update_time FROM sys_role
==> Parameters: 
<==    Columns: id, code, name, remark, create_time, update_time
<==        Row: 1, ADMIN, 管理员, 拥有全部应用访问权限, 2026-08-13 09:57:52, 2026-08-15 00:06:16
<==        Row: 2, USER, 普通用户, 仅可访问门户与 OA, 2026-08-13 09:57:52, 2026-08-13 09:57:52
<==      Total: 2
Closing non transactional SqlSession [org.apache.ibatis.session.defaults.DefaultSqlSession@1e8ee69b]
Creating a new SqlSession
SqlSession [org.apache.ibatis.session.defaults.DefaultSqlSession@3a87b280] was not registered for synchronization because synchronization is not active
JDBC Connection [com.alibaba.druid.pool.DruidStatementConnection@d150ea1] will not be managed by Spring
==>  Preparing: SELECT rp.permission_id FROM sys_role_permission rp WHERE rp.role_id = ?
==> Parameters: 1(Long)
<==    Columns: permission_id
<==        Row: 1
<==        Row: 2
<==        Row: 4
<==        Row: 5
<==      Total: 4
Closing non transactional SqlSession [org.apache.ibatis.session.defaults.DefaultSqlSession@3a87b280]
Creating a new SqlSession
SqlSession [org.apache.ibatis.session.defaults.DefaultSqlSession@692a72f] was not registered for synchronization because synchronization is not active
JDBC Connection [com.alibaba.druid.pool.DruidStatementConnection@d150ea1] will not be managed by Spring
==>  Preparing: SELECT rp.permission_id FROM sys_role_permission rp WHERE rp.role_id = ?
==> Parameters: 2(Long)
<==    Columns: permission_id
<==        Row: 1
<==        Row: 2
<==      Total: 2
Closing non transactional SqlSession [org.apache.ibatis.session.defaults.DefaultSqlSession@692a72f]
2026-08-15T11:16:15.780+08:00 DEBUG 11532 --- [iam-resource-service] [nio-9010-exec-1] o.s.security.web.FilterChainProxy        : Securing GET /api/admin/roles
Creating a new SqlSession
SqlSession [org.apache.ibatis.session.defaults.DefaultSqlSession@6e2ef9a1] was not registered for synchronization because synchronization is not active
JDBC Connection [com.alibaba.druid.pool.DruidStatementConnection@d150ea1] will not be managed by Spring
==>  Preparing: SELECT * FROM sys_user WHERE username = ? LIMIT 1
==> Parameters: admin(String)
<==    Columns: id, username, nickname, email, phone, avatar, identity_type, enabled, account_non_expired, account_non_locked, credentials_non_expired, create_time, update_time
<==        Row: 1, admin, 管理员, admin@example.com, null, null, 1, 1, 1, 1, 1, 2026-08-11 20:00:08, 2026-08-13 22:28:45
<==      Total: 1
Closing non transactional SqlSession [org.apache.ibatis.session.defaults.DefaultSqlSession@6e2ef9a1]
Creating a new SqlSession
SqlSession [org.apache.ibatis.session.defaults.DefaultSqlSession@369c8866] was not registered for synchronization because synchronization is not active
JDBC Connection [com.alibaba.druid.pool.DruidStatementConnection@d150ea1] will not be managed by Spring
==>  Preparing: SELECT DISTINCT r.code FROM sys_role r JOIN sys_user_role ur ON ur.role_id = r.id JOIN sys_user u ON u.id = ur.user_id WHERE u.username = ?
==> Parameters: admin(String)
<==    Columns: code
<==        Row: ADMIN
<==      Total: 1
Closing non transactional SqlSession [org.apache.ibatis.session.defaults.DefaultSqlSession@369c8866]
Creating a new SqlSession
SqlSession [org.apache.ibatis.session.defaults.DefaultSqlSession@7a5f08cf] was not registered for synchronization because synchronization is not active
JDBC Connection [com.alibaba.druid.pool.DruidStatementConnection@d150ea1] will not be managed by Spring
==>  Preparing: SELECT DISTINCT p.code FROM sys_permission p JOIN sys_role_permission rp ON rp.permission_id = p.id JOIN sys_user_role ur ON ur.role_id = rp.role_id JOIN sys_user u ON u.id = ur.user_id WHERE u.username = ?
==> Parameters: admin(String)
<==    Columns: code
<==        Row: app:portal
<==        Row: app:oa
<==        Row: app:erp
<==        Row: app:bi
<==      Total: 4
Closing non transactional SqlSession [org.apache.ibatis.session.defaults.DefaultSqlSession@7a5f08cf]
Creating a new SqlSession
SqlSession [org.apache.ibatis.session.defaults.DefaultSqlSession@2beac4f0] was not registered for synchronization because synchronization is not active
JDBC Connection [com.alibaba.druid.pool.DruidStatementConnection@d150ea1] will not be managed by Spring
==>  Preparing: SELECT DISTINCT r.code FROM sys_role r JOIN sys_user_role ur ON ur.role_id = r.id JOIN sys_user u ON u.id = ur.user_id WHERE u.username = ?
==> Parameters: admin(String)
<==    Columns: code
<==        Row: ADMIN
<==      Total: 1
Closing non transactional SqlSession [org.apache.ibatis.session.defaults.DefaultSqlSession@2beac4f0]
2026-08-15T11:16:16.008+08:00 DEBUG 11532 --- [iam-resource-service] [nio-9010-exec-1] c.RbacAuthoritiesOpaqueTokenIntrospector : [Introspect] 用户令牌注入 RBAC authorities, sub=admin, roles=[ADMIN]
2026-08-15T11:16:16.009+08:00 DEBUG 11532 --- [iam-resource-service] [nio-9010-exec-1] .s.r.a.OpaqueTokenAuthenticationProvider : Authenticated token
2026-08-15T11:16:16.010+08:00 DEBUG 11532 --- [iam-resource-service] [nio-9010-exec-1] .s.r.w.a.BearerTokenAuthenticationFilter : Set SecurityContextHolder to BearerTokenAuthentication [Principal=net.xzh.resource.config.RbacAuthoritiesOpaqueTokenIntrospector$EnrichedPrincipal@6228f881, Credentials=[PROTECTED], Authenticated=true, Details=WebAuthenticationDetails [RemoteIpAddress=127.0.0.1, SessionId=null], Granted Authorities=[SCOPE_read, SCOPE_openid, SCOPE_profile, SCOPE_write, ROLE_ADMIN, app:portal, app:oa, app:erp, app:bi]]
2026-08-15T11:16:16.012+08:00 DEBUG 11532 --- [iam-resource-service] [nio-9010-exec-1] o.s.security.web.FilterChainProxy        : Secured GET /api/admin/roles
Creating a new SqlSession
SqlSession [org.apache.ibatis.session.defaults.DefaultSqlSession@266bdf6a] was not registered for synchronization because synchronization is not active
JDBC Connection [com.alibaba.druid.pool.DruidStatementConnection@d150ea1] will not be managed by Spring
==>  Preparing: SELECT id,code,name,remark,create_time,update_time FROM sys_role
==> Parameters: 
<==    Columns: id, code, name, remark, create_time, update_time
<==        Row: 1, ADMIN, 管理员, 拥有全部应用访问权限, 2026-08-13 09:57:52, 2026-08-15 00:06:16
<==        Row: 2, USER, 普通用户, 仅可访问门户与 OA, 2026-08-13 09:57:52, 2026-08-13 09:57:52
<==      Total: 2
Closing non transactional SqlSession [org.apache.ibatis.session.defaults.DefaultSqlSession@266bdf6a]
Creating a new SqlSession
SqlSession [org.apache.ibatis.session.defaults.DefaultSqlSession@27fd5e9d] was not registered for synchronization because synchronization is not active
JDBC Connection [com.alibaba.druid.pool.DruidStatementConnection@d150ea1] will not be managed by Spring
==>  Preparing: SELECT rp.permission_id FROM sys_role_permission rp WHERE rp.role_id = ?
==> Parameters: 1(Long)
<==    Columns: permission_id
<==        Row: 1
<==        Row: 2
<==        Row: 4
<==        Row: 5
<==      Total: 4
Closing non transactional SqlSession [org.apache.ibatis.session.defaults.DefaultSqlSession@27fd5e9d]
Creating a new SqlSession
SqlSession [org.apache.ibatis.session.defaults.DefaultSqlSession@7a5c59b0] was not registered for synchronization because synchronization is not active
JDBC Connection [com.alibaba.druid.pool.DruidStatementConnection@d150ea1] will not be managed by Spring
==>  Preparing: SELECT rp.permission_id FROM sys_role_permission rp WHERE rp.role_id = ?
==> Parameters: 2(Long)
<==    Columns: permission_id
<==        Row: 1
<==        Row: 2
<==      Total: 2
Closing non transactional SqlSession [org.apache.ibatis.session.defaults.DefaultSqlSession@7a5c59b0]
2026-08-15T11:16:17.919+08:00 DEBUG 11532 --- [iam-resource-service] [nio-9010-exec-2] o.s.security.web.FilterChainProxy        : Securing GET /api/admin/permissions
Creating a new SqlSession
SqlSession [org.apache.ibatis.session.defaults.DefaultSqlSession@47627d69] was not registered for synchronization because synchronization is not active
JDBC Connection [com.alibaba.druid.pool.DruidStatementConnection@d150ea1] will not be managed by Spring
==>  Preparing: SELECT * FROM sys_user WHERE username = ? LIMIT 1
==> Parameters: admin(String)
<==    Columns: id, username, nickname, email, phone, avatar, identity_type, enabled, account_non_expired, account_non_locked, credentials_non_expired, create_time, update_time
<==        Row: 1, admin, 管理员, admin@example.com, null, null, 1, 1, 1, 1, 1, 2026-08-11 20:00:08, 2026-08-13 22:28:45
<==      Total: 1
Closing non transactional SqlSession [org.apache.ibatis.session.defaults.DefaultSqlSession@47627d69]
Creating a new SqlSession
SqlSession [org.apache.ibatis.session.defaults.DefaultSqlSession@128b4149] was not registered for synchronization because synchronization is not active
JDBC Connection [com.alibaba.druid.pool.DruidStatementConnection@d150ea1] will not be managed by Spring
==>  Preparing: SELECT DISTINCT r.code FROM sys_role r JOIN sys_user_role ur ON ur.role_id = r.id JOIN sys_user u ON u.id = ur.user_id WHERE u.username = ?
==> Parameters: admin(String)
<==    Columns: code
<==        Row: ADMIN
<==      Total: 1
Closing non transactional SqlSession [org.apache.ibatis.session.defaults.DefaultSqlSession@128b4149]
Creating a new SqlSession
SqlSession [org.apache.ibatis.session.defaults.DefaultSqlSession@690950c4] was not registered for synchronization because synchronization is not active
JDBC Connection [com.alibaba.druid.pool.DruidStatementConnection@d150ea1] will not be managed by Spring
==>  Preparing: SELECT DISTINCT p.code FROM sys_permission p JOIN sys_role_permission rp ON rp.permission_id = p.id JOIN sys_user_role ur ON ur.role_id = rp.role_id JOIN sys_user u ON u.id = ur.user_id WHERE u.username = ?
==> Parameters: admin(String)
<==    Columns: code
<==        Row: app:portal
<==        Row: app:oa
<==        Row: app:erp
<==        Row: app:bi
<==      Total: 4
Closing non transactional SqlSession [org.apache.ibatis.session.defaults.DefaultSqlSession@690950c4]
Creating a new SqlSession
SqlSession [org.apache.ibatis.session.defaults.DefaultSqlSession@69213e3e] was not registered for synchronization because synchronization is not active
JDBC Connection [com.alibaba.druid.pool.DruidStatementConnection@d150ea1] will not be managed by Spring
==>  Preparing: SELECT DISTINCT r.code FROM sys_role r JOIN sys_user_role ur ON ur.role_id = r.id JOIN sys_user u ON u.id = ur.user_id WHERE u.username = ?
==> Parameters: admin(String)
<==    Columns: code
<==        Row: ADMIN
<==      Total: 1
Closing non transactional SqlSession [org.apache.ibatis.session.defaults.DefaultSqlSession@69213e3e]
2026-08-15T11:16:18.134+08:00 DEBUG 11532 --- [iam-resource-service] [nio-9010-exec-2] c.RbacAuthoritiesOpaqueTokenIntrospector : [Introspect] 用户令牌注入 RBAC authorities, sub=admin, roles=[ADMIN]
2026-08-15T11:16:18.134+08:00 DEBUG 11532 --- [iam-resource-service] [nio-9010-exec-2] .s.r.a.OpaqueTokenAuthenticationProvider : Authenticated token
2026-08-15T11:16:18.135+08:00 DEBUG 11532 --- [iam-resource-service] [nio-9010-exec-2] .s.r.w.a.BearerTokenAuthenticationFilter : Set SecurityContextHolder to BearerTokenAuthentication [Principal=net.xzh.resource.config.RbacAuthoritiesOpaqueTokenIntrospector$EnrichedPrincipal@501a2401, Credentials=[PROTECTED], Authenticated=true, Details=WebAuthenticationDetails [RemoteIpAddress=127.0.0.1, SessionId=null], Granted Authorities=[SCOPE_read, SCOPE_openid, SCOPE_profile, SCOPE_write, ROLE_ADMIN, app:portal, app:oa, app:erp, app:bi]]
2026-08-15T11:16:18.135+08:00 DEBUG 11532 --- [iam-resource-service] [nio-9010-exec-2] o.s.security.web.FilterChainProxy        : Secured GET /api/admin/permissions
Creating a new SqlSession
SqlSession [org.apache.ibatis.session.defaults.DefaultSqlSession@34046efb] was not registered for synchronization because synchronization is not active
JDBC Connection [com.alibaba.druid.pool.DruidStatementConnection@d150ea1] will not be managed by Spring
==>  Preparing: SELECT id,code,name,type,remark,create_time FROM sys_permission ORDER BY id ASC
==> Parameters: 
<==    Columns: id, code, name, type, remark, create_time
<==        Row: 1, app:portal, 门户应用, app, 统一工作台门户, 2026-08-13 09:57:52
<==        Row: 2, app:oa, OA 办公系统, app, 办公自动化, 2026-08-13 09:57:52
<==        Row: 3, app:crm, CRM 客户管理, app, 客户关系管理, 2026-08-13 09:57:52
<==        Row: 4, app:erp, ERP 企业资源, app, 企业资源计划, 2026-08-13 09:57:52
<==        Row: 5, app:bi, BI 数据分析, app, 商业智能分析, 2026-08-13 09:57:52
<==      Total: 5
Closing non transactional SqlSession [org.apache.ibatis.session.defaults.DefaultSqlSession@34046efb]
2026-08-15T11:17:16.575+08:00 DEBUG 11532 --- [iam-resource-service] [nio-9010-exec-3] o.s.security.web.FilterChainProxy        : Securing GET /api/admin/roles
Creating a new SqlSession
SqlSession [org.apache.ibatis.session.defaults.DefaultSqlSession@7d8feb2d] was not registered for synchronization because synchronization is not active
JDBC Connection [com.alibaba.druid.pool.DruidStatementConnection@d150ea1] will not be managed by Spring
==>  Preparing: SELECT * FROM sys_user WHERE username = ? LIMIT 1
==> Parameters: admin(String)
<==    Columns: id, username, nickname, email, phone, avatar, identity_type, enabled, account_non_expired, account_non_locked, credentials_non_expired, create_time, update_time
<==        Row: 1, admin, 管理员, admin@example.com, null, null, 1, 1, 1, 1, 1, 2026-08-11 20:00:08, 2026-08-13 22:28:45
<==      Total: 1
Closing non transactional SqlSession [org.apache.ibatis.session.defaults.DefaultSqlSession@7d8feb2d]
Creating a new SqlSession
SqlSession [org.apache.ibatis.session.defaults.DefaultSqlSession@368abe5] was not registered for synchronization because synchronization is not active
JDBC Connection [com.alibaba.druid.pool.DruidStatementConnection@d150ea1] will not be managed by Spring
==>  Preparing: SELECT DISTINCT r.code FROM sys_role r JOIN sys_user_role ur ON ur.role_id = r.id JOIN sys_user u ON u.id = ur.user_id WHERE u.username = ?
==> Parameters: admin(String)
<==    Columns: code
<==        Row: ADMIN
<==      Total: 1
Closing non transactional SqlSession [org.apache.ibatis.session.defaults.DefaultSqlSession@368abe5]
Creating a new SqlSession
SqlSession [org.apache.ibatis.session.defaults.DefaultSqlSession@777bdde6] was not registered for synchronization because synchronization is not active
JDBC Connection [com.alibaba.druid.pool.DruidStatementConnection@d150ea1] will not be managed by Spring
==>  Preparing: SELECT DISTINCT p.code FROM sys_permission p JOIN sys_role_permission rp ON rp.permission_id = p.id JOIN sys_user_role ur ON ur.role_id = rp.role_id JOIN sys_user u ON u.id = ur.user_id WHERE u.username = ?
==> Parameters: admin(String)
<==    Columns: code
<==        Row: app:portal
<==        Row: app:oa
<==        Row: app:erp
<==        Row: app:bi
<==      Total: 4
Closing non transactional SqlSession [org.apache.ibatis.session.defaults.DefaultSqlSession@777bdde6]
Creating a new SqlSession
SqlSession [org.apache.ibatis.session.defaults.DefaultSqlSession@159f3357] was not registered for synchronization because synchronization is not active
JDBC Connection [com.alibaba.druid.pool.DruidStatementConnection@d150ea1] will not be managed by Spring
==>  Preparing: SELECT DISTINCT r.code FROM sys_role r JOIN sys_user_role ur ON ur.role_id = r.id JOIN sys_user u ON u.id = ur.user_id WHERE u.username = ?
==> Parameters: admin(String)
<==    Columns: code
<==        Row: ADMIN
<==      Total: 1
Closing non transactional SqlSession [org.apache.ibatis.session.defaults.DefaultSqlSession@159f3357]
2026-08-15T11:17:16.738+08:00 DEBUG 11532 --- [iam-resource-service] [nio-9010-exec-3] c.RbacAuthoritiesOpaqueTokenIntrospector : [Introspect] 用户令牌注入 RBAC authorities, sub=admin, roles=[ADMIN]
2026-08-15T11:17:16.738+08:00 DEBUG 11532 --- [iam-resource-service] [nio-9010-exec-3] .s.r.a.OpaqueTokenAuthenticationProvider : Authenticated token
2026-08-15T11:17:16.738+08:00 DEBUG 11532 --- [iam-resource-service] [nio-9010-exec-3] .s.r.w.a.BearerTokenAuthenticationFilter : Set SecurityContextHolder to BearerTokenAuthentication [Principal=net.xzh.resource.config.RbacAuthoritiesOpaqueTokenIntrospector$EnrichedPrincipal@3533bdfd, Credentials=[PROTECTED], Authenticated=true, Details=WebAuthenticationDetails [RemoteIpAddress=127.0.0.1, SessionId=null], Granted Authorities=[SCOPE_read, SCOPE_openid, SCOPE_profile, SCOPE_write, ROLE_ADMIN, app:portal, app:oa, app:erp, app:bi]]
2026-08-15T11:17:16.739+08:00 DEBUG 11532 --- [iam-resource-service] [nio-9010-exec-3] o.s.security.web.FilterChainProxy        : Secured GET /api/admin/roles
Creating a new SqlSession
SqlSession [org.apache.ibatis.session.defaults.DefaultSqlSession@1210527a] was not registered for synchronization because synchronization is not active
JDBC Connection [com.alibaba.druid.pool.DruidStatementConnection@d150ea1] will not be managed by Spring
==>  Preparing: SELECT id,code,name,remark,create_time,update_time FROM sys_role
==> Parameters: 
<==    Columns: id, code, name, remark, create_time, update_time
<==        Row: 1, ADMIN, 管理员, 拥有全部应用访问权限, 2026-08-13 09:57:52, 2026-08-15 00:06:16
<==        Row: 2, USER, 普通用户, 仅可访问门户与 OA, 2026-08-13 09:57:52, 2026-08-13 09:57:52
<==      Total: 2
Closing non transactional SqlSession [org.apache.ibatis.session.defaults.DefaultSqlSession@1210527a]
Creating a new SqlSession
SqlSession [org.apache.ibatis.session.defaults.DefaultSqlSession@14a68b33] was not registered for synchronization because synchronization is not active
JDBC Connection [com.alibaba.druid.pool.DruidStatementConnection@d150ea1] will not be managed by Spring
==>  Preparing: SELECT rp.permission_id FROM sys_role_permission rp WHERE rp.role_id = ?
==> Parameters: 1(Long)
<==    Columns: permission_id
<==        Row: 1
<==        Row: 2
<==        Row: 4
<==        Row: 5
<==      Total: 4
Closing non transactional SqlSession [org.apache.ibatis.session.defaults.DefaultSqlSession@14a68b33]
Creating a new SqlSession
SqlSession [org.apache.ibatis.session.defaults.DefaultSqlSession@2c41067d] was not registered for synchronization because synchronization is not active
JDBC Connection [com.alibaba.druid.pool.DruidStatementConnection@d150ea1] will not be managed by Spring
==>  Preparing: SELECT rp.permission_id FROM sys_role_permission rp WHERE rp.role_id = ?
==> Parameters: 2(Long)
<==    Columns: permission_id
<==        Row: 1
<==        Row: 2
<==      Total: 2
Closing non transactional SqlSession [org.apache.ibatis.session.defaults.DefaultSqlSession@2c41067d]
2026-08-15T11:17:31.223+08:00 DEBUG 11532 --- [iam-resource-service] [nio-9010-exec-5] o.s.security.web.FilterChainProxy        : Securing GET /api/admin/permissions
Creating a new SqlSession
SqlSession [org.apache.ibatis.session.defaults.DefaultSqlSession@3880f99c] was not registered for synchronization because synchronization is not active
JDBC Connection [com.alibaba.druid.pool.DruidStatementConnection@d150ea1] will not be managed by Spring
==>  Preparing: SELECT * FROM sys_user WHERE username = ? LIMIT 1
==> Parameters: admin(String)
<==    Columns: id, username, nickname, email, phone, avatar, identity_type, enabled, account_non_expired, account_non_locked, credentials_non_expired, create_time, update_time
<==        Row: 1, admin, 管理员, admin@example.com, null, null, 1, 1, 1, 1, 1, 2026-08-11 20:00:08, 2026-08-13 22:28:45
<==      Total: 1
Closing non transactional SqlSession [org.apache.ibatis.session.defaults.DefaultSqlSession@3880f99c]
Creating a new SqlSession
SqlSession [org.apache.ibatis.session.defaults.DefaultSqlSession@6b54fd4b] was not registered for synchronization because synchronization is not active
JDBC Connection [com.alibaba.druid.pool.DruidStatementConnection@d150ea1] will not be managed by Spring
==>  Preparing: SELECT DISTINCT r.code FROM sys_role r JOIN sys_user_role ur ON ur.role_id = r.id JOIN sys_user u ON u.id = ur.user_id WHERE u.username = ?
==> Parameters: admin(String)
<==    Columns: code
<==        Row: ADMIN
<==      Total: 1
Closing non transactional SqlSession [org.apache.ibatis.session.defaults.DefaultSqlSession@6b54fd4b]
Creating a new SqlSession
SqlSession [org.apache.ibatis.session.defaults.DefaultSqlSession@674c0247] was not registered for synchronization because synchronization is not active
JDBC Connection [com.alibaba.druid.pool.DruidStatementConnection@d150ea1] will not be managed by Spring
==>  Preparing: SELECT DISTINCT p.code FROM sys_permission p JOIN sys_role_permission rp ON rp.permission_id = p.id JOIN sys_user_role ur ON ur.role_id = rp.role_id JOIN sys_user u ON u.id = ur.user_id WHERE u.username = ?
==> Parameters: admin(String)
<==    Columns: code
<==        Row: app:portal
<==        Row: app:oa
<==        Row: app:erp
<==        Row: app:bi
<==      Total: 4
Closing non transactional SqlSession [org.apache.ibatis.session.defaults.DefaultSqlSession@674c0247]
Creating a new SqlSession
SqlSession [org.apache.ibatis.session.defaults.DefaultSqlSession@1f6f4336] was not registered for synchronization because synchronization is not active
JDBC Connection [com.alibaba.druid.pool.DruidStatementConnection@d150ea1] will not be managed by Spring
==>  Preparing: SELECT DISTINCT r.code FROM sys_role r JOIN sys_user_role ur ON ur.role_id = r.id JOIN sys_user u ON u.id = ur.user_id WHERE u.username = ?
==> Parameters: admin(String)
<==    Columns: code
<==        Row: ADMIN
<==      Total: 1
Closing non transactional SqlSession [org.apache.ibatis.session.defaults.DefaultSqlSession@1f6f4336]
2026-08-15T11:17:31.430+08:00 DEBUG 11532 --- [iam-resource-service] [nio-9010-exec-5] c.RbacAuthoritiesOpaqueTokenIntrospector : [Introspect] 用户令牌注入 RBAC authorities, sub=admin, roles=[ADMIN]
2026-08-15T11:17:31.430+08:00 DEBUG 11532 --- [iam-resource-service] [nio-9010-exec-5] .s.r.a.OpaqueTokenAuthenticationProvider : Authenticated token
2026-08-15T11:17:31.431+08:00 DEBUG 11532 --- [iam-resource-service] [nio-9010-exec-5] .s.r.w.a.BearerTokenAuthenticationFilter : Set SecurityContextHolder to BearerTokenAuthentication [Principal=net.xzh.resource.config.RbacAuthoritiesOpaqueTokenIntrospector$EnrichedPrincipal@3acd1ea5, Credentials=[PROTECTED], Authenticated=true, Details=WebAuthenticationDetails [RemoteIpAddress=127.0.0.1, SessionId=null], Granted Authorities=[SCOPE_read, SCOPE_openid, SCOPE_profile, SCOPE_write, ROLE_ADMIN, app:portal, app:oa, app:erp, app:bi]]
2026-08-15T11:17:31.431+08:00 DEBUG 11532 --- [iam-resource-service] [nio-9010-exec-5] o.s.security.web.FilterChainProxy        : Secured GET /api/admin/permissions
Creating a new SqlSession
SqlSession [org.apache.ibatis.session.defaults.DefaultSqlSession@37c0b5d] was not registered for synchronization because synchronization is not active
JDBC Connection [com.alibaba.druid.pool.DruidStatementConnection@d150ea1] will not be managed by Spring
==>  Preparing: SELECT id,code,name,type,remark,create_time FROM sys_permission ORDER BY id ASC
==> Parameters: 
<==    Columns: id, code, name, type, remark, create_time
<==        Row: 1, app:portal, 门户应用, app, 统一工作台门户, 2026-08-13 09:57:52
<==        Row: 2, app:oa, OA 办公系统, app, 办公自动化, 2026-08-13 09:57:52
<==        Row: 3, app:crm, CRM 客户管理, app, 客户关系管理, 2026-08-13 09:57:52
<==        Row: 4, app:erp, ERP 企业资源, app, 企业资源计划, 2026-08-13 09:57:52
<==        Row: 5, app:bi, BI 数据分析, app, 商业智能分析, 2026-08-13 09:57:52
<==      Total: 5
Closing non transactional SqlSession [org.apache.ibatis.session.defaults.DefaultSqlSession@37c0b5d]
2026-08-15T11:17:52.706+08:00 DEBUG 11532 --- [iam-resource-service] [nio-9010-exec-4] o.s.security.web.FilterChainProxy        : Securing GET /api/admin/roles
Creating a new SqlSession
SqlSession [org.apache.ibatis.session.defaults.DefaultSqlSession@2c846ea6] was not registered for synchronization because synchronization is not active
JDBC Connection [com.alibaba.druid.pool.DruidStatementConnection@d150ea1] will not be managed by Spring
==>  Preparing: SELECT * FROM sys_user WHERE username = ? LIMIT 1
==> Parameters: admin(String)
<==    Columns: id, username, nickname, email, phone, avatar, identity_type, enabled, account_non_expired, account_non_locked, credentials_non_expired, create_time, update_time
<==        Row: 1, admin, 管理员, admin@example.com, null, null, 1, 1, 1, 1, 1, 2026-08-11 20:00:08, 2026-08-13 22:28:45
<==      Total: 1
Closing non transactional SqlSession [org.apache.ibatis.session.defaults.DefaultSqlSession@2c846ea6]
Creating a new SqlSession
SqlSession [org.apache.ibatis.session.defaults.DefaultSqlSession@6a19b420] was not registered for synchronization because synchronization is not active
JDBC Connection [com.alibaba.druid.pool.DruidStatementConnection@d150ea1] will not be managed by Spring
==>  Preparing: SELECT DISTINCT r.code FROM sys_role r JOIN sys_user_role ur ON ur.role_id = r.id JOIN sys_user u ON u.id = ur.user_id WHERE u.username = ?
==> Parameters: admin(String)
<==    Columns: code
<==        Row: ADMIN
<==      Total: 1
Closing non transactional SqlSession [org.apache.ibatis.session.defaults.DefaultSqlSession@6a19b420]
Creating a new SqlSession
SqlSession [org.apache.ibatis.session.defaults.DefaultSqlSession@299a7f87] was not registered for synchronization because synchronization is not active
JDBC Connection [com.alibaba.druid.pool.DruidStatementConnection@d150ea1] will not be managed by Spring
==>  Preparing: SELECT DISTINCT p.code FROM sys_permission p JOIN sys_role_permission rp ON rp.permission_id = p.id JOIN sys_user_role ur ON ur.role_id = rp.role_id JOIN sys_user u ON u.id = ur.user_id WHERE u.username = ?
==> Parameters: admin(String)
<==    Columns: code
<==        Row: app:portal
<==        Row: app:oa
<==        Row: app:erp
<==        Row: app:bi
<==      Total: 4
Closing non transactional SqlSession [org.apache.ibatis.session.defaults.DefaultSqlSession@299a7f87]
Creating a new SqlSession
SqlSession [org.apache.ibatis.session.defaults.DefaultSqlSession@6a3dcb74] was not registered for synchronization because synchronization is not active
JDBC Connection [com.alibaba.druid.pool.DruidStatementConnection@d150ea1] will not be managed by Spring
==>  Preparing: SELECT DISTINCT r.code FROM sys_role r JOIN sys_user_role ur ON ur.role_id = r.id JOIN sys_user u ON u.id = ur.user_id WHERE u.username = ?
==> Parameters: admin(String)
<==    Columns: code
<==        Row: ADMIN
<==      Total: 1
Closing non transactional SqlSession [org.apache.ibatis.session.defaults.DefaultSqlSession@6a3dcb74]
2026-08-15T11:17:52.922+08:00 DEBUG 11532 --- [iam-resource-service] [nio-9010-exec-4] c.RbacAuthoritiesOpaqueTokenIntrospector : [Introspect] 用户令牌注入 RBAC authorities, sub=admin, roles=[ADMIN]
2026-08-15T11:17:52.922+08:00 DEBUG 11532 --- [iam-resource-service] [nio-9010-exec-4] .s.r.a.OpaqueTokenAuthenticationProvider : Authenticated token
2026-08-15T11:17:52.923+08:00 DEBUG 11532 --- [iam-resource-service] [nio-9010-exec-4] .s.r.w.a.BearerTokenAuthenticationFilter : Set SecurityContextHolder to BearerTokenAuthentication [Principal=net.xzh.resource.config.RbacAuthoritiesOpaqueTokenIntrospector$EnrichedPrincipal@10e0e7c3, Credentials=[PROTECTED], Authenticated=true, Details=WebAuthenticationDetails [RemoteIpAddress=127.0.0.1, SessionId=null], Granted Authorities=[SCOPE_read, SCOPE_openid, SCOPE_profile, SCOPE_write, ROLE_ADMIN, app:portal, app:oa, app:erp, app:bi]]
2026-08-15T11:17:52.923+08:00 DEBUG 11532 --- [iam-resource-service] [nio-9010-exec-4] o.s.security.web.FilterChainProxy        : Secured GET /api/admin/roles
Creating a new SqlSession
SqlSession [org.apache.ibatis.session.defaults.DefaultSqlSession@4b6bdbf5] was not registered for synchronization because synchronization is not active
JDBC Connection [com.alibaba.druid.pool.DruidStatementConnection@d150ea1] will not be managed by Spring
==>  Preparing: SELECT id,code,name,remark,create_time,update_time FROM sys_role
==> Parameters: 
<==    Columns: id, code, name, remark, create_time, update_time
<==        Row: 1, ADMIN, 管理员, 拥有全部应用访问权限, 2026-08-13 09:57:52, 2026-08-15 00:06:16
<==        Row: 2, USER, 普通用户, 仅可访问门户与 OA, 2026-08-13 09:57:52, 2026-08-13 09:57:52
<==      Total: 2
Closing non transactional SqlSession [org.apache.ibatis.session.defaults.DefaultSqlSession@4b6bdbf5]
Creating a new SqlSession
SqlSession [org.apache.ibatis.session.defaults.DefaultSqlSession@43a35b81] was not registered for synchronization because synchronization is not active
JDBC Connection [com.alibaba.druid.pool.DruidStatementConnection@d150ea1] will not be managed by Spring
==>  Preparing: SELECT rp.permission_id FROM sys_role_permission rp WHERE rp.role_id = ?
==> Parameters: 1(Long)
<==    Columns: permission_id
<==        Row: 1
<==        Row: 2
<==        Row: 4
<==        Row: 5
<==      Total: 4
Closing non transactional SqlSession [org.apache.ibatis.session.defaults.DefaultSqlSession@43a35b81]
Creating a new SqlSession
SqlSession [org.apache.ibatis.session.defaults.DefaultSqlSession@414bafd2] was not registered for synchronization because synchronization is not active
JDBC Connection [com.alibaba.druid.pool.DruidStatementConnection@d150ea1] will not be managed by Spring
==>  Preparing: SELECT rp.permission_id FROM sys_role_permission rp WHERE rp.role_id = ?
==> Parameters: 2(Long)
<==    Columns: permission_id
<==        Row: 1
<==        Row: 2
<==      Total: 2
Closing non transactional SqlSession [org.apache.ibatis.session.defaults.DefaultSqlSession@414bafd2]
2026-08-15T11:17:53.983+08:00 DEBUG 11532 --- [iam-resource-service] [nio-9010-exec-6] o.s.security.web.FilterChainProxy        : Securing GET /api/admin/permissions
Creating a new SqlSession
SqlSession [org.apache.ibatis.session.defaults.DefaultSqlSession@31c601de] was not registered for synchronization because synchronization is not active
JDBC Connection [com.alibaba.druid.pool.DruidStatementConnection@d150ea1] will not be managed by Spring
==>  Preparing: SELECT * FROM sys_user WHERE username = ? LIMIT 1
==> Parameters: admin(String)
<==    Columns: id, username, nickname, email, phone, avatar, identity_type, enabled, account_non_expired, account_non_locked, credentials_non_expired, create_time, update_time
<==        Row: 1, admin, 管理员, admin@example.com, null, null, 1, 1, 1, 1, 1, 2026-08-11 20:00:08, 2026-08-13 22:28:45
<==      Total: 1
Closing non transactional SqlSession [org.apache.ibatis.session.defaults.DefaultSqlSession@31c601de]
Creating a new SqlSession
SqlSession [org.apache.ibatis.session.defaults.DefaultSqlSession@68237088] was not registered for synchronization because synchronization is not active
JDBC Connection [com.alibaba.druid.pool.DruidStatementConnection@d150ea1] will not be managed by Spring
==>  Preparing: SELECT DISTINCT r.code FROM sys_role r JOIN sys_user_role ur ON ur.role_id = r.id JOIN sys_user u ON u.id = ur.user_id WHERE u.username = ?
==> Parameters: admin(String)
<==    Columns: code
<==        Row: ADMIN
<==      Total: 1
Closing non transactional SqlSession [org.apache.ibatis.session.defaults.DefaultSqlSession@68237088]
Creating a new SqlSession
SqlSession [org.apache.ibatis.session.defaults.DefaultSqlSession@18905e25] was not registered for synchronization because synchronization is not active
JDBC Connection [com.alibaba.druid.pool.DruidStatementConnection@d150ea1] will not be managed by Spring
==>  Preparing: SELECT DISTINCT p.code FROM sys_permission p JOIN sys_role_permission rp ON rp.permission_id = p.id JOIN sys_user_role ur ON ur.role_id = rp.role_id JOIN sys_user u ON u.id = ur.user_id WHERE u.username = ?
==> Parameters: admin(String)
<==    Columns: code
<==        Row: app:portal
<==        Row: app:oa
<==        Row: app:erp
<==        Row: app:bi
<==      Total: 4
Closing non transactional SqlSession [org.apache.ibatis.session.defaults.DefaultSqlSession@18905e25]
Creating a new SqlSession
SqlSession [org.apache.ibatis.session.defaults.DefaultSqlSession@3ce43251] was not registered for synchronization because synchronization is not active
JDBC Connection [com.alibaba.druid.pool.DruidStatementConnection@d150ea1] will not be managed by Spring
==>  Preparing: SELECT DISTINCT r.code FROM sys_role r JOIN sys_user_role ur ON ur.role_id = r.id JOIN sys_user u ON u.id = ur.user_id WHERE u.username = ?
==> Parameters: admin(String)
<==    Columns: code
<==        Row: ADMIN
<==      Total: 1
Closing non transactional SqlSession [org.apache.ibatis.session.defaults.DefaultSqlSession@3ce43251]
2026-08-15T11:17:54.194+08:00 DEBUG 11532 --- [iam-resource-service] [nio-9010-exec-6] c.RbacAuthoritiesOpaqueTokenIntrospector : [Introspect] 用户令牌注入 RBAC authorities, sub=admin, roles=[ADMIN]
2026-08-15T11:17:54.195+08:00 DEBUG 11532 --- [iam-resource-service] [nio-9010-exec-6] .s.r.a.OpaqueTokenAuthenticationProvider : Authenticated token
2026-08-15T11:17:54.196+08:00 DEBUG 11532 --- [iam-resource-service] [nio-9010-exec-6] .s.r.w.a.BearerTokenAuthenticationFilter : Set SecurityContextHolder to BearerTokenAuthentication [Principal=net.xzh.resource.config.RbacAuthoritiesOpaqueTokenIntrospector$EnrichedPrincipal@74b52b1a, Credentials=[PROTECTED], Authenticated=true, Details=WebAuthenticationDetails [RemoteIpAddress=127.0.0.1, SessionId=null], Granted Authorities=[SCOPE_read, SCOPE_openid, SCOPE_profile, SCOPE_write, ROLE_ADMIN, app:portal, app:oa, app:erp, app:bi]]
2026-08-15T11:17:54.197+08:00 DEBUG 11532 --- [iam-resource-service] [nio-9010-exec-6] o.s.security.web.FilterChainProxy        : Secured GET /api/admin/permissions
Creating a new SqlSession
SqlSession [org.apache.ibatis.session.defaults.DefaultSqlSession@3eaf31d7] was not registered for synchronization because synchronization is not active
JDBC Connection [com.alibaba.druid.pool.DruidStatementConnection@d150ea1] will not be managed by Spring
==>  Preparing: SELECT id,code,name,type,remark,create_time FROM sys_permission ORDER BY id ASC
==> Parameters: 
<==    Columns: id, code, name, type, remark, create_time
<==        Row: 1, app:portal, 门户应用, app, 统一工作台门户, 2026-08-13 09:57:52
<==        Row: 2, app:oa, OA 办公系统, app, 办公自动化, 2026-08-13 09:57:52
<==        Row: 3, app:crm, CRM 客户管理, app, 客户关系管理, 2026-08-13 09:57:52
<==        Row: 4, app:erp, ERP 企业资源, app, 企业资源计划, 2026-08-13 09:57:52
<==        Row: 5, app:bi, BI 数据分析, app, 商业智能分析, 2026-08-13 09:57:52
<==      Total: 5
Closing non transactional SqlSession [org.apache.ibatis.session.defaults.DefaultSqlSession@3eaf31d7]
2026-08-15T11:18:01.007+08:00 DEBUG 11532 --- [iam-resource-service] [nio-9010-exec-7] o.s.security.web.FilterChainProxy        : Securing GET /api/admin/roles
Creating a new SqlSession
SqlSession [org.apache.ibatis.session.defaults.DefaultSqlSession@73547d1c] was not registered for synchronization because synchronization is not active
JDBC Connection [com.alibaba.druid.pool.DruidStatementConnection@d150ea1] will not be managed by Spring
==>  Preparing: SELECT * FROM sys_user WHERE username = ? LIMIT 1
==> Parameters: admin(String)
<==    Columns: id, username, nickname, email, phone, avatar, identity_type, enabled, account_non_expired, account_non_locked, credentials_non_expired, create_time, update_time
<==        Row: 1, admin, 管理员, admin@example.com, null, null, 1, 1, 1, 1, 1, 2026-08-11 20:00:08, 2026-08-13 22:28:45
<==      Total: 1
Closing non transactional SqlSession [org.apache.ibatis.session.defaults.DefaultSqlSession@73547d1c]
Creating a new SqlSession
SqlSession [org.apache.ibatis.session.defaults.DefaultSqlSession@30bf9732] was not registered for synchronization because synchronization is not active
JDBC Connection [com.alibaba.druid.pool.DruidStatementConnection@d150ea1] will not be managed by Spring
==>  Preparing: SELECT DISTINCT r.code FROM sys_role r JOIN sys_user_role ur ON ur.role_id = r.id JOIN sys_user u ON u.id = ur.user_id WHERE u.username = ?
==> Parameters: admin(String)
<==    Columns: code
<==        Row: ADMIN
<==      Total: 1
Closing non transactional SqlSession [org.apache.ibatis.session.defaults.DefaultSqlSession@30bf9732]
Creating a new SqlSession
SqlSession [org.apache.ibatis.session.defaults.DefaultSqlSession@5d462cf3] was not registered for synchronization because synchronization is not active
JDBC Connection [com.alibaba.druid.pool.DruidStatementConnection@d150ea1] will not be managed by Spring
==>  Preparing: SELECT DISTINCT p.code FROM sys_permission p JOIN sys_role_permission rp ON rp.permission_id = p.id JOIN sys_user_role ur ON ur.role_id = rp.role_id JOIN sys_user u ON u.id = ur.user_id WHERE u.username = ?
==> Parameters: admin(String)
<==    Columns: code
<==        Row: app:portal
<==        Row: app:oa
<==        Row: app:erp
<==        Row: app:bi
<==      Total: 4
Closing non transactional SqlSession [org.apache.ibatis.session.defaults.DefaultSqlSession@5d462cf3]
Creating a new SqlSession
SqlSession [org.apache.ibatis.session.defaults.DefaultSqlSession@61e8868d] was not registered for synchronization because synchronization is not active
JDBC Connection [com.alibaba.druid.pool.DruidStatementConnection@d150ea1] will not be managed by Spring
==>  Preparing: SELECT DISTINCT r.code FROM sys_role r JOIN sys_user_role ur ON ur.role_id = r.id JOIN sys_user u ON u.id = ur.user_id WHERE u.username = ?
==> Parameters: admin(String)
<==    Columns: code
<==        Row: ADMIN
<==      Total: 1
Closing non transactional SqlSession [org.apache.ibatis.session.defaults.DefaultSqlSession@61e8868d]
2026-08-15T11:18:01.215+08:00 DEBUG 11532 --- [iam-resource-service] [nio-9010-exec-7] c.RbacAuthoritiesOpaqueTokenIntrospector : [Introspect] 用户令牌注入 RBAC authorities, sub=admin, roles=[ADMIN]
2026-08-15T11:18:01.216+08:00 DEBUG 11532 --- [iam-resource-service] [nio-9010-exec-7] .s.r.a.OpaqueTokenAuthenticationProvider : Authenticated token
2026-08-15T11:18:01.216+08:00 DEBUG 11532 --- [iam-resource-service] [nio-9010-exec-7] .s.r.w.a.BearerTokenAuthenticationFilter : Set SecurityContextHolder to BearerTokenAuthentication [Principal=net.xzh.resource.config.RbacAuthoritiesOpaqueTokenIntrospector$EnrichedPrincipal@5034e00b, Credentials=[PROTECTED], Authenticated=true, Details=WebAuthenticationDetails [RemoteIpAddress=127.0.0.1, SessionId=null], Granted Authorities=[SCOPE_read, SCOPE_openid, SCOPE_profile, SCOPE_write, ROLE_ADMIN, app:portal, app:oa, app:erp, app:bi]]
2026-08-15T11:18:01.217+08:00 DEBUG 11532 --- [iam-resource-service] [nio-9010-exec-7] o.s.security.web.FilterChainProxy        : Secured GET /api/admin/roles
Creating a new SqlSession
SqlSession [org.apache.ibatis.session.defaults.DefaultSqlSession@693f3a63] was not registered for synchronization because synchronization is not active
JDBC Connection [com.alibaba.druid.pool.DruidStatementConnection@d150ea1] will not be managed by Spring
==>  Preparing: SELECT id,code,name,remark,create_time,update_time FROM sys_role
==> Parameters: 
<==    Columns: id, code, name, remark, create_time, update_time
<==        Row: 1, ADMIN, 管理员, 拥有全部应用访问权限, 2026-08-13 09:57:52, 2026-08-15 00:06:16
<==        Row: 2, USER, 普通用户, 仅可访问门户与 OA, 2026-08-13 09:57:52, 2026-08-13 09:57:52
<==      Total: 2
Closing non transactional SqlSession [org.apache.ibatis.session.defaults.DefaultSqlSession@693f3a63]
Creating a new SqlSession
SqlSession [org.apache.ibatis.session.defaults.DefaultSqlSession@3b5e8986] was not registered for synchronization because synchronization is not active
JDBC Connection [com.alibaba.druid.pool.DruidStatementConnection@d150ea1] will not be managed by Spring
==>  Preparing: SELECT rp.permission_id FROM sys_role_permission rp WHERE rp.role_id = ?
==> Parameters: 1(Long)
<==    Columns: permission_id
<==        Row: 1
<==        Row: 2
<==        Row: 4
<==        Row: 5
<==      Total: 4
Closing non transactional SqlSession [org.apache.ibatis.session.defaults.DefaultSqlSession@3b5e8986]
Creating a new SqlSession
SqlSession [org.apache.ibatis.session.defaults.DefaultSqlSession@5c61c59c] was not registered for synchronization because synchronization is not active
JDBC Connection [com.alibaba.druid.pool.DruidStatementConnection@d150ea1] will not be managed by Spring
==>  Preparing: SELECT rp.permission_id FROM sys_role_permission rp WHERE rp.role_id = ?
==> Parameters: 2(Long)
<==    Columns: permission_id
<==        Row: 1
<==        Row: 2
<==      Total: 2
Closing non transactional SqlSession [org.apache.ibatis.session.defaults.DefaultSqlSession@5c61c59c]
2026-08-15T11:18:43.782+08:00 DEBUG 11532 --- [iam-resource-service] [nio-9010-exec-8] o.s.security.web.FilterChainProxy        : Securing GET /api/admin/roles
Creating a new SqlSession
SqlSession [org.apache.ibatis.session.defaults.DefaultSqlSession@8fd3662] was not registered for synchronization because synchronization is not active
JDBC Connection [com.alibaba.druid.pool.DruidStatementConnection@d150ea1] will not be managed by Spring
==>  Preparing: SELECT * FROM sys_user WHERE username = ? LIMIT 1
==> Parameters: admin(String)
<==    Columns: id, username, nickname, email, phone, avatar, identity_type, enabled, account_non_expired, account_non_locked, credentials_non_expired, create_time, update_time
<==        Row: 1, admin, 管理员, admin@example.com, null, null, 1, 1, 1, 1, 1, 2026-08-11 20:00:08, 2026-08-13 22:28:45
<==      Total: 1
Closing non transactional SqlSession [org.apache.ibatis.session.defaults.DefaultSqlSession@8fd3662]
Creating a new SqlSession
SqlSession [org.apache.ibatis.session.defaults.DefaultSqlSession@480fc5e4] was not registered for synchronization because synchronization is not active
JDBC Connection [com.alibaba.druid.pool.DruidStatementConnection@d150ea1] will not be managed by Spring
==>  Preparing: SELECT DISTINCT r.code FROM sys_role r JOIN sys_user_role ur ON ur.role_id = r.id JOIN sys_user u ON u.id = ur.user_id WHERE u.username = ?
==> Parameters: admin(String)
<==    Columns: code
<==        Row: ADMIN
<==      Total: 1
Closing non transactional SqlSession [org.apache.ibatis.session.defaults.DefaultSqlSession@480fc5e4]
Creating a new SqlSession
SqlSession [org.apache.ibatis.session.defaults.DefaultSqlSession@4c0f77a] was not registered for synchronization because synchronization is not active
JDBC Connection [com.alibaba.druid.pool.DruidStatementConnection@d150ea1] will not be managed by Spring
==>  Preparing: SELECT DISTINCT p.code FROM sys_permission p JOIN sys_role_permission rp ON rp.permission_id = p.id JOIN sys_user_role ur ON ur.role_id = rp.role_id JOIN sys_user u ON u.id = ur.user_id WHERE u.username = ?
==> Parameters: admin(String)
<==    Columns: code
<==        Row: app:portal
<==        Row: app:oa
<==        Row: app:erp
<==        Row: app:bi
<==      Total: 4
Closing non transactional SqlSession [org.apache.ibatis.session.defaults.DefaultSqlSession@4c0f77a]
Creating a new SqlSession
SqlSession [org.apache.ibatis.session.defaults.DefaultSqlSession@770899ee] was not registered for synchronization because synchronization is not active
JDBC Connection [com.alibaba.druid.pool.DruidStatementConnection@d150ea1] will not be managed by Spring
==>  Preparing: SELECT DISTINCT r.code FROM sys_role r JOIN sys_user_role ur ON ur.role_id = r.id JOIN sys_user u ON u.id = ur.user_id WHERE u.username = ?
==> Parameters: admin(String)
<==    Columns: code
<==        Row: ADMIN
<==      Total: 1
Closing non transactional SqlSession [org.apache.ibatis.session.defaults.DefaultSqlSession@770899ee]
2026-08-15T11:18:44.004+08:00 DEBUG 11532 --- [iam-resource-service] [nio-9010-exec-8] c.RbacAuthoritiesOpaqueTokenIntrospector : [Introspect] 用户令牌注入 RBAC authorities, sub=admin, roles=[ADMIN]
2026-08-15T11:18:44.005+08:00 DEBUG 11532 --- [iam-resource-service] [nio-9010-exec-8] .s.r.a.OpaqueTokenAuthenticationProvider : Authenticated token
2026-08-15T11:18:44.006+08:00 DEBUG 11532 --- [iam-resource-service] [nio-9010-exec-8] .s.r.w.a.BearerTokenAuthenticationFilter : Set SecurityContextHolder to BearerTokenAuthentication [Principal=net.xzh.resource.config.RbacAuthoritiesOpaqueTokenIntrospector$EnrichedPrincipal@6d9abe06, Credentials=[PROTECTED], Authenticated=true, Details=WebAuthenticationDetails [RemoteIpAddress=127.0.0.1, SessionId=null], Granted Authorities=[SCOPE_read, SCOPE_openid, SCOPE_profile, SCOPE_write, ROLE_ADMIN, app:portal, app:oa, app:erp, app:bi]]
2026-08-15T11:18:44.006+08:00 DEBUG 11532 --- [iam-resource-service] [nio-9010-exec-8] o.s.security.web.FilterChainProxy        : Secured GET /api/admin/roles
Creating a new SqlSession
SqlSession [org.apache.ibatis.session.defaults.DefaultSqlSession@5e113fdd] was not registered for synchronization because synchronization is not active
JDBC Connection [com.alibaba.druid.pool.DruidStatementConnection@d150ea1] will not be managed by Spring
==>  Preparing: SELECT id,code,name,remark,create_time,update_time FROM sys_role
==> Parameters: 
<==    Columns: id, code, name, remark, create_time, update_time
<==        Row: 1, ADMIN, 管理员, 拥有全部应用访问权限, 2026-08-13 09:57:52, 2026-08-15 00:06:16
<==        Row: 2, USER, 普通用户, 仅可访问门户与 OA, 2026-08-13 09:57:52, 2026-08-13 09:57:52
<==      Total: 2
Closing non transactional SqlSession [org.apache.ibatis.session.defaults.DefaultSqlSession@5e113fdd]
Creating a new SqlSession
SqlSession [org.apache.ibatis.session.defaults.DefaultSqlSession@14824ee4] was not registered for synchronization because synchronization is not active
JDBC Connection [com.alibaba.druid.pool.DruidStatementConnection@d150ea1] will not be managed by Spring
==>  Preparing: SELECT rp.permission_id FROM sys_role_permission rp WHERE rp.role_id = ?
==> Parameters: 1(Long)
<==    Columns: permission_id
<==        Row: 1
<==        Row: 2
<==        Row: 4
<==        Row: 5
<==      Total: 4
Closing non transactional SqlSession [org.apache.ibatis.session.defaults.DefaultSqlSession@14824ee4]
Creating a new SqlSession
SqlSession [org.apache.ibatis.session.defaults.DefaultSqlSession@7be8857c] was not registered for synchronization because synchronization is not active
JDBC Connection [com.alibaba.druid.pool.DruidStatementConnection@d150ea1] will not be managed by Spring
==>  Preparing: SELECT rp.permission_id FROM sys_role_permission rp WHERE rp.role_id = ?
==> Parameters: 2(Long)
<==    Columns: permission_id
<==        Row: 1
<==        Row: 2
<==      Total: 2
Closing non transactional SqlSession [org.apache.ibatis.session.defaults.DefaultSqlSession@7be8857c]
2026-08-15T11:18:46.719+08:00 DEBUG 11532 --- [iam-resource-service] [nio-9010-exec-9] o.s.security.web.FilterChainProxy        : Securing GET /api/admin/permissions
Creating a new SqlSession
SqlSession [org.apache.ibatis.session.defaults.DefaultSqlSession@70a3b361] was not registered for synchronization because synchronization is not active
JDBC Connection [com.alibaba.druid.pool.DruidStatementConnection@d150ea1] will not be managed by Spring
==>  Preparing: SELECT * FROM sys_user WHERE username = ? LIMIT 1
==> Parameters: admin(String)
<==    Columns: id, username, nickname, email, phone, avatar, identity_type, enabled, account_non_expired, account_non_locked, credentials_non_expired, create_time, update_time
<==        Row: 1, admin, 管理员, admin@example.com, null, null, 1, 1, 1, 1, 1, 2026-08-11 20:00:08, 2026-08-13 22:28:45
<==      Total: 1
Closing non transactional SqlSession [org.apache.ibatis.session.defaults.DefaultSqlSession@70a3b361]
Creating a new SqlSession
SqlSession [org.apache.ibatis.session.defaults.DefaultSqlSession@6ed6c712] was not registered for synchronization because synchronization is not active
JDBC Connection [com.alibaba.druid.pool.DruidStatementConnection@d150ea1] will not be managed by Spring
==>  Preparing: SELECT DISTINCT r.code FROM sys_role r JOIN sys_user_role ur ON ur.role_id = r.id JOIN sys_user u ON u.id = ur.user_id WHERE u.username = ?
==> Parameters: admin(String)
<==    Columns: code
<==        Row: ADMIN
<==      Total: 1
Closing non transactional SqlSession [org.apache.ibatis.session.defaults.DefaultSqlSession@6ed6c712]
Creating a new SqlSession
SqlSession [org.apache.ibatis.session.defaults.DefaultSqlSession@bc0720e] was not registered for synchronization because synchronization is not active
JDBC Connection [com.alibaba.druid.pool.DruidStatementConnection@d150ea1] will not be managed by Spring
==>  Preparing: SELECT DISTINCT p.code FROM sys_permission p JOIN sys_role_permission rp ON rp.permission_id = p.id JOIN sys_user_role ur ON ur.role_id = rp.role_id JOIN sys_user u ON u.id = ur.user_id WHERE u.username = ?
==> Parameters: admin(String)
<==    Columns: code
<==        Row: app:portal
<==        Row: app:oa
<==        Row: app:erp
<==        Row: app:bi
<==      Total: 4
Closing non transactional SqlSession [org.apache.ibatis.session.defaults.DefaultSqlSession@bc0720e]
Creating a new SqlSession
SqlSession [org.apache.ibatis.session.defaults.DefaultSqlSession@4b5c11a2] was not registered for synchronization because synchronization is not active
JDBC Connection [com.alibaba.druid.pool.DruidStatementConnection@d150ea1] will not be managed by Spring
==>  Preparing: SELECT DISTINCT r.code FROM sys_role r JOIN sys_user_role ur ON ur.role_id = r.id JOIN sys_user u ON u.id = ur.user_id WHERE u.username = ?
==> Parameters: admin(String)
<==    Columns: code
<==        Row: ADMIN
<==      Total: 1
Closing non transactional SqlSession [org.apache.ibatis.session.defaults.DefaultSqlSession@4b5c11a2]
2026-08-15T11:18:46.939+08:00 DEBUG 11532 --- [iam-resource-service] [nio-9010-exec-9] c.RbacAuthoritiesOpaqueTokenIntrospector : [Introspect] 用户令牌注入 RBAC authorities, sub=admin, roles=[ADMIN]
2026-08-15T11:18:46.940+08:00 DEBUG 11532 --- [iam-resource-service] [nio-9010-exec-9] .s.r.a.OpaqueTokenAuthenticationProvider : Authenticated token
2026-08-15T11:18:46.940+08:00 DEBUG 11532 --- [iam-resource-service] [nio-9010-exec-9] .s.r.w.a.BearerTokenAuthenticationFilter : Set SecurityContextHolder to BearerTokenAuthentication [Principal=net.xzh.resource.config.RbacAuthoritiesOpaqueTokenIntrospector$EnrichedPrincipal@a306ac3, Credentials=[PROTECTED], Authenticated=true, Details=WebAuthenticationDetails [RemoteIpAddress=127.0.0.1, SessionId=null], Granted Authorities=[SCOPE_read, SCOPE_openid, SCOPE_profile, SCOPE_write, ROLE_ADMIN, app:portal, app:oa, app:erp, app:bi]]
2026-08-15T11:18:46.941+08:00 DEBUG 11532 --- [iam-resource-service] [nio-9010-exec-9] o.s.security.web.FilterChainProxy        : Secured GET /api/admin/permissions
Creating a new SqlSession
SqlSession [org.apache.ibatis.session.defaults.DefaultSqlSession@4c483fe5] was not registered for synchronization because synchronization is not active
JDBC Connection [com.alibaba.druid.pool.DruidStatementConnection@d150ea1] will not be managed by Spring
==>  Preparing: SELECT id,code,name,type,remark,create_time FROM sys_permission ORDER BY id ASC
==> Parameters: 
<==    Columns: id, code, name, type, remark, create_time
<==        Row: 1, app:portal, 门户应用, app, 统一工作台门户, 2026-08-13 09:57:52
<==        Row: 2, app:oa, OA 办公系统, app, 办公自动化, 2026-08-13 09:57:52
<==        Row: 3, app:crm, CRM 客户管理, app, 客户关系管理, 2026-08-13 09:57:52
<==        Row: 4, app:erp, ERP 企业资源, app, 企业资源计划, 2026-08-13 09:57:52
<==        Row: 5, app:bi, BI 数据分析, app, 商业智能分析, 2026-08-13 09:57:52
<==      Total: 5
Closing non transactional SqlSession [org.apache.ibatis.session.defaults.DefaultSqlSession@4c483fe5]
2026-08-15T11:19:23.822+08:00 DEBUG 11532 --- [iam-resource-service] [io-9010-exec-10] o.s.security.web.FilterChainProxy        : Securing GET /api/admin/permissions
Creating a new SqlSession
SqlSession [org.apache.ibatis.session.defaults.DefaultSqlSession@27504f8e] was not registered for synchronization because synchronization is not active
JDBC Connection [com.alibaba.druid.pool.DruidStatementConnection@d150ea1] will not be managed by Spring
==>  Preparing: SELECT * FROM sys_user WHERE username = ? LIMIT 1
==> Parameters: admin(String)
<==    Columns: id, username, nickname, email, phone, avatar, identity_type, enabled, account_non_expired, account_non_locked, credentials_non_expired, create_time, update_time
<==        Row: 1, admin, 管理员, admin@example.com, null, null, 1, 1, 1, 1, 1, 2026-08-11 20:00:08, 2026-08-13 22:28:45
<==      Total: 1
Closing non transactional SqlSession [org.apache.ibatis.session.defaults.DefaultSqlSession@27504f8e]
Creating a new SqlSession
SqlSession [org.apache.ibatis.session.defaults.DefaultSqlSession@63b7b463] was not registered for synchronization because synchronization is not active
JDBC Connection [com.alibaba.druid.pool.DruidStatementConnection@d150ea1] will not be managed by Spring
==>  Preparing: SELECT DISTINCT r.code FROM sys_role r JOIN sys_user_role ur ON ur.role_id = r.id JOIN sys_user u ON u.id = ur.user_id WHERE u.username = ?
==> Parameters: admin(String)
<==    Columns: code
<==        Row: ADMIN
<==      Total: 1
Closing non transactional SqlSession [org.apache.ibatis.session.defaults.DefaultSqlSession@63b7b463]
Creating a new SqlSession
SqlSession [org.apache.ibatis.session.defaults.DefaultSqlSession@4128fcce] was not registered for synchronization because synchronization is not active
JDBC Connection [com.alibaba.druid.pool.DruidStatementConnection@d150ea1] will not be managed by Spring
==>  Preparing: SELECT DISTINCT p.code FROM sys_permission p JOIN sys_role_permission rp ON rp.permission_id = p.id JOIN sys_user_role ur ON ur.role_id = rp.role_id JOIN sys_user u ON u.id = ur.user_id WHERE u.username = ?
==> Parameters: admin(String)
<==    Columns: code
<==        Row: app:portal
<==        Row: app:oa
<==        Row: app:erp
<==        Row: app:bi
<==      Total: 4
Closing non transactional SqlSession [org.apache.ibatis.session.defaults.DefaultSqlSession@4128fcce]
Creating a new SqlSession
SqlSession [org.apache.ibatis.session.defaults.DefaultSqlSession@1117e093] was not registered for synchronization because synchronization is not active
JDBC Connection [com.alibaba.druid.pool.DruidStatementConnection@d150ea1] will not be managed by Spring
==>  Preparing: SELECT DISTINCT r.code FROM sys_role r JOIN sys_user_role ur ON ur.role_id = r.id JOIN sys_user u ON u.id = ur.user_id WHERE u.username = ?
==> Parameters: admin(String)
<==    Columns: code
<==        Row: ADMIN
<==      Total: 1
Closing non transactional SqlSession [org.apache.ibatis.session.defaults.DefaultSqlSession@1117e093]
2026-08-15T11:19:24.037+08:00 DEBUG 11532 --- [iam-resource-service] [io-9010-exec-10] c.RbacAuthoritiesOpaqueTokenIntrospector : [Introspect] 用户令牌注入 RBAC authorities, sub=admin, roles=[ADMIN]
2026-08-15T11:19:24.038+08:00 DEBUG 11532 --- [iam-resource-service] [io-9010-exec-10] .s.r.a.OpaqueTokenAuthenticationProvider : Authenticated token
2026-08-15T11:19:24.038+08:00 DEBUG 11532 --- [iam-resource-service] [io-9010-exec-10] .s.r.w.a.BearerTokenAuthenticationFilter : Set SecurityContextHolder to BearerTokenAuthentication [Principal=net.xzh.resource.config.RbacAuthoritiesOpaqueTokenIntrospector$EnrichedPrincipal@7c8aaafb, Credentials=[PROTECTED], Authenticated=true, Details=WebAuthenticationDetails [RemoteIpAddress=127.0.0.1, SessionId=null], Granted Authorities=[SCOPE_read, SCOPE_openid, SCOPE_profile, SCOPE_write, ROLE_ADMIN, app:portal, app:oa, app:erp, app:bi]]
2026-08-15T11:19:24.039+08:00 DEBUG 11532 --- [iam-resource-service] [io-9010-exec-10] o.s.security.web.FilterChainProxy        : Secured GET /api/admin/permissions
Creating a new SqlSession
SqlSession [org.apache.ibatis.session.defaults.DefaultSqlSession@597f9ca4] was not registered for synchronization because synchronization is not active
JDBC Connection [com.alibaba.druid.pool.DruidStatementConnection@d150ea1] will not be managed by Spring
==>  Preparing: SELECT id,code,name,type,remark,create_time FROM sys_permission ORDER BY id ASC
==> Parameters: 
<==    Columns: id, code, name, type, remark, create_time
<==        Row: 1, app:portal, 门户应用, app, 统一工作台门户, 2026-08-13 09:57:52
<==        Row: 2, app:oa, OA 办公系统, app, 办公自动化, 2026-08-13 09:57:52
<==        Row: 3, app:crm, CRM 客户管理, app, 客户关系管理, 2026-08-13 09:57:52
<==        Row: 4, app:erp, ERP 企业资源, app, 企业资源计划, 2026-08-13 09:57:52
<==        Row: 5, app:bi, BI 数据分析, app, 商业智能分析, 2026-08-13 09:57:52
<==      Total: 5
Closing non transactional SqlSession [org.apache.ibatis.session.defaults.DefaultSqlSession@597f9ca4]
2026-08-15T11:25:07.666+08:00 DEBUG 11532 --- [iam-resource-service] [nio-9010-exec-2] o.s.security.web.FilterChainProxy        : Securing GET /api/admin/roles
Creating a new SqlSession
SqlSession [org.apache.ibatis.session.defaults.DefaultSqlSession@11692983] was not registered for synchronization because synchronization is not active
JDBC Connection [com.alibaba.druid.pool.DruidStatementConnection@d150ea1] will not be managed by Spring
==>  Preparing: SELECT * FROM sys_user WHERE username = ? LIMIT 1
==> Parameters: admin(String)
<==    Columns: id, username, nickname, email, phone, avatar, identity_type, enabled, account_non_expired, account_non_locked, credentials_non_expired, create_time, update_time
<==        Row: 1, admin, 管理员, admin@example.com, null, null, 1, 1, 1, 1, 1, 2026-08-11 20:00:08, 2026-08-13 22:28:45
<==      Total: 1
Closing non transactional SqlSession [org.apache.ibatis.session.defaults.DefaultSqlSession@11692983]
Creating a new SqlSession
SqlSession [org.apache.ibatis.session.defaults.DefaultSqlSession@70c1d487] was not registered for synchronization because synchronization is not active
JDBC Connection [com.alibaba.druid.pool.DruidStatementConnection@d150ea1] will not be managed by Spring
==>  Preparing: SELECT DISTINCT r.code FROM sys_role r JOIN sys_user_role ur ON ur.role_id = r.id JOIN sys_user u ON u.id = ur.user_id WHERE u.username = ?
==> Parameters: admin(String)
<==    Columns: code
<==        Row: ADMIN
<==      Total: 1
Closing non transactional SqlSession [org.apache.ibatis.session.defaults.DefaultSqlSession@70c1d487]
Creating a new SqlSession
SqlSession [org.apache.ibatis.session.defaults.DefaultSqlSession@2983d09c] was not registered for synchronization because synchronization is not active
JDBC Connection [com.alibaba.druid.pool.DruidStatementConnection@d150ea1] will not be managed by Spring
==>  Preparing: SELECT DISTINCT p.code FROM sys_permission p JOIN sys_role_permission rp ON rp.permission_id = p.id JOIN sys_user_role ur ON ur.role_id = rp.role_id JOIN sys_user u ON u.id = ur.user_id WHERE u.username = ?
==> Parameters: admin(String)
<==    Columns: code
<==        Row: app:portal
<==        Row: app:oa
<==        Row: app:erp
<==        Row: app:bi
<==      Total: 4
Closing non transactional SqlSession [org.apache.ibatis.session.defaults.DefaultSqlSession@2983d09c]
Creating a new SqlSession
SqlSession [org.apache.ibatis.session.defaults.DefaultSqlSession@67c86573] was not registered for synchronization because synchronization is not active
JDBC Connection [com.alibaba.druid.pool.DruidStatementConnection@d150ea1] will not be managed by Spring
==>  Preparing: SELECT DISTINCT r.code FROM sys_role r JOIN sys_user_role ur ON ur.role_id = r.id JOIN sys_user u ON u.id = ur.user_id WHERE u.username = ?
==> Parameters: admin(String)
<==    Columns: code
<==        Row: ADMIN
<==      Total: 1
Closing non transactional SqlSession [org.apache.ibatis.session.defaults.DefaultSqlSession@67c86573]
2026-08-15T11:25:07.843+08:00 DEBUG 11532 --- [iam-resource-service] [nio-9010-exec-2] c.RbacAuthoritiesOpaqueTokenIntrospector : [Introspect] 用户令牌注入 RBAC authorities, sub=admin, roles=[ADMIN]
2026-08-15T11:25:07.843+08:00 DEBUG 11532 --- [iam-resource-service] [nio-9010-exec-2] .s.r.a.OpaqueTokenAuthenticationProvider : Authenticated token
2026-08-15T11:25:07.844+08:00 DEBUG 11532 --- [iam-resource-service] [nio-9010-exec-2] .s.r.w.a.BearerTokenAuthenticationFilter : Set SecurityContextHolder to BearerTokenAuthentication [Principal=net.xzh.resource.config.RbacAuthoritiesOpaqueTokenIntrospector$EnrichedPrincipal@1e7ba084, Credentials=[PROTECTED], Authenticated=true, Details=WebAuthenticationDetails [RemoteIpAddress=127.0.0.1, SessionId=null], Granted Authorities=[SCOPE_read, SCOPE_openid, SCOPE_profile, SCOPE_write, ROLE_ADMIN, app:portal, app:oa, app:erp, app:bi]]
2026-08-15T11:25:07.844+08:00 DEBUG 11532 --- [iam-resource-service] [nio-9010-exec-2] o.s.security.web.FilterChainProxy        : Secured GET /api/admin/roles
Creating a new SqlSession
SqlSession [org.apache.ibatis.session.defaults.DefaultSqlSession@18d7f606] was not registered for synchronization because synchronization is not active
JDBC Connection [com.alibaba.druid.pool.DruidStatementConnection@d150ea1] will not be managed by Spring
==>  Preparing: SELECT id,code,name,remark,create_time,update_time FROM sys_role
==> Parameters: 
<==    Columns: id, code, name, remark, create_time, update_time
<==        Row: 1, ADMIN, 管理员, 拥有全部应用访问权限, 2026-08-13 09:57:52, 2026-08-15 00:06:16
<==        Row: 2, USER, 普通用户, 仅可访问门户与 OA, 2026-08-13 09:57:52, 2026-08-13 09:57:52
<==      Total: 2
Closing non transactional SqlSession [org.apache.ibatis.session.defaults.DefaultSqlSession@18d7f606]
Creating a new SqlSession
SqlSession [org.apache.ibatis.session.defaults.DefaultSqlSession@49be2d1b] was not registered for synchronization because synchronization is not active
JDBC Connection [com.alibaba.druid.pool.DruidStatementConnection@d150ea1] will not be managed by Spring
==>  Preparing: SELECT rp.permission_id FROM sys_role_permission rp WHERE rp.role_id = ?
==> Parameters: 1(Long)
<==    Columns: permission_id
<==        Row: 1
<==        Row: 2
<==        Row: 4
<==        Row: 5
<==      Total: 4
Closing non transactional SqlSession [org.apache.ibatis.session.defaults.DefaultSqlSession@49be2d1b]
Creating a new SqlSession
SqlSession [org.apache.ibatis.session.defaults.DefaultSqlSession@2d426ba8] was not registered for synchronization because synchronization is not active
JDBC Connection [com.alibaba.druid.pool.DruidStatementConnection@d150ea1] will not be managed by Spring
==>  Preparing: SELECT rp.permission_id FROM sys_role_permission rp WHERE rp.role_id = ?
==> Parameters: 2(Long)
<==    Columns: permission_id
<==        Row: 1
<==        Row: 2
<==      Total: 2
Closing non transactional SqlSession [org.apache.ibatis.session.defaults.DefaultSqlSession@2d426ba8]
2026-08-15T11:25:09.044+08:00 DEBUG 11532 --- [iam-resource-service] [nio-9010-exec-3] o.s.security.web.FilterChainProxy        : Securing GET /api/admin/roles
Creating a new SqlSession
SqlSession [org.apache.ibatis.session.defaults.DefaultSqlSession@3c201c40] was not registered for synchronization because synchronization is not active
JDBC Connection [com.alibaba.druid.pool.DruidStatementConnection@d150ea1] will not be managed by Spring
==>  Preparing: SELECT * FROM sys_user WHERE username = ? LIMIT 1
==> Parameters: admin(String)
<==    Columns: id, username, nickname, email, phone, avatar, identity_type, enabled, account_non_expired, account_non_locked, credentials_non_expired, create_time, update_time
<==        Row: 1, admin, 管理员, admin@example.com, null, null, 1, 1, 1, 1, 1, 2026-08-11 20:00:08, 2026-08-13 22:28:45
<==      Total: 1
Closing non transactional SqlSession [org.apache.ibatis.session.defaults.DefaultSqlSession@3c201c40]
Creating a new SqlSession
SqlSession [org.apache.ibatis.session.defaults.DefaultSqlSession@34883f2b] was not registered for synchronization because synchronization is not active
JDBC Connection [com.alibaba.druid.pool.DruidStatementConnection@d150ea1] will not be managed by Spring
==>  Preparing: SELECT DISTINCT r.code FROM sys_role r JOIN sys_user_role ur ON ur.role_id = r.id JOIN sys_user u ON u.id = ur.user_id WHERE u.username = ?
==> Parameters: admin(String)
<==    Columns: code
<==        Row: ADMIN
<==      Total: 1
Closing non transactional SqlSession [org.apache.ibatis.session.defaults.DefaultSqlSession@34883f2b]
Creating a new SqlSession
SqlSession [org.apache.ibatis.session.defaults.DefaultSqlSession@6bf59673] was not registered for synchronization because synchronization is not active
JDBC Connection [com.alibaba.druid.pool.DruidStatementConnection@d150ea1] will not be managed by Spring
==>  Preparing: SELECT DISTINCT p.code FROM sys_permission p JOIN sys_role_permission rp ON rp.permission_id = p.id JOIN sys_user_role ur ON ur.role_id = rp.role_id JOIN sys_user u ON u.id = ur.user_id WHERE u.username = ?
==> Parameters: admin(String)
<==    Columns: code
<==        Row: app:portal
<==        Row: app:oa
<==        Row: app:erp
<==        Row: app:bi
<==      Total: 4
Closing non transactional SqlSession [org.apache.ibatis.session.defaults.DefaultSqlSession@6bf59673]
Creating a new SqlSession
SqlSession [org.apache.ibatis.session.defaults.DefaultSqlSession@7b477693] was not registered for synchronization because synchronization is not active
JDBC Connection [com.alibaba.druid.pool.DruidStatementConnection@d150ea1] will not be managed by Spring
==>  Preparing: SELECT DISTINCT r.code FROM sys_role r JOIN sys_user_role ur ON ur.role_id = r.id JOIN sys_user u ON u.id = ur.user_id WHERE u.username = ?
==> Parameters: admin(String)
<==    Columns: code
<==        Row: ADMIN
<==      Total: 1
Closing non transactional SqlSession [org.apache.ibatis.session.defaults.DefaultSqlSession@7b477693]
2026-08-15T11:25:09.259+08:00 DEBUG 11532 --- [iam-resource-service] [nio-9010-exec-3] c.RbacAuthoritiesOpaqueTokenIntrospector : [Introspect] 用户令牌注入 RBAC authorities, sub=admin, roles=[ADMIN]
2026-08-15T11:25:09.260+08:00 DEBUG 11532 --- [iam-resource-service] [nio-9010-exec-3] .s.r.a.OpaqueTokenAuthenticationProvider : Authenticated token
2026-08-15T11:25:09.261+08:00 DEBUG 11532 --- [iam-resource-service] [nio-9010-exec-3] .s.r.w.a.BearerTokenAuthenticationFilter : Set SecurityContextHolder to BearerTokenAuthentication [Principal=net.xzh.resource.config.RbacAuthoritiesOpaqueTokenIntrospector$EnrichedPrincipal@31d61030, Credentials=[PROTECTED], Authenticated=true, Details=WebAuthenticationDetails [RemoteIpAddress=127.0.0.1, SessionId=null], Granted Authorities=[SCOPE_read, SCOPE_openid, SCOPE_profile, SCOPE_write, ROLE_ADMIN, app:portal, app:oa, app:erp, app:bi]]
2026-08-15T11:25:09.262+08:00 DEBUG 11532 --- [iam-resource-service] [nio-9010-exec-3] o.s.security.web.FilterChainProxy        : Secured GET /api/admin/roles
Creating a new SqlSession
SqlSession [org.apache.ibatis.session.defaults.DefaultSqlSession@24081444] was not registered for synchronization because synchronization is not active
JDBC Connection [com.alibaba.druid.pool.DruidStatementConnection@d150ea1] will not be managed by Spring
==>  Preparing: SELECT id,code,name,remark,create_time,update_time FROM sys_role
==> Parameters: 
<==    Columns: id, code, name, remark, create_time, update_time
<==        Row: 1, ADMIN, 管理员, 拥有全部应用访问权限, 2026-08-13 09:57:52, 2026-08-15 00:06:16
<==        Row: 2, USER, 普通用户, 仅可访问门户与 OA, 2026-08-13 09:57:52, 2026-08-13 09:57:52
<==      Total: 2
Closing non transactional SqlSession [org.apache.ibatis.session.defaults.DefaultSqlSession@24081444]
Creating a new SqlSession
SqlSession [org.apache.ibatis.session.defaults.DefaultSqlSession@28148c56] was not registered for synchronization because synchronization is not active
JDBC Connection [com.alibaba.druid.pool.DruidStatementConnection@d150ea1] will not be managed by Spring
==>  Preparing: SELECT rp.permission_id FROM sys_role_permission rp WHERE rp.role_id = ?
==> Parameters: 1(Long)
<==    Columns: permission_id
<==        Row: 1
<==        Row: 2
<==        Row: 4
<==        Row: 5
<==      Total: 4
Closing non transactional SqlSession [org.apache.ibatis.session.defaults.DefaultSqlSession@28148c56]
Creating a new SqlSession
SqlSession [org.apache.ibatis.session.defaults.DefaultSqlSession@4d8cc5bc] was not registered for synchronization because synchronization is not active
JDBC Connection [com.alibaba.druid.pool.DruidStatementConnection@d150ea1] will not be managed by Spring
==>  Preparing: SELECT rp.permission_id FROM sys_role_permission rp WHERE rp.role_id = ?
==> Parameters: 2(Long)
<==    Columns: permission_id
<==        Row: 1
<==        Row: 2
<==      Total: 2
Closing non transactional SqlSession [org.apache.ibatis.session.defaults.DefaultSqlSession@4d8cc5bc]
2026-08-15T11:25:09.637+08:00 DEBUG 11532 --- [iam-resource-service] [nio-9010-exec-5] o.s.security.web.FilterChainProxy        : Securing GET /api/admin/permissions
Creating a new SqlSession
SqlSession [org.apache.ibatis.session.defaults.DefaultSqlSession@24e52c87] was not registered for synchronization because synchronization is not active
JDBC Connection [com.alibaba.druid.pool.DruidStatementConnection@d150ea1] will not be managed by Spring
==>  Preparing: SELECT * FROM sys_user WHERE username = ? LIMIT 1
==> Parameters: admin(String)
<==    Columns: id, username, nickname, email, phone, avatar, identity_type, enabled, account_non_expired, account_non_locked, credentials_non_expired, create_time, update_time
<==        Row: 1, admin, 管理员, admin@example.com, null, null, 1, 1, 1, 1, 1, 2026-08-11 20:00:08, 2026-08-13 22:28:45
<==      Total: 1
Closing non transactional SqlSession [org.apache.ibatis.session.defaults.DefaultSqlSession@24e52c87]
Creating a new SqlSession
SqlSession [org.apache.ibatis.session.defaults.DefaultSqlSession@444bfbfb] was not registered for synchronization because synchronization is not active
JDBC Connection [com.alibaba.druid.pool.DruidStatementConnection@d150ea1] will not be managed by Spring
==>  Preparing: SELECT DISTINCT r.code FROM sys_role r JOIN sys_user_role ur ON ur.role_id = r.id JOIN sys_user u ON u.id = ur.user_id WHERE u.username = ?
==> Parameters: admin(String)
<==    Columns: code
<==        Row: ADMIN
<==      Total: 1
Closing non transactional SqlSession [org.apache.ibatis.session.defaults.DefaultSqlSession@444bfbfb]
Creating a new SqlSession
SqlSession [org.apache.ibatis.session.defaults.DefaultSqlSession@a96852c] was not registered for synchronization because synchronization is not active
JDBC Connection [com.alibaba.druid.pool.DruidStatementConnection@d150ea1] will not be managed by Spring
==>  Preparing: SELECT DISTINCT p.code FROM sys_permission p JOIN sys_role_permission rp ON rp.permission_id = p.id JOIN sys_user_role ur ON ur.role_id = rp.role_id JOIN sys_user u ON u.id = ur.user_id WHERE u.username = ?
==> Parameters: admin(String)
<==    Columns: code
<==        Row: app:portal
<==        Row: app:oa
<==        Row: app:erp
<==        Row: app:bi
<==      Total: 4
Closing non transactional SqlSession [org.apache.ibatis.session.defaults.DefaultSqlSession@a96852c]
Creating a new SqlSession
SqlSession [org.apache.ibatis.session.defaults.DefaultSqlSession@22441678] was not registered for synchronization because synchronization is not active
JDBC Connection [com.alibaba.druid.pool.DruidStatementConnection@d150ea1] will not be managed by Spring
==>  Preparing: SELECT DISTINCT r.code FROM sys_role r JOIN sys_user_role ur ON ur.role_id = r.id JOIN sys_user u ON u.id = ur.user_id WHERE u.username = ?
==> Parameters: admin(String)
<==    Columns: code
<==        Row: ADMIN
<==      Total: 1
Closing non transactional SqlSession [org.apache.ibatis.session.defaults.DefaultSqlSession@22441678]
2026-08-15T11:25:09.845+08:00 DEBUG 11532 --- [iam-resource-service] [nio-9010-exec-5] c.RbacAuthoritiesOpaqueTokenIntrospector : [Introspect] 用户令牌注入 RBAC authorities, sub=admin, roles=[ADMIN]
2026-08-15T11:25:09.846+08:00 DEBUG 11532 --- [iam-resource-service] [nio-9010-exec-5] .s.r.a.OpaqueTokenAuthenticationProvider : Authenticated token
2026-08-15T11:25:09.846+08:00 DEBUG 11532 --- [iam-resource-service] [nio-9010-exec-5] .s.r.w.a.BearerTokenAuthenticationFilter : Set SecurityContextHolder to BearerTokenAuthentication [Principal=net.xzh.resource.config.RbacAuthoritiesOpaqueTokenIntrospector$EnrichedPrincipal@4b8abe64, Credentials=[PROTECTED], Authenticated=true, Details=WebAuthenticationDetails [RemoteIpAddress=127.0.0.1, SessionId=null], Granted Authorities=[SCOPE_read, SCOPE_openid, SCOPE_profile, SCOPE_write, ROLE_ADMIN, app:portal, app:oa, app:erp, app:bi]]
2026-08-15T11:25:09.847+08:00 DEBUG 11532 --- [iam-resource-service] [nio-9010-exec-5] o.s.security.web.FilterChainProxy        : Secured GET /api/admin/permissions
Creating a new SqlSession
SqlSession [org.apache.ibatis.session.defaults.DefaultSqlSession@2f91a662] was not registered for synchronization because synchronization is not active
JDBC Connection [com.alibaba.druid.pool.DruidStatementConnection@d150ea1] will not be managed by Spring
==>  Preparing: SELECT id,code,name,type,remark,create_time FROM sys_permission ORDER BY id ASC
==> Parameters: 
<==    Columns: id, code, name, type, remark, create_time
<==        Row: 1, app:portal, 门户应用, app, 统一工作台门户, 2026-08-13 09:57:52
<==        Row: 2, app:oa, OA 办公系统, app, 办公自动化, 2026-08-13 09:57:52
<==        Row: 3, app:crm, CRM 客户管理, app, 客户关系管理, 2026-08-13 09:57:52
<==        Row: 4, app:erp, ERP 企业资源, app, 企业资源计划, 2026-08-13 09:57:52
<==        Row: 5, app:bi, BI 数据分析, app, 商业智能分析, 2026-08-13 09:57:52
<==      Total: 5
Closing non transactional SqlSession [org.apache.ibatis.session.defaults.DefaultSqlSession@2f91a662]
2026-08-15T11:25:20.277+08:00 DEBUG 11532 --- [iam-resource-service] [nio-9010-exec-4] o.s.security.web.FilterChainProxy        : Securing GET /api/admin/roles
Creating a new SqlSession
SqlSession [org.apache.ibatis.session.defaults.DefaultSqlSession@1919915e] was not registered for synchronization because synchronization is not active
JDBC Connection [com.alibaba.druid.pool.DruidStatementConnection@d150ea1] will not be managed by Spring
==>  Preparing: SELECT * FROM sys_user WHERE username = ? LIMIT 1
==> Parameters: admin(String)
<==    Columns: id, username, nickname, email, phone, avatar, identity_type, enabled, account_non_expired, account_non_locked, credentials_non_expired, create_time, update_time
<==        Row: 1, admin, 管理员, admin@example.com, null, null, 1, 1, 1, 1, 1, 2026-08-11 20:00:08, 2026-08-13 22:28:45
<==      Total: 1
Closing non transactional SqlSession [org.apache.ibatis.session.defaults.DefaultSqlSession@1919915e]
Creating a new SqlSession
SqlSession [org.apache.ibatis.session.defaults.DefaultSqlSession@2cb4daf] was not registered for synchronization because synchronization is not active
JDBC Connection [com.alibaba.druid.pool.DruidStatementConnection@d150ea1] will not be managed by Spring
==>  Preparing: SELECT DISTINCT r.code FROM sys_role r JOIN sys_user_role ur ON ur.role_id = r.id JOIN sys_user u ON u.id = ur.user_id WHERE u.username = ?
==> Parameters: admin(String)
<==    Columns: code
<==        Row: ADMIN
<==      Total: 1
Closing non transactional SqlSession [org.apache.ibatis.session.defaults.DefaultSqlSession@2cb4daf]
Creating a new SqlSession
SqlSession [org.apache.ibatis.session.defaults.DefaultSqlSession@6aa3d6d3] was not registered for synchronization because synchronization is not active
JDBC Connection [com.alibaba.druid.pool.DruidStatementConnection@d150ea1] will not be managed by Spring
==>  Preparing: SELECT DISTINCT p.code FROM sys_permission p JOIN sys_role_permission rp ON rp.permission_id = p.id JOIN sys_user_role ur ON ur.role_id = rp.role_id JOIN sys_user u ON u.id = ur.user_id WHERE u.username = ?
==> Parameters: admin(String)
<==    Columns: code
<==        Row: app:portal
<==        Row: app:oa
<==        Row: app:erp
<==        Row: app:bi
<==      Total: 4
Closing non transactional SqlSession [org.apache.ibatis.session.defaults.DefaultSqlSession@6aa3d6d3]
Creating a new SqlSession
SqlSession [org.apache.ibatis.session.defaults.DefaultSqlSession@3e17b6ea] was not registered for synchronization because synchronization is not active
JDBC Connection [com.alibaba.druid.pool.DruidStatementConnection@d150ea1] will not be managed by Spring
==>  Preparing: SELECT DISTINCT r.code FROM sys_role r JOIN sys_user_role ur ON ur.role_id = r.id JOIN sys_user u ON u.id = ur.user_id WHERE u.username = ?
==> Parameters: admin(String)
<==    Columns: code
<==        Row: ADMIN
<==      Total: 1
Closing non transactional SqlSession [org.apache.ibatis.session.defaults.DefaultSqlSession@3e17b6ea]
2026-08-15T11:25:20.449+08:00 DEBUG 11532 --- [iam-resource-service] [nio-9010-exec-4] c.RbacAuthoritiesOpaqueTokenIntrospector : [Introspect] 用户令牌注入 RBAC authorities, sub=admin, roles=[ADMIN]
2026-08-15T11:25:20.450+08:00 DEBUG 11532 --- [iam-resource-service] [nio-9010-exec-4] .s.r.a.OpaqueTokenAuthenticationProvider : Authenticated token
2026-08-15T11:25:20.450+08:00 DEBUG 11532 --- [iam-resource-service] [nio-9010-exec-4] .s.r.w.a.BearerTokenAuthenticationFilter : Set SecurityContextHolder to BearerTokenAuthentication [Principal=net.xzh.resource.config.RbacAuthoritiesOpaqueTokenIntrospector$EnrichedPrincipal@5c1db199, Credentials=[PROTECTED], Authenticated=true, Details=WebAuthenticationDetails [RemoteIpAddress=127.0.0.1, SessionId=null], Granted Authorities=[SCOPE_read, SCOPE_openid, SCOPE_profile, SCOPE_write, ROLE_ADMIN, app:portal, app:oa, app:erp, app:bi]]
2026-08-15T11:25:20.451+08:00 DEBUG 11532 --- [iam-resource-service] [nio-9010-exec-4] o.s.security.web.FilterChainProxy        : Secured GET /api/admin/roles
Creating a new SqlSession
SqlSession [org.apache.ibatis.session.defaults.DefaultSqlSession@4bf6c66f] was not registered for synchronization because synchronization is not active
JDBC Connection [com.alibaba.druid.pool.DruidStatementConnection@d150ea1] will not be managed by Spring
==>  Preparing: SELECT id,code,name,remark,create_time,update_time FROM sys_role
==> Parameters: 
<==    Columns: id, code, name, remark, create_time, update_time
<==        Row: 1, ADMIN, 管理员, 拥有全部应用访问权限, 2026-08-13 09:57:52, 2026-08-15 00:06:16
<==        Row: 2, USER, 普通用户, 仅可访问门户与 OA, 2026-08-13 09:57:52, 2026-08-13 09:57:52
<==      Total: 2
Closing non transactional SqlSession [org.apache.ibatis.session.defaults.DefaultSqlSession@4bf6c66f]
Creating a new SqlSession
SqlSession [org.apache.ibatis.session.defaults.DefaultSqlSession@59429632] was not registered for synchronization because synchronization is not active
JDBC Connection [com.alibaba.druid.pool.DruidStatementConnection@d150ea1] will not be managed by Spring
==>  Preparing: SELECT rp.permission_id FROM sys_role_permission rp WHERE rp.role_id = ?
==> Parameters: 1(Long)
<==    Columns: permission_id
<==        Row: 1
<==        Row: 2
<==        Row: 4
<==        Row: 5
<==      Total: 4
Closing non transactional SqlSession [org.apache.ibatis.session.defaults.DefaultSqlSession@59429632]
Creating a new SqlSession
SqlSession [org.apache.ibatis.session.defaults.DefaultSqlSession@5cf1bc72] was not registered for synchronization because synchronization is not active
JDBC Connection [com.alibaba.druid.pool.DruidStatementConnection@d150ea1] will not be managed by Spring
==>  Preparing: SELECT rp.permission_id FROM sys_role_permission rp WHERE rp.role_id = ?
==> Parameters: 2(Long)
<==    Columns: permission_id
<==        Row: 1
<==        Row: 2
<==      Total: 2
Closing non transactional SqlSession [org.apache.ibatis.session.defaults.DefaultSqlSession@5cf1bc72]
2026-08-15T11:26:39.244+08:00 DEBUG 11532 --- [iam-resource-service] [nio-9010-exec-7] o.s.security.web.FilterChainProxy        : Securing GET /api/admin/roles
Creating a new SqlSession
SqlSession [org.apache.ibatis.session.defaults.DefaultSqlSession@6fafb32b] was not registered for synchronization because synchronization is not active
JDBC Connection [com.alibaba.druid.pool.DruidStatementConnection@d150ea1] will not be managed by Spring
==>  Preparing: SELECT * FROM sys_user WHERE username = ? LIMIT 1
==> Parameters: admin(String)
<==    Columns: id, username, nickname, email, phone, avatar, identity_type, enabled, account_non_expired, account_non_locked, credentials_non_expired, create_time, update_time
<==        Row: 1, admin, 管理员, admin@example.com, null, null, 1, 1, 1, 1, 1, 2026-08-11 20:00:08, 2026-08-13 22:28:45
<==      Total: 1
Closing non transactional SqlSession [org.apache.ibatis.session.defaults.DefaultSqlSession@6fafb32b]
Creating a new SqlSession
SqlSession [org.apache.ibatis.session.defaults.DefaultSqlSession@29b9efde] was not registered for synchronization because synchronization is not active
JDBC Connection [com.alibaba.druid.pool.DruidStatementConnection@d150ea1] will not be managed by Spring
==>  Preparing: SELECT DISTINCT r.code FROM sys_role r JOIN sys_user_role ur ON ur.role_id = r.id JOIN sys_user u ON u.id = ur.user_id WHERE u.username = ?
==> Parameters: admin(String)
<==    Columns: code
<==        Row: ADMIN
<==      Total: 1
Closing non transactional SqlSession [org.apache.ibatis.session.defaults.DefaultSqlSession@29b9efde]
Creating a new SqlSession
SqlSession [org.apache.ibatis.session.defaults.DefaultSqlSession@566f6cfb] was not registered for synchronization because synchronization is not active
JDBC Connection [com.alibaba.druid.pool.DruidStatementConnection@d150ea1] will not be managed by Spring
==>  Preparing: SELECT DISTINCT p.code FROM sys_permission p JOIN sys_role_permission rp ON rp.permission_id = p.id JOIN sys_user_role ur ON ur.role_id = rp.role_id JOIN sys_user u ON u.id = ur.user_id WHERE u.username = ?
==> Parameters: admin(String)
<==    Columns: code
<==        Row: app:portal
<==        Row: app:oa
<==        Row: app:erp
<==        Row: app:bi
<==      Total: 4
Closing non transactional SqlSession [org.apache.ibatis.session.defaults.DefaultSqlSession@566f6cfb]
Creating a new SqlSession
SqlSession [org.apache.ibatis.session.defaults.DefaultSqlSession@74844862] was not registered for synchronization because synchronization is not active
JDBC Connection [com.alibaba.druid.pool.DruidStatementConnection@d150ea1] will not be managed by Spring
==>  Preparing: SELECT DISTINCT r.code FROM sys_role r JOIN sys_user_role ur ON ur.role_id = r.id JOIN sys_user u ON u.id = ur.user_id WHERE u.username = ?
==> Parameters: admin(String)
<==    Columns: code
<==        Row: ADMIN
<==      Total: 1
Closing non transactional SqlSession [org.apache.ibatis.session.defaults.DefaultSqlSession@74844862]
2026-08-15T11:26:39.470+08:00 DEBUG 11532 --- [iam-resource-service] [nio-9010-exec-7] c.RbacAuthoritiesOpaqueTokenIntrospector : [Introspect] 用户令牌注入 RBAC authorities, sub=admin, roles=[ADMIN]
2026-08-15T11:26:39.470+08:00 DEBUG 11532 --- [iam-resource-service] [nio-9010-exec-7] .s.r.a.OpaqueTokenAuthenticationProvider : Authenticated token
2026-08-15T11:26:39.471+08:00 DEBUG 11532 --- [iam-resource-service] [nio-9010-exec-7] .s.r.w.a.BearerTokenAuthenticationFilter : Set SecurityContextHolder to BearerTokenAuthentication [Principal=net.xzh.resource.config.RbacAuthoritiesOpaqueTokenIntrospector$EnrichedPrincipal@bd73535, Credentials=[PROTECTED], Authenticated=true, Details=WebAuthenticationDetails [RemoteIpAddress=127.0.0.1, SessionId=null], Granted Authorities=[SCOPE_read, SCOPE_openid, SCOPE_profile, SCOPE_write, ROLE_ADMIN, app:portal, app:oa, app:erp, app:bi]]
2026-08-15T11:26:39.472+08:00 DEBUG 11532 --- [iam-resource-service] [nio-9010-exec-7] o.s.security.web.FilterChainProxy        : Secured GET /api/admin/roles
Creating a new SqlSession
SqlSession [org.apache.ibatis.session.defaults.DefaultSqlSession@355b3c02] was not registered for synchronization because synchronization is not active
JDBC Connection [com.alibaba.druid.pool.DruidStatementConnection@d150ea1] will not be managed by Spring
==>  Preparing: SELECT id,code,name,remark,create_time,update_time FROM sys_role
==> Parameters: 
<==    Columns: id, code, name, remark, create_time, update_time
<==        Row: 1, ADMIN, 管理员, 拥有全部应用访问权限, 2026-08-13 09:57:52, 2026-08-15 00:06:16
<==        Row: 2, USER, 普通用户, 仅可访问门户与 OA, 2026-08-13 09:57:52, 2026-08-13 09:57:52
<==      Total: 2
Closing non transactional SqlSession [org.apache.ibatis.session.defaults.DefaultSqlSession@355b3c02]
Creating a new SqlSession
SqlSession [org.apache.ibatis.session.defaults.DefaultSqlSession@51679b73] was not registered for synchronization because synchronization is not active
JDBC Connection [com.alibaba.druid.pool.DruidStatementConnection@d150ea1] will not be managed by Spring
==>  Preparing: SELECT rp.permission_id FROM sys_role_permission rp WHERE rp.role_id = ?
==> Parameters: 1(Long)
<==    Columns: permission_id
<==        Row: 1
<==        Row: 2
<==        Row: 4
<==        Row: 5
<==      Total: 4
Closing non transactional SqlSession [org.apache.ibatis.session.defaults.DefaultSqlSession@51679b73]
Creating a new SqlSession
SqlSession [org.apache.ibatis.session.defaults.DefaultSqlSession@ffce9bc] was not registered for synchronization because synchronization is not active
JDBC Connection [com.alibaba.druid.pool.DruidStatementConnection@d150ea1] will not be managed by Spring
==>  Preparing: SELECT rp.permission_id FROM sys_role_permission rp WHERE rp.role_id = ?
==> Parameters: 2(Long)
<==    Columns: permission_id
<==        Row: 1
<==        Row: 2
<==      Total: 2
Closing non transactional SqlSession [org.apache.ibatis.session.defaults.DefaultSqlSession@ffce9bc]
2026-08-15T11:26:40.874+08:00 DEBUG 11532 --- [iam-resource-service] [nio-9010-exec-8] o.s.security.web.FilterChainProxy        : Securing GET /api/admin/roles
Creating a new SqlSession
SqlSession [org.apache.ibatis.session.defaults.DefaultSqlSession@386be98a] was not registered for synchronization because synchronization is not active
JDBC Connection [com.alibaba.druid.pool.DruidStatementConnection@d150ea1] will not be managed by Spring
==>  Preparing: SELECT * FROM sys_user WHERE username = ? LIMIT 1
==> Parameters: admin(String)
<==    Columns: id, username, nickname, email, phone, avatar, identity_type, enabled, account_non_expired, account_non_locked, credentials_non_expired, create_time, update_time
<==        Row: 1, admin, 管理员, admin@example.com, null, null, 1, 1, 1, 1, 1, 2026-08-11 20:00:08, 2026-08-13 22:28:45
<==      Total: 1
Closing non transactional SqlSession [org.apache.ibatis.session.defaults.DefaultSqlSession@386be98a]
Creating a new SqlSession
SqlSession [org.apache.ibatis.session.defaults.DefaultSqlSession@2e291500] was not registered for synchronization because synchronization is not active
JDBC Connection [com.alibaba.druid.pool.DruidStatementConnection@d150ea1] will not be managed by Spring
==>  Preparing: SELECT DISTINCT r.code FROM sys_role r JOIN sys_user_role ur ON ur.role_id = r.id JOIN sys_user u ON u.id = ur.user_id WHERE u.username = ?
==> Parameters: admin(String)
<==    Columns: code
<==        Row: ADMIN
<==      Total: 1
Closing non transactional SqlSession [org.apache.ibatis.session.defaults.DefaultSqlSession@2e291500]
Creating a new SqlSession
SqlSession [org.apache.ibatis.session.defaults.DefaultSqlSession@3422cfa4] was not registered for synchronization because synchronization is not active
JDBC Connection [com.alibaba.druid.pool.DruidStatementConnection@d150ea1] will not be managed by Spring
==>  Preparing: SELECT DISTINCT p.code FROM sys_permission p JOIN sys_role_permission rp ON rp.permission_id = p.id JOIN sys_user_role ur ON ur.role_id = rp.role_id JOIN sys_user u ON u.id = ur.user_id WHERE u.username = ?
==> Parameters: admin(String)
<==    Columns: code
<==        Row: app:portal
<==        Row: app:oa
<==        Row: app:erp
<==        Row: app:bi
<==      Total: 4
Closing non transactional SqlSession [org.apache.ibatis.session.defaults.DefaultSqlSession@3422cfa4]
Creating a new SqlSession
SqlSession [org.apache.ibatis.session.defaults.DefaultSqlSession@6ea53937] was not registered for synchronization because synchronization is not active
JDBC Connection [com.alibaba.druid.pool.DruidStatementConnection@d150ea1] will not be managed by Spring
==>  Preparing: SELECT DISTINCT r.code FROM sys_role r JOIN sys_user_role ur ON ur.role_id = r.id JOIN sys_user u ON u.id = ur.user_id WHERE u.username = ?
==> Parameters: admin(String)
<==    Columns: code
<==        Row: ADMIN
<==      Total: 1
Closing non transactional SqlSession [org.apache.ibatis.session.defaults.DefaultSqlSession@6ea53937]
2026-08-15T11:26:41.054+08:00 DEBUG 11532 --- [iam-resource-service] [nio-9010-exec-8] c.RbacAuthoritiesOpaqueTokenIntrospector : [Introspect] 用户令牌注入 RBAC authorities, sub=admin, roles=[ADMIN]
2026-08-15T11:26:41.054+08:00 DEBUG 11532 --- [iam-resource-service] [nio-9010-exec-8] .s.r.a.OpaqueTokenAuthenticationProvider : Authenticated token
2026-08-15T11:26:41.055+08:00 DEBUG 11532 --- [iam-resource-service] [nio-9010-exec-8] .s.r.w.a.BearerTokenAuthenticationFilter : Set SecurityContextHolder to BearerTokenAuthentication [Principal=net.xzh.resource.config.RbacAuthoritiesOpaqueTokenIntrospector$EnrichedPrincipal@d24bfbb, Credentials=[PROTECTED], Authenticated=true, Details=WebAuthenticationDetails [RemoteIpAddress=127.0.0.1, SessionId=null], Granted Authorities=[SCOPE_read, SCOPE_openid, SCOPE_profile, SCOPE_write, ROLE_ADMIN, app:portal, app:oa, app:erp, app:bi]]
2026-08-15T11:26:41.055+08:00 DEBUG 11532 --- [iam-resource-service] [nio-9010-exec-8] o.s.security.web.FilterChainProxy        : Secured GET /api/admin/roles
Creating a new SqlSession
SqlSession [org.apache.ibatis.session.defaults.DefaultSqlSession@101af1d9] was not registered for synchronization because synchronization is not active
JDBC Connection [com.alibaba.druid.pool.DruidStatementConnection@d150ea1] will not be managed by Spring
==>  Preparing: SELECT id,code,name,remark,create_time,update_time FROM sys_role
==> Parameters: 
<==    Columns: id, code, name, remark, create_time, update_time
<==        Row: 1, ADMIN, 管理员, 拥有全部应用访问权限, 2026-08-13 09:57:52, 2026-08-15 00:06:16
<==        Row: 2, USER, 普通用户, 仅可访问门户与 OA, 2026-08-13 09:57:52, 2026-08-13 09:57:52
<==      Total: 2
Closing non transactional SqlSession [org.apache.ibatis.session.defaults.DefaultSqlSession@101af1d9]
Creating a new SqlSession
SqlSession [org.apache.ibatis.session.defaults.DefaultSqlSession@30df4fd3] was not registered for synchronization because synchronization is not active
JDBC Connection [com.alibaba.druid.pool.DruidStatementConnection@d150ea1] will not be managed by Spring
==>  Preparing: SELECT rp.permission_id FROM sys_role_permission rp WHERE rp.role_id = ?
==> Parameters: 1(Long)
<==    Columns: permission_id
<==        Row: 1
<==        Row: 2
<==        Row: 4
<==        Row: 5
<==      Total: 4
Closing non transactional SqlSession [org.apache.ibatis.session.defaults.DefaultSqlSession@30df4fd3]
Creating a new SqlSession
SqlSession [org.apache.ibatis.session.defaults.DefaultSqlSession@5ffd59f1] was not registered for synchronization because synchronization is not active
JDBC Connection [com.alibaba.druid.pool.DruidStatementConnection@d150ea1] will not be managed by Spring
==>  Preparing: SELECT rp.permission_id FROM sys_role_permission rp WHERE rp.role_id = ?
==> Parameters: 2(Long)
<==    Columns: permission_id
<==        Row: 1
<==        Row: 2
<==      Total: 2
Closing non transactional SqlSession [org.apache.ibatis.session.defaults.DefaultSqlSession@5ffd59f1]
2026-08-15T11:26:42.460+08:00 DEBUG 11532 --- [iam-resource-service] [nio-9010-exec-9] o.s.security.web.FilterChainProxy        : Securing GET /api/admin/roles
Creating a new SqlSession
SqlSession [org.apache.ibatis.session.defaults.DefaultSqlSession@24dd7e83] was not registered for synchronization because synchronization is not active
JDBC Connection [com.alibaba.druid.pool.DruidStatementConnection@d150ea1] will not be managed by Spring
==>  Preparing: SELECT * FROM sys_user WHERE username = ? LIMIT 1
==> Parameters: admin(String)
<==    Columns: id, username, nickname, email, phone, avatar, identity_type, enabled, account_non_expired, account_non_locked, credentials_non_expired, create_time, update_time
<==        Row: 1, admin, 管理员, admin@example.com, null, null, 1, 1, 1, 1, 1, 2026-08-11 20:00:08, 2026-08-13 22:28:45
<==      Total: 1
Closing non transactional SqlSession [org.apache.ibatis.session.defaults.DefaultSqlSession@24dd7e83]
Creating a new SqlSession
SqlSession [org.apache.ibatis.session.defaults.DefaultSqlSession@2008dbfd] was not registered for synchronization because synchronization is not active
JDBC Connection [com.alibaba.druid.pool.DruidStatementConnection@d150ea1] will not be managed by Spring
==>  Preparing: SELECT DISTINCT r.code FROM sys_role r JOIN sys_user_role ur ON ur.role_id = r.id JOIN sys_user u ON u.id = ur.user_id WHERE u.username = ?
==> Parameters: admin(String)
<==    Columns: code
<==        Row: ADMIN
<==      Total: 1
Closing non transactional SqlSession [org.apache.ibatis.session.defaults.DefaultSqlSession@2008dbfd]
Creating a new SqlSession
SqlSession [org.apache.ibatis.session.defaults.DefaultSqlSession@1f9a8057] was not registered for synchronization because synchronization is not active
JDBC Connection [com.alibaba.druid.pool.DruidStatementConnection@d150ea1] will not be managed by Spring
==>  Preparing: SELECT DISTINCT p.code FROM sys_permission p JOIN sys_role_permission rp ON rp.permission_id = p.id JOIN sys_user_role ur ON ur.role_id = rp.role_id JOIN sys_user u ON u.id = ur.user_id WHERE u.username = ?
==> Parameters: admin(String)
<==    Columns: code
<==        Row: app:portal
<==        Row: app:oa
<==        Row: app:erp
<==        Row: app:bi
<==      Total: 4
Closing non transactional SqlSession [org.apache.ibatis.session.defaults.DefaultSqlSession@1f9a8057]
Creating a new SqlSession
SqlSession [org.apache.ibatis.session.defaults.DefaultSqlSession@475202d9] was not registered for synchronization because synchronization is not active
JDBC Connection [com.alibaba.druid.pool.DruidStatementConnection@d150ea1] will not be managed by Spring
==>  Preparing: SELECT DISTINCT r.code FROM sys_role r JOIN sys_user_role ur ON ur.role_id = r.id JOIN sys_user u ON u.id = ur.user_id WHERE u.username = ?
==> Parameters: admin(String)
<==    Columns: code
<==        Row: ADMIN
<==      Total: 1
Closing non transactional SqlSession [org.apache.ibatis.session.defaults.DefaultSqlSession@475202d9]
2026-08-15T11:26:42.698+08:00 DEBUG 11532 --- [iam-resource-service] [nio-9010-exec-9] c.RbacAuthoritiesOpaqueTokenIntrospector : [Introspect] 用户令牌注入 RBAC authorities, sub=admin, roles=[ADMIN]
2026-08-15T11:26:42.698+08:00 DEBUG 11532 --- [iam-resource-service] [nio-9010-exec-9] .s.r.a.OpaqueTokenAuthenticationProvider : Authenticated token
2026-08-15T11:26:42.699+08:00 DEBUG 11532 --- [iam-resource-service] [nio-9010-exec-9] .s.r.w.a.BearerTokenAuthenticationFilter : Set SecurityContextHolder to BearerTokenAuthentication [Principal=net.xzh.resource.config.RbacAuthoritiesOpaqueTokenIntrospector$EnrichedPrincipal@3ae648ea, Credentials=[PROTECTED], Authenticated=true, Details=WebAuthenticationDetails [RemoteIpAddress=127.0.0.1, SessionId=null], Granted Authorities=[SCOPE_read, SCOPE_openid, SCOPE_profile, SCOPE_write, ROLE_ADMIN, app:portal, app:oa, app:erp, app:bi]]
2026-08-15T11:26:42.700+08:00 DEBUG 11532 --- [iam-resource-service] [nio-9010-exec-9] o.s.security.web.FilterChainProxy        : Secured GET /api/admin/roles
Creating a new SqlSession
SqlSession [org.apache.ibatis.session.defaults.DefaultSqlSession@42a1727] was not registered for synchronization because synchronization is not active
JDBC Connection [com.alibaba.druid.pool.DruidStatementConnection@d150ea1] will not be managed by Spring
==>  Preparing: SELECT id,code,name,remark,create_time,update_time FROM sys_role
==> Parameters: 
<==    Columns: id, code, name, remark, create_time, update_time
<==        Row: 1, ADMIN, 管理员, 拥有全部应用访问权限, 2026-08-13 09:57:52, 2026-08-15 00:06:16
<==        Row: 2, USER, 普通用户, 仅可访问门户与 OA, 2026-08-13 09:57:52, 2026-08-13 09:57:52
<==      Total: 2
Closing non transactional SqlSession [org.apache.ibatis.session.defaults.DefaultSqlSession@42a1727]
Creating a new SqlSession
SqlSession [org.apache.ibatis.session.defaults.DefaultSqlSession@de77d0b] was not registered for synchronization because synchronization is not active
JDBC Connection [com.alibaba.druid.pool.DruidStatementConnection@d150ea1] will not be managed by Spring
==>  Preparing: SELECT rp.permission_id FROM sys_role_permission rp WHERE rp.role_id = ?
==> Parameters: 1(Long)
<==    Columns: permission_id
<==        Row: 1
<==        Row: 2
<==        Row: 4
<==        Row: 5
<==      Total: 4
Closing non transactional SqlSession [org.apache.ibatis.session.defaults.DefaultSqlSession@de77d0b]
Creating a new SqlSession
SqlSession [org.apache.ibatis.session.defaults.DefaultSqlSession@518969f4] was not registered for synchronization because synchronization is not active
JDBC Connection [com.alibaba.druid.pool.DruidStatementConnection@d150ea1] will not be managed by Spring
==>  Preparing: SELECT rp.permission_id FROM sys_role_permission rp WHERE rp.role_id = ?
==> Parameters: 2(Long)
<==    Columns: permission_id
<==        Row: 1
<==        Row: 2
<==      Total: 2
Closing non transactional SqlSession [org.apache.ibatis.session.defaults.DefaultSqlSession@518969f4]
2026-08-15T11:26:43.991+08:00 DEBUG 11532 --- [iam-resource-service] [io-9010-exec-10] o.s.security.web.FilterChainProxy        : Securing GET /api/admin/roles
Creating a new SqlSession
SqlSession [org.apache.ibatis.session.defaults.DefaultSqlSession@1ad27096] was not registered for synchronization because synchronization is not active
JDBC Connection [com.alibaba.druid.pool.DruidStatementConnection@d150ea1] will not be managed by Spring
==>  Preparing: SELECT * FROM sys_user WHERE username = ? LIMIT 1
==> Parameters: admin(String)
<==    Columns: id, username, nickname, email, phone, avatar, identity_type, enabled, account_non_expired, account_non_locked, credentials_non_expired, create_time, update_time
<==        Row: 1, admin, 管理员, admin@example.com, null, null, 1, 1, 1, 1, 1, 2026-08-11 20:00:08, 2026-08-13 22:28:45
<==      Total: 1
Closing non transactional SqlSession [org.apache.ibatis.session.defaults.DefaultSqlSession@1ad27096]
Creating a new SqlSession
SqlSession [org.apache.ibatis.session.defaults.DefaultSqlSession@1699fc39] was not registered for synchronization because synchronization is not active
JDBC Connection [com.alibaba.druid.pool.DruidStatementConnection@d150ea1] will not be managed by Spring
==>  Preparing: SELECT DISTINCT r.code FROM sys_role r JOIN sys_user_role ur ON ur.role_id = r.id JOIN sys_user u ON u.id = ur.user_id WHERE u.username = ?
==> Parameters: admin(String)
<==    Columns: code
<==        Row: ADMIN
<==      Total: 1
Closing non transactional SqlSession [org.apache.ibatis.session.defaults.DefaultSqlSession@1699fc39]
Creating a new SqlSession
SqlSession [org.apache.ibatis.session.defaults.DefaultSqlSession@7f87bbfb] was not registered for synchronization because synchronization is not active
JDBC Connection [com.alibaba.druid.pool.DruidStatementConnection@d150ea1] will not be managed by Spring
==>  Preparing: SELECT DISTINCT p.code FROM sys_permission p JOIN sys_role_permission rp ON rp.permission_id = p.id JOIN sys_user_role ur ON ur.role_id = rp.role_id JOIN sys_user u ON u.id = ur.user_id WHERE u.username = ?
==> Parameters: admin(String)
<==    Columns: code
<==        Row: app:portal
<==        Row: app:oa
<==        Row: app:erp
<==        Row: app:bi
<==      Total: 4
Closing non transactional SqlSession [org.apache.ibatis.session.defaults.DefaultSqlSession@7f87bbfb]
Creating a new SqlSession
SqlSession [org.apache.ibatis.session.defaults.DefaultSqlSession@23e7c7ff] was not registered for synchronization because synchronization is not active
JDBC Connection [com.alibaba.druid.pool.DruidStatementConnection@d150ea1] will not be managed by Spring
==>  Preparing: SELECT DISTINCT r.code FROM sys_role r JOIN sys_user_role ur ON ur.role_id = r.id JOIN sys_user u ON u.id = ur.user_id WHERE u.username = ?
==> Parameters: admin(String)
<==    Columns: code
<==        Row: ADMIN
<==      Total: 1
Closing non transactional SqlSession [org.apache.ibatis.session.defaults.DefaultSqlSession@23e7c7ff]
2026-08-15T11:26:44.173+08:00 DEBUG 11532 --- [iam-resource-service] [io-9010-exec-10] c.RbacAuthoritiesOpaqueTokenIntrospector : [Introspect] 用户令牌注入 RBAC authorities, sub=admin, roles=[ADMIN]
2026-08-15T11:26:44.174+08:00 DEBUG 11532 --- [iam-resource-service] [io-9010-exec-10] .s.r.a.OpaqueTokenAuthenticationProvider : Authenticated token
2026-08-15T11:26:44.174+08:00 DEBUG 11532 --- [iam-resource-service] [io-9010-exec-10] .s.r.w.a.BearerTokenAuthenticationFilter : Set SecurityContextHolder to BearerTokenAuthentication [Principal=net.xzh.resource.config.RbacAuthoritiesOpaqueTokenIntrospector$EnrichedPrincipal@56093afc, Credentials=[PROTECTED], Authenticated=true, Details=WebAuthenticationDetails [RemoteIpAddress=127.0.0.1, SessionId=null], Granted Authorities=[SCOPE_read, SCOPE_openid, SCOPE_profile, SCOPE_write, ROLE_ADMIN, app:portal, app:oa, app:erp, app:bi]]
2026-08-15T11:26:44.175+08:00 DEBUG 11532 --- [iam-resource-service] [io-9010-exec-10] o.s.security.web.FilterChainProxy        : Secured GET /api/admin/roles
Creating a new SqlSession
SqlSession [org.apache.ibatis.session.defaults.DefaultSqlSession@182417d3] was not registered for synchronization because synchronization is not active
JDBC Connection [com.alibaba.druid.pool.DruidStatementConnection@d150ea1] will not be managed by Spring
==>  Preparing: SELECT id,code,name,remark,create_time,update_time FROM sys_role
==> Parameters: 
<==    Columns: id, code, name, remark, create_time, update_time
<==        Row: 1, ADMIN, 管理员, 拥有全部应用访问权限, 2026-08-13 09:57:52, 2026-08-15 00:06:16
<==        Row: 2, USER, 普通用户, 仅可访问门户与 OA, 2026-08-13 09:57:52, 2026-08-13 09:57:52
<==      Total: 2
Closing non transactional SqlSession [org.apache.ibatis.session.defaults.DefaultSqlSession@182417d3]
Creating a new SqlSession
SqlSession [org.apache.ibatis.session.defaults.DefaultSqlSession@9e14c7e] was not registered for synchronization because synchronization is not active
JDBC Connection [com.alibaba.druid.pool.DruidStatementConnection@d150ea1] will not be managed by Spring
==>  Preparing: SELECT rp.permission_id FROM sys_role_permission rp WHERE rp.role_id = ?
==> Parameters: 1(Long)
<==    Columns: permission_id
<==        Row: 1
<==        Row: 2
<==        Row: 4
<==        Row: 5
<==      Total: 4
Closing non transactional SqlSession [org.apache.ibatis.session.defaults.DefaultSqlSession@9e14c7e]
Creating a new SqlSession
SqlSession [org.apache.ibatis.session.defaults.DefaultSqlSession@2e824eec] was not registered for synchronization because synchronization is not active
JDBC Connection [com.alibaba.druid.pool.DruidStatementConnection@d150ea1] will not be managed by Spring
==>  Preparing: SELECT rp.permission_id FROM sys_role_permission rp WHERE rp.role_id = ?
==> Parameters: 2(Long)
<==    Columns: permission_id
<==        Row: 1
<==        Row: 2
<==      Total: 2
Closing non transactional SqlSession [org.apache.ibatis.session.defaults.DefaultSqlSession@2e824eec]
2026-08-15T11:26:44.592+08:00 DEBUG 11532 --- [iam-resource-service] [nio-9010-exec-1] o.s.security.web.FilterChainProxy        : Securing GET /api/admin/permissions
Creating a new SqlSession
SqlSession [org.apache.ibatis.session.defaults.DefaultSqlSession@3652676b] was not registered for synchronization because synchronization is not active
JDBC Connection [com.alibaba.druid.pool.DruidStatementConnection@d150ea1] will not be managed by Spring
==>  Preparing: SELECT * FROM sys_user WHERE username = ? LIMIT 1
==> Parameters: admin(String)
<==    Columns: id, username, nickname, email, phone, avatar, identity_type, enabled, account_non_expired, account_non_locked, credentials_non_expired, create_time, update_time
<==        Row: 1, admin, 管理员, admin@example.com, null, null, 1, 1, 1, 1, 1, 2026-08-11 20:00:08, 2026-08-13 22:28:45
<==      Total: 1
Closing non transactional SqlSession [org.apache.ibatis.session.defaults.DefaultSqlSession@3652676b]
Creating a new SqlSession
SqlSession [org.apache.ibatis.session.defaults.DefaultSqlSession@e7fe1db] was not registered for synchronization because synchronization is not active
JDBC Connection [com.alibaba.druid.pool.DruidStatementConnection@d150ea1] will not be managed by Spring
==>  Preparing: SELECT DISTINCT r.code FROM sys_role r JOIN sys_user_role ur ON ur.role_id = r.id JOIN sys_user u ON u.id = ur.user_id WHERE u.username = ?
==> Parameters: admin(String)
<==    Columns: code
<==        Row: ADMIN
<==      Total: 1
Closing non transactional SqlSession [org.apache.ibatis.session.defaults.DefaultSqlSession@e7fe1db]
Creating a new SqlSession
SqlSession [org.apache.ibatis.session.defaults.DefaultSqlSession@66d1c646] was not registered for synchronization because synchronization is not active
JDBC Connection [com.alibaba.druid.pool.DruidStatementConnection@d150ea1] will not be managed by Spring
==>  Preparing: SELECT DISTINCT p.code FROM sys_permission p JOIN sys_role_permission rp ON rp.permission_id = p.id JOIN sys_user_role ur ON ur.role_id = rp.role_id JOIN sys_user u ON u.id = ur.user_id WHERE u.username = ?
==> Parameters: admin(String)
<==    Columns: code
<==        Row: app:portal
<==        Row: app:oa
<==        Row: app:erp
<==        Row: app:bi
<==      Total: 4
Closing non transactional SqlSession [org.apache.ibatis.session.defaults.DefaultSqlSession@66d1c646]
Creating a new SqlSession
SqlSession [org.apache.ibatis.session.defaults.DefaultSqlSession@345ffc62] was not registered for synchronization because synchronization is not active
JDBC Connection [com.alibaba.druid.pool.DruidStatementConnection@d150ea1] will not be managed by Spring
==>  Preparing: SELECT DISTINCT r.code FROM sys_role r JOIN sys_user_role ur ON ur.role_id = r.id JOIN sys_user u ON u.id = ur.user_id WHERE u.username = ?
==> Parameters: admin(String)
<==    Columns: code
<==        Row: ADMIN
<==      Total: 1
Closing non transactional SqlSession [org.apache.ibatis.session.defaults.DefaultSqlSession@345ffc62]
2026-08-15T11:26:44.764+08:00 DEBUG 11532 --- [iam-resource-service] [nio-9010-exec-1] c.RbacAuthoritiesOpaqueTokenIntrospector : [Introspect] 用户令牌注入 RBAC authorities, sub=admin, roles=[ADMIN]
2026-08-15T11:26:44.765+08:00 DEBUG 11532 --- [iam-resource-service] [nio-9010-exec-1] .s.r.a.OpaqueTokenAuthenticationProvider : Authenticated token
2026-08-15T11:26:44.766+08:00 DEBUG 11532 --- [iam-resource-service] [nio-9010-exec-1] .s.r.w.a.BearerTokenAuthenticationFilter : Set SecurityContextHolder to BearerTokenAuthentication [Principal=net.xzh.resource.config.RbacAuthoritiesOpaqueTokenIntrospector$EnrichedPrincipal@7325b2cd, Credentials=[PROTECTED], Authenticated=true, Details=WebAuthenticationDetails [RemoteIpAddress=127.0.0.1, SessionId=null], Granted Authorities=[SCOPE_read, SCOPE_openid, SCOPE_profile, SCOPE_write, ROLE_ADMIN, app:portal, app:oa, app:erp, app:bi]]
2026-08-15T11:26:44.766+08:00 DEBUG 11532 --- [iam-resource-service] [nio-9010-exec-1] o.s.security.web.FilterChainProxy        : Secured GET /api/admin/permissions
Creating a new SqlSession
SqlSession [org.apache.ibatis.session.defaults.DefaultSqlSession@4ba3f6f6] was not registered for synchronization because synchronization is not active
JDBC Connection [com.alibaba.druid.pool.DruidStatementConnection@d150ea1] will not be managed by Spring
==>  Preparing: SELECT id,code,name,type,remark,create_time FROM sys_permission ORDER BY id ASC
==> Parameters: 
<==    Columns: id, code, name, type, remark, create_time
<==        Row: 1, app:portal, 门户应用, app, 统一工作台门户, 2026-08-13 09:57:52
<==        Row: 2, app:oa, OA 办公系统, app, 办公自动化, 2026-08-13 09:57:52
<==        Row: 3, app:crm, CRM 客户管理, app, 客户关系管理, 2026-08-13 09:57:52
<==        Row: 4, app:erp, ERP 企业资源, app, 企业资源计划, 2026-08-13 09:57:52
<==        Row: 5, app:bi, BI 数据分析, app, 商业智能分析, 2026-08-13 09:57:52
<==      Total: 5
Closing non transactional SqlSession [org.apache.ibatis.session.defaults.DefaultSqlSession@4ba3f6f6]
2026-08-15T11:26:47.901+08:00 DEBUG 11532 --- [iam-resource-service] [nio-9010-exec-2] o.s.security.web.FilterChainProxy        : Securing GET /api/admin/permissions
Creating a new SqlSession
SqlSession [org.apache.ibatis.session.defaults.DefaultSqlSession@2e5b78c1] was not registered for synchronization because synchronization is not active
JDBC Connection [com.alibaba.druid.pool.DruidStatementConnection@d150ea1] will not be managed by Spring
==>  Preparing: SELECT * FROM sys_user WHERE username = ? LIMIT 1
==> Parameters: admin(String)
<==    Columns: id, username, nickname, email, phone, avatar, identity_type, enabled, account_non_expired, account_non_locked, credentials_non_expired, create_time, update_time
<==        Row: 1, admin, 管理员, admin@example.com, null, null, 1, 1, 1, 1, 1, 2026-08-11 20:00:08, 2026-08-13 22:28:45
<==      Total: 1
Closing non transactional SqlSession [org.apache.ibatis.session.defaults.DefaultSqlSession@2e5b78c1]
Creating a new SqlSession
SqlSession [org.apache.ibatis.session.defaults.DefaultSqlSession@c3d9f69] was not registered for synchronization because synchronization is not active
JDBC Connection [com.alibaba.druid.pool.DruidStatementConnection@d150ea1] will not be managed by Spring
==>  Preparing: SELECT DISTINCT r.code FROM sys_role r JOIN sys_user_role ur ON ur.role_id = r.id JOIN sys_user u ON u.id = ur.user_id WHERE u.username = ?
==> Parameters: admin(String)
<==    Columns: code
<==        Row: ADMIN
<==      Total: 1
Closing non transactional SqlSession [org.apache.ibatis.session.defaults.DefaultSqlSession@c3d9f69]
Creating a new SqlSession
SqlSession [org.apache.ibatis.session.defaults.DefaultSqlSession@45130e38] was not registered for synchronization because synchronization is not active
JDBC Connection [com.alibaba.druid.pool.DruidStatementConnection@d150ea1] will not be managed by Spring
==>  Preparing: SELECT DISTINCT p.code FROM sys_permission p JOIN sys_role_permission rp ON rp.permission_id = p.id JOIN sys_user_role ur ON ur.role_id = rp.role_id JOIN sys_user u ON u.id = ur.user_id WHERE u.username = ?
==> Parameters: admin(String)
<==    Columns: code
<==        Row: app:portal
<==        Row: app:oa
<==        Row: app:erp
<==        Row: app:bi
<==      Total: 4
Closing non transactional SqlSession [org.apache.ibatis.session.defaults.DefaultSqlSession@45130e38]
Creating a new SqlSession
SqlSession [org.apache.ibatis.session.defaults.DefaultSqlSession@7213112e] was not registered for synchronization because synchronization is not active
JDBC Connection [com.alibaba.druid.pool.DruidStatementConnection@d150ea1] will not be managed by Spring
==>  Preparing: SELECT DISTINCT r.code FROM sys_role r JOIN sys_user_role ur ON ur.role_id = r.id JOIN sys_user u ON u.id = ur.user_id WHERE u.username = ?
==> Parameters: admin(String)
<==    Columns: code
<==        Row: ADMIN
<==      Total: 1
Closing non transactional SqlSession [org.apache.ibatis.session.defaults.DefaultSqlSession@7213112e]
2026-08-15T11:26:48.106+08:00 DEBUG 11532 --- [iam-resource-service] [nio-9010-exec-2] c.RbacAuthoritiesOpaqueTokenIntrospector : [Introspect] 用户令牌注入 RBAC authorities, sub=admin, roles=[ADMIN]
2026-08-15T11:26:48.106+08:00 DEBUG 11532 --- [iam-resource-service] [nio-9010-exec-2] .s.r.a.OpaqueTokenAuthenticationProvider : Authenticated token
2026-08-15T11:26:48.107+08:00 DEBUG 11532 --- [iam-resource-service] [nio-9010-exec-2] .s.r.w.a.BearerTokenAuthenticationFilter : Set SecurityContextHolder to BearerTokenAuthentication [Principal=net.xzh.resource.config.RbacAuthoritiesOpaqueTokenIntrospector$EnrichedPrincipal@4014a2ec, Credentials=[PROTECTED], Authenticated=true, Details=WebAuthenticationDetails [RemoteIpAddress=127.0.0.1, SessionId=null], Granted Authorities=[SCOPE_read, SCOPE_openid, SCOPE_profile, SCOPE_write, ROLE_ADMIN, app:portal, app:oa, app:erp, app:bi]]
2026-08-15T11:26:48.108+08:00 DEBUG 11532 --- [iam-resource-service] [nio-9010-exec-2] o.s.security.web.FilterChainProxy        : Secured GET /api/admin/permissions
Creating a new SqlSession
SqlSession [org.apache.ibatis.session.defaults.DefaultSqlSession@7a0dbb0a] was not registered for synchronization because synchronization is not active
JDBC Connection [com.alibaba.druid.pool.DruidStatementConnection@d150ea1] will not be managed by Spring
==>  Preparing: SELECT id,code,name,type,remark,create_time FROM sys_permission ORDER BY id ASC
==> Parameters: 
<==    Columns: id, code, name, type, remark, create_time
<==        Row: 1, app:portal, 门户应用, app, 统一工作台门户, 2026-08-13 09:57:52
<==        Row: 2, app:oa, OA 办公系统, app, 办公自动化, 2026-08-13 09:57:52
<==        Row: 3, app:crm, CRM 客户管理, app, 客户关系管理, 2026-08-13 09:57:52
<==        Row: 4, app:erp, ERP 企业资源, app, 企业资源计划, 2026-08-13 09:57:52
<==        Row: 5, app:bi, BI 数据分析, app, 商业智能分析, 2026-08-13 09:57:52
<==      Total: 5
Closing non transactional SqlSession [org.apache.ibatis.session.defaults.DefaultSqlSession@7a0dbb0a]
2026-08-15T11:26:48.591+08:00 DEBUG 11532 --- [iam-resource-service] [nio-9010-exec-3] o.s.security.web.FilterChainProxy        : Securing GET /api/admin/permissions
Creating a new SqlSession
SqlSession [org.apache.ibatis.session.defaults.DefaultSqlSession@7d1c033e] was not registered for synchronization because synchronization is not active
JDBC Connection [com.alibaba.druid.pool.DruidStatementConnection@d150ea1] will not be managed by Spring
==>  Preparing: SELECT * FROM sys_user WHERE username = ? LIMIT 1
==> Parameters: admin(String)
<==    Columns: id, username, nickname, email, phone, avatar, identity_type, enabled, account_non_expired, account_non_locked, credentials_non_expired, create_time, update_time
<==        Row: 1, admin, 管理员, admin@example.com, null, null, 1, 1, 1, 1, 1, 2026-08-11 20:00:08, 2026-08-13 22:28:45
<==      Total: 1
Closing non transactional SqlSession [org.apache.ibatis.session.defaults.DefaultSqlSession@7d1c033e]
Creating a new SqlSession
SqlSession [org.apache.ibatis.session.defaults.DefaultSqlSession@6d98cbdc] was not registered for synchronization because synchronization is not active
JDBC Connection [com.alibaba.druid.pool.DruidStatementConnection@d150ea1] will not be managed by Spring
==>  Preparing: SELECT DISTINCT r.code FROM sys_role r JOIN sys_user_role ur ON ur.role_id = r.id JOIN sys_user u ON u.id = ur.user_id WHERE u.username = ?
==> Parameters: admin(String)
<==    Columns: code
<==        Row: ADMIN
<==      Total: 1
Closing non transactional SqlSession [org.apache.ibatis.session.defaults.DefaultSqlSession@6d98cbdc]
Creating a new SqlSession
SqlSession [org.apache.ibatis.session.defaults.DefaultSqlSession@331eef0d] was not registered for synchronization because synchronization is not active
JDBC Connection [com.alibaba.druid.pool.DruidStatementConnection@d150ea1] will not be managed by Spring
==>  Preparing: SELECT DISTINCT p.code FROM sys_permission p JOIN sys_role_permission rp ON rp.permission_id = p.id JOIN sys_user_role ur ON ur.role_id = rp.role_id JOIN sys_user u ON u.id = ur.user_id WHERE u.username = ?
==> Parameters: admin(String)
<==    Columns: code
<==        Row: app:portal
<==        Row: app:oa
<==        Row: app:erp
<==        Row: app:bi
<==      Total: 4
Closing non transactional SqlSession [org.apache.ibatis.session.defaults.DefaultSqlSession@331eef0d]
Creating a new SqlSession
SqlSession [org.apache.ibatis.session.defaults.DefaultSqlSession@4c89499d] was not registered for synchronization because synchronization is not active
JDBC Connection [com.alibaba.druid.pool.DruidStatementConnection@d150ea1] will not be managed by Spring
==>  Preparing: SELECT DISTINCT r.code FROM sys_role r JOIN sys_user_role ur ON ur.role_id = r.id JOIN sys_user u ON u.id = ur.user_id WHERE u.username = ?
==> Parameters: admin(String)
<==    Columns: code
<==        Row: ADMIN
<==      Total: 1
Closing non transactional SqlSession [org.apache.ibatis.session.defaults.DefaultSqlSession@4c89499d]
2026-08-15T11:26:48.815+08:00 DEBUG 11532 --- [iam-resource-service] [nio-9010-exec-3] c.RbacAuthoritiesOpaqueTokenIntrospector : [Introspect] 用户令牌注入 RBAC authorities, sub=admin, roles=[ADMIN]
2026-08-15T11:26:48.817+08:00 DEBUG 11532 --- [iam-resource-service] [nio-9010-exec-3] .s.r.a.OpaqueTokenAuthenticationProvider : Authenticated token
2026-08-15T11:26:48.818+08:00 DEBUG 11532 --- [iam-resource-service] [nio-9010-exec-3] .s.r.w.a.BearerTokenAuthenticationFilter : Set SecurityContextHolder to BearerTokenAuthentication [Principal=net.xzh.resource.config.RbacAuthoritiesOpaqueTokenIntrospector$EnrichedPrincipal@16d351d4, Credentials=[PROTECTED], Authenticated=true, Details=WebAuthenticationDetails [RemoteIpAddress=127.0.0.1, SessionId=null], Granted Authorities=[SCOPE_read, SCOPE_openid, SCOPE_profile, SCOPE_write, ROLE_ADMIN, app:portal, app:oa, app:erp, app:bi]]
2026-08-15T11:26:48.819+08:00 DEBUG 11532 --- [iam-resource-service] [nio-9010-exec-3] o.s.security.web.FilterChainProxy        : Secured GET /api/admin/permissions
Creating a new SqlSession
SqlSession [org.apache.ibatis.session.defaults.DefaultSqlSession@54316b90] was not registered for synchronization because synchronization is not active
JDBC Connection [com.alibaba.druid.pool.DruidStatementConnection@d150ea1] will not be managed by Spring
==>  Preparing: SELECT id,code,name,type,remark,create_time FROM sys_permission ORDER BY id ASC
==> Parameters: 
<==    Columns: id, code, name, type, remark, create_time
<==        Row: 1, app:portal, 门户应用, app, 统一工作台门户, 2026-08-13 09:57:52
<==        Row: 2, app:oa, OA 办公系统, app, 办公自动化, 2026-08-13 09:57:52
<==        Row: 3, app:crm, CRM 客户管理, app, 客户关系管理, 2026-08-13 09:57:52
<==        Row: 4, app:erp, ERP 企业资源, app, 企业资源计划, 2026-08-13 09:57:52
<==        Row: 5, app:bi, BI 数据分析, app, 商业智能分析, 2026-08-13 09:57:52
<==      Total: 5
Closing non transactional SqlSession [org.apache.ibatis.session.defaults.DefaultSqlSession@54316b90]
2026-08-15T11:26:49.088+08:00 DEBUG 11532 --- [iam-resource-service] [nio-9010-exec-5] o.s.security.web.FilterChainProxy        : Securing GET /api/admin/roles
Creating a new SqlSession
SqlSession [org.apache.ibatis.session.defaults.DefaultSqlSession@7955684] was not registered for synchronization because synchronization is not active
JDBC Connection [com.alibaba.druid.pool.DruidStatementConnection@d150ea1] will not be managed by Spring
==>  Preparing: SELECT * FROM sys_user WHERE username = ? LIMIT 1
==> Parameters: admin(String)
<==    Columns: id, username, nickname, email, phone, avatar, identity_type, enabled, account_non_expired, account_non_locked, credentials_non_expired, create_time, update_time
<==        Row: 1, admin, 管理员, admin@example.com, null, null, 1, 1, 1, 1, 1, 2026-08-11 20:00:08, 2026-08-13 22:28:45
<==      Total: 1
Closing non transactional SqlSession [org.apache.ibatis.session.defaults.DefaultSqlSession@7955684]
Creating a new SqlSession
SqlSession [org.apache.ibatis.session.defaults.DefaultSqlSession@3b72b676] was not registered for synchronization because synchronization is not active
JDBC Connection [com.alibaba.druid.pool.DruidStatementConnection@d150ea1] will not be managed by Spring
==>  Preparing: SELECT DISTINCT r.code FROM sys_role r JOIN sys_user_role ur ON ur.role_id = r.id JOIN sys_user u ON u.id = ur.user_id WHERE u.username = ?
==> Parameters: admin(String)
<==    Columns: code
<==        Row: ADMIN
<==      Total: 1
Closing non transactional SqlSession [org.apache.ibatis.session.defaults.DefaultSqlSession@3b72b676]
Creating a new SqlSession
SqlSession [org.apache.ibatis.session.defaults.DefaultSqlSession@1f82e7e7] was not registered for synchronization because synchronization is not active
JDBC Connection [com.alibaba.druid.pool.DruidStatementConnection@d150ea1] will not be managed by Spring
==>  Preparing: SELECT DISTINCT p.code FROM sys_permission p JOIN sys_role_permission rp ON rp.permission_id = p.id JOIN sys_user_role ur ON ur.role_id = rp.role_id JOIN sys_user u ON u.id = ur.user_id WHERE u.username = ?
==> Parameters: admin(String)
<==    Columns: code
<==        Row: app:portal
<==        Row: app:oa
<==        Row: app:erp
<==        Row: app:bi
<==      Total: 4
Closing non transactional SqlSession [org.apache.ibatis.session.defaults.DefaultSqlSession@1f82e7e7]
Creating a new SqlSession
SqlSession [org.apache.ibatis.session.defaults.DefaultSqlSession@3d1f0e54] was not registered for synchronization because synchronization is not active
JDBC Connection [com.alibaba.druid.pool.DruidStatementConnection@d150ea1] will not be managed by Spring
==>  Preparing: SELECT DISTINCT r.code FROM sys_role r JOIN sys_user_role ur ON ur.role_id = r.id JOIN sys_user u ON u.id = ur.user_id WHERE u.username = ?
==> Parameters: admin(String)
<==    Columns: code
<==        Row: ADMIN
<==      Total: 1
Closing non transactional SqlSession [org.apache.ibatis.session.defaults.DefaultSqlSession@3d1f0e54]
2026-08-15T11:26:49.293+08:00 DEBUG 11532 --- [iam-resource-service] [nio-9010-exec-5] c.RbacAuthoritiesOpaqueTokenIntrospector : [Introspect] 用户令牌注入 RBAC authorities, sub=admin, roles=[ADMIN]
2026-08-15T11:26:49.293+08:00 DEBUG 11532 --- [iam-resource-service] [nio-9010-exec-5] .s.r.a.OpaqueTokenAuthenticationProvider : Authenticated token
2026-08-15T11:26:49.294+08:00 DEBUG 11532 --- [iam-resource-service] [nio-9010-exec-5] .s.r.w.a.BearerTokenAuthenticationFilter : Set SecurityContextHolder to BearerTokenAuthentication [Principal=net.xzh.resource.config.RbacAuthoritiesOpaqueTokenIntrospector$EnrichedPrincipal@72d1ced1, Credentials=[PROTECTED], Authenticated=true, Details=WebAuthenticationDetails [RemoteIpAddress=127.0.0.1, SessionId=null], Granted Authorities=[SCOPE_read, SCOPE_openid, SCOPE_profile, SCOPE_write, ROLE_ADMIN, app:portal, app:oa, app:erp, app:bi]]
2026-08-15T11:26:49.296+08:00 DEBUG 11532 --- [iam-resource-service] [nio-9010-exec-5] o.s.security.web.FilterChainProxy        : Secured GET /api/admin/roles
Creating a new SqlSession
SqlSession [org.apache.ibatis.session.defaults.DefaultSqlSession@676ef14a] was not registered for synchronization because synchronization is not active
JDBC Connection [com.alibaba.druid.pool.DruidStatementConnection@d150ea1] will not be managed by Spring
==>  Preparing: SELECT id,code,name,remark,create_time,update_time FROM sys_role
==> Parameters: 
<==    Columns: id, code, name, remark, create_time, update_time
<==        Row: 1, ADMIN, 管理员, 拥有全部应用访问权限, 2026-08-13 09:57:52, 2026-08-15 00:06:16
<==        Row: 2, USER, 普通用户, 仅可访问门户与 OA, 2026-08-13 09:57:52, 2026-08-13 09:57:52
<==      Total: 2
Closing non transactional SqlSession [org.apache.ibatis.session.defaults.DefaultSqlSession@676ef14a]
Creating a new SqlSession
SqlSession [org.apache.ibatis.session.defaults.DefaultSqlSession@7d60d8bb] was not registered for synchronization because synchronization is not active
JDBC Connection [com.alibaba.druid.pool.DruidStatementConnection@d150ea1] will not be managed by Spring
==>  Preparing: SELECT rp.permission_id FROM sys_role_permission rp WHERE rp.role_id = ?
==> Parameters: 1(Long)
<==    Columns: permission_id
<==        Row: 1
<==        Row: 2
<==        Row: 4
<==        Row: 5
<==      Total: 4
Closing non transactional SqlSession [org.apache.ibatis.session.defaults.DefaultSqlSession@7d60d8bb]
Creating a new SqlSession
SqlSession [org.apache.ibatis.session.defaults.DefaultSqlSession@11cf735c] was not registered for synchronization because synchronization is not active
JDBC Connection [com.alibaba.druid.pool.DruidStatementConnection@d150ea1] will not be managed by Spring
==>  Preparing: SELECT rp.permission_id FROM sys_role_permission rp WHERE rp.role_id = ?
==> Parameters: 2(Long)
<==    Columns: permission_id
<==        Row: 1
<==        Row: 2
<==      Total: 2
Closing non transactional SqlSession [org.apache.ibatis.session.defaults.DefaultSqlSession@11cf735c]
2026-08-15T11:26:49.539+08:00 DEBUG 11532 --- [iam-resource-service] [nio-9010-exec-4] o.s.security.web.FilterChainProxy        : Securing GET /api/admin/roles
Creating a new SqlSession
SqlSession [org.apache.ibatis.session.defaults.DefaultSqlSession@3e6db409] was not registered for synchronization because synchronization is not active
JDBC Connection [com.alibaba.druid.pool.DruidStatementConnection@d150ea1] will not be managed by Spring
==>  Preparing: SELECT * FROM sys_user WHERE username = ? LIMIT 1
==> Parameters: admin(String)
<==    Columns: id, username, nickname, email, phone, avatar, identity_type, enabled, account_non_expired, account_non_locked, credentials_non_expired, create_time, update_time
<==        Row: 1, admin, 管理员, admin@example.com, null, null, 1, 1, 1, 1, 1, 2026-08-11 20:00:08, 2026-08-13 22:28:45
<==      Total: 1
Closing non transactional SqlSession [org.apache.ibatis.session.defaults.DefaultSqlSession@3e6db409]
Creating a new SqlSession
SqlSession [org.apache.ibatis.session.defaults.DefaultSqlSession@944129] was not registered for synchronization because synchronization is not active
JDBC Connection [com.alibaba.druid.pool.DruidStatementConnection@d150ea1] will not be managed by Spring
==>  Preparing: SELECT DISTINCT r.code FROM sys_role r JOIN sys_user_role ur ON ur.role_id = r.id JOIN sys_user u ON u.id = ur.user_id WHERE u.username = ?
==> Parameters: admin(String)
<==    Columns: code
<==        Row: ADMIN
<==      Total: 1
Closing non transactional SqlSession [org.apache.ibatis.session.defaults.DefaultSqlSession@944129]
Creating a new SqlSession
SqlSession [org.apache.ibatis.session.defaults.DefaultSqlSession@3a4ab344] was not registered for synchronization because synchronization is not active
JDBC Connection [com.alibaba.druid.pool.DruidStatementConnection@d150ea1] will not be managed by Spring
==>  Preparing: SELECT DISTINCT p.code FROM sys_permission p JOIN sys_role_permission rp ON rp.permission_id = p.id JOIN sys_user_role ur ON ur.role_id = rp.role_id JOIN sys_user u ON u.id = ur.user_id WHERE u.username = ?
==> Parameters: admin(String)
<==    Columns: code
<==        Row: app:portal
<==        Row: app:oa
<==        Row: app:erp
<==        Row: app:bi
<==      Total: 4
Closing non transactional SqlSession [org.apache.ibatis.session.defaults.DefaultSqlSession@3a4ab344]
Creating a new SqlSession
SqlSession [org.apache.ibatis.session.defaults.DefaultSqlSession@7262da76] was not registered for synchronization because synchronization is not active
JDBC Connection [com.alibaba.druid.pool.DruidStatementConnection@d150ea1] will not be managed by Spring
==>  Preparing: SELECT DISTINCT r.code FROM sys_role r JOIN sys_user_role ur ON ur.role_id = r.id JOIN sys_user u ON u.id = ur.user_id WHERE u.username = ?
==> Parameters: admin(String)
<==    Columns: code
<==        Row: ADMIN
<==      Total: 1
Closing non transactional SqlSession [org.apache.ibatis.session.defaults.DefaultSqlSession@7262da76]
2026-08-15T11:26:49.741+08:00 DEBUG 11532 --- [iam-resource-service] [nio-9010-exec-4] c.RbacAuthoritiesOpaqueTokenIntrospector : [Introspect] 用户令牌注入 RBAC authorities, sub=admin, roles=[ADMIN]
2026-08-15T11:26:49.742+08:00 DEBUG 11532 --- [iam-resource-service] [nio-9010-exec-4] .s.r.a.OpaqueTokenAuthenticationProvider : Authenticated token
2026-08-15T11:26:49.743+08:00 DEBUG 11532 --- [iam-resource-service] [nio-9010-exec-4] .s.r.w.a.BearerTokenAuthenticationFilter : Set SecurityContextHolder to BearerTokenAuthentication [Principal=net.xzh.resource.config.RbacAuthoritiesOpaqueTokenIntrospector$EnrichedPrincipal@50b8ffd1, Credentials=[PROTECTED], Authenticated=true, Details=WebAuthenticationDetails [RemoteIpAddress=127.0.0.1, SessionId=null], Granted Authorities=[SCOPE_read, SCOPE_openid, SCOPE_profile, SCOPE_write, ROLE_ADMIN, app:portal, app:oa, app:erp, app:bi]]
2026-08-15T11:26:49.744+08:00 DEBUG 11532 --- [iam-resource-service] [nio-9010-exec-4] o.s.security.web.FilterChainProxy        : Secured GET /api/admin/roles
Creating a new SqlSession
SqlSession [org.apache.ibatis.session.defaults.DefaultSqlSession@6afda6b7] was not registered for synchronization because synchronization is not active
JDBC Connection [com.alibaba.druid.pool.DruidStatementConnection@d150ea1] will not be managed by Spring
==>  Preparing: SELECT id,code,name,remark,create_time,update_time FROM sys_role
==> Parameters: 
<==    Columns: id, code, name, remark, create_time, update_time
<==        Row: 1, ADMIN, 管理员, 拥有全部应用访问权限, 2026-08-13 09:57:52, 2026-08-15 00:06:16
<==        Row: 2, USER, 普通用户, 仅可访问门户与 OA, 2026-08-13 09:57:52, 2026-08-13 09:57:52
<==      Total: 2
Closing non transactional SqlSession [org.apache.ibatis.session.defaults.DefaultSqlSession@6afda6b7]
Creating a new SqlSession
SqlSession [org.apache.ibatis.session.defaults.DefaultSqlSession@cf232dc] was not registered for synchronization because synchronization is not active
JDBC Connection [com.alibaba.druid.pool.DruidStatementConnection@d150ea1] will not be managed by Spring
==>  Preparing: SELECT rp.permission_id FROM sys_role_permission rp WHERE rp.role_id = ?
==> Parameters: 1(Long)
<==    Columns: permission_id
<==        Row: 1
<==        Row: 2
<==        Row: 4
<==        Row: 5
<==      Total: 4
Closing non transactional SqlSession [org.apache.ibatis.session.defaults.DefaultSqlSession@cf232dc]
Creating a new SqlSession
SqlSession [org.apache.ibatis.session.defaults.DefaultSqlSession@1c6cd739] was not registered for synchronization because synchronization is not active
JDBC Connection [com.alibaba.druid.pool.DruidStatementConnection@d150ea1] will not be managed by Spring
==>  Preparing: SELECT rp.permission_id FROM sys_role_permission rp WHERE rp.role_id = ?
==> Parameters: 2(Long)
<==    Columns: permission_id
<==        Row: 1
<==        Row: 2
<==      Total: 2
Closing non transactional SqlSession [org.apache.ibatis.session.defaults.DefaultSqlSession@1c6cd739]
2026-08-15T11:27:01.404+08:00 DEBUG 11532 --- [iam-resource-service] [nio-9010-exec-6] o.s.security.web.FilterChainProxy        : Securing GET /api/admin/roles
Creating a new SqlSession
SqlSession [org.apache.ibatis.session.defaults.DefaultSqlSession@264f3829] was not registered for synchronization because synchronization is not active
JDBC Connection [com.alibaba.druid.pool.DruidStatementConnection@d150ea1] will not be managed by Spring
==>  Preparing: SELECT * FROM sys_user WHERE username = ? LIMIT 1
==> Parameters: admin(String)
<==    Columns: id, username, nickname, email, phone, avatar, identity_type, enabled, account_non_expired, account_non_locked, credentials_non_expired, create_time, update_time
<==        Row: 1, admin, 管理员, admin@example.com, null, null, 1, 1, 1, 1, 1, 2026-08-11 20:00:08, 2026-08-13 22:28:45
<==      Total: 1
Closing non transactional SqlSession [org.apache.ibatis.session.defaults.DefaultSqlSession@264f3829]
Creating a new SqlSession
SqlSession [org.apache.ibatis.session.defaults.DefaultSqlSession@52d874dd] was not registered for synchronization because synchronization is not active
JDBC Connection [com.alibaba.druid.pool.DruidStatementConnection@d150ea1] will not be managed by Spring
==>  Preparing: SELECT DISTINCT r.code FROM sys_role r JOIN sys_user_role ur ON ur.role_id = r.id JOIN sys_user u ON u.id = ur.user_id WHERE u.username = ?
==> Parameters: admin(String)
<==    Columns: code
<==        Row: ADMIN
<==      Total: 1
Closing non transactional SqlSession [org.apache.ibatis.session.defaults.DefaultSqlSession@52d874dd]
Creating a new SqlSession
SqlSession [org.apache.ibatis.session.defaults.DefaultSqlSession@20ef4866] was not registered for synchronization because synchronization is not active
JDBC Connection [com.alibaba.druid.pool.DruidStatementConnection@d150ea1] will not be managed by Spring
==>  Preparing: SELECT DISTINCT p.code FROM sys_permission p JOIN sys_role_permission rp ON rp.permission_id = p.id JOIN sys_user_role ur ON ur.role_id = rp.role_id JOIN sys_user u ON u.id = ur.user_id WHERE u.username = ?
==> Parameters: admin(String)
<==    Columns: code
<==        Row: app:portal
<==        Row: app:oa
<==        Row: app:erp
<==        Row: app:bi
<==      Total: 4
Closing non transactional SqlSession [org.apache.ibatis.session.defaults.DefaultSqlSession@20ef4866]
Creating a new SqlSession
SqlSession [org.apache.ibatis.session.defaults.DefaultSqlSession@57534613] was not registered for synchronization because synchronization is not active
JDBC Connection [com.alibaba.druid.pool.DruidStatementConnection@d150ea1] will not be managed by Spring
==>  Preparing: SELECT DISTINCT r.code FROM sys_role r JOIN sys_user_role ur ON ur.role_id = r.id JOIN sys_user u ON u.id = ur.user_id WHERE u.username = ?
==> Parameters: admin(String)
<==    Columns: code
<==        Row: ADMIN
<==      Total: 1
Closing non transactional SqlSession [org.apache.ibatis.session.defaults.DefaultSqlSession@57534613]
2026-08-15T11:27:01.607+08:00 DEBUG 11532 --- [iam-resource-service] [nio-9010-exec-6] c.RbacAuthoritiesOpaqueTokenIntrospector : [Introspect] 用户令牌注入 RBAC authorities, sub=admin, roles=[ADMIN]
2026-08-15T11:27:01.608+08:00 DEBUG 11532 --- [iam-resource-service] [nio-9010-exec-6] .s.r.a.OpaqueTokenAuthenticationProvider : Authenticated token
2026-08-15T11:27:01.610+08:00 DEBUG 11532 --- [iam-resource-service] [nio-9010-exec-6] .s.r.w.a.BearerTokenAuthenticationFilter : Set SecurityContextHolder to BearerTokenAuthentication [Principal=net.xzh.resource.config.RbacAuthoritiesOpaqueTokenIntrospector$EnrichedPrincipal@7df0ae3, Credentials=[PROTECTED], Authenticated=true, Details=WebAuthenticationDetails [RemoteIpAddress=127.0.0.1, SessionId=null], Granted Authorities=[SCOPE_read, SCOPE_openid, SCOPE_profile, SCOPE_write, ROLE_ADMIN, app:portal, app:oa, app:erp, app:bi]]
2026-08-15T11:27:01.611+08:00 DEBUG 11532 --- [iam-resource-service] [nio-9010-exec-6] o.s.security.web.FilterChainProxy        : Secured GET /api/admin/roles
Creating a new SqlSession
SqlSession [org.apache.ibatis.session.defaults.DefaultSqlSession@24a4d609] was not registered for synchronization because synchronization is not active
JDBC Connection [com.alibaba.druid.pool.DruidStatementConnection@d150ea1] will not be managed by Spring
==>  Preparing: SELECT id,code,name,remark,create_time,update_time FROM sys_role
==> Parameters: 
<==    Columns: id, code, name, remark, create_time, update_time
<==        Row: 1, ADMIN, 管理员, 拥有全部应用访问权限, 2026-08-13 09:57:52, 2026-08-15 00:06:16
<==        Row: 2, USER, 普通用户, 仅可访问门户与 OA, 2026-08-13 09:57:52, 2026-08-13 09:57:52
<==      Total: 2
Closing non transactional SqlSession [org.apache.ibatis.session.defaults.DefaultSqlSession@24a4d609]
Creating a new SqlSession
SqlSession [org.apache.ibatis.session.defaults.DefaultSqlSession@7a9a742c] was not registered for synchronization because synchronization is not active
JDBC Connection [com.alibaba.druid.pool.DruidStatementConnection@d150ea1] will not be managed by Spring
==>  Preparing: SELECT rp.permission_id FROM sys_role_permission rp WHERE rp.role_id = ?
==> Parameters: 1(Long)
<==    Columns: permission_id
<==        Row: 1
<==        Row: 2
<==        Row: 4
<==        Row: 5
<==      Total: 4
Closing non transactional SqlSession [org.apache.ibatis.session.defaults.DefaultSqlSession@7a9a742c]
Creating a new SqlSession
SqlSession [org.apache.ibatis.session.defaults.DefaultSqlSession@7fb6bb4] was not registered for synchronization because synchronization is not active
JDBC Connection [com.alibaba.druid.pool.DruidStatementConnection@d150ea1] will not be managed by Spring
==>  Preparing: SELECT rp.permission_id FROM sys_role_permission rp WHERE rp.role_id = ?
==> Parameters: 2(Long)
<==    Columns: permission_id
<==        Row: 1
<==        Row: 2
<==      Total: 2
Closing non transactional SqlSession [org.apache.ibatis.session.defaults.DefaultSqlSession@7fb6bb4]
2026-08-15T11:36:36.959+08:00 DEBUG 11532 --- [iam-resource-service] [nio-9010-exec-8] o.s.security.web.FilterChainProxy        : Securing GET /api/admin/roles
Creating a new SqlSession
SqlSession [org.apache.ibatis.session.defaults.DefaultSqlSession@4a8b9814] was not registered for synchronization because synchronization is not active
JDBC Connection [com.alibaba.druid.pool.DruidStatementConnection@d150ea1] will not be managed by Spring
==>  Preparing: SELECT * FROM sys_user WHERE username = ? LIMIT 1
==> Parameters: admin(String)
<==    Columns: id, username, nickname, email, phone, avatar, identity_type, enabled, account_non_expired, account_non_locked, credentials_non_expired, create_time, update_time
<==        Row: 1, admin, 管理员, admin@example.com, null, null, 1, 1, 1, 1, 1, 2026-08-11 20:00:08, 2026-08-13 22:28:45
<==      Total: 1
Closing non transactional SqlSession [org.apache.ibatis.session.defaults.DefaultSqlSession@4a8b9814]
Creating a new SqlSession
SqlSession [org.apache.ibatis.session.defaults.DefaultSqlSession@17622b04] was not registered for synchronization because synchronization is not active
JDBC Connection [com.alibaba.druid.pool.DruidStatementConnection@d150ea1] will not be managed by Spring
==>  Preparing: SELECT DISTINCT r.code FROM sys_role r JOIN sys_user_role ur ON ur.role_id = r.id JOIN sys_user u ON u.id = ur.user_id WHERE u.username = ?
==> Parameters: admin(String)
<==    Columns: code
<==        Row: ADMIN
<==      Total: 1
Closing non transactional SqlSession [org.apache.ibatis.session.defaults.DefaultSqlSession@17622b04]
Creating a new SqlSession
SqlSession [org.apache.ibatis.session.defaults.DefaultSqlSession@367ac885] was not registered for synchronization because synchronization is not active
JDBC Connection [com.alibaba.druid.pool.DruidStatementConnection@d150ea1] will not be managed by Spring
==>  Preparing: SELECT DISTINCT p.code FROM sys_permission p JOIN sys_role_permission rp ON rp.permission_id = p.id JOIN sys_user_role ur ON ur.role_id = rp.role_id JOIN sys_user u ON u.id = ur.user_id WHERE u.username = ?
==> Parameters: admin(String)
<==    Columns: code
<==        Row: app:portal
<==        Row: app:oa
<==        Row: app:erp
<==        Row: app:bi
<==      Total: 4
Closing non transactional SqlSession [org.apache.ibatis.session.defaults.DefaultSqlSession@367ac885]
Creating a new SqlSession
SqlSession [org.apache.ibatis.session.defaults.DefaultSqlSession@d32405b] was not registered for synchronization because synchronization is not active
JDBC Connection [com.alibaba.druid.pool.DruidStatementConnection@d150ea1] will not be managed by Spring
==>  Preparing: SELECT DISTINCT r.code FROM sys_role r JOIN sys_user_role ur ON ur.role_id = r.id JOIN sys_user u ON u.id = ur.user_id WHERE u.username = ?
==> Parameters: admin(String)
<==    Columns: code
<==        Row: ADMIN
<==      Total: 1
Closing non transactional SqlSession [org.apache.ibatis.session.defaults.DefaultSqlSession@d32405b]
2026-08-15T11:36:37.170+08:00 DEBUG 11532 --- [iam-resource-service] [nio-9010-exec-8] c.RbacAuthoritiesOpaqueTokenIntrospector : [Introspect] 用户令牌注入 RBAC authorities, sub=admin, roles=[ADMIN]
2026-08-15T11:36:37.171+08:00 DEBUG 11532 --- [iam-resource-service] [nio-9010-exec-8] .s.r.a.OpaqueTokenAuthenticationProvider : Authenticated token
2026-08-15T11:36:37.172+08:00 DEBUG 11532 --- [iam-resource-service] [nio-9010-exec-8] .s.r.w.a.BearerTokenAuthenticationFilter : Set SecurityContextHolder to BearerTokenAuthentication [Principal=net.xzh.resource.config.RbacAuthoritiesOpaqueTokenIntrospector$EnrichedPrincipal@167e12e2, Credentials=[PROTECTED], Authenticated=true, Details=WebAuthenticationDetails [RemoteIpAddress=127.0.0.1, SessionId=null], Granted Authorities=[SCOPE_read, SCOPE_openid, SCOPE_profile, SCOPE_write, ROLE_ADMIN, app:portal, app:oa, app:erp, app:bi]]
2026-08-15T11:36:37.172+08:00 DEBUG 11532 --- [iam-resource-service] [nio-9010-exec-8] o.s.security.web.FilterChainProxy        : Secured GET /api/admin/roles
Creating a new SqlSession
SqlSession [org.apache.ibatis.session.defaults.DefaultSqlSession@6e89d7d0] was not registered for synchronization because synchronization is not active
JDBC Connection [com.alibaba.druid.pool.DruidStatementConnection@d150ea1] will not be managed by Spring
==>  Preparing: SELECT id,code,name,remark,create_time,update_time FROM sys_role
==> Parameters: 
<==    Columns: id, code, name, remark, create_time, update_time
<==        Row: 1, ADMIN, 管理员, 拥有全部应用访问权限, 2026-08-13 09:57:52, 2026-08-15 00:06:16
<==        Row: 2, USER, 普通用户, 仅可访问门户与 OA, 2026-08-13 09:57:52, 2026-08-13 09:57:52
<==      Total: 2
Closing non transactional SqlSession [org.apache.ibatis.session.defaults.DefaultSqlSession@6e89d7d0]
Creating a new SqlSession
SqlSession [org.apache.ibatis.session.defaults.DefaultSqlSession@1e4946f] was not registered for synchronization because synchronization is not active
JDBC Connection [com.alibaba.druid.pool.DruidStatementConnection@d150ea1] will not be managed by Spring
==>  Preparing: SELECT rp.permission_id FROM sys_role_permission rp WHERE rp.role_id = ?
==> Parameters: 1(Long)
<==    Columns: permission_id
<==        Row: 1
<==        Row: 2
<==        Row: 4
<==        Row: 5
<==      Total: 4
Closing non transactional SqlSession [org.apache.ibatis.session.defaults.DefaultSqlSession@1e4946f]
Creating a new SqlSession
SqlSession [org.apache.ibatis.session.defaults.DefaultSqlSession@477c03c9] was not registered for synchronization because synchronization is not active
JDBC Connection [com.alibaba.druid.pool.DruidStatementConnection@d150ea1] will not be managed by Spring
==>  Preparing: SELECT rp.permission_id FROM sys_role_permission rp WHERE rp.role_id = ?
==> Parameters: 2(Long)
<==    Columns: permission_id
<==        Row: 1
<==        Row: 2
<==      Total: 2
Closing non transactional SqlSession [org.apache.ibatis.session.defaults.DefaultSqlSession@477c03c9]
2026-08-15T11:36:51.509+08:00 DEBUG 11532 --- [iam-resource-service] [nio-9010-exec-9] o.s.security.web.FilterChainProxy        : Securing GET /api/admin/user-roles/admin
Creating a new SqlSession
SqlSession [org.apache.ibatis.session.defaults.DefaultSqlSession@785ba587] was not registered for synchronization because synchronization is not active
JDBC Connection [com.alibaba.druid.pool.DruidStatementConnection@d150ea1] will not be managed by Spring
==>  Preparing: SELECT * FROM sys_user WHERE username = ? LIMIT 1
==> Parameters: admin(String)
<==    Columns: id, username, nickname, email, phone, avatar, identity_type, enabled, account_non_expired, account_non_locked, credentials_non_expired, create_time, update_time
<==        Row: 1, admin, 管理员, admin@example.com, null, null, 1, 1, 1, 1, 1, 2026-08-11 20:00:08, 2026-08-13 22:28:45
<==      Total: 1
Closing non transactional SqlSession [org.apache.ibatis.session.defaults.DefaultSqlSession@785ba587]
Creating a new SqlSession
SqlSession [org.apache.ibatis.session.defaults.DefaultSqlSession@11103d60] was not registered for synchronization because synchronization is not active
JDBC Connection [com.alibaba.druid.pool.DruidStatementConnection@d150ea1] will not be managed by Spring
==>  Preparing: SELECT DISTINCT r.code FROM sys_role r JOIN sys_user_role ur ON ur.role_id = r.id JOIN sys_user u ON u.id = ur.user_id WHERE u.username = ?
==> Parameters: admin(String)
<==    Columns: code
<==        Row: ADMIN
<==      Total: 1
Closing non transactional SqlSession [org.apache.ibatis.session.defaults.DefaultSqlSession@11103d60]
Creating a new SqlSession
SqlSession [org.apache.ibatis.session.defaults.DefaultSqlSession@6ec92370] was not registered for synchronization because synchronization is not active
JDBC Connection [com.alibaba.druid.pool.DruidStatementConnection@d150ea1] will not be managed by Spring
==>  Preparing: SELECT DISTINCT p.code FROM sys_permission p JOIN sys_role_permission rp ON rp.permission_id = p.id JOIN sys_user_role ur ON ur.role_id = rp.role_id JOIN sys_user u ON u.id = ur.user_id WHERE u.username = ?
==> Parameters: admin(String)
<==    Columns: code
<==        Row: app:portal
<==        Row: app:oa
<==        Row: app:erp
<==        Row: app:bi
<==      Total: 4
Closing non transactional SqlSession [org.apache.ibatis.session.defaults.DefaultSqlSession@6ec92370]
Creating a new SqlSession
SqlSession [org.apache.ibatis.session.defaults.DefaultSqlSession@141d2ecd] was not registered for synchronization because synchronization is not active
JDBC Connection [com.alibaba.druid.pool.DruidStatementConnection@d150ea1] will not be managed by Spring
==>  Preparing: SELECT DISTINCT r.code FROM sys_role r JOIN sys_user_role ur ON ur.role_id = r.id JOIN sys_user u ON u.id = ur.user_id WHERE u.username = ?
==> Parameters: admin(String)
<==    Columns: code
<==        Row: ADMIN
<==      Total: 1
Closing non transactional SqlSession [org.apache.ibatis.session.defaults.DefaultSqlSession@141d2ecd]
2026-08-15T11:36:51.716+08:00 DEBUG 11532 --- [iam-resource-service] [nio-9010-exec-9] c.RbacAuthoritiesOpaqueTokenIntrospector : [Introspect] 用户令牌注入 RBAC authorities, sub=admin, roles=[ADMIN]
2026-08-15T11:36:51.717+08:00 DEBUG 11532 --- [iam-resource-service] [nio-9010-exec-9] .s.r.a.OpaqueTokenAuthenticationProvider : Authenticated token
2026-08-15T11:36:51.717+08:00 DEBUG 11532 --- [iam-resource-service] [nio-9010-exec-9] .s.r.w.a.BearerTokenAuthenticationFilter : Set SecurityContextHolder to BearerTokenAuthentication [Principal=net.xzh.resource.config.RbacAuthoritiesOpaqueTokenIntrospector$EnrichedPrincipal@26e6deae, Credentials=[PROTECTED], Authenticated=true, Details=WebAuthenticationDetails [RemoteIpAddress=127.0.0.1, SessionId=null], Granted Authorities=[SCOPE_read, SCOPE_openid, SCOPE_profile, SCOPE_write, ROLE_ADMIN, app:portal, app:oa, app:erp, app:bi]]
2026-08-15T11:36:51.718+08:00 DEBUG 11532 --- [iam-resource-service] [nio-9010-exec-9] o.s.security.web.FilterChainProxy        : Secured GET /api/admin/user-roles/admin
Creating a new SqlSession
SqlSession [org.apache.ibatis.session.defaults.DefaultSqlSession@15637464] was not registered for synchronization because synchronization is not active
JDBC Connection [com.alibaba.druid.pool.DruidStatementConnection@d150ea1] will not be managed by Spring
==>  Preparing: SELECT id FROM sys_user WHERE username = ? LIMIT 1
==> Parameters: admin(String)
<==    Columns: id
<==        Row: 1
<==      Total: 1
Closing non transactional SqlSession [org.apache.ibatis.session.defaults.DefaultSqlSession@15637464]
Creating a new SqlSession
SqlSession [org.apache.ibatis.session.defaults.DefaultSqlSession@7400e845] was not registered for synchronization because synchronization is not active
JDBC Connection [com.alibaba.druid.pool.DruidStatementConnection@d150ea1] will not be managed by Spring
==>  Preparing: SELECT ur.role_id FROM sys_user_role ur WHERE ur.user_id = ?
==> Parameters: 1(Long)
<==    Columns: role_id
<==        Row: 1
<==      Total: 1
Closing non transactional SqlSession [org.apache.ibatis.session.defaults.DefaultSqlSession@7400e845]
2026-08-15T11:36:53.378+08:00 DEBUG 11532 --- [iam-resource-service] [io-9010-exec-10] o.s.security.web.FilterChainProxy        : Securing GET /api/admin/user-roles/user
Creating a new SqlSession
SqlSession [org.apache.ibatis.session.defaults.DefaultSqlSession@2770532c] was not registered for synchronization because synchronization is not active
JDBC Connection [com.alibaba.druid.pool.DruidStatementConnection@d150ea1] will not be managed by Spring
==>  Preparing: SELECT * FROM sys_user WHERE username = ? LIMIT 1
==> Parameters: admin(String)
<==    Columns: id, username, nickname, email, phone, avatar, identity_type, enabled, account_non_expired, account_non_locked, credentials_non_expired, create_time, update_time
<==        Row: 1, admin, 管理员, admin@example.com, null, null, 1, 1, 1, 1, 1, 2026-08-11 20:00:08, 2026-08-13 22:28:45
<==      Total: 1
Closing non transactional SqlSession [org.apache.ibatis.session.defaults.DefaultSqlSession@2770532c]
Creating a new SqlSession
SqlSession [org.apache.ibatis.session.defaults.DefaultSqlSession@fc6186c] was not registered for synchronization because synchronization is not active
JDBC Connection [com.alibaba.druid.pool.DruidStatementConnection@d150ea1] will not be managed by Spring
==>  Preparing: SELECT DISTINCT r.code FROM sys_role r JOIN sys_user_role ur ON ur.role_id = r.id JOIN sys_user u ON u.id = ur.user_id WHERE u.username = ?
==> Parameters: admin(String)
<==    Columns: code
<==        Row: ADMIN
<==      Total: 1
Closing non transactional SqlSession [org.apache.ibatis.session.defaults.DefaultSqlSession@fc6186c]
Creating a new SqlSession
SqlSession [org.apache.ibatis.session.defaults.DefaultSqlSession@59f8408] was not registered for synchronization because synchronization is not active
JDBC Connection [com.alibaba.druid.pool.DruidStatementConnection@d150ea1] will not be managed by Spring
==>  Preparing: SELECT DISTINCT p.code FROM sys_permission p JOIN sys_role_permission rp ON rp.permission_id = p.id JOIN sys_user_role ur ON ur.role_id = rp.role_id JOIN sys_user u ON u.id = ur.user_id WHERE u.username = ?
==> Parameters: admin(String)
<==    Columns: code
<==        Row: app:portal
<==        Row: app:oa
<==        Row: app:erp
<==        Row: app:bi
<==      Total: 4
Closing non transactional SqlSession [org.apache.ibatis.session.defaults.DefaultSqlSession@59f8408]
Creating a new SqlSession
SqlSession [org.apache.ibatis.session.defaults.DefaultSqlSession@7749ecd3] was not registered for synchronization because synchronization is not active
JDBC Connection [com.alibaba.druid.pool.DruidStatementConnection@d150ea1] will not be managed by Spring
==>  Preparing: SELECT DISTINCT r.code FROM sys_role r JOIN sys_user_role ur ON ur.role_id = r.id JOIN sys_user u ON u.id = ur.user_id WHERE u.username = ?
==> Parameters: admin(String)
<==    Columns: code
<==        Row: ADMIN
<==      Total: 1
Closing non transactional SqlSession [org.apache.ibatis.session.defaults.DefaultSqlSession@7749ecd3]
2026-08-15T11:36:53.606+08:00 DEBUG 11532 --- [iam-resource-service] [io-9010-exec-10] c.RbacAuthoritiesOpaqueTokenIntrospector : [Introspect] 用户令牌注入 RBAC authorities, sub=admin, roles=[ADMIN]
2026-08-15T11:36:53.607+08:00 DEBUG 11532 --- [iam-resource-service] [io-9010-exec-10] .s.r.a.OpaqueTokenAuthenticationProvider : Authenticated token
2026-08-15T11:36:53.608+08:00 DEBUG 11532 --- [iam-resource-service] [io-9010-exec-10] .s.r.w.a.BearerTokenAuthenticationFilter : Set SecurityContextHolder to BearerTokenAuthentication [Principal=net.xzh.resource.config.RbacAuthoritiesOpaqueTokenIntrospector$EnrichedPrincipal@3436b177, Credentials=[PROTECTED], Authenticated=true, Details=WebAuthenticationDetails [RemoteIpAddress=127.0.0.1, SessionId=null], Granted Authorities=[SCOPE_read, SCOPE_openid, SCOPE_profile, SCOPE_write, ROLE_ADMIN, app:portal, app:oa, app:erp, app:bi]]
2026-08-15T11:36:53.609+08:00 DEBUG 11532 --- [iam-resource-service] [io-9010-exec-10] o.s.security.web.FilterChainProxy        : Secured GET /api/admin/user-roles/user
Creating a new SqlSession
SqlSession [org.apache.ibatis.session.defaults.DefaultSqlSession@60d7d278] was not registered for synchronization because synchronization is not active
JDBC Connection [com.alibaba.druid.pool.DruidStatementConnection@d150ea1] will not be managed by Spring
==>  Preparing: SELECT id FROM sys_user WHERE username = ? LIMIT 1
==> Parameters: user(String)
<==    Columns: id
<==        Row: 2
<==      Total: 1
Closing non transactional SqlSession [org.apache.ibatis.session.defaults.DefaultSqlSession@60d7d278]
Creating a new SqlSession
SqlSession [org.apache.ibatis.session.defaults.DefaultSqlSession@13639d23] was not registered for synchronization because synchronization is not active
JDBC Connection [com.alibaba.druid.pool.DruidStatementConnection@d150ea1] will not be managed by Spring
==>  Preparing: SELECT ur.role_id FROM sys_user_role ur WHERE ur.user_id = ?
==> Parameters: 2(Long)
<==    Columns: role_id
<==        Row: 1
<==      Total: 1
Closing non transactional SqlSession [org.apache.ibatis.session.defaults.DefaultSqlSession@13639d23]
2026-08-15T11:36:55.162+08:00 DEBUG 11532 --- [iam-resource-service] [nio-9010-exec-1] o.s.security.web.FilterChainProxy        : Securing GET /api/admin/roles
Creating a new SqlSession
SqlSession [org.apache.ibatis.session.defaults.DefaultSqlSession@6eb455fa] was not registered for synchronization because synchronization is not active
JDBC Connection [com.alibaba.druid.pool.DruidStatementConnection@d150ea1] will not be managed by Spring
==>  Preparing: SELECT * FROM sys_user WHERE username = ? LIMIT 1
==> Parameters: admin(String)
<==    Columns: id, username, nickname, email, phone, avatar, identity_type, enabled, account_non_expired, account_non_locked, credentials_non_expired, create_time, update_time
<==        Row: 1, admin, 管理员, admin@example.com, null, null, 1, 1, 1, 1, 1, 2026-08-11 20:00:08, 2026-08-13 22:28:45
<==      Total: 1
Closing non transactional SqlSession [org.apache.ibatis.session.defaults.DefaultSqlSession@6eb455fa]
Creating a new SqlSession
SqlSession [org.apache.ibatis.session.defaults.DefaultSqlSession@64997590] was not registered for synchronization because synchronization is not active
JDBC Connection [com.alibaba.druid.pool.DruidStatementConnection@d150ea1] will not be managed by Spring
==>  Preparing: SELECT DISTINCT r.code FROM sys_role r JOIN sys_user_role ur ON ur.role_id = r.id JOIN sys_user u ON u.id = ur.user_id WHERE u.username = ?
==> Parameters: admin(String)
<==    Columns: code
<==        Row: ADMIN
<==      Total: 1
Closing non transactional SqlSession [org.apache.ibatis.session.defaults.DefaultSqlSession@64997590]
Creating a new SqlSession
SqlSession [org.apache.ibatis.session.defaults.DefaultSqlSession@d471c9d] was not registered for synchronization because synchronization is not active
JDBC Connection [com.alibaba.druid.pool.DruidStatementConnection@d150ea1] will not be managed by Spring
==>  Preparing: SELECT DISTINCT p.code FROM sys_permission p JOIN sys_role_permission rp ON rp.permission_id = p.id JOIN sys_user_role ur ON ur.role_id = rp.role_id JOIN sys_user u ON u.id = ur.user_id WHERE u.username = ?
==> Parameters: admin(String)
<==    Columns: code
<==        Row: app:portal
<==        Row: app:oa
<==        Row: app:erp
<==        Row: app:bi
<==      Total: 4
Closing non transactional SqlSession [org.apache.ibatis.session.defaults.DefaultSqlSession@d471c9d]
Creating a new SqlSession
SqlSession [org.apache.ibatis.session.defaults.DefaultSqlSession@5bf4ea1f] was not registered for synchronization because synchronization is not active
JDBC Connection [com.alibaba.druid.pool.DruidStatementConnection@d150ea1] will not be managed by Spring
==>  Preparing: SELECT DISTINCT r.code FROM sys_role r JOIN sys_user_role ur ON ur.role_id = r.id JOIN sys_user u ON u.id = ur.user_id WHERE u.username = ?
==> Parameters: admin(String)
<==    Columns: code
<==        Row: ADMIN
<==      Total: 1
Closing non transactional SqlSession [org.apache.ibatis.session.defaults.DefaultSqlSession@5bf4ea1f]
2026-08-15T11:36:55.389+08:00 DEBUG 11532 --- [iam-resource-service] [nio-9010-exec-1] c.RbacAuthoritiesOpaqueTokenIntrospector : [Introspect] 用户令牌注入 RBAC authorities, sub=admin, roles=[ADMIN]
2026-08-15T11:36:55.390+08:00 DEBUG 11532 --- [iam-resource-service] [nio-9010-exec-1] .s.r.a.OpaqueTokenAuthenticationProvider : Authenticated token
2026-08-15T11:36:55.392+08:00 DEBUG 11532 --- [iam-resource-service] [nio-9010-exec-1] .s.r.w.a.BearerTokenAuthenticationFilter : Set SecurityContextHolder to BearerTokenAuthentication [Principal=net.xzh.resource.config.RbacAuthoritiesOpaqueTokenIntrospector$EnrichedPrincipal@2b61e99c, Credentials=[PROTECTED], Authenticated=true, Details=WebAuthenticationDetails [RemoteIpAddress=127.0.0.1, SessionId=null], Granted Authorities=[SCOPE_read, SCOPE_openid, SCOPE_profile, SCOPE_write, ROLE_ADMIN, app:portal, app:oa, app:erp, app:bi]]
2026-08-15T11:36:55.393+08:00 DEBUG 11532 --- [iam-resource-service] [nio-9010-exec-1] o.s.security.web.FilterChainProxy        : Secured GET /api/admin/roles
Creating a new SqlSession
SqlSession [org.apache.ibatis.session.defaults.DefaultSqlSession@2e2d399b] was not registered for synchronization because synchronization is not active
JDBC Connection [com.alibaba.druid.pool.DruidStatementConnection@d150ea1] will not be managed by Spring
==>  Preparing: SELECT id,code,name,remark,create_time,update_time FROM sys_role
==> Parameters: 
<==    Columns: id, code, name, remark, create_time, update_time
<==        Row: 1, ADMIN, 管理员, 拥有全部应用访问权限, 2026-08-13 09:57:52, 2026-08-15 00:06:16
<==        Row: 2, USER, 普通用户, 仅可访问门户与 OA, 2026-08-13 09:57:52, 2026-08-13 09:57:52
<==      Total: 2
Closing non transactional SqlSession [org.apache.ibatis.session.defaults.DefaultSqlSession@2e2d399b]
Creating a new SqlSession
SqlSession [org.apache.ibatis.session.defaults.DefaultSqlSession@71c8eb43] was not registered for synchronization because synchronization is not active
JDBC Connection [com.alibaba.druid.pool.DruidStatementConnection@d150ea1] will not be managed by Spring
==>  Preparing: SELECT rp.permission_id FROM sys_role_permission rp WHERE rp.role_id = ?
==> Parameters: 1(Long)
<==    Columns: permission_id
<==        Row: 1
<==        Row: 2
<==        Row: 4
<==        Row: 5
<==      Total: 4
Closing non transactional SqlSession [org.apache.ibatis.session.defaults.DefaultSqlSession@71c8eb43]
Creating a new SqlSession
SqlSession [org.apache.ibatis.session.defaults.DefaultSqlSession@1267cb2d] was not registered for synchronization because synchronization is not active
JDBC Connection [com.alibaba.druid.pool.DruidStatementConnection@d150ea1] will not be managed by Spring
==>  Preparing: SELECT rp.permission_id FROM sys_role_permission rp WHERE rp.role_id = ?
==> Parameters: 2(Long)
<==    Columns: permission_id
<==        Row: 1
<==        Row: 2
<==      Total: 2
Closing non transactional SqlSession [org.apache.ibatis.session.defaults.DefaultSqlSession@1267cb2d]
2026-08-15T11:37:05.031+08:00 DEBUG 11532 --- [iam-resource-service] [nio-9010-exec-2] o.s.security.web.FilterChainProxy        : Securing GET /api/admin/permissions
Creating a new SqlSession
SqlSession [org.apache.ibatis.session.defaults.DefaultSqlSession@55fe6e41] was not registered for synchronization because synchronization is not active
JDBC Connection [com.alibaba.druid.pool.DruidStatementConnection@d150ea1] will not be managed by Spring
==>  Preparing: SELECT * FROM sys_user WHERE username = ? LIMIT 1
==> Parameters: admin(String)
<==    Columns: id, username, nickname, email, phone, avatar, identity_type, enabled, account_non_expired, account_non_locked, credentials_non_expired, create_time, update_time
<==        Row: 1, admin, 管理员, admin@example.com, null, null, 1, 1, 1, 1, 1, 2026-08-11 20:00:08, 2026-08-13 22:28:45
<==      Total: 1
Closing non transactional SqlSession [org.apache.ibatis.session.defaults.DefaultSqlSession@55fe6e41]
Creating a new SqlSession
SqlSession [org.apache.ibatis.session.defaults.DefaultSqlSession@27da9d22] was not registered for synchronization because synchronization is not active
JDBC Connection [com.alibaba.druid.pool.DruidStatementConnection@d150ea1] will not be managed by Spring
==>  Preparing: SELECT DISTINCT r.code FROM sys_role r JOIN sys_user_role ur ON ur.role_id = r.id JOIN sys_user u ON u.id = ur.user_id WHERE u.username = ?
==> Parameters: admin(String)
<==    Columns: code
<==        Row: ADMIN
<==      Total: 1
Closing non transactional SqlSession [org.apache.ibatis.session.defaults.DefaultSqlSession@27da9d22]
Creating a new SqlSession
SqlSession [org.apache.ibatis.session.defaults.DefaultSqlSession@7b8f0231] was not registered for synchronization because synchronization is not active
JDBC Connection [com.alibaba.druid.pool.DruidStatementConnection@d150ea1] will not be managed by Spring
==>  Preparing: SELECT DISTINCT p.code FROM sys_permission p JOIN sys_role_permission rp ON rp.permission_id = p.id JOIN sys_user_role ur ON ur.role_id = rp.role_id JOIN sys_user u ON u.id = ur.user_id WHERE u.username = ?
==> Parameters: admin(String)
<==    Columns: code
<==        Row: app:portal
<==        Row: app:oa
<==        Row: app:erp
<==        Row: app:bi
<==      Total: 4
Closing non transactional SqlSession [org.apache.ibatis.session.defaults.DefaultSqlSession@7b8f0231]
Creating a new SqlSession
SqlSession [org.apache.ibatis.session.defaults.DefaultSqlSession@7d8c31c3] was not registered for synchronization because synchronization is not active
JDBC Connection [com.alibaba.druid.pool.DruidStatementConnection@d150ea1] will not be managed by Spring
==>  Preparing: SELECT DISTINCT r.code FROM sys_role r JOIN sys_user_role ur ON ur.role_id = r.id JOIN sys_user u ON u.id = ur.user_id WHERE u.username = ?
==> Parameters: admin(String)
<==    Columns: code
<==        Row: ADMIN
<==      Total: 1
Closing non transactional SqlSession [org.apache.ibatis.session.defaults.DefaultSqlSession@7d8c31c3]
2026-08-15T11:37:05.222+08:00 DEBUG 11532 --- [iam-resource-service] [nio-9010-exec-2] c.RbacAuthoritiesOpaqueTokenIntrospector : [Introspect] 用户令牌注入 RBAC authorities, sub=admin, roles=[ADMIN]
2026-08-15T11:37:05.222+08:00 DEBUG 11532 --- [iam-resource-service] [nio-9010-exec-2] .s.r.a.OpaqueTokenAuthenticationProvider : Authenticated token
2026-08-15T11:37:05.222+08:00 DEBUG 11532 --- [iam-resource-service] [nio-9010-exec-2] .s.r.w.a.BearerTokenAuthenticationFilter : Set SecurityContextHolder to BearerTokenAuthentication [Principal=net.xzh.resource.config.RbacAuthoritiesOpaqueTokenIntrospector$EnrichedPrincipal@cdbe060, Credentials=[PROTECTED], Authenticated=true, Details=WebAuthenticationDetails [RemoteIpAddress=127.0.0.1, SessionId=null], Granted Authorities=[SCOPE_read, SCOPE_openid, SCOPE_profile, SCOPE_write, ROLE_ADMIN, app:portal, app:oa, app:erp, app:bi]]
2026-08-15T11:37:05.223+08:00 DEBUG 11532 --- [iam-resource-service] [nio-9010-exec-2] o.s.security.web.FilterChainProxy        : Secured GET /api/admin/permissions
Creating a new SqlSession
SqlSession [org.apache.ibatis.session.defaults.DefaultSqlSession@6608ee78] was not registered for synchronization because synchronization is not active
JDBC Connection [com.alibaba.druid.pool.DruidStatementConnection@d150ea1] will not be managed by Spring
==>  Preparing: SELECT id,code,name,type,remark,create_time FROM sys_permission ORDER BY id ASC
==> Parameters: 
<==    Columns: id, code, name, type, remark, create_time
<==        Row: 1, app:portal, 门户应用, app, 统一工作台门户, 2026-08-13 09:57:52
<==        Row: 2, app:oa, OA 办公系统, app, 办公自动化, 2026-08-13 09:57:52
<==        Row: 3, app:crm, CRM 客户管理, app, 客户关系管理, 2026-08-13 09:57:52
<==        Row: 4, app:erp, ERP 企业资源, app, 企业资源计划, 2026-08-13 09:57:52
<==        Row: 5, app:bi, BI 数据分析, app, 商业智能分析, 2026-08-13 09:57:52
<==      Total: 5
Closing non transactional SqlSession [org.apache.ibatis.session.defaults.DefaultSqlSession@6608ee78]
2026-08-15T11:37:24.557+08:00 DEBUG 11532 --- [iam-resource-service] [nio-9010-exec-3] o.s.security.web.FilterChainProxy        : Securing GET /api/admin/permissions
Creating a new SqlSession
SqlSession [org.apache.ibatis.session.defaults.DefaultSqlSession@d8c945e] was not registered for synchronization because synchronization is not active
JDBC Connection [com.alibaba.druid.pool.DruidStatementConnection@d150ea1] will not be managed by Spring
==>  Preparing: SELECT * FROM sys_user WHERE username = ? LIMIT 1
==> Parameters: admin(String)
<==    Columns: id, username, nickname, email, phone, avatar, identity_type, enabled, account_non_expired, account_non_locked, credentials_non_expired, create_time, update_time
<==        Row: 1, admin, 管理员, admin@example.com, null, null, 1, 1, 1, 1, 1, 2026-08-11 20:00:08, 2026-08-13 22:28:45
<==      Total: 1
Closing non transactional SqlSession [org.apache.ibatis.session.defaults.DefaultSqlSession@d8c945e]
Creating a new SqlSession
SqlSession [org.apache.ibatis.session.defaults.DefaultSqlSession@5e6fbf8a] was not registered for synchronization because synchronization is not active
JDBC Connection [com.alibaba.druid.pool.DruidStatementConnection@d150ea1] will not be managed by Spring
==>  Preparing: SELECT DISTINCT r.code FROM sys_role r JOIN sys_user_role ur ON ur.role_id = r.id JOIN sys_user u ON u.id = ur.user_id WHERE u.username = ?
==> Parameters: admin(String)
<==    Columns: code
<==        Row: ADMIN
<==      Total: 1
Closing non transactional SqlSession [org.apache.ibatis.session.defaults.DefaultSqlSession@5e6fbf8a]
Creating a new SqlSession
SqlSession [org.apache.ibatis.session.defaults.DefaultSqlSession@75b1638c] was not registered for synchronization because synchronization is not active
JDBC Connection [com.alibaba.druid.pool.DruidStatementConnection@d150ea1] will not be managed by Spring
==>  Preparing: SELECT DISTINCT p.code FROM sys_permission p JOIN sys_role_permission rp ON rp.permission_id = p.id JOIN sys_user_role ur ON ur.role_id = rp.role_id JOIN sys_user u ON u.id = ur.user_id WHERE u.username = ?
==> Parameters: admin(String)
<==    Columns: code
<==        Row: app:portal
<==        Row: app:oa
<==        Row: app:erp
<==        Row: app:bi
<==      Total: 4
Closing non transactional SqlSession [org.apache.ibatis.session.defaults.DefaultSqlSession@75b1638c]
Creating a new SqlSession
SqlSession [org.apache.ibatis.session.defaults.DefaultSqlSession@3efaf845] was not registered for synchronization because synchronization is not active
JDBC Connection [com.alibaba.druid.pool.DruidStatementConnection@d150ea1] will not be managed by Spring
==>  Preparing: SELECT DISTINCT r.code FROM sys_role r JOIN sys_user_role ur ON ur.role_id = r.id JOIN sys_user u ON u.id = ur.user_id WHERE u.username = ?
==> Parameters: admin(String)
<==    Columns: code
<==        Row: ADMIN
<==      Total: 1
Closing non transactional SqlSession [org.apache.ibatis.session.defaults.DefaultSqlSession@3efaf845]
2026-08-15T11:37:24.757+08:00 DEBUG 11532 --- [iam-resource-service] [nio-9010-exec-3] c.RbacAuthoritiesOpaqueTokenIntrospector : [Introspect] 用户令牌注入 RBAC authorities, sub=admin, roles=[ADMIN]
2026-08-15T11:37:24.758+08:00 DEBUG 11532 --- [iam-resource-service] [nio-9010-exec-3] .s.r.a.OpaqueTokenAuthenticationProvider : Authenticated token
2026-08-15T11:37:24.760+08:00 DEBUG 11532 --- [iam-resource-service] [nio-9010-exec-3] .s.r.w.a.BearerTokenAuthenticationFilter : Set SecurityContextHolder to BearerTokenAuthentication [Principal=net.xzh.resource.config.RbacAuthoritiesOpaqueTokenIntrospector$EnrichedPrincipal@6d230eb9, Credentials=[PROTECTED], Authenticated=true, Details=WebAuthenticationDetails [RemoteIpAddress=127.0.0.1, SessionId=null], Granted Authorities=[SCOPE_read, SCOPE_openid, SCOPE_profile, SCOPE_write, ROLE_ADMIN, app:portal, app:oa, app:erp, app:bi]]
2026-08-15T11:37:24.761+08:00 DEBUG 11532 --- [iam-resource-service] [nio-9010-exec-3] o.s.security.web.FilterChainProxy        : Secured GET /api/admin/permissions
Creating a new SqlSession
SqlSession [org.apache.ibatis.session.defaults.DefaultSqlSession@241caa5b] was not registered for synchronization because synchronization is not active
JDBC Connection [com.alibaba.druid.pool.DruidStatementConnection@d150ea1] will not be managed by Spring
==>  Preparing: SELECT id,code,name,type,remark,create_time FROM sys_permission ORDER BY id ASC
==> Parameters: 
<==    Columns: id, code, name, type, remark, create_time
<==        Row: 1, app:portal, 门户应用, app, 统一工作台门户, 2026-08-13 09:57:52
<==        Row: 2, app:oa, OA 办公系统, app, 办公自动化, 2026-08-13 09:57:52
<==        Row: 3, app:crm, CRM 客户管理, app, 客户关系管理, 2026-08-13 09:57:52
<==        Row: 4, app:erp, ERP 企业资源, app, 企业资源计划, 2026-08-13 09:57:52
<==        Row: 5, app:bi, BI 数据分析, app, 商业智能分析, 2026-08-13 09:57:52
<==      Total: 5
Closing non transactional SqlSession [org.apache.ibatis.session.defaults.DefaultSqlSession@241caa5b]
2026-08-15T11:41:29.063+08:00 DEBUG 11532 --- [iam-resource-service] [nio-9010-exec-4] o.s.security.web.FilterChainProxy        : Securing GET /api/admin/permissions
Creating a new SqlSession
SqlSession [org.apache.ibatis.session.defaults.DefaultSqlSession@4c7707bf] was not registered for synchronization because synchronization is not active
JDBC Connection [com.alibaba.druid.pool.DruidStatementConnection@d150ea1] will not be managed by Spring
==>  Preparing: SELECT * FROM sys_user WHERE username = ? LIMIT 1
==> Parameters: admin(String)
<==    Columns: id, username, nickname, email, phone, avatar, identity_type, enabled, account_non_expired, account_non_locked, credentials_non_expired, create_time, update_time
<==        Row: 1, admin, 管理员, admin@example.com, null, null, 1, 1, 1, 1, 1, 2026-08-11 20:00:08, 2026-08-13 22:28:45
<==      Total: 1
Closing non transactional SqlSession [org.apache.ibatis.session.defaults.DefaultSqlSession@4c7707bf]
Creating a new SqlSession
SqlSession [org.apache.ibatis.session.defaults.DefaultSqlSession@1119a4bf] was not registered for synchronization because synchronization is not active
JDBC Connection [com.alibaba.druid.pool.DruidStatementConnection@d150ea1] will not be managed by Spring
==>  Preparing: SELECT DISTINCT r.code FROM sys_role r JOIN sys_user_role ur ON ur.role_id = r.id JOIN sys_user u ON u.id = ur.user_id WHERE u.username = ?
==> Parameters: admin(String)
<==    Columns: code
<==        Row: ADMIN
<==      Total: 1
Closing non transactional SqlSession [org.apache.ibatis.session.defaults.DefaultSqlSession@1119a4bf]
Creating a new SqlSession
SqlSession [org.apache.ibatis.session.defaults.DefaultSqlSession@2e6ba8bf] was not registered for synchronization because synchronization is not active
JDBC Connection [com.alibaba.druid.pool.DruidStatementConnection@d150ea1] will not be managed by Spring
==>  Preparing: SELECT DISTINCT p.code FROM sys_permission p JOIN sys_role_permission rp ON rp.permission_id = p.id JOIN sys_user_role ur ON ur.role_id = rp.role_id JOIN sys_user u ON u.id = ur.user_id WHERE u.username = ?
==> Parameters: admin(String)
<==    Columns: code
<==        Row: app:portal
<==        Row: app:oa
<==        Row: app:erp
<==        Row: app:bi
<==      Total: 4
Closing non transactional SqlSession [org.apache.ibatis.session.defaults.DefaultSqlSession@2e6ba8bf]
Creating a new SqlSession
SqlSession [org.apache.ibatis.session.defaults.DefaultSqlSession@3d727489] was not registered for synchronization because synchronization is not active
JDBC Connection [com.alibaba.druid.pool.DruidStatementConnection@d150ea1] will not be managed by Spring
==>  Preparing: SELECT DISTINCT r.code FROM sys_role r JOIN sys_user_role ur ON ur.role_id = r.id JOIN sys_user u ON u.id = ur.user_id WHERE u.username = ?
==> Parameters: admin(String)
<==    Columns: code
<==        Row: ADMIN
<==      Total: 1
Closing non transactional SqlSession [org.apache.ibatis.session.defaults.DefaultSqlSession@3d727489]
2026-08-15T11:41:29.289+08:00 DEBUG 11532 --- [iam-resource-service] [nio-9010-exec-4] c.RbacAuthoritiesOpaqueTokenIntrospector : [Introspect] 用户令牌注入 RBAC authorities, sub=admin, roles=[ADMIN]
2026-08-15T11:41:29.290+08:00 DEBUG 11532 --- [iam-resource-service] [nio-9010-exec-4] .s.r.a.OpaqueTokenAuthenticationProvider : Authenticated token
2026-08-15T11:41:29.291+08:00 DEBUG 11532 --- [iam-resource-service] [nio-9010-exec-4] .s.r.w.a.BearerTokenAuthenticationFilter : Set SecurityContextHolder to BearerTokenAuthentication [Principal=net.xzh.resource.config.RbacAuthoritiesOpaqueTokenIntrospector$EnrichedPrincipal@13cbcbe5, Credentials=[PROTECTED], Authenticated=true, Details=WebAuthenticationDetails [RemoteIpAddress=127.0.0.1, SessionId=null], Granted Authorities=[SCOPE_read, SCOPE_openid, SCOPE_profile, SCOPE_write, ROLE_ADMIN, app:portal, app:oa, app:erp, app:bi]]
2026-08-15T11:41:29.292+08:00 DEBUG 11532 --- [iam-resource-service] [nio-9010-exec-4] o.s.security.web.FilterChainProxy        : Secured GET /api/admin/permissions
Creating a new SqlSession
SqlSession [org.apache.ibatis.session.defaults.DefaultSqlSession@62ead19c] was not registered for synchronization because synchronization is not active
JDBC Connection [com.alibaba.druid.pool.DruidStatementConnection@d150ea1] will not be managed by Spring
==>  Preparing: SELECT id,code,name,type,remark,create_time FROM sys_permission ORDER BY id ASC
==> Parameters: 
<==    Columns: id, code, name, type, remark, create_time
<==        Row: 1, app:portal, 门户应用, app, 统一工作台门户, 2026-08-13 09:57:52
<==        Row: 2, app:oa, OA 办公系统, app, 办公自动化, 2026-08-13 09:57:52
<==        Row: 3, app:crm, CRM 客户管理, app, 客户关系管理, 2026-08-13 09:57:52
<==        Row: 4, app:erp, ERP 企业资源, app, 企业资源计划, 2026-08-13 09:57:52
<==        Row: 5, app:bi, BI 数据分析, app, 商业智能分析, 2026-08-13 09:57:52
<==      Total: 5
Closing non transactional SqlSession [org.apache.ibatis.session.defaults.DefaultSqlSession@62ead19c]
2026-08-15T12:05:35.072+08:00 DEBUG 11532 --- [iam-resource-service] [nio-9010-exec-7] o.s.security.web.FilterChainProxy        : Securing GET /api/admin/roles
Creating a new SqlSession
SqlSession [org.apache.ibatis.session.defaults.DefaultSqlSession@54fd0ba8] was not registered for synchronization because synchronization is not active
JDBC Connection [com.alibaba.druid.pool.DruidStatementConnection@d150ea1] will not be managed by Spring
==>  Preparing: SELECT * FROM sys_user WHERE username = ? LIMIT 1
==> Parameters: admin(String)
<==    Columns: id, username, nickname, email, phone, avatar, identity_type, enabled, account_non_expired, account_non_locked, credentials_non_expired, create_time, update_time
<==        Row: 1, admin, 管理员, admin@example.com, null, null, 1, 1, 1, 1, 1, 2026-08-11 20:00:08, 2026-08-13 22:28:45
<==      Total: 1
Closing non transactional SqlSession [org.apache.ibatis.session.defaults.DefaultSqlSession@54fd0ba8]
Creating a new SqlSession
SqlSession [org.apache.ibatis.session.defaults.DefaultSqlSession@58cfba02] was not registered for synchronization because synchronization is not active
JDBC Connection [com.alibaba.druid.pool.DruidStatementConnection@d150ea1] will not be managed by Spring
==>  Preparing: SELECT DISTINCT r.code FROM sys_role r JOIN sys_user_role ur ON ur.role_id = r.id JOIN sys_user u ON u.id = ur.user_id WHERE u.username = ?
==> Parameters: admin(String)
<==    Columns: code
<==        Row: ADMIN
<==      Total: 1
Closing non transactional SqlSession [org.apache.ibatis.session.defaults.DefaultSqlSession@58cfba02]
Creating a new SqlSession
SqlSession [org.apache.ibatis.session.defaults.DefaultSqlSession@4335204f] was not registered for synchronization because synchronization is not active
JDBC Connection [com.alibaba.druid.pool.DruidStatementConnection@d150ea1] will not be managed by Spring
==>  Preparing: SELECT DISTINCT p.code FROM sys_permission p JOIN sys_role_permission rp ON rp.permission_id = p.id JOIN sys_user_role ur ON ur.role_id = rp.role_id JOIN sys_user u ON u.id = ur.user_id WHERE u.username = ?
==> Parameters: admin(String)
<==    Columns: code
<==        Row: app:portal
<==        Row: app:oa
<==        Row: app:erp
<==        Row: app:bi
<==      Total: 4
Closing non transactional SqlSession [org.apache.ibatis.session.defaults.DefaultSqlSession@4335204f]
Creating a new SqlSession
SqlSession [org.apache.ibatis.session.defaults.DefaultSqlSession@64bce6d3] was not registered for synchronization because synchronization is not active
JDBC Connection [com.alibaba.druid.pool.DruidStatementConnection@d150ea1] will not be managed by Spring
==>  Preparing: SELECT DISTINCT r.code FROM sys_role r JOIN sys_user_role ur ON ur.role_id = r.id JOIN sys_user u ON u.id = ur.user_id WHERE u.username = ?
==> Parameters: admin(String)
<==    Columns: code
<==        Row: ADMIN
<==      Total: 1
Closing non transactional SqlSession [org.apache.ibatis.session.defaults.DefaultSqlSession@64bce6d3]
2026-08-15T12:05:35.259+08:00 DEBUG 11532 --- [iam-resource-service] [nio-9010-exec-7] c.RbacAuthoritiesOpaqueTokenIntrospector : [Introspect] 用户令牌注入 RBAC authorities, sub=admin, roles=[ADMIN]
2026-08-15T12:05:35.260+08:00 DEBUG 11532 --- [iam-resource-service] [nio-9010-exec-7] .s.r.a.OpaqueTokenAuthenticationProvider : Authenticated token
2026-08-15T12:05:35.260+08:00 DEBUG 11532 --- [iam-resource-service] [nio-9010-exec-7] .s.r.w.a.BearerTokenAuthenticationFilter : Set SecurityContextHolder to BearerTokenAuthentication [Principal=net.xzh.resource.config.RbacAuthoritiesOpaqueTokenIntrospector$EnrichedPrincipal@709b0879, Credentials=[PROTECTED], Authenticated=true, Details=WebAuthenticationDetails [RemoteIpAddress=127.0.0.1, SessionId=null], Granted Authorities=[SCOPE_read, SCOPE_openid, SCOPE_profile, SCOPE_write, ROLE_ADMIN, app:portal, app:oa, app:erp, app:bi]]
2026-08-15T12:05:35.261+08:00 DEBUG 11532 --- [iam-resource-service] [nio-9010-exec-7] o.s.security.web.FilterChainProxy        : Secured GET /api/admin/roles
Creating a new SqlSession
SqlSession [org.apache.ibatis.session.defaults.DefaultSqlSession@334c9a2] was not registered for synchronization because synchronization is not active
JDBC Connection [com.alibaba.druid.pool.DruidStatementConnection@d150ea1] will not be managed by Spring
==>  Preparing: SELECT id,code,name,remark,create_time,update_time FROM sys_role
==> Parameters: 
<==    Columns: id, code, name, remark, create_time, update_time
<==        Row: 1, ADMIN, 管理员, 拥有全部应用访问权限, 2026-08-13 09:57:52, 2026-08-15 00:06:16
<==        Row: 2, USER, 普通用户, 仅可访问门户与 OA, 2026-08-13 09:57:52, 2026-08-13 09:57:52
<==      Total: 2
Closing non transactional SqlSession [org.apache.ibatis.session.defaults.DefaultSqlSession@334c9a2]
Creating a new SqlSession
SqlSession [org.apache.ibatis.session.defaults.DefaultSqlSession@29f31e8c] was not registered for synchronization because synchronization is not active
JDBC Connection [com.alibaba.druid.pool.DruidStatementConnection@d150ea1] will not be managed by Spring
==>  Preparing: SELECT rp.permission_id FROM sys_role_permission rp WHERE rp.role_id = ?
==> Parameters: 1(Long)
<==    Columns: permission_id
<==        Row: 1
<==        Row: 2
<==        Row: 4
<==        Row: 5
<==      Total: 4
Closing non transactional SqlSession [org.apache.ibatis.session.defaults.DefaultSqlSession@29f31e8c]
Creating a new SqlSession
SqlSession [org.apache.ibatis.session.defaults.DefaultSqlSession@24dfb340] was not registered for synchronization because synchronization is not active
JDBC Connection [com.alibaba.druid.pool.DruidStatementConnection@d150ea1] will not be managed by Spring
==>  Preparing: SELECT rp.permission_id FROM sys_role_permission rp WHERE rp.role_id = ?
==> Parameters: 2(Long)
<==    Columns: permission_id
<==        Row: 1
<==        Row: 2
<==      Total: 2
Closing non transactional SqlSession [org.apache.ibatis.session.defaults.DefaultSqlSession@24dfb340]
2026-08-15T12:12:38.184+08:00 DEBUG 11532 --- [iam-resource-service] [nio-9010-exec-9] o.s.security.web.FilterChainProxy        : Securing GET /api/admin/roles
Creating a new SqlSession
SqlSession [org.apache.ibatis.session.defaults.DefaultSqlSession@6acdd365] was not registered for synchronization because synchronization is not active
JDBC Connection [com.alibaba.druid.pool.DruidStatementConnection@d150ea1] will not be managed by Spring
==>  Preparing: SELECT * FROM sys_user WHERE username = ? LIMIT 1
==> Parameters: admin(String)
<==    Columns: id, username, nickname, email, phone, avatar, identity_type, enabled, account_non_expired, account_non_locked, credentials_non_expired, create_time, update_time
<==        Row: 1, admin, 管理员, admin@example.com, null, null, 1, 1, 1, 1, 1, 2026-08-11 20:00:08, 2026-08-13 22:28:45
<==      Total: 1
Closing non transactional SqlSession [org.apache.ibatis.session.defaults.DefaultSqlSession@6acdd365]
Creating a new SqlSession
SqlSession [org.apache.ibatis.session.defaults.DefaultSqlSession@25328079] was not registered for synchronization because synchronization is not active
JDBC Connection [com.alibaba.druid.pool.DruidStatementConnection@d150ea1] will not be managed by Spring
==>  Preparing: SELECT DISTINCT r.code FROM sys_role r JOIN sys_user_role ur ON ur.role_id = r.id JOIN sys_user u ON u.id = ur.user_id WHERE u.username = ?
==> Parameters: admin(String)
<==    Columns: code
<==        Row: ADMIN
<==      Total: 1
Closing non transactional SqlSession [org.apache.ibatis.session.defaults.DefaultSqlSession@25328079]
Creating a new SqlSession
SqlSession [org.apache.ibatis.session.defaults.DefaultSqlSession@878de03] was not registered for synchronization because synchronization is not active
JDBC Connection [com.alibaba.druid.pool.DruidStatementConnection@d150ea1] will not be managed by Spring
==>  Preparing: SELECT DISTINCT p.code FROM sys_permission p JOIN sys_role_permission rp ON rp.permission_id = p.id JOIN sys_user_role ur ON ur.role_id = rp.role_id JOIN sys_user u ON u.id = ur.user_id WHERE u.username = ?
==> Parameters: admin(String)
<==    Columns: code
<==        Row: app:portal
<==        Row: app:oa
<==        Row: app:erp
<==        Row: app:bi
<==      Total: 4
Closing non transactional SqlSession [org.apache.ibatis.session.defaults.DefaultSqlSession@878de03]
Creating a new SqlSession
SqlSession [org.apache.ibatis.session.defaults.DefaultSqlSession@6f92cc1f] was not registered for synchronization because synchronization is not active
JDBC Connection [com.alibaba.druid.pool.DruidStatementConnection@d150ea1] will not be managed by Spring
==>  Preparing: SELECT DISTINCT r.code FROM sys_role r JOIN sys_user_role ur ON ur.role_id = r.id JOIN sys_user u ON u.id = ur.user_id WHERE u.username = ?
==> Parameters: admin(String)
<==    Columns: code
<==        Row: ADMIN
<==      Total: 1
Closing non transactional SqlSession [org.apache.ibatis.session.defaults.DefaultSqlSession@6f92cc1f]
2026-08-15T12:12:38.412+08:00 DEBUG 11532 --- [iam-resource-service] [nio-9010-exec-9] c.RbacAuthoritiesOpaqueTokenIntrospector : [Introspect] 用户令牌注入 RBAC authorities, sub=admin, roles=[ADMIN]
2026-08-15T12:12:38.413+08:00 DEBUG 11532 --- [iam-resource-service] [nio-9010-exec-9] .s.r.a.OpaqueTokenAuthenticationProvider : Authenticated token
2026-08-15T12:12:38.414+08:00 DEBUG 11532 --- [iam-resource-service] [nio-9010-exec-9] .s.r.w.a.BearerTokenAuthenticationFilter : Set SecurityContextHolder to BearerTokenAuthentication [Principal=net.xzh.resource.config.RbacAuthoritiesOpaqueTokenIntrospector$EnrichedPrincipal@15e8dbb, Credentials=[PROTECTED], Authenticated=true, Details=WebAuthenticationDetails [RemoteIpAddress=127.0.0.1, SessionId=null], Granted Authorities=[SCOPE_read, SCOPE_openid, SCOPE_profile, SCOPE_write, ROLE_ADMIN, app:portal, app:oa, app:erp, app:bi]]
2026-08-15T12:12:38.415+08:00 DEBUG 11532 --- [iam-resource-service] [nio-9010-exec-9] o.s.security.web.FilterChainProxy        : Secured GET /api/admin/roles
Creating a new SqlSession
SqlSession [org.apache.ibatis.session.defaults.DefaultSqlSession@4a7026b2] was not registered for synchronization because synchronization is not active
JDBC Connection [com.alibaba.druid.pool.DruidStatementConnection@d150ea1] will not be managed by Spring
==>  Preparing: SELECT id,code,name,remark,create_time,update_time FROM sys_role
==> Parameters: 
<==    Columns: id, code, name, remark, create_time, update_time
<==        Row: 1, ADMIN, 管理员, 拥有全部应用访问权限, 2026-08-13 09:57:52, 2026-08-15 00:06:16
<==        Row: 2, USER, 普通用户, 仅可访问门户与 OA, 2026-08-13 09:57:52, 2026-08-13 09:57:52
<==      Total: 2
Closing non transactional SqlSession [org.apache.ibatis.session.defaults.DefaultSqlSession@4a7026b2]
Creating a new SqlSession
SqlSession [org.apache.ibatis.session.defaults.DefaultSqlSession@3a3e9197] was not registered for synchronization because synchronization is not active
JDBC Connection [com.alibaba.druid.pool.DruidStatementConnection@d150ea1] will not be managed by Spring
==>  Preparing: SELECT rp.permission_id FROM sys_role_permission rp WHERE rp.role_id = ?
==> Parameters: 1(Long)
<==    Columns: permission_id
<==        Row: 1
<==        Row: 2
<==        Row: 4
<==        Row: 5
<==      Total: 4
Closing non transactional SqlSession [org.apache.ibatis.session.defaults.DefaultSqlSession@3a3e9197]
Creating a new SqlSession
SqlSession [org.apache.ibatis.session.defaults.DefaultSqlSession@4761ac5] was not registered for synchronization because synchronization is not active
JDBC Connection [com.alibaba.druid.pool.DruidStatementConnection@d150ea1] will not be managed by Spring
==>  Preparing: SELECT rp.permission_id FROM sys_role_permission rp WHERE rp.role_id = ?
==> Parameters: 2(Long)
<==    Columns: permission_id
<==        Row: 1
<==        Row: 2
<==      Total: 2
Closing non transactional SqlSession [org.apache.ibatis.session.defaults.DefaultSqlSession@4761ac5]
2026-08-15T12:13:00.183+08:00 DEBUG 11532 --- [iam-resource-service] [io-9010-exec-10] o.s.security.web.FilterChainProxy        : Securing GET /api/admin/permissions
Creating a new SqlSession
SqlSession [org.apache.ibatis.session.defaults.DefaultSqlSession@4c456f10] was not registered for synchronization because synchronization is not active
JDBC Connection [com.alibaba.druid.pool.DruidStatementConnection@d150ea1] will not be managed by Spring
==>  Preparing: SELECT * FROM sys_user WHERE username = ? LIMIT 1
==> Parameters: admin(String)
<==    Columns: id, username, nickname, email, phone, avatar, identity_type, enabled, account_non_expired, account_non_locked, credentials_non_expired, create_time, update_time
<==        Row: 1, admin, 管理员, admin@example.com, null, null, 1, 1, 1, 1, 1, 2026-08-11 20:00:08, 2026-08-13 22:28:45
<==      Total: 1
Closing non transactional SqlSession [org.apache.ibatis.session.defaults.DefaultSqlSession@4c456f10]
Creating a new SqlSession
SqlSession [org.apache.ibatis.session.defaults.DefaultSqlSession@1ff23858] was not registered for synchronization because synchronization is not active
JDBC Connection [com.alibaba.druid.pool.DruidStatementConnection@d150ea1] will not be managed by Spring
==>  Preparing: SELECT DISTINCT r.code FROM sys_role r JOIN sys_user_role ur ON ur.role_id = r.id JOIN sys_user u ON u.id = ur.user_id WHERE u.username = ?
==> Parameters: admin(String)
<==    Columns: code
<==        Row: ADMIN
<==      Total: 1
Closing non transactional SqlSession [org.apache.ibatis.session.defaults.DefaultSqlSession@1ff23858]
Creating a new SqlSession
SqlSession [org.apache.ibatis.session.defaults.DefaultSqlSession@13c5c248] was not registered for synchronization because synchronization is not active
JDBC Connection [com.alibaba.druid.pool.DruidStatementConnection@d150ea1] will not be managed by Spring
==>  Preparing: SELECT DISTINCT p.code FROM sys_permission p JOIN sys_role_permission rp ON rp.permission_id = p.id JOIN sys_user_role ur ON ur.role_id = rp.role_id JOIN sys_user u ON u.id = ur.user_id WHERE u.username = ?
==> Parameters: admin(String)
<==    Columns: code
<==        Row: app:portal
<==        Row: app:oa
<==        Row: app:erp
<==        Row: app:bi
<==      Total: 4
Closing non transactional SqlSession [org.apache.ibatis.session.defaults.DefaultSqlSession@13c5c248]
Creating a new SqlSession
SqlSession [org.apache.ibatis.session.defaults.DefaultSqlSession@340a7203] was not registered for synchronization because synchronization is not active
JDBC Connection [com.alibaba.druid.pool.DruidStatementConnection@d150ea1] will not be managed by Spring
==>  Preparing: SELECT DISTINCT r.code FROM sys_role r JOIN sys_user_role ur ON ur.role_id = r.id JOIN sys_user u ON u.id = ur.user_id WHERE u.username = ?
==> Parameters: admin(String)
<==    Columns: code
<==        Row: ADMIN
<==      Total: 1
Closing non transactional SqlSession [org.apache.ibatis.session.defaults.DefaultSqlSession@340a7203]
2026-08-15T12:13:00.398+08:00 DEBUG 11532 --- [iam-resource-service] [io-9010-exec-10] c.RbacAuthoritiesOpaqueTokenIntrospector : [Introspect] 用户令牌注入 RBAC authorities, sub=admin, roles=[ADMIN]
2026-08-15T12:13:00.399+08:00 DEBUG 11532 --- [iam-resource-service] [io-9010-exec-10] .s.r.a.OpaqueTokenAuthenticationProvider : Authenticated token
2026-08-15T12:13:00.400+08:00 DEBUG 11532 --- [iam-resource-service] [io-9010-exec-10] .s.r.w.a.BearerTokenAuthenticationFilter : Set SecurityContextHolder to BearerTokenAuthentication [Principal=net.xzh.resource.config.RbacAuthoritiesOpaqueTokenIntrospector$EnrichedPrincipal@502664f, Credentials=[PROTECTED], Authenticated=true, Details=WebAuthenticationDetails [RemoteIpAddress=127.0.0.1, SessionId=null], Granted Authorities=[SCOPE_read, SCOPE_openid, SCOPE_profile, SCOPE_write, ROLE_ADMIN, app:portal, app:oa, app:erp, app:bi]]
2026-08-15T12:13:00.401+08:00 DEBUG 11532 --- [iam-resource-service] [io-9010-exec-10] o.s.security.web.FilterChainProxy        : Secured GET /api/admin/permissions
Creating a new SqlSession
SqlSession [org.apache.ibatis.session.defaults.DefaultSqlSession@1a46b88f] was not registered for synchronization because synchronization is not active
JDBC Connection [com.alibaba.druid.pool.DruidStatementConnection@d150ea1] will not be managed by Spring
==>  Preparing: SELECT id,code,name,type,remark,create_time FROM sys_permission ORDER BY id ASC
==> Parameters: 
<==    Columns: id, code, name, type, remark, create_time
<==        Row: 1, app:portal, 门户应用, app, 统一工作台门户, 2026-08-13 09:57:52
<==        Row: 2, app:oa, OA 办公系统, app, 办公自动化, 2026-08-13 09:57:52
<==        Row: 3, app:crm, CRM 客户管理, app, 客户关系管理, 2026-08-13 09:57:52
<==        Row: 4, app:erp, ERP 企业资源, app, 企业资源计划, 2026-08-13 09:57:52
<==        Row: 5, app:bi, BI 数据分析, app, 商业智能分析, 2026-08-13 09:57:52
<==      Total: 5
Closing non transactional SqlSession [org.apache.ibatis.session.defaults.DefaultSqlSession@1a46b88f]
2026-08-15T12:13:01.497+08:00 DEBUG 11532 --- [iam-resource-service] [nio-9010-exec-1] o.s.security.web.FilterChainProxy        : Securing GET /api/admin/roles
Creating a new SqlSession
SqlSession [org.apache.ibatis.session.defaults.DefaultSqlSession@5a9a0017] was not registered for synchronization because synchronization is not active
JDBC Connection [com.alibaba.druid.pool.DruidStatementConnection@d150ea1] will not be managed by Spring
==>  Preparing: SELECT * FROM sys_user WHERE username = ? LIMIT 1
==> Parameters: admin(String)
<==    Columns: id, username, nickname, email, phone, avatar, identity_type, enabled, account_non_expired, account_non_locked, credentials_non_expired, create_time, update_time
<==        Row: 1, admin, 管理员, admin@example.com, null, null, 1, 1, 1, 1, 1, 2026-08-11 20:00:08, 2026-08-13 22:28:45
<==      Total: 1
Closing non transactional SqlSession [org.apache.ibatis.session.defaults.DefaultSqlSession@5a9a0017]
Creating a new SqlSession
SqlSession [org.apache.ibatis.session.defaults.DefaultSqlSession@2d1de1bd] was not registered for synchronization because synchronization is not active
JDBC Connection [com.alibaba.druid.pool.DruidStatementConnection@d150ea1] will not be managed by Spring
==>  Preparing: SELECT DISTINCT r.code FROM sys_role r JOIN sys_user_role ur ON ur.role_id = r.id JOIN sys_user u ON u.id = ur.user_id WHERE u.username = ?
==> Parameters: admin(String)
<==    Columns: code
<==        Row: ADMIN
<==      Total: 1
Closing non transactional SqlSession [org.apache.ibatis.session.defaults.DefaultSqlSession@2d1de1bd]
Creating a new SqlSession
SqlSession [org.apache.ibatis.session.defaults.DefaultSqlSession@384d63b6] was not registered for synchronization because synchronization is not active
JDBC Connection [com.alibaba.druid.pool.DruidStatementConnection@d150ea1] will not be managed by Spring
==>  Preparing: SELECT DISTINCT p.code FROM sys_permission p JOIN sys_role_permission rp ON rp.permission_id = p.id JOIN sys_user_role ur ON ur.role_id = rp.role_id JOIN sys_user u ON u.id = ur.user_id WHERE u.username = ?
==> Parameters: admin(String)
<==    Columns: code
<==        Row: app:portal
<==        Row: app:oa
<==        Row: app:erp
<==        Row: app:bi
<==      Total: 4
Closing non transactional SqlSession [org.apache.ibatis.session.defaults.DefaultSqlSession@384d63b6]
Creating a new SqlSession
SqlSession [org.apache.ibatis.session.defaults.DefaultSqlSession@8af6be] was not registered for synchronization because synchronization is not active
JDBC Connection [com.alibaba.druid.pool.DruidStatementConnection@d150ea1] will not be managed by Spring
==>  Preparing: SELECT DISTINCT r.code FROM sys_role r JOIN sys_user_role ur ON ur.role_id = r.id JOIN sys_user u ON u.id = ur.user_id WHERE u.username = ?
==> Parameters: admin(String)
<==    Columns: code
<==        Row: ADMIN
<==      Total: 1
Closing non transactional SqlSession [org.apache.ibatis.session.defaults.DefaultSqlSession@8af6be]
2026-08-15T12:13:01.701+08:00 DEBUG 11532 --- [iam-resource-service] [nio-9010-exec-1] c.RbacAuthoritiesOpaqueTokenIntrospector : [Introspect] 用户令牌注入 RBAC authorities, sub=admin, roles=[ADMIN]
2026-08-15T12:13:01.701+08:00 DEBUG 11532 --- [iam-resource-service] [nio-9010-exec-1] .s.r.a.OpaqueTokenAuthenticationProvider : Authenticated token
2026-08-15T12:13:01.701+08:00 DEBUG 11532 --- [iam-resource-service] [nio-9010-exec-1] .s.r.w.a.BearerTokenAuthenticationFilter : Set SecurityContextHolder to BearerTokenAuthentication [Principal=net.xzh.resource.config.RbacAuthoritiesOpaqueTokenIntrospector$EnrichedPrincipal@b365ed9, Credentials=[PROTECTED], Authenticated=true, Details=WebAuthenticationDetails [RemoteIpAddress=127.0.0.1, SessionId=null], Granted Authorities=[SCOPE_read, SCOPE_openid, SCOPE_profile, SCOPE_write, ROLE_ADMIN, app:portal, app:oa, app:erp, app:bi]]
2026-08-15T12:13:01.702+08:00 DEBUG 11532 --- [iam-resource-service] [nio-9010-exec-1] o.s.security.web.FilterChainProxy        : Secured GET /api/admin/roles
Creating a new SqlSession
SqlSession [org.apache.ibatis.session.defaults.DefaultSqlSession@e51c281] was not registered for synchronization because synchronization is not active
JDBC Connection [com.alibaba.druid.pool.DruidStatementConnection@d150ea1] will not be managed by Spring
==>  Preparing: SELECT id,code,name,remark,create_time,update_time FROM sys_role
==> Parameters: 
<==    Columns: id, code, name, remark, create_time, update_time
<==        Row: 1, ADMIN, 管理员, 拥有全部应用访问权限, 2026-08-13 09:57:52, 2026-08-15 00:06:16
<==        Row: 2, USER, 普通用户, 仅可访问门户与 OA, 2026-08-13 09:57:52, 2026-08-13 09:57:52
<==      Total: 2
Closing non transactional SqlSession [org.apache.ibatis.session.defaults.DefaultSqlSession@e51c281]
Creating a new SqlSession
SqlSession [org.apache.ibatis.session.defaults.DefaultSqlSession@2fcf77f8] was not registered for synchronization because synchronization is not active
JDBC Connection [com.alibaba.druid.pool.DruidStatementConnection@d150ea1] will not be managed by Spring
==>  Preparing: SELECT rp.permission_id FROM sys_role_permission rp WHERE rp.role_id = ?
==> Parameters: 1(Long)
<==    Columns: permission_id
<==        Row: 1
<==        Row: 2
<==        Row: 4
<==        Row: 5
<==      Total: 4
Closing non transactional SqlSession [org.apache.ibatis.session.defaults.DefaultSqlSession@2fcf77f8]
Creating a new SqlSession
SqlSession [org.apache.ibatis.session.defaults.DefaultSqlSession@16f3a9c3] was not registered for synchronization because synchronization is not active
JDBC Connection [com.alibaba.druid.pool.DruidStatementConnection@d150ea1] will not be managed by Spring
==>  Preparing: SELECT rp.permission_id FROM sys_role_permission rp WHERE rp.role_id = ?
==> Parameters: 2(Long)
<==    Columns: permission_id
<==        Row: 1
<==        Row: 2
<==      Total: 2
Closing non transactional SqlSession [org.apache.ibatis.session.defaults.DefaultSqlSession@16f3a9c3]
2026-08-15T12:13:02.839+08:00 DEBUG 11532 --- [iam-resource-service] [nio-9010-exec-2] o.s.security.web.FilterChainProxy        : Securing GET /api/admin/roles
Creating a new SqlSession
SqlSession [org.apache.ibatis.session.defaults.DefaultSqlSession@4241545f] was not registered for synchronization because synchronization is not active
JDBC Connection [com.alibaba.druid.pool.DruidStatementConnection@d150ea1] will not be managed by Spring
==>  Preparing: SELECT * FROM sys_user WHERE username = ? LIMIT 1
==> Parameters: admin(String)
<==    Columns: id, username, nickname, email, phone, avatar, identity_type, enabled, account_non_expired, account_non_locked, credentials_non_expired, create_time, update_time
<==        Row: 1, admin, 管理员, admin@example.com, null, null, 1, 1, 1, 1, 1, 2026-08-11 20:00:08, 2026-08-13 22:28:45
<==      Total: 1
Closing non transactional SqlSession [org.apache.ibatis.session.defaults.DefaultSqlSession@4241545f]
Creating a new SqlSession
SqlSession [org.apache.ibatis.session.defaults.DefaultSqlSession@309023e8] was not registered for synchronization because synchronization is not active
JDBC Connection [com.alibaba.druid.pool.DruidStatementConnection@d150ea1] will not be managed by Spring
==>  Preparing: SELECT DISTINCT r.code FROM sys_role r JOIN sys_user_role ur ON ur.role_id = r.id JOIN sys_user u ON u.id = ur.user_id WHERE u.username = ?
==> Parameters: admin(String)
<==    Columns: code
<==        Row: ADMIN
<==      Total: 1
Closing non transactional SqlSession [org.apache.ibatis.session.defaults.DefaultSqlSession@309023e8]
Creating a new SqlSession
SqlSession [org.apache.ibatis.session.defaults.DefaultSqlSession@34ab689b] was not registered for synchronization because synchronization is not active
JDBC Connection [com.alibaba.druid.pool.DruidStatementConnection@d150ea1] will not be managed by Spring
==>  Preparing: SELECT DISTINCT p.code FROM sys_permission p JOIN sys_role_permission rp ON rp.permission_id = p.id JOIN sys_user_role ur ON ur.role_id = rp.role_id JOIN sys_user u ON u.id = ur.user_id WHERE u.username = ?
==> Parameters: admin(String)
<==    Columns: code
<==        Row: app:portal
<==        Row: app:oa
<==        Row: app:erp
<==        Row: app:bi
<==      Total: 4
Closing non transactional SqlSession [org.apache.ibatis.session.defaults.DefaultSqlSession@34ab689b]
Creating a new SqlSession
SqlSession [org.apache.ibatis.session.defaults.DefaultSqlSession@47392e0e] was not registered for synchronization because synchronization is not active
JDBC Connection [com.alibaba.druid.pool.DruidStatementConnection@d150ea1] will not be managed by Spring
==>  Preparing: SELECT DISTINCT r.code FROM sys_role r JOIN sys_user_role ur ON ur.role_id = r.id JOIN sys_user u ON u.id = ur.user_id WHERE u.username = ?
==> Parameters: admin(String)
<==    Columns: code
<==        Row: ADMIN
<==      Total: 1
Closing non transactional SqlSession [org.apache.ibatis.session.defaults.DefaultSqlSession@47392e0e]
2026-08-15T12:13:03.081+08:00 DEBUG 11532 --- [iam-resource-service] [nio-9010-exec-2] c.RbacAuthoritiesOpaqueTokenIntrospector : [Introspect] 用户令牌注入 RBAC authorities, sub=admin, roles=[ADMIN]
2026-08-15T12:13:03.082+08:00 DEBUG 11532 --- [iam-resource-service] [nio-9010-exec-2] .s.r.a.OpaqueTokenAuthenticationProvider : Authenticated token
2026-08-15T12:13:03.083+08:00 DEBUG 11532 --- [iam-resource-service] [nio-9010-exec-2] .s.r.w.a.BearerTokenAuthenticationFilter : Set SecurityContextHolder to BearerTokenAuthentication [Principal=net.xzh.resource.config.RbacAuthoritiesOpaqueTokenIntrospector$EnrichedPrincipal@5503d112, Credentials=[PROTECTED], Authenticated=true, Details=WebAuthenticationDetails [RemoteIpAddress=127.0.0.1, SessionId=null], Granted Authorities=[SCOPE_read, SCOPE_openid, SCOPE_profile, SCOPE_write, ROLE_ADMIN, app:portal, app:oa, app:erp, app:bi]]
2026-08-15T12:13:03.084+08:00 DEBUG 11532 --- [iam-resource-service] [nio-9010-exec-2] o.s.security.web.FilterChainProxy        : Secured GET /api/admin/roles
Creating a new SqlSession
SqlSession [org.apache.ibatis.session.defaults.DefaultSqlSession@1d2e4a13] was not registered for synchronization because synchronization is not active
JDBC Connection [com.alibaba.druid.pool.DruidStatementConnection@d150ea1] will not be managed by Spring
==>  Preparing: SELECT id,code,name,remark,create_time,update_time FROM sys_role
==> Parameters: 
<==    Columns: id, code, name, remark, create_time, update_time
<==        Row: 1, ADMIN, 管理员, 拥有全部应用访问权限, 2026-08-13 09:57:52, 2026-08-15 00:06:16
<==        Row: 2, USER, 普通用户, 仅可访问门户与 OA, 2026-08-13 09:57:52, 2026-08-13 09:57:52
<==      Total: 2
Closing non transactional SqlSession [org.apache.ibatis.session.defaults.DefaultSqlSession@1d2e4a13]
Creating a new SqlSession
SqlSession [org.apache.ibatis.session.defaults.DefaultSqlSession@350755b3] was not registered for synchronization because synchronization is not active
JDBC Connection [com.alibaba.druid.pool.DruidStatementConnection@d150ea1] will not be managed by Spring
==>  Preparing: SELECT rp.permission_id FROM sys_role_permission rp WHERE rp.role_id = ?
==> Parameters: 1(Long)
<==    Columns: permission_id
<==        Row: 1
<==        Row: 2
<==        Row: 4
<==        Row: 5
<==      Total: 4
Closing non transactional SqlSession [org.apache.ibatis.session.defaults.DefaultSqlSession@350755b3]
Creating a new SqlSession
SqlSession [org.apache.ibatis.session.defaults.DefaultSqlSession@11d62a49] was not registered for synchronization because synchronization is not active
JDBC Connection [com.alibaba.druid.pool.DruidStatementConnection@d150ea1] will not be managed by Spring
==>  Preparing: SELECT rp.permission_id FROM sys_role_permission rp WHERE rp.role_id = ?
==> Parameters: 2(Long)
<==    Columns: permission_id
<==        Row: 1
<==        Row: 2
<==      Total: 2
Closing non transactional SqlSession [org.apache.ibatis.session.defaults.DefaultSqlSession@11d62a49]
2026-08-15T12:13:03.379+08:00 DEBUG 11532 --- [iam-resource-service] [nio-9010-exec-3] o.s.security.web.FilterChainProxy        : Securing GET /api/admin/roles
Creating a new SqlSession
SqlSession [org.apache.ibatis.session.defaults.DefaultSqlSession@5b395fce] was not registered for synchronization because synchronization is not active
JDBC Connection [com.alibaba.druid.pool.DruidStatementConnection@d150ea1] will not be managed by Spring
==>  Preparing: SELECT * FROM sys_user WHERE username = ? LIMIT 1
==> Parameters: admin(String)
<==    Columns: id, username, nickname, email, phone, avatar, identity_type, enabled, account_non_expired, account_non_locked, credentials_non_expired, create_time, update_time
<==        Row: 1, admin, 管理员, admin@example.com, null, null, 1, 1, 1, 1, 1, 2026-08-11 20:00:08, 2026-08-13 22:28:45
<==      Total: 1
Closing non transactional SqlSession [org.apache.ibatis.session.defaults.DefaultSqlSession@5b395fce]
Creating a new SqlSession
SqlSession [org.apache.ibatis.session.defaults.DefaultSqlSession@6f95ed2c] was not registered for synchronization because synchronization is not active
JDBC Connection [com.alibaba.druid.pool.DruidStatementConnection@d150ea1] will not be managed by Spring
==>  Preparing: SELECT DISTINCT r.code FROM sys_role r JOIN sys_user_role ur ON ur.role_id = r.id JOIN sys_user u ON u.id = ur.user_id WHERE u.username = ?
==> Parameters: admin(String)
<==    Columns: code
<==        Row: ADMIN
<==      Total: 1
Closing non transactional SqlSession [org.apache.ibatis.session.defaults.DefaultSqlSession@6f95ed2c]
Creating a new SqlSession
SqlSession [org.apache.ibatis.session.defaults.DefaultSqlSession@591b4055] was not registered for synchronization because synchronization is not active
JDBC Connection [com.alibaba.druid.pool.DruidStatementConnection@d150ea1] will not be managed by Spring
==>  Preparing: SELECT DISTINCT p.code FROM sys_permission p JOIN sys_role_permission rp ON rp.permission_id = p.id JOIN sys_user_role ur ON ur.role_id = rp.role_id JOIN sys_user u ON u.id = ur.user_id WHERE u.username = ?
==> Parameters: admin(String)
<==    Columns: code
<==        Row: app:portal
<==        Row: app:oa
<==        Row: app:erp
<==        Row: app:bi
<==      Total: 4
Closing non transactional SqlSession [org.apache.ibatis.session.defaults.DefaultSqlSession@591b4055]
Creating a new SqlSession
SqlSession [org.apache.ibatis.session.defaults.DefaultSqlSession@61e3765e] was not registered for synchronization because synchronization is not active
JDBC Connection [com.alibaba.druid.pool.DruidStatementConnection@d150ea1] will not be managed by Spring
==>  Preparing: SELECT DISTINCT r.code FROM sys_role r JOIN sys_user_role ur ON ur.role_id = r.id JOIN sys_user u ON u.id = ur.user_id WHERE u.username = ?
==> Parameters: admin(String)
<==    Columns: code
<==        Row: ADMIN
<==      Total: 1
Closing non transactional SqlSession [org.apache.ibatis.session.defaults.DefaultSqlSession@61e3765e]
2026-08-15T12:13:03.652+08:00 DEBUG 11532 --- [iam-resource-service] [nio-9010-exec-3] c.RbacAuthoritiesOpaqueTokenIntrospector : [Introspect] 用户令牌注入 RBAC authorities, sub=admin, roles=[ADMIN]
2026-08-15T12:13:03.653+08:00 DEBUG 11532 --- [iam-resource-service] [nio-9010-exec-3] .s.r.a.OpaqueTokenAuthenticationProvider : Authenticated token
2026-08-15T12:13:03.653+08:00 DEBUG 11532 --- [iam-resource-service] [nio-9010-exec-3] .s.r.w.a.BearerTokenAuthenticationFilter : Set SecurityContextHolder to BearerTokenAuthentication [Principal=net.xzh.resource.config.RbacAuthoritiesOpaqueTokenIntrospector$EnrichedPrincipal@479c8a3b, Credentials=[PROTECTED], Authenticated=true, Details=WebAuthenticationDetails [RemoteIpAddress=127.0.0.1, SessionId=null], Granted Authorities=[SCOPE_read, SCOPE_openid, SCOPE_profile, SCOPE_write, ROLE_ADMIN, app:portal, app:oa, app:erp, app:bi]]
2026-08-15T12:13:03.654+08:00 DEBUG 11532 --- [iam-resource-service] [nio-9010-exec-3] o.s.security.web.FilterChainProxy        : Secured GET /api/admin/roles
Creating a new SqlSession
SqlSession [org.apache.ibatis.session.defaults.DefaultSqlSession@1e84e03f] was not registered for synchronization because synchronization is not active
JDBC Connection [com.alibaba.druid.pool.DruidStatementConnection@d150ea1] will not be managed by Spring
==>  Preparing: SELECT id,code,name,remark,create_time,update_time FROM sys_role
==> Parameters: 
<==    Columns: id, code, name, remark, create_time, update_time
<==        Row: 1, ADMIN, 管理员, 拥有全部应用访问权限, 2026-08-13 09:57:52, 2026-08-15 00:06:16
<==        Row: 2, USER, 普通用户, 仅可访问门户与 OA, 2026-08-13 09:57:52, 2026-08-13 09:57:52
<==      Total: 2
Closing non transactional SqlSession [org.apache.ibatis.session.defaults.DefaultSqlSession@1e84e03f]
Creating a new SqlSession
SqlSession [org.apache.ibatis.session.defaults.DefaultSqlSession@1346e5e7] was not registered for synchronization because synchronization is not active
JDBC Connection [com.alibaba.druid.pool.DruidStatementConnection@d150ea1] will not be managed by Spring
==>  Preparing: SELECT rp.permission_id FROM sys_role_permission rp WHERE rp.role_id = ?
==> Parameters: 1(Long)
<==    Columns: permission_id
<==        Row: 1
<==        Row: 2
<==        Row: 4
<==        Row: 5
<==      Total: 4
Closing non transactional SqlSession [org.apache.ibatis.session.defaults.DefaultSqlSession@1346e5e7]
Creating a new SqlSession
SqlSession [org.apache.ibatis.session.defaults.DefaultSqlSession@994e3d4] was not registered for synchronization because synchronization is not active
JDBC Connection [com.alibaba.druid.pool.DruidStatementConnection@d150ea1] will not be managed by Spring
==>  Preparing: SELECT rp.permission_id FROM sys_role_permission rp WHERE rp.role_id = ?
==> Parameters: 2(Long)
<==    Columns: permission_id
<==        Row: 1
<==        Row: 2
<==      Total: 2
Closing non transactional SqlSession [org.apache.ibatis.session.defaults.DefaultSqlSession@994e3d4]
2026-08-15T12:13:04.658+08:00 DEBUG 11532 --- [iam-resource-service] [nio-9010-exec-5] o.s.security.web.FilterChainProxy        : Securing GET /api/admin/permissions
Creating a new SqlSession
SqlSession [org.apache.ibatis.session.defaults.DefaultSqlSession@79b6a608] was not registered for synchronization because synchronization is not active
JDBC Connection [com.alibaba.druid.pool.DruidStatementConnection@d150ea1] will not be managed by Spring
==>  Preparing: SELECT * FROM sys_user WHERE username = ? LIMIT 1
==> Parameters: admin(String)
<==    Columns: id, username, nickname, email, phone, avatar, identity_type, enabled, account_non_expired, account_non_locked, credentials_non_expired, create_time, update_time
<==        Row: 1, admin, 管理员, admin@example.com, null, null, 1, 1, 1, 1, 1, 2026-08-11 20:00:08, 2026-08-13 22:28:45
<==      Total: 1
Closing non transactional SqlSession [org.apache.ibatis.session.defaults.DefaultSqlSession@79b6a608]
Creating a new SqlSession
SqlSession [org.apache.ibatis.session.defaults.DefaultSqlSession@4bde426b] was not registered for synchronization because synchronization is not active
JDBC Connection [com.alibaba.druid.pool.DruidStatementConnection@d150ea1] will not be managed by Spring
==>  Preparing: SELECT DISTINCT r.code FROM sys_role r JOIN sys_user_role ur ON ur.role_id = r.id JOIN sys_user u ON u.id = ur.user_id WHERE u.username = ?
==> Parameters: admin(String)
<==    Columns: code
<==        Row: ADMIN
<==      Total: 1
Closing non transactional SqlSession [org.apache.ibatis.session.defaults.DefaultSqlSession@4bde426b]
Creating a new SqlSession
SqlSession [org.apache.ibatis.session.defaults.DefaultSqlSession@45212ede] was not registered for synchronization because synchronization is not active
JDBC Connection [com.alibaba.druid.pool.DruidStatementConnection@d150ea1] will not be managed by Spring
==>  Preparing: SELECT DISTINCT p.code FROM sys_permission p JOIN sys_role_permission rp ON rp.permission_id = p.id JOIN sys_user_role ur ON ur.role_id = rp.role_id JOIN sys_user u ON u.id = ur.user_id WHERE u.username = ?
==> Parameters: admin(String)
<==    Columns: code
<==        Row: app:portal
<==        Row: app:oa
<==        Row: app:erp
<==        Row: app:bi
<==      Total: 4
Closing non transactional SqlSession [org.apache.ibatis.session.defaults.DefaultSqlSession@45212ede]
Creating a new SqlSession
SqlSession [org.apache.ibatis.session.defaults.DefaultSqlSession@519d594e] was not registered for synchronization because synchronization is not active
JDBC Connection [com.alibaba.druid.pool.DruidStatementConnection@d150ea1] will not be managed by Spring
==>  Preparing: SELECT DISTINCT r.code FROM sys_role r JOIN sys_user_role ur ON ur.role_id = r.id JOIN sys_user u ON u.id = ur.user_id WHERE u.username = ?
==> Parameters: admin(String)
<==    Columns: code
<==        Row: ADMIN
<==      Total: 1
Closing non transactional SqlSession [org.apache.ibatis.session.defaults.DefaultSqlSession@519d594e]
2026-08-15T12:13:04.864+08:00 DEBUG 11532 --- [iam-resource-service] [nio-9010-exec-5] c.RbacAuthoritiesOpaqueTokenIntrospector : [Introspect] 用户令牌注入 RBAC authorities, sub=admin, roles=[ADMIN]
2026-08-15T12:13:04.865+08:00 DEBUG 11532 --- [iam-resource-service] [nio-9010-exec-5] .s.r.a.OpaqueTokenAuthenticationProvider : Authenticated token
2026-08-15T12:13:04.865+08:00 DEBUG 11532 --- [iam-resource-service] [nio-9010-exec-5] .s.r.w.a.BearerTokenAuthenticationFilter : Set SecurityContextHolder to BearerTokenAuthentication [Principal=net.xzh.resource.config.RbacAuthoritiesOpaqueTokenIntrospector$EnrichedPrincipal@4e466e1c, Credentials=[PROTECTED], Authenticated=true, Details=WebAuthenticationDetails [RemoteIpAddress=127.0.0.1, SessionId=null], Granted Authorities=[SCOPE_read, SCOPE_openid, SCOPE_profile, SCOPE_write, ROLE_ADMIN, app:portal, app:oa, app:erp, app:bi]]
2026-08-15T12:13:04.867+08:00 DEBUG 11532 --- [iam-resource-service] [nio-9010-exec-5] o.s.security.web.FilterChainProxy        : Secured GET /api/admin/permissions
Creating a new SqlSession
SqlSession [org.apache.ibatis.session.defaults.DefaultSqlSession@3bf07b85] was not registered for synchronization because synchronization is not active
JDBC Connection [com.alibaba.druid.pool.DruidStatementConnection@d150ea1] will not be managed by Spring
==>  Preparing: SELECT id,code,name,type,remark,create_time FROM sys_permission ORDER BY id ASC
==> Parameters: 
<==    Columns: id, code, name, type, remark, create_time
<==        Row: 1, app:portal, 门户应用, app, 统一工作台门户, 2026-08-13 09:57:52
<==        Row: 2, app:oa, OA 办公系统, app, 办公自动化, 2026-08-13 09:57:52
<==        Row: 3, app:crm, CRM 客户管理, app, 客户关系管理, 2026-08-13 09:57:52
<==        Row: 4, app:erp, ERP 企业资源, app, 企业资源计划, 2026-08-13 09:57:52
<==        Row: 5, app:bi, BI 数据分析, app, 商业智能分析, 2026-08-13 09:57:52
<==      Total: 5
Closing non transactional SqlSession [org.apache.ibatis.session.defaults.DefaultSqlSession@3bf07b85]
2026-08-15T12:13:08.095+08:00 DEBUG 11532 --- [iam-resource-service] [nio-9010-exec-4] o.s.security.web.FilterChainProxy        : Securing GET /api/admin/roles
Creating a new SqlSession
SqlSession [org.apache.ibatis.session.defaults.DefaultSqlSession@19991997] was not registered for synchronization because synchronization is not active
JDBC Connection [com.alibaba.druid.pool.DruidStatementConnection@d150ea1] will not be managed by Spring
==>  Preparing: SELECT * FROM sys_user WHERE username = ? LIMIT 1
==> Parameters: admin(String)
<==    Columns: id, username, nickname, email, phone, avatar, identity_type, enabled, account_non_expired, account_non_locked, credentials_non_expired, create_time, update_time
<==        Row: 1, admin, 管理员, admin@example.com, null, null, 1, 1, 1, 1, 1, 2026-08-11 20:00:08, 2026-08-13 22:28:45
<==      Total: 1
Closing non transactional SqlSession [org.apache.ibatis.session.defaults.DefaultSqlSession@19991997]
Creating a new SqlSession
SqlSession [org.apache.ibatis.session.defaults.DefaultSqlSession@60123087] was not registered for synchronization because synchronization is not active
JDBC Connection [com.alibaba.druid.pool.DruidStatementConnection@d150ea1] will not be managed by Spring
==>  Preparing: SELECT DISTINCT r.code FROM sys_role r JOIN sys_user_role ur ON ur.role_id = r.id JOIN sys_user u ON u.id = ur.user_id WHERE u.username = ?
==> Parameters: admin(String)
<==    Columns: code
<==        Row: ADMIN
<==      Total: 1
Closing non transactional SqlSession [org.apache.ibatis.session.defaults.DefaultSqlSession@60123087]
Creating a new SqlSession
SqlSession [org.apache.ibatis.session.defaults.DefaultSqlSession@6c62e1fc] was not registered for synchronization because synchronization is not active
JDBC Connection [com.alibaba.druid.pool.DruidStatementConnection@d150ea1] will not be managed by Spring
==>  Preparing: SELECT DISTINCT p.code FROM sys_permission p JOIN sys_role_permission rp ON rp.permission_id = p.id JOIN sys_user_role ur ON ur.role_id = rp.role_id JOIN sys_user u ON u.id = ur.user_id WHERE u.username = ?
==> Parameters: admin(String)
<==    Columns: code
<==        Row: app:portal
<==        Row: app:oa
<==        Row: app:erp
<==        Row: app:bi
<==      Total: 4
Closing non transactional SqlSession [org.apache.ibatis.session.defaults.DefaultSqlSession@6c62e1fc]
Creating a new SqlSession
SqlSession [org.apache.ibatis.session.defaults.DefaultSqlSession@4affa553] was not registered for synchronization because synchronization is not active
JDBC Connection [com.alibaba.druid.pool.DruidStatementConnection@d150ea1] will not be managed by Spring
==>  Preparing: SELECT DISTINCT r.code FROM sys_role r JOIN sys_user_role ur ON ur.role_id = r.id JOIN sys_user u ON u.id = ur.user_id WHERE u.username = ?
==> Parameters: admin(String)
<==    Columns: code
<==        Row: ADMIN
<==      Total: 1
Closing non transactional SqlSession [org.apache.ibatis.session.defaults.DefaultSqlSession@4affa553]
2026-08-15T12:13:08.298+08:00 DEBUG 11532 --- [iam-resource-service] [nio-9010-exec-4] c.RbacAuthoritiesOpaqueTokenIntrospector : [Introspect] 用户令牌注入 RBAC authorities, sub=admin, roles=[ADMIN]
2026-08-15T12:13:08.299+08:00 DEBUG 11532 --- [iam-resource-service] [nio-9010-exec-4] .s.r.a.OpaqueTokenAuthenticationProvider : Authenticated token
2026-08-15T12:13:08.299+08:00 DEBUG 11532 --- [iam-resource-service] [nio-9010-exec-4] .s.r.w.a.BearerTokenAuthenticationFilter : Set SecurityContextHolder to BearerTokenAuthentication [Principal=net.xzh.resource.config.RbacAuthoritiesOpaqueTokenIntrospector$EnrichedPrincipal@3c111f55, Credentials=[PROTECTED], Authenticated=true, Details=WebAuthenticationDetails [RemoteIpAddress=127.0.0.1, SessionId=null], Granted Authorities=[SCOPE_read, SCOPE_openid, SCOPE_profile, SCOPE_write, ROLE_ADMIN, app:portal, app:oa, app:erp, app:bi]]
2026-08-15T12:13:08.300+08:00 DEBUG 11532 --- [iam-resource-service] [nio-9010-exec-4] o.s.security.web.FilterChainProxy        : Secured GET /api/admin/roles
Creating a new SqlSession
SqlSession [org.apache.ibatis.session.defaults.DefaultSqlSession@4616a1bc] was not registered for synchronization because synchronization is not active
JDBC Connection [com.alibaba.druid.pool.DruidStatementConnection@d150ea1] will not be managed by Spring
==>  Preparing: SELECT id,code,name,remark,create_time,update_time FROM sys_role
==> Parameters: 
<==    Columns: id, code, name, remark, create_time, update_time
<==        Row: 1, ADMIN, 管理员, 拥有全部应用访问权限, 2026-08-13 09:57:52, 2026-08-15 00:06:16
<==        Row: 2, USER, 普通用户, 仅可访问门户与 OA, 2026-08-13 09:57:52, 2026-08-13 09:57:52
<==      Total: 2
Closing non transactional SqlSession [org.apache.ibatis.session.defaults.DefaultSqlSession@4616a1bc]
Creating a new SqlSession
SqlSession [org.apache.ibatis.session.defaults.DefaultSqlSession@d55394d] was not registered for synchronization because synchronization is not active
JDBC Connection [com.alibaba.druid.pool.DruidStatementConnection@d150ea1] will not be managed by Spring
==>  Preparing: SELECT rp.permission_id FROM sys_role_permission rp WHERE rp.role_id = ?
==> Parameters: 1(Long)
<==    Columns: permission_id
<==        Row: 1
<==        Row: 2
<==        Row: 4
<==        Row: 5
<==      Total: 4
Closing non transactional SqlSession [org.apache.ibatis.session.defaults.DefaultSqlSession@d55394d]
Creating a new SqlSession
SqlSession [org.apache.ibatis.session.defaults.DefaultSqlSession@4ae239c9] was not registered for synchronization because synchronization is not active
JDBC Connection [com.alibaba.druid.pool.DruidStatementConnection@d150ea1] will not be managed by Spring
==>  Preparing: SELECT rp.permission_id FROM sys_role_permission rp WHERE rp.role_id = ?
==> Parameters: 2(Long)
<==    Columns: permission_id
<==        Row: 1
<==        Row: 2
<==      Total: 2
Closing non transactional SqlSession [org.apache.ibatis.session.defaults.DefaultSqlSession@4ae239c9]
2026-08-15T12:13:10.726+08:00 DEBUG 11532 --- [iam-resource-service] [nio-9010-exec-6] o.s.security.web.FilterChainProxy        : Securing GET /api/admin/roles
Creating a new SqlSession
SqlSession [org.apache.ibatis.session.defaults.DefaultSqlSession@14234c7a] was not registered for synchronization because synchronization is not active
JDBC Connection [com.alibaba.druid.pool.DruidStatementConnection@d150ea1] will not be managed by Spring
==>  Preparing: SELECT * FROM sys_user WHERE username = ? LIMIT 1
==> Parameters: admin(String)
<==    Columns: id, username, nickname, email, phone, avatar, identity_type, enabled, account_non_expired, account_non_locked, credentials_non_expired, create_time, update_time
<==        Row: 1, admin, 管理员, admin@example.com, null, null, 1, 1, 1, 1, 1, 2026-08-11 20:00:08, 2026-08-13 22:28:45
<==      Total: 1
Closing non transactional SqlSession [org.apache.ibatis.session.defaults.DefaultSqlSession@14234c7a]
Creating a new SqlSession
SqlSession [org.apache.ibatis.session.defaults.DefaultSqlSession@22525c4b] was not registered for synchronization because synchronization is not active
JDBC Connection [com.alibaba.druid.pool.DruidStatementConnection@d150ea1] will not be managed by Spring
==>  Preparing: SELECT DISTINCT r.code FROM sys_role r JOIN sys_user_role ur ON ur.role_id = r.id JOIN sys_user u ON u.id = ur.user_id WHERE u.username = ?
==> Parameters: admin(String)
<==    Columns: code
<==        Row: ADMIN
<==      Total: 1
Closing non transactional SqlSession [org.apache.ibatis.session.defaults.DefaultSqlSession@22525c4b]
Creating a new SqlSession
SqlSession [org.apache.ibatis.session.defaults.DefaultSqlSession@1abcc4d9] was not registered for synchronization because synchronization is not active
JDBC Connection [com.alibaba.druid.pool.DruidStatementConnection@d150ea1] will not be managed by Spring
==>  Preparing: SELECT DISTINCT p.code FROM sys_permission p JOIN sys_role_permission rp ON rp.permission_id = p.id JOIN sys_user_role ur ON ur.role_id = rp.role_id JOIN sys_user u ON u.id = ur.user_id WHERE u.username = ?
==> Parameters: admin(String)
<==    Columns: code
<==        Row: app:portal
<==        Row: app:oa
<==        Row: app:erp
<==        Row: app:bi
<==      Total: 4
Closing non transactional SqlSession [org.apache.ibatis.session.defaults.DefaultSqlSession@1abcc4d9]
Creating a new SqlSession
SqlSession [org.apache.ibatis.session.defaults.DefaultSqlSession@155c9e3d] was not registered for synchronization because synchronization is not active
JDBC Connection [com.alibaba.druid.pool.DruidStatementConnection@d150ea1] will not be managed by Spring
==>  Preparing: SELECT DISTINCT r.code FROM sys_role r JOIN sys_user_role ur ON ur.role_id = r.id JOIN sys_user u ON u.id = ur.user_id WHERE u.username = ?
==> Parameters: admin(String)
<==    Columns: code
<==        Row: ADMIN
<==      Total: 1
Closing non transactional SqlSession [org.apache.ibatis.session.defaults.DefaultSqlSession@155c9e3d]
2026-08-15T12:13:10.905+08:00 DEBUG 11532 --- [iam-resource-service] [nio-9010-exec-6] c.RbacAuthoritiesOpaqueTokenIntrospector : [Introspect] 用户令牌注入 RBAC authorities, sub=admin, roles=[ADMIN]
2026-08-15T12:13:10.905+08:00 DEBUG 11532 --- [iam-resource-service] [nio-9010-exec-6] .s.r.a.OpaqueTokenAuthenticationProvider : Authenticated token
2026-08-15T12:13:10.906+08:00 DEBUG 11532 --- [iam-resource-service] [nio-9010-exec-6] .s.r.w.a.BearerTokenAuthenticationFilter : Set SecurityContextHolder to BearerTokenAuthentication [Principal=net.xzh.resource.config.RbacAuthoritiesOpaqueTokenIntrospector$EnrichedPrincipal@6d19addf, Credentials=[PROTECTED], Authenticated=true, Details=WebAuthenticationDetails [RemoteIpAddress=127.0.0.1, SessionId=null], Granted Authorities=[SCOPE_read, SCOPE_openid, SCOPE_profile, SCOPE_write, ROLE_ADMIN, app:portal, app:oa, app:erp, app:bi]]
2026-08-15T12:13:10.906+08:00 DEBUG 11532 --- [iam-resource-service] [nio-9010-exec-6] o.s.security.web.FilterChainProxy        : Secured GET /api/admin/roles
Creating a new SqlSession
SqlSession [org.apache.ibatis.session.defaults.DefaultSqlSession@29f77c43] was not registered for synchronization because synchronization is not active
JDBC Connection [com.alibaba.druid.pool.DruidStatementConnection@d150ea1] will not be managed by Spring
==>  Preparing: SELECT id,code,name,remark,create_time,update_time FROM sys_role
==> Parameters: 
<==    Columns: id, code, name, remark, create_time, update_time
<==        Row: 1, ADMIN, 管理员, 拥有全部应用访问权限, 2026-08-13 09:57:52, 2026-08-15 00:06:16
<==        Row: 2, USER, 普通用户, 仅可访问门户与 OA, 2026-08-13 09:57:52, 2026-08-13 09:57:52
<==      Total: 2
Closing non transactional SqlSession [org.apache.ibatis.session.defaults.DefaultSqlSession@29f77c43]
Creating a new SqlSession
SqlSession [org.apache.ibatis.session.defaults.DefaultSqlSession@30f59e87] was not registered for synchronization because synchronization is not active
JDBC Connection [com.alibaba.druid.pool.DruidStatementConnection@d150ea1] will not be managed by Spring
==>  Preparing: SELECT rp.permission_id FROM sys_role_permission rp WHERE rp.role_id = ?
==> Parameters: 1(Long)
<==    Columns: permission_id
<==        Row: 1
<==        Row: 2
<==        Row: 4
<==        Row: 5
<==      Total: 4
Closing non transactional SqlSession [org.apache.ibatis.session.defaults.DefaultSqlSession@30f59e87]
Creating a new SqlSession
SqlSession [org.apache.ibatis.session.defaults.DefaultSqlSession@225c920] was not registered for synchronization because synchronization is not active
JDBC Connection [com.alibaba.druid.pool.DruidStatementConnection@d150ea1] will not be managed by Spring
==>  Preparing: SELECT rp.permission_id FROM sys_role_permission rp WHERE rp.role_id = ?
==> Parameters: 2(Long)
<==    Columns: permission_id
<==        Row: 1
<==        Row: 2
<==      Total: 2
Closing non transactional SqlSession [org.apache.ibatis.session.defaults.DefaultSqlSession@225c920]
2026-08-15T12:13:11.270+08:00 DEBUG 11532 --- [iam-resource-service] [nio-9010-exec-7] o.s.security.web.FilterChainProxy        : Securing GET /api/admin/roles
Creating a new SqlSession
SqlSession [org.apache.ibatis.session.defaults.DefaultSqlSession@7cd6e489] was not registered for synchronization because synchronization is not active
JDBC Connection [com.alibaba.druid.pool.DruidStatementConnection@d150ea1] will not be managed by Spring
==>  Preparing: SELECT * FROM sys_user WHERE username = ? LIMIT 1
==> Parameters: admin(String)
<==    Columns: id, username, nickname, email, phone, avatar, identity_type, enabled, account_non_expired, account_non_locked, credentials_non_expired, create_time, update_time
<==        Row: 1, admin, 管理员, admin@example.com, null, null, 1, 1, 1, 1, 1, 2026-08-11 20:00:08, 2026-08-13 22:28:45
<==      Total: 1
Closing non transactional SqlSession [org.apache.ibatis.session.defaults.DefaultSqlSession@7cd6e489]
Creating a new SqlSession
SqlSession [org.apache.ibatis.session.defaults.DefaultSqlSession@3cc8c10a] was not registered for synchronization because synchronization is not active
JDBC Connection [com.alibaba.druid.pool.DruidStatementConnection@d150ea1] will not be managed by Spring
==>  Preparing: SELECT DISTINCT r.code FROM sys_role r JOIN sys_user_role ur ON ur.role_id = r.id JOIN sys_user u ON u.id = ur.user_id WHERE u.username = ?
==> Parameters: admin(String)
<==    Columns: code
<==        Row: ADMIN
<==      Total: 1
Closing non transactional SqlSession [org.apache.ibatis.session.defaults.DefaultSqlSession@3cc8c10a]
Creating a new SqlSession
SqlSession [org.apache.ibatis.session.defaults.DefaultSqlSession@3efe7ce5] was not registered for synchronization because synchronization is not active
JDBC Connection [com.alibaba.druid.pool.DruidStatementConnection@d150ea1] will not be managed by Spring
==>  Preparing: SELECT DISTINCT p.code FROM sys_permission p JOIN sys_role_permission rp ON rp.permission_id = p.id JOIN sys_user_role ur ON ur.role_id = rp.role_id JOIN sys_user u ON u.id = ur.user_id WHERE u.username = ?
==> Parameters: admin(String)
<==    Columns: code
<==        Row: app:portal
<==        Row: app:oa
<==        Row: app:erp
<==        Row: app:bi
<==      Total: 4
Closing non transactional SqlSession [org.apache.ibatis.session.defaults.DefaultSqlSession@3efe7ce5]
Creating a new SqlSession
SqlSession [org.apache.ibatis.session.defaults.DefaultSqlSession@8e1887] was not registered for synchronization because synchronization is not active
JDBC Connection [com.alibaba.druid.pool.DruidStatementConnection@d150ea1] will not be managed by Spring
==>  Preparing: SELECT DISTINCT r.code FROM sys_role r JOIN sys_user_role ur ON ur.role_id = r.id JOIN sys_user u ON u.id = ur.user_id WHERE u.username = ?
==> Parameters: admin(String)
<==    Columns: code
<==        Row: ADMIN
<==      Total: 1
Closing non transactional SqlSession [org.apache.ibatis.session.defaults.DefaultSqlSession@8e1887]
2026-08-15T12:13:11.444+08:00 DEBUG 11532 --- [iam-resource-service] [nio-9010-exec-7] c.RbacAuthoritiesOpaqueTokenIntrospector : [Introspect] 用户令牌注入 RBAC authorities, sub=admin, roles=[ADMIN]
2026-08-15T12:13:11.445+08:00 DEBUG 11532 --- [iam-resource-service] [nio-9010-exec-7] .s.r.a.OpaqueTokenAuthenticationProvider : Authenticated token
2026-08-15T12:13:11.445+08:00 DEBUG 11532 --- [iam-resource-service] [nio-9010-exec-7] .s.r.w.a.BearerTokenAuthenticationFilter : Set SecurityContextHolder to BearerTokenAuthentication [Principal=net.xzh.resource.config.RbacAuthoritiesOpaqueTokenIntrospector$EnrichedPrincipal@13214bf, Credentials=[PROTECTED], Authenticated=true, Details=WebAuthenticationDetails [RemoteIpAddress=127.0.0.1, SessionId=null], Granted Authorities=[SCOPE_read, SCOPE_openid, SCOPE_profile, SCOPE_write, ROLE_ADMIN, app:portal, app:oa, app:erp, app:bi]]
2026-08-15T12:13:11.446+08:00 DEBUG 11532 --- [iam-resource-service] [nio-9010-exec-7] o.s.security.web.FilterChainProxy        : Secured GET /api/admin/roles
Creating a new SqlSession
SqlSession [org.apache.ibatis.session.defaults.DefaultSqlSession@59ec1445] was not registered for synchronization because synchronization is not active
JDBC Connection [com.alibaba.druid.pool.DruidStatementConnection@d150ea1] will not be managed by Spring
==>  Preparing: SELECT id,code,name,remark,create_time,update_time FROM sys_role
==> Parameters: 
<==    Columns: id, code, name, remark, create_time, update_time
<==        Row: 1, ADMIN, 管理员, 拥有全部应用访问权限, 2026-08-13 09:57:52, 2026-08-15 00:06:16
<==        Row: 2, USER, 普通用户, 仅可访问门户与 OA, 2026-08-13 09:57:52, 2026-08-13 09:57:52
<==      Total: 2
Closing non transactional SqlSession [org.apache.ibatis.session.defaults.DefaultSqlSession@59ec1445]
Creating a new SqlSession
SqlSession [org.apache.ibatis.session.defaults.DefaultSqlSession@574a52b7] was not registered for synchronization because synchronization is not active
JDBC Connection [com.alibaba.druid.pool.DruidStatementConnection@d150ea1] will not be managed by Spring
==>  Preparing: SELECT rp.permission_id FROM sys_role_permission rp WHERE rp.role_id = ?
==> Parameters: 1(Long)
<==    Columns: permission_id
<==        Row: 1
<==        Row: 2
<==        Row: 4
<==        Row: 5
<==      Total: 4
Closing non transactional SqlSession [org.apache.ibatis.session.defaults.DefaultSqlSession@574a52b7]
Creating a new SqlSession
SqlSession [org.apache.ibatis.session.defaults.DefaultSqlSession@7f3b49bd] was not registered for synchronization because synchronization is not active
JDBC Connection [com.alibaba.druid.pool.DruidStatementConnection@d150ea1] will not be managed by Spring
==>  Preparing: SELECT rp.permission_id FROM sys_role_permission rp WHERE rp.role_id = ?
==> Parameters: 2(Long)
<==    Columns: permission_id
<==        Row: 1
<==        Row: 2
<==      Total: 2
Closing non transactional SqlSession [org.apache.ibatis.session.defaults.DefaultSqlSession@7f3b49bd]
2026-08-15T12:13:11.879+08:00 DEBUG 11532 --- [iam-resource-service] [nio-9010-exec-8] o.s.security.web.FilterChainProxy        : Securing GET /api/admin/permissions
Creating a new SqlSession
SqlSession [org.apache.ibatis.session.defaults.DefaultSqlSession@20ec72b4] was not registered for synchronization because synchronization is not active
JDBC Connection [com.alibaba.druid.pool.DruidStatementConnection@d150ea1] will not be managed by Spring
==>  Preparing: SELECT * FROM sys_user WHERE username = ? LIMIT 1
==> Parameters: admin(String)
<==    Columns: id, username, nickname, email, phone, avatar, identity_type, enabled, account_non_expired, account_non_locked, credentials_non_expired, create_time, update_time
<==        Row: 1, admin, 管理员, admin@example.com, null, null, 1, 1, 1, 1, 1, 2026-08-11 20:00:08, 2026-08-13 22:28:45
<==      Total: 1
Closing non transactional SqlSession [org.apache.ibatis.session.defaults.DefaultSqlSession@20ec72b4]
Creating a new SqlSession
SqlSession [org.apache.ibatis.session.defaults.DefaultSqlSession@3b033de7] was not registered for synchronization because synchronization is not active
JDBC Connection [com.alibaba.druid.pool.DruidStatementConnection@d150ea1] will not be managed by Spring
==>  Preparing: SELECT DISTINCT r.code FROM sys_role r JOIN sys_user_role ur ON ur.role_id = r.id JOIN sys_user u ON u.id = ur.user_id WHERE u.username = ?
==> Parameters: admin(String)
<==    Columns: code
<==        Row: ADMIN
<==      Total: 1
Closing non transactional SqlSession [org.apache.ibatis.session.defaults.DefaultSqlSession@3b033de7]
Creating a new SqlSession
SqlSession [org.apache.ibatis.session.defaults.DefaultSqlSession@b083308] was not registered for synchronization because synchronization is not active
JDBC Connection [com.alibaba.druid.pool.DruidStatementConnection@d150ea1] will not be managed by Spring
==>  Preparing: SELECT DISTINCT p.code FROM sys_permission p JOIN sys_role_permission rp ON rp.permission_id = p.id JOIN sys_user_role ur ON ur.role_id = rp.role_id JOIN sys_user u ON u.id = ur.user_id WHERE u.username = ?
==> Parameters: admin(String)
<==    Columns: code
<==        Row: app:portal
<==        Row: app:oa
<==        Row: app:erp
<==        Row: app:bi
<==      Total: 4
Closing non transactional SqlSession [org.apache.ibatis.session.defaults.DefaultSqlSession@b083308]
Creating a new SqlSession
SqlSession [org.apache.ibatis.session.defaults.DefaultSqlSession@593d9f2] was not registered for synchronization because synchronization is not active
JDBC Connection [com.alibaba.druid.pool.DruidStatementConnection@d150ea1] will not be managed by Spring
==>  Preparing: SELECT DISTINCT r.code FROM sys_role r JOIN sys_user_role ur ON ur.role_id = r.id JOIN sys_user u ON u.id = ur.user_id WHERE u.username = ?
==> Parameters: admin(String)
<==    Columns: code
<==        Row: ADMIN
<==      Total: 1
Closing non transactional SqlSession [org.apache.ibatis.session.defaults.DefaultSqlSession@593d9f2]
2026-08-15T12:13:12.084+08:00 DEBUG 11532 --- [iam-resource-service] [nio-9010-exec-8] c.RbacAuthoritiesOpaqueTokenIntrospector : [Introspect] 用户令牌注入 RBAC authorities, sub=admin, roles=[ADMIN]
2026-08-15T12:13:12.084+08:00 DEBUG 11532 --- [iam-resource-service] [nio-9010-exec-8] .s.r.a.OpaqueTokenAuthenticationProvider : Authenticated token
2026-08-15T12:13:12.085+08:00 DEBUG 11532 --- [iam-resource-service] [nio-9010-exec-8] .s.r.w.a.BearerTokenAuthenticationFilter : Set SecurityContextHolder to BearerTokenAuthentication [Principal=net.xzh.resource.config.RbacAuthoritiesOpaqueTokenIntrospector$EnrichedPrincipal@13acc92c, Credentials=[PROTECTED], Authenticated=true, Details=WebAuthenticationDetails [RemoteIpAddress=127.0.0.1, SessionId=null], Granted Authorities=[SCOPE_read, SCOPE_openid, SCOPE_profile, SCOPE_write, ROLE_ADMIN, app:portal, app:oa, app:erp, app:bi]]
2026-08-15T12:13:12.086+08:00 DEBUG 11532 --- [iam-resource-service] [nio-9010-exec-8] o.s.security.web.FilterChainProxy        : Secured GET /api/admin/permissions
Creating a new SqlSession
SqlSession [org.apache.ibatis.session.defaults.DefaultSqlSession@5d184dce] was not registered for synchronization because synchronization is not active
JDBC Connection [com.alibaba.druid.pool.DruidStatementConnection@d150ea1] will not be managed by Spring
==>  Preparing: SELECT id,code,name,type,remark,create_time FROM sys_permission ORDER BY id ASC
==> Parameters: 
<==    Columns: id, code, name, type, remark, create_time
<==        Row: 1, app:portal, 门户应用, app, 统一工作台门户, 2026-08-13 09:57:52
<==        Row: 2, app:oa, OA 办公系统, app, 办公自动化, 2026-08-13 09:57:52
<==        Row: 3, app:crm, CRM 客户管理, app, 客户关系管理, 2026-08-13 09:57:52
<==        Row: 4, app:erp, ERP 企业资源, app, 企业资源计划, 2026-08-13 09:57:52
<==        Row: 5, app:bi, BI 数据分析, app, 商业智能分析, 2026-08-13 09:57:52
<==      Total: 5
Closing non transactional SqlSession [org.apache.ibatis.session.defaults.DefaultSqlSession@5d184dce]
2026-08-15T12:13:16.234+08:00 DEBUG 11532 --- [iam-resource-service] [nio-9010-exec-9] o.s.security.web.FilterChainProxy        : Securing GET /api/admin/permissions
Creating a new SqlSession
SqlSession [org.apache.ibatis.session.defaults.DefaultSqlSession@2653e876] was not registered for synchronization because synchronization is not active
JDBC Connection [com.alibaba.druid.pool.DruidStatementConnection@d150ea1] will not be managed by Spring
==>  Preparing: SELECT * FROM sys_user WHERE username = ? LIMIT 1
==> Parameters: admin(String)
<==    Columns: id, username, nickname, email, phone, avatar, identity_type, enabled, account_non_expired, account_non_locked, credentials_non_expired, create_time, update_time
<==        Row: 1, admin, 管理员, admin@example.com, null, null, 1, 1, 1, 1, 1, 2026-08-11 20:00:08, 2026-08-13 22:28:45
<==      Total: 1
Closing non transactional SqlSession [org.apache.ibatis.session.defaults.DefaultSqlSession@2653e876]
Creating a new SqlSession
SqlSession [org.apache.ibatis.session.defaults.DefaultSqlSession@1a3602b1] was not registered for synchronization because synchronization is not active
JDBC Connection [com.alibaba.druid.pool.DruidStatementConnection@d150ea1] will not be managed by Spring
==>  Preparing: SELECT DISTINCT r.code FROM sys_role r JOIN sys_user_role ur ON ur.role_id = r.id JOIN sys_user u ON u.id = ur.user_id WHERE u.username = ?
==> Parameters: admin(String)
<==    Columns: code
<==        Row: ADMIN
<==      Total: 1
Closing non transactional SqlSession [org.apache.ibatis.session.defaults.DefaultSqlSession@1a3602b1]
Creating a new SqlSession
SqlSession [org.apache.ibatis.session.defaults.DefaultSqlSession@30d5873d] was not registered for synchronization because synchronization is not active
JDBC Connection [com.alibaba.druid.pool.DruidStatementConnection@d150ea1] will not be managed by Spring
==>  Preparing: SELECT DISTINCT p.code FROM sys_permission p JOIN sys_role_permission rp ON rp.permission_id = p.id JOIN sys_user_role ur ON ur.role_id = rp.role_id JOIN sys_user u ON u.id = ur.user_id WHERE u.username = ?
==> Parameters: admin(String)
<==    Columns: code
<==        Row: app:portal
<==        Row: app:oa
<==        Row: app:erp
<==        Row: app:bi
<==      Total: 4
Closing non transactional SqlSession [org.apache.ibatis.session.defaults.DefaultSqlSession@30d5873d]
Creating a new SqlSession
SqlSession [org.apache.ibatis.session.defaults.DefaultSqlSession@20e8a247] was not registered for synchronization because synchronization is not active
JDBC Connection [com.alibaba.druid.pool.DruidStatementConnection@d150ea1] will not be managed by Spring
==>  Preparing: SELECT DISTINCT r.code FROM sys_role r JOIN sys_user_role ur ON ur.role_id = r.id JOIN sys_user u ON u.id = ur.user_id WHERE u.username = ?
==> Parameters: admin(String)
<==    Columns: code
<==        Row: ADMIN
<==      Total: 1
Closing non transactional SqlSession [org.apache.ibatis.session.defaults.DefaultSqlSession@20e8a247]
2026-08-15T12:13:16.434+08:00 DEBUG 11532 --- [iam-resource-service] [nio-9010-exec-9] c.RbacAuthoritiesOpaqueTokenIntrospector : [Introspect] 用户令牌注入 RBAC authorities, sub=admin, roles=[ADMIN]
2026-08-15T12:13:16.435+08:00 DEBUG 11532 --- [iam-resource-service] [nio-9010-exec-9] .s.r.a.OpaqueTokenAuthenticationProvider : Authenticated token
2026-08-15T12:13:16.436+08:00 DEBUG 11532 --- [iam-resource-service] [nio-9010-exec-9] .s.r.w.a.BearerTokenAuthenticationFilter : Set SecurityContextHolder to BearerTokenAuthentication [Principal=net.xzh.resource.config.RbacAuthoritiesOpaqueTokenIntrospector$EnrichedPrincipal@53fa1f7b, Credentials=[PROTECTED], Authenticated=true, Details=WebAuthenticationDetails [RemoteIpAddress=127.0.0.1, SessionId=null], Granted Authorities=[SCOPE_read, SCOPE_openid, SCOPE_profile, SCOPE_write, ROLE_ADMIN, app:portal, app:oa, app:erp, app:bi]]
2026-08-15T12:13:16.436+08:00 DEBUG 11532 --- [iam-resource-service] [nio-9010-exec-9] o.s.security.web.FilterChainProxy        : Secured GET /api/admin/permissions
Creating a new SqlSession
SqlSession [org.apache.ibatis.session.defaults.DefaultSqlSession@51c83fae] was not registered for synchronization because synchronization is not active
JDBC Connection [com.alibaba.druid.pool.DruidStatementConnection@d150ea1] will not be managed by Spring
==>  Preparing: SELECT id,code,name,type,remark,create_time FROM sys_permission ORDER BY id ASC
==> Parameters: 
<==    Columns: id, code, name, type, remark, create_time
<==        Row: 1, app:portal, 门户应用, app, 统一工作台门户, 2026-08-13 09:57:52
<==        Row: 2, app:oa, OA 办公系统, app, 办公自动化, 2026-08-13 09:57:52
<==        Row: 3, app:crm, CRM 客户管理, app, 客户关系管理, 2026-08-13 09:57:52
<==        Row: 4, app:erp, ERP 企业资源, app, 企业资源计划, 2026-08-13 09:57:52
<==        Row: 5, app:bi, BI 数据分析, app, 商业智能分析, 2026-08-13 09:57:52
<==      Total: 5
Closing non transactional SqlSession [org.apache.ibatis.session.defaults.DefaultSqlSession@51c83fae]
2026-08-15T12:13:16.619+08:00 DEBUG 11532 --- [iam-resource-service] [io-9010-exec-10] o.s.security.web.FilterChainProxy        : Securing GET /api/admin/roles
Creating a new SqlSession
SqlSession [org.apache.ibatis.session.defaults.DefaultSqlSession@2a7d69e8] was not registered for synchronization because synchronization is not active
JDBC Connection [com.alibaba.druid.pool.DruidStatementConnection@d150ea1] will not be managed by Spring
==>  Preparing: SELECT * FROM sys_user WHERE username = ? LIMIT 1
==> Parameters: admin(String)
<==    Columns: id, username, nickname, email, phone, avatar, identity_type, enabled, account_non_expired, account_non_locked, credentials_non_expired, create_time, update_time
<==        Row: 1, admin, 管理员, admin@example.com, null, null, 1, 1, 1, 1, 1, 2026-08-11 20:00:08, 2026-08-13 22:28:45
<==      Total: 1
Closing non transactional SqlSession [org.apache.ibatis.session.defaults.DefaultSqlSession@2a7d69e8]
Creating a new SqlSession
SqlSession [org.apache.ibatis.session.defaults.DefaultSqlSession@34096274] was not registered for synchronization because synchronization is not active
JDBC Connection [com.alibaba.druid.pool.DruidStatementConnection@d150ea1] will not be managed by Spring
==>  Preparing: SELECT DISTINCT r.code FROM sys_role r JOIN sys_user_role ur ON ur.role_id = r.id JOIN sys_user u ON u.id = ur.user_id WHERE u.username = ?
==> Parameters: admin(String)
<==    Columns: code
<==        Row: ADMIN
<==      Total: 1
Closing non transactional SqlSession [org.apache.ibatis.session.defaults.DefaultSqlSession@34096274]
Creating a new SqlSession
SqlSession [org.apache.ibatis.session.defaults.DefaultSqlSession@13d57448] was not registered for synchronization because synchronization is not active
JDBC Connection [com.alibaba.druid.pool.DruidStatementConnection@d150ea1] will not be managed by Spring
==>  Preparing: SELECT DISTINCT p.code FROM sys_permission p JOIN sys_role_permission rp ON rp.permission_id = p.id JOIN sys_user_role ur ON ur.role_id = rp.role_id JOIN sys_user u ON u.id = ur.user_id WHERE u.username = ?
==> Parameters: admin(String)
<==    Columns: code
<==        Row: app:portal
<==        Row: app:oa
<==        Row: app:erp
<==        Row: app:bi
<==      Total: 4
Closing non transactional SqlSession [org.apache.ibatis.session.defaults.DefaultSqlSession@13d57448]
Creating a new SqlSession
SqlSession [org.apache.ibatis.session.defaults.DefaultSqlSession@361dcb00] was not registered for synchronization because synchronization is not active
JDBC Connection [com.alibaba.druid.pool.DruidStatementConnection@d150ea1] will not be managed by Spring
==>  Preparing: SELECT DISTINCT r.code FROM sys_role r JOIN sys_user_role ur ON ur.role_id = r.id JOIN sys_user u ON u.id = ur.user_id WHERE u.username = ?
==> Parameters: admin(String)
<==    Columns: code
<==        Row: ADMIN
<==      Total: 1
Closing non transactional SqlSession [org.apache.ibatis.session.defaults.DefaultSqlSession@361dcb00]
2026-08-15T12:13:16.847+08:00 DEBUG 11532 --- [iam-resource-service] [io-9010-exec-10] c.RbacAuthoritiesOpaqueTokenIntrospector : [Introspect] 用户令牌注入 RBAC authorities, sub=admin, roles=[ADMIN]
2026-08-15T12:13:16.847+08:00 DEBUG 11532 --- [iam-resource-service] [io-9010-exec-10] .s.r.a.OpaqueTokenAuthenticationProvider : Authenticated token
2026-08-15T12:13:16.848+08:00 DEBUG 11532 --- [iam-resource-service] [io-9010-exec-10] .s.r.w.a.BearerTokenAuthenticationFilter : Set SecurityContextHolder to BearerTokenAuthentication [Principal=net.xzh.resource.config.RbacAuthoritiesOpaqueTokenIntrospector$EnrichedPrincipal@6f3b8191, Credentials=[PROTECTED], Authenticated=true, Details=WebAuthenticationDetails [RemoteIpAddress=127.0.0.1, SessionId=null], Granted Authorities=[SCOPE_read, SCOPE_openid, SCOPE_profile, SCOPE_write, ROLE_ADMIN, app:portal, app:oa, app:erp, app:bi]]
2026-08-15T12:13:16.848+08:00 DEBUG 11532 --- [iam-resource-service] [io-9010-exec-10] o.s.security.web.FilterChainProxy        : Secured GET /api/admin/roles
Creating a new SqlSession
SqlSession [org.apache.ibatis.session.defaults.DefaultSqlSession@669e62bd] was not registered for synchronization because synchronization is not active
JDBC Connection [com.alibaba.druid.pool.DruidStatementConnection@d150ea1] will not be managed by Spring
==>  Preparing: SELECT id,code,name,remark,create_time,update_time FROM sys_role
==> Parameters: 
<==    Columns: id, code, name, remark, create_time, update_time
<==        Row: 1, ADMIN, 管理员, 拥有全部应用访问权限, 2026-08-13 09:57:52, 2026-08-15 00:06:16
<==        Row: 2, USER, 普通用户, 仅可访问门户与 OA, 2026-08-13 09:57:52, 2026-08-13 09:57:52
<==      Total: 2
Closing non transactional SqlSession [org.apache.ibatis.session.defaults.DefaultSqlSession@669e62bd]
Creating a new SqlSession
SqlSession [org.apache.ibatis.session.defaults.DefaultSqlSession@4fc613b6] was not registered for synchronization because synchronization is not active
JDBC Connection [com.alibaba.druid.pool.DruidStatementConnection@d150ea1] will not be managed by Spring
==>  Preparing: SELECT rp.permission_id FROM sys_role_permission rp WHERE rp.role_id = ?
==> Parameters: 1(Long)
<==    Columns: permission_id
<==        Row: 1
<==        Row: 2
<==        Row: 4
<==        Row: 5
<==      Total: 4
Closing non transactional SqlSession [org.apache.ibatis.session.defaults.DefaultSqlSession@4fc613b6]
Creating a new SqlSession
SqlSession [org.apache.ibatis.session.defaults.DefaultSqlSession@695c3a69] was not registered for synchronization because synchronization is not active
JDBC Connection [com.alibaba.druid.pool.DruidStatementConnection@d150ea1] will not be managed by Spring
==>  Preparing: SELECT rp.permission_id FROM sys_role_permission rp WHERE rp.role_id = ?
==> Parameters: 2(Long)
<==    Columns: permission_id
<==        Row: 1
<==        Row: 2
<==      Total: 2
Closing non transactional SqlSession [org.apache.ibatis.session.defaults.DefaultSqlSession@695c3a69]
2026-08-15T12:13:16.936+08:00 DEBUG 11532 --- [iam-resource-service] [nio-9010-exec-1] o.s.security.web.FilterChainProxy        : Securing GET /api/admin/roles
Creating a new SqlSession
SqlSession [org.apache.ibatis.session.defaults.DefaultSqlSession@542ff0d2] was not registered for synchronization because synchronization is not active
JDBC Connection [com.alibaba.druid.pool.DruidStatementConnection@d150ea1] will not be managed by Spring
==>  Preparing: SELECT * FROM sys_user WHERE username = ? LIMIT 1
==> Parameters: admin(String)
<==    Columns: id, username, nickname, email, phone, avatar, identity_type, enabled, account_non_expired, account_non_locked, credentials_non_expired, create_time, update_time
<==        Row: 1, admin, 管理员, admin@example.com, null, null, 1, 1, 1, 1, 1, 2026-08-11 20:00:08, 2026-08-13 22:28:45
<==      Total: 1
Closing non transactional SqlSession [org.apache.ibatis.session.defaults.DefaultSqlSession@542ff0d2]
Creating a new SqlSession
SqlSession [org.apache.ibatis.session.defaults.DefaultSqlSession@78aa285c] was not registered for synchronization because synchronization is not active
JDBC Connection [com.alibaba.druid.pool.DruidStatementConnection@d150ea1] will not be managed by Spring
==>  Preparing: SELECT DISTINCT r.code FROM sys_role r JOIN sys_user_role ur ON ur.role_id = r.id JOIN sys_user u ON u.id = ur.user_id WHERE u.username = ?
==> Parameters: admin(String)
<==    Columns: code
<==        Row: ADMIN
<==      Total: 1
Closing non transactional SqlSession [org.apache.ibatis.session.defaults.DefaultSqlSession@78aa285c]
Creating a new SqlSession
SqlSession [org.apache.ibatis.session.defaults.DefaultSqlSession@a460a08] was not registered for synchronization because synchronization is not active
JDBC Connection [com.alibaba.druid.pool.DruidStatementConnection@d150ea1] will not be managed by Spring
==>  Preparing: SELECT DISTINCT p.code FROM sys_permission p JOIN sys_role_permission rp ON rp.permission_id = p.id JOIN sys_user_role ur ON ur.role_id = rp.role_id JOIN sys_user u ON u.id = ur.user_id WHERE u.username = ?
==> Parameters: admin(String)
<==    Columns: code
<==        Row: app:portal
<==        Row: app:oa
<==        Row: app:erp
<==        Row: app:bi
<==      Total: 4
Closing non transactional SqlSession [org.apache.ibatis.session.defaults.DefaultSqlSession@a460a08]
Creating a new SqlSession
SqlSession [org.apache.ibatis.session.defaults.DefaultSqlSession@315b3448] was not registered for synchronization because synchronization is not active
JDBC Connection [com.alibaba.druid.pool.DruidStatementConnection@d150ea1] will not be managed by Spring
==>  Preparing: SELECT DISTINCT r.code FROM sys_role r JOIN sys_user_role ur ON ur.role_id = r.id JOIN sys_user u ON u.id = ur.user_id WHERE u.username = ?
==> Parameters: admin(String)
<==    Columns: code
<==        Row: ADMIN
<==      Total: 1
Closing non transactional SqlSession [org.apache.ibatis.session.defaults.DefaultSqlSession@315b3448]
2026-08-15T12:13:17.113+08:00 DEBUG 11532 --- [iam-resource-service] [nio-9010-exec-1] c.RbacAuthoritiesOpaqueTokenIntrospector : [Introspect] 用户令牌注入 RBAC authorities, sub=admin, roles=[ADMIN]
2026-08-15T12:13:17.114+08:00 DEBUG 11532 --- [iam-resource-service] [nio-9010-exec-1] .s.r.a.OpaqueTokenAuthenticationProvider : Authenticated token
2026-08-15T12:13:17.115+08:00 DEBUG 11532 --- [iam-resource-service] [nio-9010-exec-1] .s.r.w.a.BearerTokenAuthenticationFilter : Set SecurityContextHolder to BearerTokenAuthentication [Principal=net.xzh.resource.config.RbacAuthoritiesOpaqueTokenIntrospector$EnrichedPrincipal@c8847a0, Credentials=[PROTECTED], Authenticated=true, Details=WebAuthenticationDetails [RemoteIpAddress=127.0.0.1, SessionId=null], Granted Authorities=[SCOPE_read, SCOPE_openid, SCOPE_profile, SCOPE_write, ROLE_ADMIN, app:portal, app:oa, app:erp, app:bi]]
2026-08-15T12:13:17.116+08:00 DEBUG 11532 --- [iam-resource-service] [nio-9010-exec-1] o.s.security.web.FilterChainProxy        : Secured GET /api/admin/roles
Creating a new SqlSession
SqlSession [org.apache.ibatis.session.defaults.DefaultSqlSession@44e49d11] was not registered for synchronization because synchronization is not active
JDBC Connection [com.alibaba.druid.pool.DruidStatementConnection@d150ea1] will not be managed by Spring
==>  Preparing: SELECT id,code,name,remark,create_time,update_time FROM sys_role
==> Parameters: 
<==    Columns: id, code, name, remark, create_time, update_time
<==        Row: 1, ADMIN, 管理员, 拥有全部应用访问权限, 2026-08-13 09:57:52, 2026-08-15 00:06:16
<==        Row: 2, USER, 普通用户, 仅可访问门户与 OA, 2026-08-13 09:57:52, 2026-08-13 09:57:52
<==      Total: 2
Closing non transactional SqlSession [org.apache.ibatis.session.defaults.DefaultSqlSession@44e49d11]
Creating a new SqlSession
SqlSession [org.apache.ibatis.session.defaults.DefaultSqlSession@3aaeedb4] was not registered for synchronization because synchronization is not active
JDBC Connection [com.alibaba.druid.pool.DruidStatementConnection@d150ea1] will not be managed by Spring
==>  Preparing: SELECT rp.permission_id FROM sys_role_permission rp WHERE rp.role_id = ?
==> Parameters: 1(Long)
<==    Columns: permission_id
<==        Row: 1
<==        Row: 2
<==        Row: 4
<==        Row: 5
<==      Total: 4
Closing non transactional SqlSession [org.apache.ibatis.session.defaults.DefaultSqlSession@3aaeedb4]
Creating a new SqlSession
SqlSession [org.apache.ibatis.session.defaults.DefaultSqlSession@14390f88] was not registered for synchronization because synchronization is not active
JDBC Connection [com.alibaba.druid.pool.DruidStatementConnection@d150ea1] will not be managed by Spring
==>  Preparing: SELECT rp.permission_id FROM sys_role_permission rp WHERE rp.role_id = ?
==> Parameters: 2(Long)
<==    Columns: permission_id
<==        Row: 1
<==        Row: 2
<==      Total: 2
Closing non transactional SqlSession [org.apache.ibatis.session.defaults.DefaultSqlSession@14390f88]
2026-08-15T12:13:21.632+08:00 DEBUG 11532 --- [iam-resource-service] [nio-9010-exec-2] o.s.security.web.FilterChainProxy        : Securing GET /api/admin/roles
Creating a new SqlSession
SqlSession [org.apache.ibatis.session.defaults.DefaultSqlSession@47343697] was not registered for synchronization because synchronization is not active
JDBC Connection [com.alibaba.druid.pool.DruidStatementConnection@d150ea1] will not be managed by Spring
==>  Preparing: SELECT * FROM sys_user WHERE username = ? LIMIT 1
==> Parameters: admin(String)
<==    Columns: id, username, nickname, email, phone, avatar, identity_type, enabled, account_non_expired, account_non_locked, credentials_non_expired, create_time, update_time
<==        Row: 1, admin, 管理员, admin@example.com, null, null, 1, 1, 1, 1, 1, 2026-08-11 20:00:08, 2026-08-13 22:28:45
<==      Total: 1
Closing non transactional SqlSession [org.apache.ibatis.session.defaults.DefaultSqlSession@47343697]
Creating a new SqlSession
SqlSession [org.apache.ibatis.session.defaults.DefaultSqlSession@25df5c3c] was not registered for synchronization because synchronization is not active
JDBC Connection [com.alibaba.druid.pool.DruidStatementConnection@d150ea1] will not be managed by Spring
==>  Preparing: SELECT DISTINCT r.code FROM sys_role r JOIN sys_user_role ur ON ur.role_id = r.id JOIN sys_user u ON u.id = ur.user_id WHERE u.username = ?
==> Parameters: admin(String)
<==    Columns: code
<==        Row: ADMIN
<==      Total: 1
Closing non transactional SqlSession [org.apache.ibatis.session.defaults.DefaultSqlSession@25df5c3c]
Creating a new SqlSession
SqlSession [org.apache.ibatis.session.defaults.DefaultSqlSession@12d9c8c] was not registered for synchronization because synchronization is not active
JDBC Connection [com.alibaba.druid.pool.DruidStatementConnection@d150ea1] will not be managed by Spring
==>  Preparing: SELECT DISTINCT p.code FROM sys_permission p JOIN sys_role_permission rp ON rp.permission_id = p.id JOIN sys_user_role ur ON ur.role_id = rp.role_id JOIN sys_user u ON u.id = ur.user_id WHERE u.username = ?
==> Parameters: admin(String)
<==    Columns: code
<==        Row: app:portal
<==        Row: app:oa
<==        Row: app:erp
<==        Row: app:bi
<==      Total: 4
Closing non transactional SqlSession [org.apache.ibatis.session.defaults.DefaultSqlSession@12d9c8c]
Creating a new SqlSession
SqlSession [org.apache.ibatis.session.defaults.DefaultSqlSession@63a51d0] was not registered for synchronization because synchronization is not active
JDBC Connection [com.alibaba.druid.pool.DruidStatementConnection@d150ea1] will not be managed by Spring
==>  Preparing: SELECT DISTINCT r.code FROM sys_role r JOIN sys_user_role ur ON ur.role_id = r.id JOIN sys_user u ON u.id = ur.user_id WHERE u.username = ?
==> Parameters: admin(String)
<==    Columns: code
<==        Row: ADMIN
<==      Total: 1
Closing non transactional SqlSession [org.apache.ibatis.session.defaults.DefaultSqlSession@63a51d0]
2026-08-15T12:13:21.842+08:00 DEBUG 11532 --- [iam-resource-service] [nio-9010-exec-2] c.RbacAuthoritiesOpaqueTokenIntrospector : [Introspect] 用户令牌注入 RBAC authorities, sub=admin, roles=[ADMIN]
2026-08-15T12:13:21.842+08:00 DEBUG 11532 --- [iam-resource-service] [nio-9010-exec-2] .s.r.a.OpaqueTokenAuthenticationProvider : Authenticated token
2026-08-15T12:13:21.843+08:00 DEBUG 11532 --- [iam-resource-service] [nio-9010-exec-2] .s.r.w.a.BearerTokenAuthenticationFilter : Set SecurityContextHolder to BearerTokenAuthentication [Principal=net.xzh.resource.config.RbacAuthoritiesOpaqueTokenIntrospector$EnrichedPrincipal@509da552, Credentials=[PROTECTED], Authenticated=true, Details=WebAuthenticationDetails [RemoteIpAddress=127.0.0.1, SessionId=null], Granted Authorities=[SCOPE_read, SCOPE_openid, SCOPE_profile, SCOPE_write, ROLE_ADMIN, app:portal, app:oa, app:erp, app:bi]]
2026-08-15T12:13:21.843+08:00 DEBUG 11532 --- [iam-resource-service] [nio-9010-exec-2] o.s.security.web.FilterChainProxy        : Secured GET /api/admin/roles
Creating a new SqlSession
SqlSession [org.apache.ibatis.session.defaults.DefaultSqlSession@5782373a] was not registered for synchronization because synchronization is not active
JDBC Connection [com.alibaba.druid.pool.DruidStatementConnection@d150ea1] will not be managed by Spring
==>  Preparing: SELECT id,code,name,remark,create_time,update_time FROM sys_role
==> Parameters: 
<==    Columns: id, code, name, remark, create_time, update_time
<==        Row: 1, ADMIN, 管理员, 拥有全部应用访问权限, 2026-08-13 09:57:52, 2026-08-15 00:06:16
<==        Row: 2, USER, 普通用户, 仅可访问门户与 OA, 2026-08-13 09:57:52, 2026-08-13 09:57:52
<==      Total: 2
Closing non transactional SqlSession [org.apache.ibatis.session.defaults.DefaultSqlSession@5782373a]
Creating a new SqlSession
SqlSession [org.apache.ibatis.session.defaults.DefaultSqlSession@7296728d] was not registered for synchronization because synchronization is not active
JDBC Connection [com.alibaba.druid.pool.DruidStatementConnection@d150ea1] will not be managed by Spring
==>  Preparing: SELECT rp.permission_id FROM sys_role_permission rp WHERE rp.role_id = ?
==> Parameters: 1(Long)
<==    Columns: permission_id
<==        Row: 1
<==        Row: 2
<==        Row: 4
<==        Row: 5
<==      Total: 4
Closing non transactional SqlSession [org.apache.ibatis.session.defaults.DefaultSqlSession@7296728d]
Creating a new SqlSession
SqlSession [org.apache.ibatis.session.defaults.DefaultSqlSession@9613b96] was not registered for synchronization because synchronization is not active
JDBC Connection [com.alibaba.druid.pool.DruidStatementConnection@d150ea1] will not be managed by Spring
==>  Preparing: SELECT rp.permission_id FROM sys_role_permission rp WHERE rp.role_id = ?
==> Parameters: 2(Long)
<==    Columns: permission_id
<==        Row: 1
<==        Row: 2
<==      Total: 2
Closing non transactional SqlSession [org.apache.ibatis.session.defaults.DefaultSqlSession@9613b96]
2026-08-15T12:16:57.665+08:00 DEBUG 11532 --- [iam-resource-service] [nio-9010-exec-5] o.s.security.web.FilterChainProxy        : Securing GET /api/admin/roles
Creating a new SqlSession
SqlSession [org.apache.ibatis.session.defaults.DefaultSqlSession@32ce4094] was not registered for synchronization because synchronization is not active
JDBC Connection [com.alibaba.druid.pool.DruidStatementConnection@d150ea1] will not be managed by Spring
==>  Preparing: SELECT * FROM sys_user WHERE username = ? LIMIT 1
==> Parameters: admin(String)
<==    Columns: id, username, nickname, email, phone, avatar, identity_type, enabled, account_non_expired, account_non_locked, credentials_non_expired, create_time, update_time
<==        Row: 1, admin, 管理员, admin@example.com, null, null, 1, 1, 1, 1, 1, 2026-08-11 20:00:08, 2026-08-13 22:28:45
<==      Total: 1
Closing non transactional SqlSession [org.apache.ibatis.session.defaults.DefaultSqlSession@32ce4094]
Creating a new SqlSession
SqlSession [org.apache.ibatis.session.defaults.DefaultSqlSession@1634cee7] was not registered for synchronization because synchronization is not active
JDBC Connection [com.alibaba.druid.pool.DruidStatementConnection@d150ea1] will not be managed by Spring
==>  Preparing: SELECT DISTINCT r.code FROM sys_role r JOIN sys_user_role ur ON ur.role_id = r.id JOIN sys_user u ON u.id = ur.user_id WHERE u.username = ?
==> Parameters: admin(String)
<==    Columns: code
<==        Row: ADMIN
<==      Total: 1
Closing non transactional SqlSession [org.apache.ibatis.session.defaults.DefaultSqlSession@1634cee7]
Creating a new SqlSession
SqlSession [org.apache.ibatis.session.defaults.DefaultSqlSession@3b46b04d] was not registered for synchronization because synchronization is not active
JDBC Connection [com.alibaba.druid.pool.DruidStatementConnection@d150ea1] will not be managed by Spring
==>  Preparing: SELECT DISTINCT p.code FROM sys_permission p JOIN sys_role_permission rp ON rp.permission_id = p.id JOIN sys_user_role ur ON ur.role_id = rp.role_id JOIN sys_user u ON u.id = ur.user_id WHERE u.username = ?
==> Parameters: admin(String)
<==    Columns: code
<==        Row: app:portal
<==        Row: app:oa
<==        Row: app:erp
<==        Row: app:bi
<==      Total: 4
Closing non transactional SqlSession [org.apache.ibatis.session.defaults.DefaultSqlSession@3b46b04d]
Creating a new SqlSession
SqlSession [org.apache.ibatis.session.defaults.DefaultSqlSession@14416087] was not registered for synchronization because synchronization is not active
JDBC Connection [com.alibaba.druid.pool.DruidStatementConnection@d150ea1] will not be managed by Spring
==>  Preparing: SELECT DISTINCT r.code FROM sys_role r JOIN sys_user_role ur ON ur.role_id = r.id JOIN sys_user u ON u.id = ur.user_id WHERE u.username = ?
==> Parameters: admin(String)
<==    Columns: code
<==        Row: ADMIN
<==      Total: 1
Closing non transactional SqlSession [org.apache.ibatis.session.defaults.DefaultSqlSession@14416087]
2026-08-15T12:16:57.880+08:00 DEBUG 11532 --- [iam-resource-service] [nio-9010-exec-5] c.RbacAuthoritiesOpaqueTokenIntrospector : [Introspect] 用户令牌注入 RBAC authorities, sub=admin, roles=[ADMIN]
2026-08-15T12:16:57.881+08:00 DEBUG 11532 --- [iam-resource-service] [nio-9010-exec-5] .s.r.a.OpaqueTokenAuthenticationProvider : Authenticated token
2026-08-15T12:16:57.881+08:00 DEBUG 11532 --- [iam-resource-service] [nio-9010-exec-5] .s.r.w.a.BearerTokenAuthenticationFilter : Set SecurityContextHolder to BearerTokenAuthentication [Principal=net.xzh.resource.config.RbacAuthoritiesOpaqueTokenIntrospector$EnrichedPrincipal@3b262a3c, Credentials=[PROTECTED], Authenticated=true, Details=WebAuthenticationDetails [RemoteIpAddress=127.0.0.1, SessionId=null], Granted Authorities=[SCOPE_read, SCOPE_openid, SCOPE_profile, SCOPE_write, ROLE_ADMIN, app:portal, app:oa, app:erp, app:bi]]
2026-08-15T12:16:57.882+08:00 DEBUG 11532 --- [iam-resource-service] [nio-9010-exec-5] o.s.security.web.FilterChainProxy        : Secured GET /api/admin/roles
Creating a new SqlSession
SqlSession [org.apache.ibatis.session.defaults.DefaultSqlSession@92ed619] was not registered for synchronization because synchronization is not active
JDBC Connection [com.alibaba.druid.pool.DruidStatementConnection@d150ea1] will not be managed by Spring
==>  Preparing: SELECT id,code,name,remark,create_time,update_time FROM sys_role
==> Parameters: 
<==    Columns: id, code, name, remark, create_time, update_time
<==        Row: 1, ADMIN, 管理员, 拥有全部应用访问权限, 2026-08-13 09:57:52, 2026-08-15 00:06:16
<==        Row: 2, USER, 普通用户, 仅可访问门户与 OA, 2026-08-13 09:57:52, 2026-08-13 09:57:52
<==      Total: 2
Closing non transactional SqlSession [org.apache.ibatis.session.defaults.DefaultSqlSession@92ed619]
Creating a new SqlSession
SqlSession [org.apache.ibatis.session.defaults.DefaultSqlSession@42cc3439] was not registered for synchronization because synchronization is not active
JDBC Connection [com.alibaba.druid.pool.DruidStatementConnection@d150ea1] will not be managed by Spring
==>  Preparing: SELECT rp.permission_id FROM sys_role_permission rp WHERE rp.role_id = ?
==> Parameters: 1(Long)
<==    Columns: permission_id
<==        Row: 1
<==        Row: 2
<==        Row: 4
<==        Row: 5
<==      Total: 4
Closing non transactional SqlSession [org.apache.ibatis.session.defaults.DefaultSqlSession@42cc3439]
Creating a new SqlSession
SqlSession [org.apache.ibatis.session.defaults.DefaultSqlSession@37d01897] was not registered for synchronization because synchronization is not active
JDBC Connection [com.alibaba.druid.pool.DruidStatementConnection@d150ea1] will not be managed by Spring
==>  Preparing: SELECT rp.permission_id FROM sys_role_permission rp WHERE rp.role_id = ?
==> Parameters: 2(Long)
<==    Columns: permission_id
<==        Row: 1
<==        Row: 2
<==      Total: 2
Closing non transactional SqlSession [org.apache.ibatis.session.defaults.DefaultSqlSession@37d01897]
2026-08-15T12:16:59.128+08:00 DEBUG 11532 --- [iam-resource-service] [nio-9010-exec-4] o.s.security.web.FilterChainProxy        : Securing GET /api/admin/roles
Creating a new SqlSession
SqlSession [org.apache.ibatis.session.defaults.DefaultSqlSession@3df65071] was not registered for synchronization because synchronization is not active
JDBC Connection [com.alibaba.druid.pool.DruidStatementConnection@d150ea1] will not be managed by Spring
==>  Preparing: SELECT * FROM sys_user WHERE username = ? LIMIT 1
==> Parameters: admin(String)
<==    Columns: id, username, nickname, email, phone, avatar, identity_type, enabled, account_non_expired, account_non_locked, credentials_non_expired, create_time, update_time
<==        Row: 1, admin, 管理员, admin@example.com, null, null, 1, 1, 1, 1, 1, 2026-08-11 20:00:08, 2026-08-13 22:28:45
<==      Total: 1
Closing non transactional SqlSession [org.apache.ibatis.session.defaults.DefaultSqlSession@3df65071]
Creating a new SqlSession
SqlSession [org.apache.ibatis.session.defaults.DefaultSqlSession@c41e6d8] was not registered for synchronization because synchronization is not active
JDBC Connection [com.alibaba.druid.pool.DruidStatementConnection@d150ea1] will not be managed by Spring
==>  Preparing: SELECT DISTINCT r.code FROM sys_role r JOIN sys_user_role ur ON ur.role_id = r.id JOIN sys_user u ON u.id = ur.user_id WHERE u.username = ?
==> Parameters: admin(String)
<==    Columns: code
<==        Row: ADMIN
<==      Total: 1
Closing non transactional SqlSession [org.apache.ibatis.session.defaults.DefaultSqlSession@c41e6d8]
Creating a new SqlSession
SqlSession [org.apache.ibatis.session.defaults.DefaultSqlSession@76695fb2] was not registered for synchronization because synchronization is not active
JDBC Connection [com.alibaba.druid.pool.DruidStatementConnection@d150ea1] will not be managed by Spring
==>  Preparing: SELECT DISTINCT p.code FROM sys_permission p JOIN sys_role_permission rp ON rp.permission_id = p.id JOIN sys_user_role ur ON ur.role_id = rp.role_id JOIN sys_user u ON u.id = ur.user_id WHERE u.username = ?
==> Parameters: admin(String)
<==    Columns: code
<==        Row: app:portal
<==        Row: app:oa
<==        Row: app:erp
<==        Row: app:bi
<==      Total: 4
Closing non transactional SqlSession [org.apache.ibatis.session.defaults.DefaultSqlSession@76695fb2]
Creating a new SqlSession
SqlSession [org.apache.ibatis.session.defaults.DefaultSqlSession@17c5a910] was not registered for synchronization because synchronization is not active
JDBC Connection [com.alibaba.druid.pool.DruidStatementConnection@d150ea1] will not be managed by Spring
==>  Preparing: SELECT DISTINCT r.code FROM sys_role r JOIN sys_user_role ur ON ur.role_id = r.id JOIN sys_user u ON u.id = ur.user_id WHERE u.username = ?
==> Parameters: admin(String)
<==    Columns: code
<==        Row: ADMIN
<==      Total: 1
Closing non transactional SqlSession [org.apache.ibatis.session.defaults.DefaultSqlSession@17c5a910]
2026-08-15T12:16:59.360+08:00 DEBUG 11532 --- [iam-resource-service] [nio-9010-exec-4] c.RbacAuthoritiesOpaqueTokenIntrospector : [Introspect] 用户令牌注入 RBAC authorities, sub=admin, roles=[ADMIN]
2026-08-15T12:16:59.360+08:00 DEBUG 11532 --- [iam-resource-service] [nio-9010-exec-4] .s.r.a.OpaqueTokenAuthenticationProvider : Authenticated token
2026-08-15T12:16:59.361+08:00 DEBUG 11532 --- [iam-resource-service] [nio-9010-exec-4] .s.r.w.a.BearerTokenAuthenticationFilter : Set SecurityContextHolder to BearerTokenAuthentication [Principal=net.xzh.resource.config.RbacAuthoritiesOpaqueTokenIntrospector$EnrichedPrincipal@4df1a1b2, Credentials=[PROTECTED], Authenticated=true, Details=WebAuthenticationDetails [RemoteIpAddress=127.0.0.1, SessionId=null], Granted Authorities=[SCOPE_read, SCOPE_openid, SCOPE_profile, SCOPE_write, ROLE_ADMIN, app:portal, app:oa, app:erp, app:bi]]
2026-08-15T12:16:59.362+08:00 DEBUG 11532 --- [iam-resource-service] [nio-9010-exec-4] o.s.security.web.FilterChainProxy        : Secured GET /api/admin/roles
Creating a new SqlSession
SqlSession [org.apache.ibatis.session.defaults.DefaultSqlSession@568870ce] was not registered for synchronization because synchronization is not active
JDBC Connection [com.alibaba.druid.pool.DruidStatementConnection@d150ea1] will not be managed by Spring
==>  Preparing: SELECT id,code,name,remark,create_time,update_time FROM sys_role
==> Parameters: 
<==    Columns: id, code, name, remark, create_time, update_time
<==        Row: 1, ADMIN, 管理员, 拥有全部应用访问权限, 2026-08-13 09:57:52, 2026-08-15 00:06:16
<==        Row: 2, USER, 普通用户, 仅可访问门户与 OA, 2026-08-13 09:57:52, 2026-08-13 09:57:52
<==      Total: 2
Closing non transactional SqlSession [org.apache.ibatis.session.defaults.DefaultSqlSession@568870ce]
Creating a new SqlSession
SqlSession [org.apache.ibatis.session.defaults.DefaultSqlSession@52fff901] was not registered for synchronization because synchronization is not active
JDBC Connection [com.alibaba.druid.pool.DruidStatementConnection@d150ea1] will not be managed by Spring
==>  Preparing: SELECT rp.permission_id FROM sys_role_permission rp WHERE rp.role_id = ?
==> Parameters: 1(Long)
<==    Columns: permission_id
<==        Row: 1
<==        Row: 2
<==        Row: 4
<==        Row: 5
<==      Total: 4
Closing non transactional SqlSession [org.apache.ibatis.session.defaults.DefaultSqlSession@52fff901]
Creating a new SqlSession
SqlSession [org.apache.ibatis.session.defaults.DefaultSqlSession@7d8325b] was not registered for synchronization because synchronization is not active
JDBC Connection [com.alibaba.druid.pool.DruidStatementConnection@d150ea1] will not be managed by Spring
==>  Preparing: SELECT rp.permission_id FROM sys_role_permission rp WHERE rp.role_id = ?
==> Parameters: 2(Long)
<==    Columns: permission_id
<==        Row: 1
<==        Row: 2
<==      Total: 2
Closing non transactional SqlSession [org.apache.ibatis.session.defaults.DefaultSqlSession@7d8325b]
2026-08-15T12:16:59.994+08:00 DEBUG 11532 --- [iam-resource-service] [nio-9010-exec-6] o.s.security.web.FilterChainProxy        : Securing GET /api/admin/roles
Creating a new SqlSession
SqlSession [org.apache.ibatis.session.defaults.DefaultSqlSession@1b874682] was not registered for synchronization because synchronization is not active
JDBC Connection [com.alibaba.druid.pool.DruidStatementConnection@d150ea1] will not be managed by Spring
==>  Preparing: SELECT * FROM sys_user WHERE username = ? LIMIT 1
==> Parameters: admin(String)
<==    Columns: id, username, nickname, email, phone, avatar, identity_type, enabled, account_non_expired, account_non_locked, credentials_non_expired, create_time, update_time
<==        Row: 1, admin, 管理员, admin@example.com, null, null, 1, 1, 1, 1, 1, 2026-08-11 20:00:08, 2026-08-13 22:28:45
<==      Total: 1
Closing non transactional SqlSession [org.apache.ibatis.session.defaults.DefaultSqlSession@1b874682]
Creating a new SqlSession
SqlSession [org.apache.ibatis.session.defaults.DefaultSqlSession@3230b3f4] was not registered for synchronization because synchronization is not active
JDBC Connection [com.alibaba.druid.pool.DruidStatementConnection@d150ea1] will not be managed by Spring
==>  Preparing: SELECT DISTINCT r.code FROM sys_role r JOIN sys_user_role ur ON ur.role_id = r.id JOIN sys_user u ON u.id = ur.user_id WHERE u.username = ?
==> Parameters: admin(String)
<==    Columns: code
<==        Row: ADMIN
<==      Total: 1
Closing non transactional SqlSession [org.apache.ibatis.session.defaults.DefaultSqlSession@3230b3f4]
Creating a new SqlSession
SqlSession [org.apache.ibatis.session.defaults.DefaultSqlSession@43623d89] was not registered for synchronization because synchronization is not active
JDBC Connection [com.alibaba.druid.pool.DruidStatementConnection@d150ea1] will not be managed by Spring
==>  Preparing: SELECT DISTINCT p.code FROM sys_permission p JOIN sys_role_permission rp ON rp.permission_id = p.id JOIN sys_user_role ur ON ur.role_id = rp.role_id JOIN sys_user u ON u.id = ur.user_id WHERE u.username = ?
==> Parameters: admin(String)
<==    Columns: code
<==        Row: app:portal
<==        Row: app:oa
<==        Row: app:erp
<==        Row: app:bi
<==      Total: 4
Closing non transactional SqlSession [org.apache.ibatis.session.defaults.DefaultSqlSession@43623d89]
Creating a new SqlSession
SqlSession [org.apache.ibatis.session.defaults.DefaultSqlSession@6a3ac178] was not registered for synchronization because synchronization is not active
JDBC Connection [com.alibaba.druid.pool.DruidStatementConnection@d150ea1] will not be managed by Spring
==>  Preparing: SELECT DISTINCT r.code FROM sys_role r JOIN sys_user_role ur ON ur.role_id = r.id JOIN sys_user u ON u.id = ur.user_id WHERE u.username = ?
==> Parameters: admin(String)
<==    Columns: code
<==        Row: ADMIN
<==      Total: 1
Closing non transactional SqlSession [org.apache.ibatis.session.defaults.DefaultSqlSession@6a3ac178]
2026-08-15T12:17:00.229+08:00 DEBUG 11532 --- [iam-resource-service] [nio-9010-exec-6] c.RbacAuthoritiesOpaqueTokenIntrospector : [Introspect] 用户令牌注入 RBAC authorities, sub=admin, roles=[ADMIN]
2026-08-15T12:17:00.230+08:00 DEBUG 11532 --- [iam-resource-service] [nio-9010-exec-6] .s.r.a.OpaqueTokenAuthenticationProvider : Authenticated token
2026-08-15T12:17:00.231+08:00 DEBUG 11532 --- [iam-resource-service] [nio-9010-exec-6] .s.r.w.a.BearerTokenAuthenticationFilter : Set SecurityContextHolder to BearerTokenAuthentication [Principal=net.xzh.resource.config.RbacAuthoritiesOpaqueTokenIntrospector$EnrichedPrincipal@5cd23acd, Credentials=[PROTECTED], Authenticated=true, Details=WebAuthenticationDetails [RemoteIpAddress=127.0.0.1, SessionId=null], Granted Authorities=[SCOPE_read, SCOPE_openid, SCOPE_profile, SCOPE_write, ROLE_ADMIN, app:portal, app:oa, app:erp, app:bi]]
2026-08-15T12:17:00.231+08:00 DEBUG 11532 --- [iam-resource-service] [nio-9010-exec-6] o.s.security.web.FilterChainProxy        : Secured GET /api/admin/roles
Creating a new SqlSession
SqlSession [org.apache.ibatis.session.defaults.DefaultSqlSession@128f1c52] was not registered for synchronization because synchronization is not active
JDBC Connection [com.alibaba.druid.pool.DruidStatementConnection@d150ea1] will not be managed by Spring
==>  Preparing: SELECT id,code,name,remark,create_time,update_time FROM sys_role
==> Parameters: 
<==    Columns: id, code, name, remark, create_time, update_time
<==        Row: 1, ADMIN, 管理员, 拥有全部应用访问权限, 2026-08-13 09:57:52, 2026-08-15 00:06:16
<==        Row: 2, USER, 普通用户, 仅可访问门户与 OA, 2026-08-13 09:57:52, 2026-08-13 09:57:52
<==      Total: 2
Closing non transactional SqlSession [org.apache.ibatis.session.defaults.DefaultSqlSession@128f1c52]
Creating a new SqlSession
SqlSession [org.apache.ibatis.session.defaults.DefaultSqlSession@56f3729a] was not registered for synchronization because synchronization is not active
JDBC Connection [com.alibaba.druid.pool.DruidStatementConnection@d150ea1] will not be managed by Spring
==>  Preparing: SELECT rp.permission_id FROM sys_role_permission rp WHERE rp.role_id = ?
==> Parameters: 1(Long)
<==    Columns: permission_id
<==        Row: 1
<==        Row: 2
<==        Row: 4
<==        Row: 5
<==      Total: 4
Closing non transactional SqlSession [org.apache.ibatis.session.defaults.DefaultSqlSession@56f3729a]
Creating a new SqlSession
SqlSession [org.apache.ibatis.session.defaults.DefaultSqlSession@713dcc72] was not registered for synchronization because synchronization is not active
JDBC Connection [com.alibaba.druid.pool.DruidStatementConnection@d150ea1] will not be managed by Spring
==>  Preparing: SELECT rp.permission_id FROM sys_role_permission rp WHERE rp.role_id = ?
==> Parameters: 2(Long)
<==    Columns: permission_id
<==        Row: 1
<==        Row: 2
<==      Total: 2
Closing non transactional SqlSession [org.apache.ibatis.session.defaults.DefaultSqlSession@713dcc72]
2026-08-15T12:17:00.796+08:00 DEBUG 11532 --- [iam-resource-service] [nio-9010-exec-7] o.s.security.web.FilterChainProxy        : Securing GET /api/admin/permissions
Creating a new SqlSession
SqlSession [org.apache.ibatis.session.defaults.DefaultSqlSession@60030aee] was not registered for synchronization because synchronization is not active
JDBC Connection [com.alibaba.druid.pool.DruidStatementConnection@d150ea1] will not be managed by Spring
==>  Preparing: SELECT * FROM sys_user WHERE username = ? LIMIT 1
==> Parameters: admin(String)
<==    Columns: id, username, nickname, email, phone, avatar, identity_type, enabled, account_non_expired, account_non_locked, credentials_non_expired, create_time, update_time
<==        Row: 1, admin, 管理员, admin@example.com, null, null, 1, 1, 1, 1, 1, 2026-08-11 20:00:08, 2026-08-13 22:28:45
<==      Total: 1
Closing non transactional SqlSession [org.apache.ibatis.session.defaults.DefaultSqlSession@60030aee]
Creating a new SqlSession
SqlSession [org.apache.ibatis.session.defaults.DefaultSqlSession@62a3d64a] was not registered for synchronization because synchronization is not active
JDBC Connection [com.alibaba.druid.pool.DruidStatementConnection@d150ea1] will not be managed by Spring
==>  Preparing: SELECT DISTINCT r.code FROM sys_role r JOIN sys_user_role ur ON ur.role_id = r.id JOIN sys_user u ON u.id = ur.user_id WHERE u.username = ?
==> Parameters: admin(String)
<==    Columns: code
<==        Row: ADMIN
<==      Total: 1
Closing non transactional SqlSession [org.apache.ibatis.session.defaults.DefaultSqlSession@62a3d64a]
Creating a new SqlSession
SqlSession [org.apache.ibatis.session.defaults.DefaultSqlSession@36e25f28] was not registered for synchronization because synchronization is not active
JDBC Connection [com.alibaba.druid.pool.DruidStatementConnection@d150ea1] will not be managed by Spring
==>  Preparing: SELECT DISTINCT p.code FROM sys_permission p JOIN sys_role_permission rp ON rp.permission_id = p.id JOIN sys_user_role ur ON ur.role_id = rp.role_id JOIN sys_user u ON u.id = ur.user_id WHERE u.username = ?
==> Parameters: admin(String)
<==    Columns: code
<==        Row: app:portal
<==        Row: app:oa
<==        Row: app:erp
<==        Row: app:bi
<==      Total: 4
Closing non transactional SqlSession [org.apache.ibatis.session.defaults.DefaultSqlSession@36e25f28]
Creating a new SqlSession
SqlSession [org.apache.ibatis.session.defaults.DefaultSqlSession@df524ea] was not registered for synchronization because synchronization is not active
JDBC Connection [com.alibaba.druid.pool.DruidStatementConnection@d150ea1] will not be managed by Spring
==>  Preparing: SELECT DISTINCT r.code FROM sys_role r JOIN sys_user_role ur ON ur.role_id = r.id JOIN sys_user u ON u.id = ur.user_id WHERE u.username = ?
==> Parameters: admin(String)
<==    Columns: code
<==        Row: ADMIN
<==      Total: 1
Closing non transactional SqlSession [org.apache.ibatis.session.defaults.DefaultSqlSession@df524ea]
2026-08-15T12:17:00.997+08:00 DEBUG 11532 --- [iam-resource-service] [nio-9010-exec-7] c.RbacAuthoritiesOpaqueTokenIntrospector : [Introspect] 用户令牌注入 RBAC authorities, sub=admin, roles=[ADMIN]
2026-08-15T12:17:00.998+08:00 DEBUG 11532 --- [iam-resource-service] [nio-9010-exec-7] .s.r.a.OpaqueTokenAuthenticationProvider : Authenticated token
2026-08-15T12:17:00.999+08:00 DEBUG 11532 --- [iam-resource-service] [nio-9010-exec-7] .s.r.w.a.BearerTokenAuthenticationFilter : Set SecurityContextHolder to BearerTokenAuthentication [Principal=net.xzh.resource.config.RbacAuthoritiesOpaqueTokenIntrospector$EnrichedPrincipal@14fa7ace, Credentials=[PROTECTED], Authenticated=true, Details=WebAuthenticationDetails [RemoteIpAddress=127.0.0.1, SessionId=null], Granted Authorities=[SCOPE_read, SCOPE_openid, SCOPE_profile, SCOPE_write, ROLE_ADMIN, app:portal, app:oa, app:erp, app:bi]]
2026-08-15T12:17:00.999+08:00 DEBUG 11532 --- [iam-resource-service] [nio-9010-exec-7] o.s.security.web.FilterChainProxy        : Secured GET /api/admin/permissions
Creating a new SqlSession
SqlSession [org.apache.ibatis.session.defaults.DefaultSqlSession@203e0d51] was not registered for synchronization because synchronization is not active
JDBC Connection [com.alibaba.druid.pool.DruidStatementConnection@d150ea1] will not be managed by Spring
==>  Preparing: SELECT id,code,name,type,remark,create_time FROM sys_permission ORDER BY id ASC
==> Parameters: 
<==    Columns: id, code, name, type, remark, create_time
<==        Row: 1, app:portal, 门户应用, app, 统一工作台门户, 2026-08-13 09:57:52
<==        Row: 2, app:oa, OA 办公系统, app, 办公自动化, 2026-08-13 09:57:52
<==        Row: 3, app:crm, CRM 客户管理, app, 客户关系管理, 2026-08-13 09:57:52
<==        Row: 4, app:erp, ERP 企业资源, app, 企业资源计划, 2026-08-13 09:57:52
<==        Row: 5, app:bi, BI 数据分析, app, 商业智能分析, 2026-08-13 09:57:52
<==      Total: 5
Closing non transactional SqlSession [org.apache.ibatis.session.defaults.DefaultSqlSession@203e0d51]
2026-08-15T12:17:07.266+08:00 DEBUG 11532 --- [iam-resource-service] [nio-9010-exec-8] o.s.security.web.FilterChainProxy        : Securing GET /api/admin/roles
Creating a new SqlSession
SqlSession [org.apache.ibatis.session.defaults.DefaultSqlSession@2e4adf9d] was not registered for synchronization because synchronization is not active
JDBC Connection [com.alibaba.druid.pool.DruidStatementConnection@d150ea1] will not be managed by Spring
==>  Preparing: SELECT * FROM sys_user WHERE username = ? LIMIT 1
==> Parameters: admin(String)
<==    Columns: id, username, nickname, email, phone, avatar, identity_type, enabled, account_non_expired, account_non_locked, credentials_non_expired, create_time, update_time
<==        Row: 1, admin, 管理员, admin@example.com, null, null, 1, 1, 1, 1, 1, 2026-08-11 20:00:08, 2026-08-13 22:28:45
<==      Total: 1
Closing non transactional SqlSession [org.apache.ibatis.session.defaults.DefaultSqlSession@2e4adf9d]
Creating a new SqlSession
SqlSession [org.apache.ibatis.session.defaults.DefaultSqlSession@4433d659] was not registered for synchronization because synchronization is not active
JDBC Connection [com.alibaba.druid.pool.DruidStatementConnection@d150ea1] will not be managed by Spring
==>  Preparing: SELECT DISTINCT r.code FROM sys_role r JOIN sys_user_role ur ON ur.role_id = r.id JOIN sys_user u ON u.id = ur.user_id WHERE u.username = ?
==> Parameters: admin(String)
<==    Columns: code
<==        Row: ADMIN
<==      Total: 1
Closing non transactional SqlSession [org.apache.ibatis.session.defaults.DefaultSqlSession@4433d659]
Creating a new SqlSession
SqlSession [org.apache.ibatis.session.defaults.DefaultSqlSession@80f249] was not registered for synchronization because synchronization is not active
JDBC Connection [com.alibaba.druid.pool.DruidStatementConnection@d150ea1] will not be managed by Spring
==>  Preparing: SELECT DISTINCT p.code FROM sys_permission p JOIN sys_role_permission rp ON rp.permission_id = p.id JOIN sys_user_role ur ON ur.role_id = rp.role_id JOIN sys_user u ON u.id = ur.user_id WHERE u.username = ?
==> Parameters: admin(String)
<==    Columns: code
<==        Row: app:portal
<==        Row: app:oa
<==        Row: app:erp
<==        Row: app:bi
<==      Total: 4
Closing non transactional SqlSession [org.apache.ibatis.session.defaults.DefaultSqlSession@80f249]
Creating a new SqlSession
SqlSession [org.apache.ibatis.session.defaults.DefaultSqlSession@55b80e3d] was not registered for synchronization because synchronization is not active
JDBC Connection [com.alibaba.druid.pool.DruidStatementConnection@d150ea1] will not be managed by Spring
==>  Preparing: SELECT DISTINCT r.code FROM sys_role r JOIN sys_user_role ur ON ur.role_id = r.id JOIN sys_user u ON u.id = ur.user_id WHERE u.username = ?
==> Parameters: admin(String)
<==    Columns: code
<==        Row: ADMIN
<==      Total: 1
Closing non transactional SqlSession [org.apache.ibatis.session.defaults.DefaultSqlSession@55b80e3d]
2026-08-15T12:17:07.438+08:00 DEBUG 11532 --- [iam-resource-service] [nio-9010-exec-8] c.RbacAuthoritiesOpaqueTokenIntrospector : [Introspect] 用户令牌注入 RBAC authorities, sub=admin, roles=[ADMIN]
2026-08-15T12:17:07.439+08:00 DEBUG 11532 --- [iam-resource-service] [nio-9010-exec-8] .s.r.a.OpaqueTokenAuthenticationProvider : Authenticated token
2026-08-15T12:17:07.440+08:00 DEBUG 11532 --- [iam-resource-service] [nio-9010-exec-8] .s.r.w.a.BearerTokenAuthenticationFilter : Set SecurityContextHolder to BearerTokenAuthentication [Principal=net.xzh.resource.config.RbacAuthoritiesOpaqueTokenIntrospector$EnrichedPrincipal@598fa26c, Credentials=[PROTECTED], Authenticated=true, Details=WebAuthenticationDetails [RemoteIpAddress=127.0.0.1, SessionId=null], Granted Authorities=[SCOPE_read, SCOPE_openid, SCOPE_profile, SCOPE_write, ROLE_ADMIN, app:portal, app:oa, app:erp, app:bi]]
2026-08-15T12:17:07.441+08:00 DEBUG 11532 --- [iam-resource-service] [nio-9010-exec-8] o.s.security.web.FilterChainProxy        : Secured GET /api/admin/roles
Creating a new SqlSession
SqlSession [org.apache.ibatis.session.defaults.DefaultSqlSession@4a7b6eeb] was not registered for synchronization because synchronization is not active
JDBC Connection [com.alibaba.druid.pool.DruidStatementConnection@d150ea1] will not be managed by Spring
==>  Preparing: SELECT id,code,name,remark,create_time,update_time FROM sys_role
==> Parameters: 
<==    Columns: id, code, name, remark, create_time, update_time
<==        Row: 1, ADMIN, 管理员, 拥有全部应用访问权限, 2026-08-13 09:57:52, 2026-08-15 00:06:16
<==        Row: 2, USER, 普通用户, 仅可访问门户与 OA, 2026-08-13 09:57:52, 2026-08-13 09:57:52
<==      Total: 2
Closing non transactional SqlSession [org.apache.ibatis.session.defaults.DefaultSqlSession@4a7b6eeb]
Creating a new SqlSession
SqlSession [org.apache.ibatis.session.defaults.DefaultSqlSession@51b93236] was not registered for synchronization because synchronization is not active
JDBC Connection [com.alibaba.druid.pool.DruidStatementConnection@d150ea1] will not be managed by Spring
==>  Preparing: SELECT rp.permission_id FROM sys_role_permission rp WHERE rp.role_id = ?
==> Parameters: 1(Long)
<==    Columns: permission_id
<==        Row: 1
<==        Row: 2
<==        Row: 4
<==        Row: 5
<==      Total: 4
Closing non transactional SqlSession [org.apache.ibatis.session.defaults.DefaultSqlSession@51b93236]
Creating a new SqlSession
SqlSession [org.apache.ibatis.session.defaults.DefaultSqlSession@649c52d2] was not registered for synchronization because synchronization is not active
JDBC Connection [com.alibaba.druid.pool.DruidStatementConnection@d150ea1] will not be managed by Spring
==>  Preparing: SELECT rp.permission_id FROM sys_role_permission rp WHERE rp.role_id = ?
==> Parameters: 2(Long)
<==    Columns: permission_id
<==        Row: 1
<==        Row: 2
<==      Total: 2
Closing non transactional SqlSession [org.apache.ibatis.session.defaults.DefaultSqlSession@649c52d2]
2026-08-15T12:49:23.041+08:00 DEBUG 11532 --- [iam-resource-service] [io-9010-exec-10] o.s.security.web.FilterChainProxy        : Securing GET /api/admin/roles
Creating a new SqlSession
SqlSession [org.apache.ibatis.session.defaults.DefaultSqlSession@63905327] was not registered for synchronization because synchronization is not active
2026-08-15T12:49:24.038+08:00 DEBUG 11532 --- [iam-resource-service] [nio-9010-exec-1] o.s.security.web.FilterChainProxy        : Securing GET /api/admin/permissions
Creating a new SqlSession
SqlSession [org.apache.ibatis.session.defaults.DefaultSqlSession@5d0321d6] was not registered for synchronization because synchronization is not active
JDBC Connection [com.alibaba.druid.pool.DruidStatementConnection@78b27ec1] will not be managed by Spring
==>  Preparing: SELECT * FROM sys_user WHERE username = ? LIMIT 1
==> Parameters: admin(String)
<==    Columns: id, username, nickname, email, phone, avatar, identity_type, enabled, account_non_expired, account_non_locked, credentials_non_expired, create_time, update_time
<==        Row: 1, admin, 管理员, admin@example.com, null, null, 1, 1, 1, 1, 1, 2026-08-11 20:00:08, 2026-08-13 22:28:45
<==      Total: 1
Closing non transactional SqlSession [org.apache.ibatis.session.defaults.DefaultSqlSession@63905327]
JDBC Connection [com.alibaba.druid.pool.DruidStatementConnection@78b27ec1] will not be managed by Spring
Creating a new SqlSession
==>  Preparing: SELECT * FROM sys_user WHERE username = ? LIMIT 1
SqlSession [org.apache.ibatis.session.defaults.DefaultSqlSession@2c8a9dd7] was not registered for synchronization because synchronization is not active
==> Parameters: admin(String)
<==    Columns: id, username, nickname, email, phone, avatar, identity_type, enabled, account_non_expired, account_non_locked, credentials_non_expired, create_time, update_time
<==        Row: 1, admin, 管理员, admin@example.com, null, null, 1, 1, 1, 1, 1, 2026-08-11 20:00:08, 2026-08-13 22:28:45
<==      Total: 1
Closing non transactional SqlSession [org.apache.ibatis.session.defaults.DefaultSqlSession@5d0321d6]
JDBC Connection [com.alibaba.druid.pool.DruidStatementConnection@78b27ec1] will not be managed by Spring
Creating a new SqlSession
==>  Preparing: SELECT DISTINCT r.code FROM sys_role r JOIN sys_user_role ur ON ur.role_id = r.id JOIN sys_user u ON u.id = ur.user_id WHERE u.username = ?
SqlSession [org.apache.ibatis.session.defaults.DefaultSqlSession@5d530da6] was not registered for synchronization because synchronization is not active
==> Parameters: admin(String)
<==    Columns: code
<==        Row: ADMIN
<==      Total: 1
Closing non transactional SqlSession [org.apache.ibatis.session.defaults.DefaultSqlSession@2c8a9dd7]
JDBC Connection [com.alibaba.druid.pool.DruidStatementConnection@78b27ec1] will not be managed by Spring
Creating a new SqlSession
==>  Preparing: SELECT DISTINCT r.code FROM sys_role r JOIN sys_user_role ur ON ur.role_id = r.id JOIN sys_user u ON u.id = ur.user_id WHERE u.username = ?
SqlSession [org.apache.ibatis.session.defaults.DefaultSqlSession@26cdc101] was not registered for synchronization because synchronization is not active
==> Parameters: admin(String)
<==    Columns: code
<==        Row: ADMIN
<==      Total: 1
Closing non transactional SqlSession [org.apache.ibatis.session.defaults.DefaultSqlSession@5d530da6]
Creating a new SqlSession
JDBC Connection [com.alibaba.druid.pool.DruidStatementConnection@78b27ec1] will not be managed by Spring
SqlSession [org.apache.ibatis.session.defaults.DefaultSqlSession@6403a7a1] was not registered for synchronization because synchronization is not active
==>  Preparing: SELECT DISTINCT p.code FROM sys_permission p JOIN sys_role_permission rp ON rp.permission_id = p.id JOIN sys_user_role ur ON ur.role_id = rp.role_id JOIN sys_user u ON u.id = ur.user_id WHERE u.username = ?
==> Parameters: admin(String)
<==    Columns: code
<==        Row: app:portal
<==        Row: app:oa
<==        Row: app:erp
<==        Row: app:bi
<==      Total: 4
Closing non transactional SqlSession [org.apache.ibatis.session.defaults.DefaultSqlSession@26cdc101]
JDBC Connection [com.alibaba.druid.pool.DruidStatementConnection@78b27ec1] will not be managed by Spring
Creating a new SqlSession
==>  Preparing: SELECT DISTINCT p.code FROM sys_permission p JOIN sys_role_permission rp ON rp.permission_id = p.id JOIN sys_user_role ur ON ur.role_id = rp.role_id JOIN sys_user u ON u.id = ur.user_id WHERE u.username = ?
SqlSession [org.apache.ibatis.session.defaults.DefaultSqlSession@3921bbc1] was not registered for synchronization because synchronization is not active
==> Parameters: admin(String)
<==    Columns: code
<==        Row: app:portal
<==        Row: app:oa
<==        Row: app:erp
<==        Row: app:bi
<==      Total: 4
Closing non transactional SqlSession [org.apache.ibatis.session.defaults.DefaultSqlSession@6403a7a1]
JDBC Connection [com.alibaba.druid.pool.DruidStatementConnection@78b27ec1] will not be managed by Spring
Creating a new SqlSession
==>  Preparing: SELECT DISTINCT r.code FROM sys_role r JOIN sys_user_role ur ON ur.role_id = r.id JOIN sys_user u ON u.id = ur.user_id WHERE u.username = ?
SqlSession [org.apache.ibatis.session.defaults.DefaultSqlSession@70d99911] was not registered for synchronization because synchronization is not active
==> Parameters: admin(String)
<==    Columns: code
<==        Row: ADMIN
<==      Total: 1
Closing non transactional SqlSession [org.apache.ibatis.session.defaults.DefaultSqlSession@3921bbc1]
JDBC Connection [com.alibaba.druid.pool.DruidStatementConnection@78b27ec1] will not be managed by Spring
2026-08-15T12:49:27.683+08:00 DEBUG 11532 --- [iam-resource-service] [io-9010-exec-10] c.RbacAuthoritiesOpaqueTokenIntrospector : [Introspect] 用户令牌注入 RBAC authorities, sub=admin, roles=[ADMIN]
==>  Preparing: SELECT DISTINCT r.code FROM sys_role r JOIN sys_user_role ur ON ur.role_id = r.id JOIN sys_user u ON u.id = ur.user_id WHERE u.username = ?
2026-08-15T12:49:27.683+08:00 DEBUG 11532 --- [iam-resource-service] [io-9010-exec-10] .s.r.a.OpaqueTokenAuthenticationProvider : Authenticated token
==> Parameters: admin(String)
2026-08-15T12:49:27.683+08:00 DEBUG 11532 --- [iam-resource-service] [io-9010-exec-10] .s.r.w.a.BearerTokenAuthenticationFilter : Set SecurityContextHolder to BearerTokenAuthentication [Principal=net.xzh.resource.config.RbacAuthoritiesOpaqueTokenIntrospector$EnrichedPrincipal@2b44a4f4, Credentials=[PROTECTED], Authenticated=true, Details=WebAuthenticationDetails [RemoteIpAddress=127.0.0.1, SessionId=null], Granted Authorities=[SCOPE_read, SCOPE_openid, SCOPE_profile, SCOPE_write, ROLE_ADMIN, app:portal, app:oa, app:erp, app:bi]]
2026-08-15T12:49:27.684+08:00 DEBUG 11532 --- [iam-resource-service] [io-9010-exec-10] o.s.security.web.FilterChainProxy        : Secured GET /api/admin/roles
<==    Columns: code
<==        Row: ADMIN
Creating a new SqlSession
<==      Total: 1
SqlSession [org.apache.ibatis.session.defaults.DefaultSqlSession@5c74e4a] was not registered for synchronization because synchronization is not active
Closing non transactional SqlSession [org.apache.ibatis.session.defaults.DefaultSqlSession@70d99911]
JDBC Connection [com.alibaba.druid.pool.DruidStatementConnection@78b27ec1] will not be managed by Spring
==>  Preparing: SELECT id,code,name,remark,create_time,update_time FROM sys_role
2026-08-15T12:49:27.685+08:00 DEBUG 11532 --- [iam-resource-service] [nio-9010-exec-1] c.RbacAuthoritiesOpaqueTokenIntrospector : [Introspect] 用户令牌注入 RBAC authorities, sub=admin, roles=[ADMIN]
==> Parameters: 
2026-08-15T12:49:27.685+08:00 DEBUG 11532 --- [iam-resource-service] [nio-9010-exec-1] .s.r.a.OpaqueTokenAuthenticationProvider : Authenticated token
2026-08-15T12:49:27.686+08:00 DEBUG 11532 --- [iam-resource-service] [nio-9010-exec-1] .s.r.w.a.BearerTokenAuthenticationFilter : Set SecurityContextHolder to BearerTokenAuthentication [Principal=net.xzh.resource.config.RbacAuthoritiesOpaqueTokenIntrospector$EnrichedPrincipal@78da749f, Credentials=[PROTECTED], Authenticated=true, Details=WebAuthenticationDetails [RemoteIpAddress=127.0.0.1, SessionId=null], Granted Authorities=[SCOPE_read, SCOPE_openid, SCOPE_profile, SCOPE_write, ROLE_ADMIN, app:portal, app:oa, app:erp, app:bi]]
<==    Columns: id, code, name, remark, create_time, update_time
2026-08-15T12:49:27.686+08:00 DEBUG 11532 --- [iam-resource-service] [nio-9010-exec-1] o.s.security.web.FilterChainProxy        : Secured GET /api/admin/permissions
<==        Row: 1, ADMIN, 管理员, 拥有全部应用访问权限, 2026-08-13 09:57:52, 2026-08-15 00:06:16
<==        Row: 2, USER, 普通用户, 仅可访问门户与 OA, 2026-08-13 09:57:52, 2026-08-13 09:57:52
Creating a new SqlSession
<==      Total: 2
SqlSession [org.apache.ibatis.session.defaults.DefaultSqlSession@5938c456] was not registered for synchronization because synchronization is not active
Closing non transactional SqlSession [org.apache.ibatis.session.defaults.DefaultSqlSession@5c74e4a]
JDBC Connection [com.alibaba.druid.pool.DruidStatementConnection@78b27ec1] will not be managed by Spring
Creating a new SqlSession
==>  Preparing: SELECT id,code,name,type,remark,create_time FROM sys_permission ORDER BY id ASC
SqlSession [org.apache.ibatis.session.defaults.DefaultSqlSession@1fc973e8] was not registered for synchronization because synchronization is not active
==> Parameters: 
<==    Columns: id, code, name, type, remark, create_time
<==        Row: 1, app:portal, 门户应用, app, 统一工作台门户, 2026-08-13 09:57:52
<==        Row: 2, app:oa, OA 办公系统, app, 办公自动化, 2026-08-13 09:57:52
<==        Row: 3, app:crm, CRM 客户管理, app, 客户关系管理, 2026-08-13 09:57:52
<==        Row: 4, app:erp, ERP 企业资源, app, 企业资源计划, 2026-08-13 09:57:52
<==        Row: 5, app:bi, BI 数据分析, app, 商业智能分析, 2026-08-13 09:57:52
<==      Total: 5
Closing non transactional SqlSession [org.apache.ibatis.session.defaults.DefaultSqlSession@5938c456]
JDBC Connection [com.alibaba.druid.pool.DruidStatementConnection@78b27ec1] will not be managed by Spring
==>  Preparing: SELECT rp.permission_id FROM sys_role_permission rp WHERE rp.role_id = ?
==> Parameters: 1(Long)
<==    Columns: permission_id
<==        Row: 1
<==        Row: 2
<==        Row: 4
<==        Row: 5
<==      Total: 4
Closing non transactional SqlSession [org.apache.ibatis.session.defaults.DefaultSqlSession@1fc973e8]
Creating a new SqlSession
SqlSession [org.apache.ibatis.session.defaults.DefaultSqlSession@2eaeae91] was not registered for synchronization because synchronization is not active
JDBC Connection [com.alibaba.druid.pool.DruidStatementConnection@78b27ec1] will not be managed by Spring
==>  Preparing: SELECT rp.permission_id FROM sys_role_permission rp WHERE rp.role_id = ?
==> Parameters: 2(Long)
<==    Columns: permission_id
<==        Row: 1
<==        Row: 2
<==      Total: 2
Closing non transactional SqlSession [org.apache.ibatis.session.defaults.DefaultSqlSession@2eaeae91]
2026-08-15T12:49:27.702+08:00 DEBUG 11532 --- [iam-resource-service] [nio-9010-exec-2] o.s.security.web.FilterChainProxy        : Securing GET /api/admin/roles
Creating a new SqlSession
SqlSession [org.apache.ibatis.session.defaults.DefaultSqlSession@599795ec] was not registered for synchronization because synchronization is not active
JDBC Connection [com.alibaba.druid.pool.DruidStatementConnection@78b27ec1] will not be managed by Spring
==>  Preparing: SELECT * FROM sys_user WHERE username = ? LIMIT 1
==> Parameters: admin(String)
<==    Columns: id, username, nickname, email, phone, avatar, identity_type, enabled, account_non_expired, account_non_locked, credentials_non_expired, create_time, update_time
<==        Row: 1, admin, 管理员, admin@example.com, null, null, 1, 1, 1, 1, 1, 2026-08-11 20:00:08, 2026-08-13 22:28:45
<==      Total: 1
Closing non transactional SqlSession [org.apache.ibatis.session.defaults.DefaultSqlSession@599795ec]
Creating a new SqlSession
SqlSession [org.apache.ibatis.session.defaults.DefaultSqlSession@71eb716f] was not registered for synchronization because synchronization is not active
JDBC Connection [com.alibaba.druid.pool.DruidStatementConnection@78b27ec1] will not be managed by Spring
==>  Preparing: SELECT DISTINCT r.code FROM sys_role r JOIN sys_user_role ur ON ur.role_id = r.id JOIN sys_user u ON u.id = ur.user_id WHERE u.username = ?
==> Parameters: admin(String)
<==    Columns: code
<==        Row: ADMIN
<==      Total: 1
Closing non transactional SqlSession [org.apache.ibatis.session.defaults.DefaultSqlSession@71eb716f]
Creating a new SqlSession
SqlSession [org.apache.ibatis.session.defaults.DefaultSqlSession@28ad0a02] was not registered for synchronization because synchronization is not active
JDBC Connection [com.alibaba.druid.pool.DruidStatementConnection@78b27ec1] will not be managed by Spring
==>  Preparing: SELECT DISTINCT p.code FROM sys_permission p JOIN sys_role_permission rp ON rp.permission_id = p.id JOIN sys_user_role ur ON ur.role_id = rp.role_id JOIN sys_user u ON u.id = ur.user_id WHERE u.username = ?
==> Parameters: admin(String)
<==    Columns: code
<==        Row: app:portal
<==        Row: app:oa
<==        Row: app:erp
<==        Row: app:bi
<==      Total: 4
Closing non transactional SqlSession [org.apache.ibatis.session.defaults.DefaultSqlSession@28ad0a02]
Creating a new SqlSession
SqlSession [org.apache.ibatis.session.defaults.DefaultSqlSession@4138ee4e] was not registered for synchronization because synchronization is not active
JDBC Connection [com.alibaba.druid.pool.DruidStatementConnection@78b27ec1] will not be managed by Spring
==>  Preparing: SELECT DISTINCT r.code FROM sys_role r JOIN sys_user_role ur ON ur.role_id = r.id JOIN sys_user u ON u.id = ur.user_id WHERE u.username = ?
==> Parameters: admin(String)
<==    Columns: code
<==        Row: ADMIN
<==      Total: 1
Closing non transactional SqlSession [org.apache.ibatis.session.defaults.DefaultSqlSession@4138ee4e]
2026-08-15T12:49:27.804+08:00 DEBUG 11532 --- [iam-resource-service] [nio-9010-exec-2] c.RbacAuthoritiesOpaqueTokenIntrospector : [Introspect] 用户令牌注入 RBAC authorities, sub=admin, roles=[ADMIN]
2026-08-15T12:49:27.805+08:00 DEBUG 11532 --- [iam-resource-service] [nio-9010-exec-2] .s.r.a.OpaqueTokenAuthenticationProvider : Authenticated token
2026-08-15T12:49:27.805+08:00 DEBUG 11532 --- [iam-resource-service] [nio-9010-exec-2] .s.r.w.a.BearerTokenAuthenticationFilter : Set SecurityContextHolder to BearerTokenAuthentication [Principal=net.xzh.resource.config.RbacAuthoritiesOpaqueTokenIntrospector$EnrichedPrincipal@4a4bf36c, Credentials=[PROTECTED], Authenticated=true, Details=WebAuthenticationDetails [RemoteIpAddress=127.0.0.1, SessionId=null], Granted Authorities=[SCOPE_read, SCOPE_openid, SCOPE_profile, SCOPE_write, ROLE_ADMIN, app:portal, app:oa, app:erp, app:bi]]
2026-08-15T12:49:27.805+08:00 DEBUG 11532 --- [iam-resource-service] [nio-9010-exec-2] o.s.security.web.FilterChainProxy        : Secured GET /api/admin/roles
Creating a new SqlSession
SqlSession [org.apache.ibatis.session.defaults.DefaultSqlSession@35146049] was not registered for synchronization because synchronization is not active
JDBC Connection [com.alibaba.druid.pool.DruidStatementConnection@78b27ec1] will not be managed by Spring
==>  Preparing: SELECT id,code,name,remark,create_time,update_time FROM sys_role
==> Parameters: 
<==    Columns: id, code, name, remark, create_time, update_time
<==        Row: 1, ADMIN, 管理员, 拥有全部应用访问权限, 2026-08-13 09:57:52, 2026-08-15 00:06:16
<==        Row: 2, USER, 普通用户, 仅可访问门户与 OA, 2026-08-13 09:57:52, 2026-08-13 09:57:52
<==      Total: 2
Closing non transactional SqlSession [org.apache.ibatis.session.defaults.DefaultSqlSession@35146049]
Creating a new SqlSession
SqlSession [org.apache.ibatis.session.defaults.DefaultSqlSession@93d3ebf] was not registered for synchronization because synchronization is not active
JDBC Connection [com.alibaba.druid.pool.DruidStatementConnection@78b27ec1] will not be managed by Spring
==>  Preparing: SELECT rp.permission_id FROM sys_role_permission rp WHERE rp.role_id = ?
==> Parameters: 1(Long)
<==    Columns: permission_id
<==        Row: 1
<==        Row: 2
<==        Row: 4
<==        Row: 5
<==      Total: 4
Closing non transactional SqlSession [org.apache.ibatis.session.defaults.DefaultSqlSession@93d3ebf]
Creating a new SqlSession
SqlSession [org.apache.ibatis.session.defaults.DefaultSqlSession@af84199] was not registered for synchronization because synchronization is not active
JDBC Connection [com.alibaba.druid.pool.DruidStatementConnection@78b27ec1] will not be managed by Spring
==>  Preparing: SELECT rp.permission_id FROM sys_role_permission rp WHERE rp.role_id = ?
==> Parameters: 2(Long)
<==    Columns: permission_id
<==        Row: 1
<==        Row: 2
<==      Total: 2
Closing non transactional SqlSession [org.apache.ibatis.session.defaults.DefaultSqlSession@af84199]
2026-08-15T12:49:27.825+08:00 DEBUG 11532 --- [iam-resource-service] [nio-9010-exec-3] o.s.security.web.FilterChainProxy        : Securing GET /api/admin/roles
Creating a new SqlSession
SqlSession [org.apache.ibatis.session.defaults.DefaultSqlSession@304a56e7] was not registered for synchronization because synchronization is not active
JDBC Connection [com.alibaba.druid.pool.DruidStatementConnection@78b27ec1] will not be managed by Spring
==>  Preparing: SELECT * FROM sys_user WHERE username = ? LIMIT 1
==> Parameters: admin(String)
<==    Columns: id, username, nickname, email, phone, avatar, identity_type, enabled, account_non_expired, account_non_locked, credentials_non_expired, create_time, update_time
<==        Row: 1, admin, 管理员, admin@example.com, null, null, 1, 1, 1, 1, 1, 2026-08-11 20:00:08, 2026-08-13 22:28:45
<==      Total: 1
Closing non transactional SqlSession [org.apache.ibatis.session.defaults.DefaultSqlSession@304a56e7]
Creating a new SqlSession
SqlSession [org.apache.ibatis.session.defaults.DefaultSqlSession@6d7236ad] was not registered for synchronization because synchronization is not active
JDBC Connection [com.alibaba.druid.pool.DruidStatementConnection@78b27ec1] will not be managed by Spring
==>  Preparing: SELECT DISTINCT r.code FROM sys_role r JOIN sys_user_role ur ON ur.role_id = r.id JOIN sys_user u ON u.id = ur.user_id WHERE u.username = ?
==> Parameters: admin(String)
<==    Columns: code
<==        Row: ADMIN
<==      Total: 1
Closing non transactional SqlSession [org.apache.ibatis.session.defaults.DefaultSqlSession@6d7236ad]
Creating a new SqlSession
SqlSession [org.apache.ibatis.session.defaults.DefaultSqlSession@24432d84] was not registered for synchronization because synchronization is not active
JDBC Connection [com.alibaba.druid.pool.DruidStatementConnection@78b27ec1] will not be managed by Spring
==>  Preparing: SELECT DISTINCT p.code FROM sys_permission p JOIN sys_role_permission rp ON rp.permission_id = p.id JOIN sys_user_role ur ON ur.role_id = rp.role_id JOIN sys_user u ON u.id = ur.user_id WHERE u.username = ?
==> Parameters: admin(String)
<==    Columns: code
<==        Row: app:portal
<==        Row: app:oa
<==        Row: app:erp
<==        Row: app:bi
<==      Total: 4
Closing non transactional SqlSession [org.apache.ibatis.session.defaults.DefaultSqlSession@24432d84]
Creating a new SqlSession
SqlSession [org.apache.ibatis.session.defaults.DefaultSqlSession@2c60b1c3] was not registered for synchronization because synchronization is not active
JDBC Connection [com.alibaba.druid.pool.DruidStatementConnection@78b27ec1] will not be managed by Spring
==>  Preparing: SELECT DISTINCT r.code FROM sys_role r JOIN sys_user_role ur ON ur.role_id = r.id JOIN sys_user u ON u.id = ur.user_id WHERE u.username = ?
==> Parameters: admin(String)
<==    Columns: code
<==        Row: ADMIN
<==      Total: 1
Closing non transactional SqlSession [org.apache.ibatis.session.defaults.DefaultSqlSession@2c60b1c3]
2026-08-15T12:49:27.927+08:00 DEBUG 11532 --- [iam-resource-service] [nio-9010-exec-3] c.RbacAuthoritiesOpaqueTokenIntrospector : [Introspect] 用户令牌注入 RBAC authorities, sub=admin, roles=[ADMIN]
2026-08-15T12:49:27.927+08:00 DEBUG 11532 --- [iam-resource-service] [nio-9010-exec-3] .s.r.a.OpaqueTokenAuthenticationProvider : Authenticated token
2026-08-15T12:49:27.928+08:00 DEBUG 11532 --- [iam-resource-service] [nio-9010-exec-3] .s.r.w.a.BearerTokenAuthenticationFilter : Set SecurityContextHolder to BearerTokenAuthentication [Principal=net.xzh.resource.config.RbacAuthoritiesOpaqueTokenIntrospector$EnrichedPrincipal@323b6bf3, Credentials=[PROTECTED], Authenticated=true, Details=WebAuthenticationDetails [RemoteIpAddress=127.0.0.1, SessionId=null], Granted Authorities=[SCOPE_read, SCOPE_openid, SCOPE_profile, SCOPE_write, ROLE_ADMIN, app:portal, app:oa, app:erp, app:bi]]
2026-08-15T12:49:27.928+08:00 DEBUG 11532 --- [iam-resource-service] [nio-9010-exec-3] o.s.security.web.FilterChainProxy        : Secured GET /api/admin/roles
Creating a new SqlSession
SqlSession [org.apache.ibatis.session.defaults.DefaultSqlSession@3bf85d65] was not registered for synchronization because synchronization is not active
JDBC Connection [com.alibaba.druid.pool.DruidStatementConnection@78b27ec1] will not be managed by Spring
==>  Preparing: SELECT id,code,name,remark,create_time,update_time FROM sys_role
==> Parameters: 
<==    Columns: id, code, name, remark, create_time, update_time
<==        Row: 1, ADMIN, 管理员, 拥有全部应用访问权限, 2026-08-13 09:57:52, 2026-08-15 00:06:16
<==        Row: 2, USER, 普通用户, 仅可访问门户与 OA, 2026-08-13 09:57:52, 2026-08-13 09:57:52
<==      Total: 2
Closing non transactional SqlSession [org.apache.ibatis.session.defaults.DefaultSqlSession@3bf85d65]
Creating a new SqlSession
SqlSession [org.apache.ibatis.session.defaults.DefaultSqlSession@5797c288] was not registered for synchronization because synchronization is not active
JDBC Connection [com.alibaba.druid.pool.DruidStatementConnection@78b27ec1] will not be managed by Spring
==>  Preparing: SELECT rp.permission_id FROM sys_role_permission rp WHERE rp.role_id = ?
==> Parameters: 1(Long)
<==    Columns: permission_id
<==        Row: 1
<==        Row: 2
<==        Row: 4
<==        Row: 5
<==      Total: 4
Closing non transactional SqlSession [org.apache.ibatis.session.defaults.DefaultSqlSession@5797c288]
Creating a new SqlSession
SqlSession [org.apache.ibatis.session.defaults.DefaultSqlSession@47f03eb9] was not registered for synchronization because synchronization is not active
JDBC Connection [com.alibaba.druid.pool.DruidStatementConnection@78b27ec1] will not be managed by Spring
==>  Preparing: SELECT rp.permission_id FROM sys_role_permission rp WHERE rp.role_id = ?
==> Parameters: 2(Long)
<==    Columns: permission_id
<==        Row: 1
<==        Row: 2
<==      Total: 2
Closing non transactional SqlSession [org.apache.ibatis.session.defaults.DefaultSqlSession@47f03eb9]
2026-08-15T12:58:01.880+08:00 DEBUG 11532 --- [iam-resource-service] [nio-9010-exec-6] o.s.security.web.FilterChainProxy        : Securing GET /api/admin/roles
Creating a new SqlSession
SqlSession [org.apache.ibatis.session.defaults.DefaultSqlSession@3591127] was not registered for synchronization because synchronization is not active
JDBC Connection [com.alibaba.druid.pool.DruidStatementConnection@561e3064] will not be managed by Spring
==>  Preparing: SELECT * FROM sys_user WHERE username = ? LIMIT 1
==> Parameters: admin(String)
<==    Columns: id, username, nickname, email, phone, avatar, identity_type, enabled, account_non_expired, account_non_locked, credentials_non_expired, create_time, update_time
<==        Row: 1, admin, 管理员, admin@example.com, null, null, 1, 1, 1, 1, 1, 2026-08-11 20:00:08, 2026-08-13 22:28:45
<==      Total: 1
Closing non transactional SqlSession [org.apache.ibatis.session.defaults.DefaultSqlSession@3591127]
Creating a new SqlSession
SqlSession [org.apache.ibatis.session.defaults.DefaultSqlSession@4dc89b77] was not registered for synchronization because synchronization is not active
JDBC Connection [com.alibaba.druid.pool.DruidStatementConnection@561e3064] will not be managed by Spring
==>  Preparing: SELECT DISTINCT r.code FROM sys_role r JOIN sys_user_role ur ON ur.role_id = r.id JOIN sys_user u ON u.id = ur.user_id WHERE u.username = ?
==> Parameters: admin(String)
<==    Columns: code
<==        Row: ADMIN
<==      Total: 1
Closing non transactional SqlSession [org.apache.ibatis.session.defaults.DefaultSqlSession@4dc89b77]
Creating a new SqlSession
SqlSession [org.apache.ibatis.session.defaults.DefaultSqlSession@5a463747] was not registered for synchronization because synchronization is not active
JDBC Connection [com.alibaba.druid.pool.DruidStatementConnection@561e3064] will not be managed by Spring
==>  Preparing: SELECT DISTINCT p.code FROM sys_permission p JOIN sys_role_permission rp ON rp.permission_id = p.id JOIN sys_user_role ur ON ur.role_id = rp.role_id JOIN sys_user u ON u.id = ur.user_id WHERE u.username = ?
==> Parameters: admin(String)
<==    Columns: code
<==        Row: app:portal
<==        Row: app:oa
<==        Row: app:erp
<==        Row: app:bi
<==      Total: 4
Closing non transactional SqlSession [org.apache.ibatis.session.defaults.DefaultSqlSession@5a463747]
Creating a new SqlSession
SqlSession [org.apache.ibatis.session.defaults.DefaultSqlSession@4e072871] was not registered for synchronization because synchronization is not active
JDBC Connection [com.alibaba.druid.pool.DruidStatementConnection@561e3064] will not be managed by Spring
==>  Preparing: SELECT DISTINCT r.code FROM sys_role r JOIN sys_user_role ur ON ur.role_id = r.id JOIN sys_user u ON u.id = ur.user_id WHERE u.username = ?
==> Parameters: admin(String)
<==    Columns: code
<==        Row: ADMIN
<==      Total: 1
Closing non transactional SqlSession [org.apache.ibatis.session.defaults.DefaultSqlSession@4e072871]
2026-08-15T12:58:01.992+08:00 DEBUG 11532 --- [iam-resource-service] [nio-9010-exec-6] c.RbacAuthoritiesOpaqueTokenIntrospector : [Introspect] 用户令牌注入 RBAC authorities, sub=admin, roles=[ADMIN]
2026-08-15T12:58:01.992+08:00 DEBUG 11532 --- [iam-resource-service] [nio-9010-exec-6] .s.r.a.OpaqueTokenAuthenticationProvider : Authenticated token
2026-08-15T12:58:01.992+08:00 DEBUG 11532 --- [iam-resource-service] [nio-9010-exec-6] .s.r.w.a.BearerTokenAuthenticationFilter : Set SecurityContextHolder to BearerTokenAuthentication [Principal=net.xzh.resource.config.RbacAuthoritiesOpaqueTokenIntrospector$EnrichedPrincipal@3d584d79, Credentials=[PROTECTED], Authenticated=true, Details=WebAuthenticationDetails [RemoteIpAddress=127.0.0.1, SessionId=null], Granted Authorities=[SCOPE_read, SCOPE_openid, SCOPE_profile, SCOPE_write, ROLE_ADMIN, app:portal, app:oa, app:erp, app:bi]]
2026-08-15T12:58:01.992+08:00 DEBUG 11532 --- [iam-resource-service] [nio-9010-exec-6] o.s.security.web.FilterChainProxy        : Secured GET /api/admin/roles
Creating a new SqlSession
SqlSession [org.apache.ibatis.session.defaults.DefaultSqlSession@126ce134] was not registered for synchronization because synchronization is not active
JDBC Connection [com.alibaba.druid.pool.DruidStatementConnection@561e3064] will not be managed by Spring
==>  Preparing: SELECT id,code,name,remark,create_time,update_time FROM sys_role
==> Parameters: 
<==    Columns: id, code, name, remark, create_time, update_time
<==        Row: 1, ADMIN, 管理员, 拥有全部应用访问权限, 2026-08-13 09:57:52, 2026-08-15 00:06:16
<==        Row: 2, USER, 普通用户, 仅可访问门户与 OA, 2026-08-13 09:57:52, 2026-08-13 09:57:52
<==      Total: 2
Closing non transactional SqlSession [org.apache.ibatis.session.defaults.DefaultSqlSession@126ce134]
Creating a new SqlSession
SqlSession [org.apache.ibatis.session.defaults.DefaultSqlSession@4e1c070f] was not registered for synchronization because synchronization is not active
JDBC Connection [com.alibaba.druid.pool.DruidStatementConnection@561e3064] will not be managed by Spring
==>  Preparing: SELECT rp.permission_id FROM sys_role_permission rp WHERE rp.role_id = ?
==> Parameters: 1(Long)
<==    Columns: permission_id
<==        Row: 1
<==        Row: 2
<==        Row: 4
<==        Row: 5
<==      Total: 4
Closing non transactional SqlSession [org.apache.ibatis.session.defaults.DefaultSqlSession@4e1c070f]
Creating a new SqlSession
SqlSession [org.apache.ibatis.session.defaults.DefaultSqlSession@44409a6f] was not registered for synchronization because synchronization is not active
JDBC Connection [com.alibaba.druid.pool.DruidStatementConnection@561e3064] will not be managed by Spring
==>  Preparing: SELECT rp.permission_id FROM sys_role_permission rp WHERE rp.role_id = ?
==> Parameters: 2(Long)
<==    Columns: permission_id
<==        Row: 1
<==        Row: 2
<==      Total: 2
Closing non transactional SqlSession [org.apache.ibatis.session.defaults.DefaultSqlSession@44409a6f]
2026-08-15T15:22:21.741+08:00 DEBUG 11532 --- [iam-resource-service] [nio-9010-exec-8] o.s.security.web.FilterChainProxy        : Securing GET /api/internal/user/admin/roles
2026-08-15T15:22:21.863+08:00 DEBUG 11532 --- [iam-resource-service] [nio-9010-exec-8] c.RbacAuthoritiesOpaqueTokenIntrospector : [Introspect] 服务令牌注入 ROLE_SERVICE, sub=resource-server
2026-08-15T15:22:21.864+08:00 DEBUG 11532 --- [iam-resource-service] [nio-9010-exec-8] .s.r.a.OpaqueTokenAuthenticationProvider : Authenticated token
2026-08-15T15:22:21.865+08:00 DEBUG 11532 --- [iam-resource-service] [nio-9010-exec-8] .s.r.w.a.BearerTokenAuthenticationFilter : Set SecurityContextHolder to BearerTokenAuthentication [Principal=net.xzh.resource.config.RbacAuthoritiesOpaqueTokenIntrospector$EnrichedPrincipal@192d3019, Credentials=[PROTECTED], Authenticated=true, Details=WebAuthenticationDetails [RemoteIpAddress=127.0.0.1, SessionId=null], Granted Authorities=[SCOPE_read, ROLE_SERVICE]]
2026-08-15T15:22:21.876+08:00 DEBUG 11532 --- [iam-resource-service] [nio-9010-exec-8] o.s.security.web.FilterChainProxy        : Secured GET /api/internal/user/admin/roles
Creating a new SqlSession
SqlSession [org.apache.ibatis.session.defaults.DefaultSqlSession@4d1c6702] was not registered for synchronization because synchronization is not active
JDBC Connection [com.alibaba.druid.pool.DruidStatementConnection@3be77567] will not be managed by Spring
==>  Preparing: SELECT DISTINCT r.code FROM sys_role r JOIN sys_user_role ur ON ur.role_id = r.id JOIN sys_user u ON u.id = ur.user_id WHERE u.username = ?
==> Parameters: admin(String)
<==    Columns: code
<==        Row: ADMIN
<==      Total: 1
Closing non transactional SqlSession [org.apache.ibatis.session.defaults.DefaultSqlSession@4d1c6702]
Creating a new SqlSession
SqlSession [org.apache.ibatis.session.defaults.DefaultSqlSession@102fcb8a] was not registered for synchronization because synchronization is not active
JDBC Connection [com.alibaba.druid.pool.DruidStatementConnection@3be77567] will not be managed by Spring
==>  Preparing: SELECT DISTINCT p.code FROM sys_permission p JOIN sys_role_permission rp ON rp.permission_id = p.id JOIN sys_user_role ur ON ur.role_id = rp.role_id JOIN sys_user u ON u.id = ur.user_id WHERE u.username = ?
==> Parameters: admin(String)
<==    Columns: code
<==        Row: app:portal
<==        Row: app:oa
<==        Row: app:erp
<==        Row: app:bi
<==      Total: 4
Closing non transactional SqlSession [org.apache.ibatis.session.defaults.DefaultSqlSession@102fcb8a]
2026-08-15T15:22:27.292+08:00 DEBUG 11532 --- [iam-resource-service] [nio-9010-exec-9] o.s.security.web.FilterChainProxy        : Securing GET /api/internal/user/user/roles
2026-08-15T15:22:27.392+08:00 DEBUG 11532 --- [iam-resource-service] [nio-9010-exec-9] c.RbacAuthoritiesOpaqueTokenIntrospector : [Introspect] 服务令牌注入 ROLE_SERVICE, sub=resource-server
2026-08-15T15:22:27.392+08:00 DEBUG 11532 --- [iam-resource-service] [nio-9010-exec-9] .s.r.a.OpaqueTokenAuthenticationProvider : Authenticated token
2026-08-15T15:22:27.393+08:00 DEBUG 11532 --- [iam-resource-service] [nio-9010-exec-9] .s.r.w.a.BearerTokenAuthenticationFilter : Set SecurityContextHolder to BearerTokenAuthentication [Principal=net.xzh.resource.config.RbacAuthoritiesOpaqueTokenIntrospector$EnrichedPrincipal@2f68b25d, Credentials=[PROTECTED], Authenticated=true, Details=WebAuthenticationDetails [RemoteIpAddress=127.0.0.1, SessionId=null], Granted Authorities=[SCOPE_read, ROLE_SERVICE]]
2026-08-15T15:22:27.393+08:00 DEBUG 11532 --- [iam-resource-service] [nio-9010-exec-9] o.s.security.web.FilterChainProxy        : Secured GET /api/internal/user/user/roles
Creating a new SqlSession
SqlSession [org.apache.ibatis.session.defaults.DefaultSqlSession@2cea710c] was not registered for synchronization because synchronization is not active
JDBC Connection [com.alibaba.druid.pool.DruidStatementConnection@3be77567] will not be managed by Spring
==>  Preparing: SELECT DISTINCT r.code FROM sys_role r JOIN sys_user_role ur ON ur.role_id = r.id JOIN sys_user u ON u.id = ur.user_id WHERE u.username = ?
==> Parameters: user(String)
<==    Columns: code
<==        Row: ADMIN
<==      Total: 1
Closing non transactional SqlSession [org.apache.ibatis.session.defaults.DefaultSqlSession@2cea710c]
Creating a new SqlSession
SqlSession [org.apache.ibatis.session.defaults.DefaultSqlSession@323c71a6] was not registered for synchronization because synchronization is not active
JDBC Connection [com.alibaba.druid.pool.DruidStatementConnection@3be77567] will not be managed by Spring
==>  Preparing: SELECT DISTINCT p.code FROM sys_permission p JOIN sys_role_permission rp ON rp.permission_id = p.id JOIN sys_user_role ur ON ur.role_id = rp.role_id JOIN sys_user u ON u.id = ur.user_id WHERE u.username = ?
==> Parameters: user(String)
<==    Columns: code
<==        Row: app:portal
<==        Row: app:oa
<==        Row: app:erp
<==        Row: app:bi
<==      Total: 4
Closing non transactional SqlSession [org.apache.ibatis.session.defaults.DefaultSqlSession@323c71a6]
2026-08-15T15:23:23.035+08:00 DEBUG 11532 --- [iam-resource-service] [nio-9010-exec-1] o.s.security.web.FilterChainProxy        : Securing GET /api/internal/user/admin/roles
2026-08-15T15:23:23.143+08:00 DEBUG 11532 --- [iam-resource-service] [nio-9010-exec-1] c.RbacAuthoritiesOpaqueTokenIntrospector : [Introspect] 服务令牌注入 ROLE_SERVICE, sub=resource-server
2026-08-15T15:23:23.144+08:00 DEBUG 11532 --- [iam-resource-service] [nio-9010-exec-1] .s.r.a.OpaqueTokenAuthenticationProvider : Authenticated token
2026-08-15T15:23:23.144+08:00 DEBUG 11532 --- [iam-resource-service] [nio-9010-exec-1] .s.r.w.a.BearerTokenAuthenticationFilter : Set SecurityContextHolder to BearerTokenAuthentication [Principal=net.xzh.resource.config.RbacAuthoritiesOpaqueTokenIntrospector$EnrichedPrincipal@b4b0614, Credentials=[PROTECTED], Authenticated=true, Details=WebAuthenticationDetails [RemoteIpAddress=0:0:0:0:0:0:0:1, SessionId=null], Granted Authorities=[SCOPE_read, ROLE_SERVICE]]
2026-08-15T15:23:23.145+08:00 DEBUG 11532 --- [iam-resource-service] [nio-9010-exec-1] o.s.security.web.FilterChainProxy        : Secured GET /api/internal/user/admin/roles
Creating a new SqlSession
SqlSession [org.apache.ibatis.session.defaults.DefaultSqlSession@209ef56e] was not registered for synchronization because synchronization is not active
JDBC Connection [com.alibaba.druid.pool.DruidStatementConnection@3be77567] will not be managed by Spring
==>  Preparing: SELECT DISTINCT r.code FROM sys_role r JOIN sys_user_role ur ON ur.role_id = r.id JOIN sys_user u ON u.id = ur.user_id WHERE u.username = ?
==> Parameters: admin(String)
<==    Columns: code
<==        Row: ADMIN
<==      Total: 1
Closing non transactional SqlSession [org.apache.ibatis.session.defaults.DefaultSqlSession@209ef56e]
Creating a new SqlSession
SqlSession [org.apache.ibatis.session.defaults.DefaultSqlSession@743ea18a] was not registered for synchronization because synchronization is not active
JDBC Connection [com.alibaba.druid.pool.DruidStatementConnection@3be77567] will not be managed by Spring
==>  Preparing: SELECT DISTINCT p.code FROM sys_permission p JOIN sys_role_permission rp ON rp.permission_id = p.id JOIN sys_user_role ur ON ur.role_id = rp.role_id JOIN sys_user u ON u.id = ur.user_id WHERE u.username = ?
==> Parameters: admin(String)
<==    Columns: code
<==        Row: app:portal
<==        Row: app:oa
<==        Row: app:erp
<==        Row: app:bi
<==      Total: 4
Closing non transactional SqlSession [org.apache.ibatis.session.defaults.DefaultSqlSession@743ea18a]
2026-08-15T15:23:23.185+08:00 DEBUG 11532 --- [iam-resource-service] [io-9010-exec-10] o.s.security.web.FilterChainProxy        : Securing GET /api/internal/user/user/roles
2026-08-15T15:23:23.281+08:00 DEBUG 11532 --- [iam-resource-service] [io-9010-exec-10] c.RbacAuthoritiesOpaqueTokenIntrospector : [Introspect] 服务令牌注入 ROLE_SERVICE, sub=resource-server
2026-08-15T15:23:23.281+08:00 DEBUG 11532 --- [iam-resource-service] [io-9010-exec-10] .s.r.a.OpaqueTokenAuthenticationProvider : Authenticated token
2026-08-15T15:23:23.282+08:00 DEBUG 11532 --- [iam-resource-service] [io-9010-exec-10] .s.r.w.a.BearerTokenAuthenticationFilter : Set SecurityContextHolder to BearerTokenAuthentication [Principal=net.xzh.resource.config.RbacAuthoritiesOpaqueTokenIntrospector$EnrichedPrincipal@2b654be1, Credentials=[PROTECTED], Authenticated=true, Details=WebAuthenticationDetails [RemoteIpAddress=0:0:0:0:0:0:0:1, SessionId=null], Granted Authorities=[SCOPE_read, ROLE_SERVICE]]
2026-08-15T15:23:23.282+08:00 DEBUG 11532 --- [iam-resource-service] [io-9010-exec-10] o.s.security.web.FilterChainProxy        : Secured GET /api/internal/user/user/roles
Creating a new SqlSession
SqlSession [org.apache.ibatis.session.defaults.DefaultSqlSession@1a4f5a63] was not registered for synchronization because synchronization is not active
JDBC Connection [com.alibaba.druid.pool.DruidStatementConnection@3be77567] will not be managed by Spring
==>  Preparing: SELECT DISTINCT r.code FROM sys_role r JOIN sys_user_role ur ON ur.role_id = r.id JOIN sys_user u ON u.id = ur.user_id WHERE u.username = ?
==> Parameters: user(String)
<==    Columns: code
<==        Row: ADMIN
<==      Total: 1
Closing non transactional SqlSession [org.apache.ibatis.session.defaults.DefaultSqlSession@1a4f5a63]
Creating a new SqlSession
SqlSession [org.apache.ibatis.session.defaults.DefaultSqlSession@761c563] was not registered for synchronization because synchronization is not active
JDBC Connection [com.alibaba.druid.pool.DruidStatementConnection@3be77567] will not be managed by Spring
==>  Preparing: SELECT DISTINCT p.code FROM sys_permission p JOIN sys_role_permission rp ON rp.permission_id = p.id JOIN sys_user_role ur ON ur.role_id = rp.role_id JOIN sys_user u ON u.id = ur.user_id WHERE u.username = ?
==> Parameters: user(String)
<==    Columns: code
<==        Row: app:portal
<==        Row: app:oa
<==        Row: app:erp
<==        Row: app:bi
<==      Total: 4
Closing non transactional SqlSession [org.apache.ibatis.session.defaults.DefaultSqlSession@761c563]
2026-08-15T15:25:09.674+08:00 DEBUG 11532 --- [iam-resource-service] [nio-9010-exec-5] o.s.security.web.FilterChainProxy        : Securing GET /api/internal/user/admin/roles
2026-08-15T15:25:09.782+08:00 DEBUG 11532 --- [iam-resource-service] [nio-9010-exec-5] c.RbacAuthoritiesOpaqueTokenIntrospector : [Introspect] 服务令牌注入 ROLE_SERVICE, sub=resource-server
2026-08-15T15:25:09.782+08:00 DEBUG 11532 --- [iam-resource-service] [nio-9010-exec-5] .s.r.a.OpaqueTokenAuthenticationProvider : Authenticated token
2026-08-15T15:25:09.782+08:00 DEBUG 11532 --- [iam-resource-service] [nio-9010-exec-5] .s.r.w.a.BearerTokenAuthenticationFilter : Set SecurityContextHolder to BearerTokenAuthentication [Principal=net.xzh.resource.config.RbacAuthoritiesOpaqueTokenIntrospector$EnrichedPrincipal@5757de6e, Credentials=[PROTECTED], Authenticated=true, Details=WebAuthenticationDetails [RemoteIpAddress=127.0.0.1, SessionId=null], Granted Authorities=[SCOPE_read, ROLE_SERVICE]]
2026-08-15T15:25:09.783+08:00 DEBUG 11532 --- [iam-resource-service] [nio-9010-exec-5] o.s.security.web.FilterChainProxy        : Secured GET /api/internal/user/admin/roles
Creating a new SqlSession
SqlSession [org.apache.ibatis.session.defaults.DefaultSqlSession@4ff672c7] was not registered for synchronization because synchronization is not active
JDBC Connection [com.alibaba.druid.pool.DruidStatementConnection@3be77567] will not be managed by Spring
==>  Preparing: SELECT DISTINCT r.code FROM sys_role r JOIN sys_user_role ur ON ur.role_id = r.id JOIN sys_user u ON u.id = ur.user_id WHERE u.username = ?
==> Parameters: admin(String)
<==    Columns: code
<==        Row: ADMIN
<==      Total: 1
Closing non transactional SqlSession [org.apache.ibatis.session.defaults.DefaultSqlSession@4ff672c7]
Creating a new SqlSession
SqlSession [org.apache.ibatis.session.defaults.DefaultSqlSession@2a0f6997] was not registered for synchronization because synchronization is not active
JDBC Connection [com.alibaba.druid.pool.DruidStatementConnection@3be77567] will not be managed by Spring
==>  Preparing: SELECT DISTINCT p.code FROM sys_permission p JOIN sys_role_permission rp ON rp.permission_id = p.id JOIN sys_user_role ur ON ur.role_id = rp.role_id JOIN sys_user u ON u.id = ur.user_id WHERE u.username = ?
==> Parameters: admin(String)
<==    Columns: code
<==        Row: app:portal
<==        Row: app:oa
<==        Row: app:erp
<==        Row: app:bi
<==      Total: 4
Closing non transactional SqlSession [org.apache.ibatis.session.defaults.DefaultSqlSession@2a0f6997]
2026-08-15T15:25:10.062+08:00 DEBUG 11532 --- [iam-resource-service] [nio-9010-exec-4] o.s.security.web.FilterChainProxy        : Securing GET /api/admin/user-roles/user
Creating a new SqlSession
SqlSession [org.apache.ibatis.session.defaults.DefaultSqlSession@381e4638] was not registered for synchronization because synchronization is not active
JDBC Connection [com.alibaba.druid.pool.DruidStatementConnection@3be77567] will not be managed by Spring
==>  Preparing: SELECT * FROM sys_user WHERE username = ? LIMIT 1
==> Parameters: admin(String)
<==    Columns: id, username, nickname, email, phone, avatar, identity_type, enabled, account_non_expired, account_non_locked, credentials_non_expired, create_time, update_time
<==        Row: 1, admin, 管理员, admin@example.com, null, null, 1, 1, 1, 1, 1, 2026-08-11 20:00:08, 2026-08-13 22:28:45
<==      Total: 1
Closing non transactional SqlSession [org.apache.ibatis.session.defaults.DefaultSqlSession@381e4638]
Creating a new SqlSession
SqlSession [org.apache.ibatis.session.defaults.DefaultSqlSession@75ac84f5] was not registered for synchronization because synchronization is not active
JDBC Connection [com.alibaba.druid.pool.DruidStatementConnection@3be77567] will not be managed by Spring
==>  Preparing: SELECT DISTINCT r.code FROM sys_role r JOIN sys_user_role ur ON ur.role_id = r.id JOIN sys_user u ON u.id = ur.user_id WHERE u.username = ?
==> Parameters: admin(String)
<==    Columns: code
<==        Row: ADMIN
<==      Total: 1
Closing non transactional SqlSession [org.apache.ibatis.session.defaults.DefaultSqlSession@75ac84f5]
Creating a new SqlSession
SqlSession [org.apache.ibatis.session.defaults.DefaultSqlSession@eef7e55] was not registered for synchronization because synchronization is not active
JDBC Connection [com.alibaba.druid.pool.DruidStatementConnection@3be77567] will not be managed by Spring
==>  Preparing: SELECT DISTINCT p.code FROM sys_permission p JOIN sys_role_permission rp ON rp.permission_id = p.id JOIN sys_user_role ur ON ur.role_id = rp.role_id JOIN sys_user u ON u.id = ur.user_id WHERE u.username = ?
==> Parameters: admin(String)
<==    Columns: code
<==        Row: app:portal
<==        Row: app:oa
<==        Row: app:erp
<==        Row: app:bi
<==      Total: 4
Closing non transactional SqlSession [org.apache.ibatis.session.defaults.DefaultSqlSession@eef7e55]
Creating a new SqlSession
SqlSession [org.apache.ibatis.session.defaults.DefaultSqlSession@2df6cc4e] was not registered for synchronization because synchronization is not active
JDBC Connection [com.alibaba.druid.pool.DruidStatementConnection@3be77567] will not be managed by Spring
==>  Preparing: SELECT DISTINCT r.code FROM sys_role r JOIN sys_user_role ur ON ur.role_id = r.id JOIN sys_user u ON u.id = ur.user_id WHERE u.username = ?
==> Parameters: admin(String)
<==    Columns: code
<==        Row: ADMIN
<==      Total: 1
Closing non transactional SqlSession [org.apache.ibatis.session.defaults.DefaultSqlSession@2df6cc4e]
2026-08-15T15:25:10.177+08:00 DEBUG 11532 --- [iam-resource-service] [nio-9010-exec-4] c.RbacAuthoritiesOpaqueTokenIntrospector : [Introspect] 用户令牌注入 RBAC authorities, sub=admin, roles=[ADMIN]
2026-08-15T15:25:10.178+08:00 DEBUG 11532 --- [iam-resource-service] [nio-9010-exec-4] .s.r.a.OpaqueTokenAuthenticationProvider : Authenticated token
2026-08-15T15:25:10.178+08:00 DEBUG 11532 --- [iam-resource-service] [nio-9010-exec-4] .s.r.w.a.BearerTokenAuthenticationFilter : Set SecurityContextHolder to BearerTokenAuthentication [Principal=net.xzh.resource.config.RbacAuthoritiesOpaqueTokenIntrospector$EnrichedPrincipal@4a7dfb64, Credentials=[PROTECTED], Authenticated=true, Details=WebAuthenticationDetails [RemoteIpAddress=127.0.0.1, SessionId=null], Granted Authorities=[SCOPE_read, SCOPE_openid, SCOPE_profile, SCOPE_write, ROLE_ADMIN, app:portal, app:oa, app:erp, app:bi]]
2026-08-15T15:25:10.179+08:00 DEBUG 11532 --- [iam-resource-service] [nio-9010-exec-4] o.s.security.web.FilterChainProxy        : Secured GET /api/admin/user-roles/user
Creating a new SqlSession
SqlSession [org.apache.ibatis.session.defaults.DefaultSqlSession@152e528d] was not registered for synchronization because synchronization is not active
JDBC Connection [com.alibaba.druid.pool.DruidStatementConnection@3be77567] will not be managed by Spring
==>  Preparing: SELECT id FROM sys_user WHERE username = ? LIMIT 1
==> Parameters: user(String)
<==    Columns: id
<==        Row: 2
<==      Total: 1
Closing non transactional SqlSession [org.apache.ibatis.session.defaults.DefaultSqlSession@152e528d]
Creating a new SqlSession
SqlSession [org.apache.ibatis.session.defaults.DefaultSqlSession@181a4b14] was not registered for synchronization because synchronization is not active
JDBC Connection [com.alibaba.druid.pool.DruidStatementConnection@3be77567] will not be managed by Spring
==>  Preparing: SELECT ur.role_id FROM sys_user_role ur WHERE ur.user_id = ?
==> Parameters: 2(Long)
<==    Columns: role_id
<==        Row: 1
<==      Total: 1
Closing non transactional SqlSession [org.apache.ibatis.session.defaults.DefaultSqlSession@181a4b14]
2026-08-15T15:25:10.231+08:00 DEBUG 11532 --- [iam-resource-service] [nio-9010-exec-6] o.s.security.web.FilterChainProxy        : Securing PUT /api/admin/user-roles/user
Creating a new SqlSession
SqlSession [org.apache.ibatis.session.defaults.DefaultSqlSession@77b5f74f] was not registered for synchronization because synchronization is not active
JDBC Connection [com.alibaba.druid.pool.DruidStatementConnection@3be77567] will not be managed by Spring
==>  Preparing: SELECT * FROM sys_user WHERE username = ? LIMIT 1
==> Parameters: admin(String)
<==    Columns: id, username, nickname, email, phone, avatar, identity_type, enabled, account_non_expired, account_non_locked, credentials_non_expired, create_time, update_time
<==        Row: 1, admin, 管理员, admin@example.com, null, null, 1, 1, 1, 1, 1, 2026-08-11 20:00:08, 2026-08-13 22:28:45
<==      Total: 1
Closing non transactional SqlSession [org.apache.ibatis.session.defaults.DefaultSqlSession@77b5f74f]
Creating a new SqlSession
SqlSession [org.apache.ibatis.session.defaults.DefaultSqlSession@3c3b95e] was not registered for synchronization because synchronization is not active
JDBC Connection [com.alibaba.druid.pool.DruidStatementConnection@3be77567] will not be managed by Spring
==>  Preparing: SELECT DISTINCT r.code FROM sys_role r JOIN sys_user_role ur ON ur.role_id = r.id JOIN sys_user u ON u.id = ur.user_id WHERE u.username = ?
==> Parameters: admin(String)
<==    Columns: code
<==        Row: ADMIN
<==      Total: 1
Closing non transactional SqlSession [org.apache.ibatis.session.defaults.DefaultSqlSession@3c3b95e]
Creating a new SqlSession
SqlSession [org.apache.ibatis.session.defaults.DefaultSqlSession@7f374df5] was not registered for synchronization because synchronization is not active
JDBC Connection [com.alibaba.druid.pool.DruidStatementConnection@3be77567] will not be managed by Spring
==>  Preparing: SELECT DISTINCT p.code FROM sys_permission p JOIN sys_role_permission rp ON rp.permission_id = p.id JOIN sys_user_role ur ON ur.role_id = rp.role_id JOIN sys_user u ON u.id = ur.user_id WHERE u.username = ?
==> Parameters: admin(String)
<==    Columns: code
<==        Row: app:portal
<==        Row: app:oa
<==        Row: app:erp
<==        Row: app:bi
<==      Total: 4
Closing non transactional SqlSession [org.apache.ibatis.session.defaults.DefaultSqlSession@7f374df5]
Creating a new SqlSession
SqlSession [org.apache.ibatis.session.defaults.DefaultSqlSession@24f04821] was not registered for synchronization because synchronization is not active
JDBC Connection [com.alibaba.druid.pool.DruidStatementConnection@3be77567] will not be managed by Spring
==>  Preparing: SELECT DISTINCT r.code FROM sys_role r JOIN sys_user_role ur ON ur.role_id = r.id JOIN sys_user u ON u.id = ur.user_id WHERE u.username = ?
==> Parameters: admin(String)
<==    Columns: code
<==        Row: ADMIN
<==      Total: 1
Closing non transactional SqlSession [org.apache.ibatis.session.defaults.DefaultSqlSession@24f04821]
2026-08-15T15:25:10.337+08:00 DEBUG 11532 --- [iam-resource-service] [nio-9010-exec-6] c.RbacAuthoritiesOpaqueTokenIntrospector : [Introspect] 用户令牌注入 RBAC authorities, sub=admin, roles=[ADMIN]
2026-08-15T15:25:10.338+08:00 DEBUG 11532 --- [iam-resource-service] [nio-9010-exec-6] .s.r.a.OpaqueTokenAuthenticationProvider : Authenticated token
2026-08-15T15:25:10.338+08:00 DEBUG 11532 --- [iam-resource-service] [nio-9010-exec-6] .s.r.w.a.BearerTokenAuthenticationFilter : Set SecurityContextHolder to BearerTokenAuthentication [Principal=net.xzh.resource.config.RbacAuthoritiesOpaqueTokenIntrospector$EnrichedPrincipal@4062de48, Credentials=[PROTECTED], Authenticated=true, Details=WebAuthenticationDetails [RemoteIpAddress=127.0.0.1, SessionId=null], Granted Authorities=[SCOPE_read, SCOPE_openid, SCOPE_profile, SCOPE_write, ROLE_ADMIN, app:portal, app:oa, app:erp, app:bi]]
2026-08-15T15:25:10.338+08:00 DEBUG 11532 --- [iam-resource-service] [nio-9010-exec-6] o.s.security.web.FilterChainProxy        : Secured PUT /api/admin/user-roles/user
Creating a new SqlSession
Registering transaction synchronization for SqlSession [org.apache.ibatis.session.defaults.DefaultSqlSession@5574850f]
JDBC Connection [com.alibaba.druid.pool.DruidStatementConnection@3be77567] will be managed by Spring
==>  Preparing: SELECT id FROM sys_user WHERE username = ? LIMIT 1
==> Parameters: user(String)
<==    Columns: id
<==        Row: 2
<==      Total: 1
Releasing transactional SqlSession [org.apache.ibatis.session.defaults.DefaultSqlSession@5574850f]
Fetched SqlSession [org.apache.ibatis.session.defaults.DefaultSqlSession@5574850f] from current transaction
==>  Preparing: DELETE FROM sys_user_role WHERE (user_id = ?)
==> Parameters: 2(Long)
<==    Updates: 1
Releasing transactional SqlSession [org.apache.ibatis.session.defaults.DefaultSqlSession@5574850f]
Fetched SqlSession [org.apache.ibatis.session.defaults.DefaultSqlSession@5574850f] from current transaction
==>  Preparing: INSERT INTO sys_user_role ( user_id, role_id ) VALUES ( ?, ? )
==> Parameters: 2(Long), 2(Long)
<==    Updates: 1
Releasing transactional SqlSession [org.apache.ibatis.session.defaults.DefaultSqlSession@5574850f]
2026-08-15T15:25:10.381+08:00  INFO 11532 --- [iam-resource-service] [nio-9010-exec-6] net.xzh.resource.service.RbacService     : 为用户 username=user 分配角色 roleIds=[2]
Transaction synchronization committing SqlSession [org.apache.ibatis.session.defaults.DefaultSqlSession@5574850f]
Transaction synchronization deregistering SqlSession [org.apache.ibatis.session.defaults.DefaultSqlSession@5574850f]
Transaction synchronization closing SqlSession [org.apache.ibatis.session.defaults.DefaultSqlSession@5574850f]
2026-08-15T15:25:10.422+08:00 DEBUG 11532 --- [iam-resource-service] [nio-9010-exec-7] o.s.security.web.FilterChainProxy        : Securing GET /api/admin/user-roles/user
Creating a new SqlSession
SqlSession [org.apache.ibatis.session.defaults.DefaultSqlSession@6cd28c6e] was not registered for synchronization because synchronization is not active
JDBC Connection [com.alibaba.druid.pool.DruidStatementConnection@3be77567] will not be managed by Spring
==>  Preparing: SELECT * FROM sys_user WHERE username = ? LIMIT 1
==> Parameters: admin(String)
<==    Columns: id, username, nickname, email, phone, avatar, identity_type, enabled, account_non_expired, account_non_locked, credentials_non_expired, create_time, update_time
<==        Row: 1, admin, 管理员, admin@example.com, null, null, 1, 1, 1, 1, 1, 2026-08-11 20:00:08, 2026-08-13 22:28:45
<==      Total: 1
Closing non transactional SqlSession [org.apache.ibatis.session.defaults.DefaultSqlSession@6cd28c6e]
Creating a new SqlSession
SqlSession [org.apache.ibatis.session.defaults.DefaultSqlSession@6b6ceaa] was not registered for synchronization because synchronization is not active
JDBC Connection [com.alibaba.druid.pool.DruidStatementConnection@3be77567] will not be managed by Spring
==>  Preparing: SELECT DISTINCT r.code FROM sys_role r JOIN sys_user_role ur ON ur.role_id = r.id JOIN sys_user u ON u.id = ur.user_id WHERE u.username = ?
==> Parameters: admin(String)
<==    Columns: code
<==        Row: ADMIN
<==      Total: 1
Closing non transactional SqlSession [org.apache.ibatis.session.defaults.DefaultSqlSession@6b6ceaa]
Creating a new SqlSession
SqlSession [org.apache.ibatis.session.defaults.DefaultSqlSession@361f34b3] was not registered for synchronization because synchronization is not active
JDBC Connection [com.alibaba.druid.pool.DruidStatementConnection@3be77567] will not be managed by Spring
==>  Preparing: SELECT DISTINCT p.code FROM sys_permission p JOIN sys_role_permission rp ON rp.permission_id = p.id JOIN sys_user_role ur ON ur.role_id = rp.role_id JOIN sys_user u ON u.id = ur.user_id WHERE u.username = ?
==> Parameters: admin(String)
<==    Columns: code
<==        Row: app:portal
<==        Row: app:oa
<==        Row: app:erp
<==        Row: app:bi
<==      Total: 4
Closing non transactional SqlSession [org.apache.ibatis.session.defaults.DefaultSqlSession@361f34b3]
Creating a new SqlSession
SqlSession [org.apache.ibatis.session.defaults.DefaultSqlSession@3e5f7c48] was not registered for synchronization because synchronization is not active
JDBC Connection [com.alibaba.druid.pool.DruidStatementConnection@3be77567] will not be managed by Spring
==>  Preparing: SELECT DISTINCT r.code FROM sys_role r JOIN sys_user_role ur ON ur.role_id = r.id JOIN sys_user u ON u.id = ur.user_id WHERE u.username = ?
==> Parameters: admin(String)
<==    Columns: code
<==        Row: ADMIN
<==      Total: 1
Closing non transactional SqlSession [org.apache.ibatis.session.defaults.DefaultSqlSession@3e5f7c48]
2026-08-15T15:25:10.535+08:00 DEBUG 11532 --- [iam-resource-service] [nio-9010-exec-7] c.RbacAuthoritiesOpaqueTokenIntrospector : [Introspect] 用户令牌注入 RBAC authorities, sub=admin, roles=[ADMIN]
2026-08-15T15:25:10.536+08:00 DEBUG 11532 --- [iam-resource-service] [nio-9010-exec-7] .s.r.a.OpaqueTokenAuthenticationProvider : Authenticated token
2026-08-15T15:25:10.536+08:00 DEBUG 11532 --- [iam-resource-service] [nio-9010-exec-7] .s.r.w.a.BearerTokenAuthenticationFilter : Set SecurityContextHolder to BearerTokenAuthentication [Principal=net.xzh.resource.config.RbacAuthoritiesOpaqueTokenIntrospector$EnrichedPrincipal@c868c31, Credentials=[PROTECTED], Authenticated=true, Details=WebAuthenticationDetails [RemoteIpAddress=127.0.0.1, SessionId=null], Granted Authorities=[SCOPE_read, SCOPE_openid, SCOPE_profile, SCOPE_write, ROLE_ADMIN, app:portal, app:oa, app:erp, app:bi]]
2026-08-15T15:25:10.536+08:00 DEBUG 11532 --- [iam-resource-service] [nio-9010-exec-7] o.s.security.web.FilterChainProxy        : Secured GET /api/admin/user-roles/user
Creating a new SqlSession
SqlSession [org.apache.ibatis.session.defaults.DefaultSqlSession@63c0cce0] was not registered for synchronization because synchronization is not active
JDBC Connection [com.alibaba.druid.pool.DruidStatementConnection@3be77567] will not be managed by Spring
==>  Preparing: SELECT id FROM sys_user WHERE username = ? LIMIT 1
==> Parameters: user(String)
<==    Columns: id
<==        Row: 2
<==      Total: 1
Closing non transactional SqlSession [org.apache.ibatis.session.defaults.DefaultSqlSession@63c0cce0]
Creating a new SqlSession
SqlSession [org.apache.ibatis.session.defaults.DefaultSqlSession@7986b6f9] was not registered for synchronization because synchronization is not active
JDBC Connection [com.alibaba.druid.pool.DruidStatementConnection@3be77567] will not be managed by Spring
==>  Preparing: SELECT ur.role_id FROM sys_user_role ur WHERE ur.user_id = ?
==> Parameters: 2(Long)
<==    Columns: role_id
<==        Row: 2
<==      Total: 1
Closing non transactional SqlSession [org.apache.ibatis.session.defaults.DefaultSqlSession@7986b6f9]
2026-08-15T15:25:10.749+08:00 DEBUG 11532 --- [iam-resource-service] [nio-9010-exec-8] o.s.security.web.FilterChainProxy        : Securing GET /api/internal/user/user/roles
2026-08-15T15:25:10.840+08:00 DEBUG 11532 --- [iam-resource-service] [nio-9010-exec-8] c.RbacAuthoritiesOpaqueTokenIntrospector : [Introspect] 服务令牌注入 ROLE_SERVICE, sub=resource-server
2026-08-15T15:25:10.840+08:00 DEBUG 11532 --- [iam-resource-service] [nio-9010-exec-8] .s.r.a.OpaqueTokenAuthenticationProvider : Authenticated token
2026-08-15T15:25:10.840+08:00 DEBUG 11532 --- [iam-resource-service] [nio-9010-exec-8] .s.r.w.a.BearerTokenAuthenticationFilter : Set SecurityContextHolder to BearerTokenAuthentication [Principal=net.xzh.resource.config.RbacAuthoritiesOpaqueTokenIntrospector$EnrichedPrincipal@57b9f451, Credentials=[PROTECTED], Authenticated=true, Details=WebAuthenticationDetails [RemoteIpAddress=0:0:0:0:0:0:0:1, SessionId=null], Granted Authorities=[SCOPE_read, ROLE_SERVICE]]
2026-08-15T15:25:10.841+08:00 DEBUG 11532 --- [iam-resource-service] [nio-9010-exec-8] o.s.security.web.FilterChainProxy        : Secured GET /api/internal/user/user/roles
Creating a new SqlSession
SqlSession [org.apache.ibatis.session.defaults.DefaultSqlSession@39a406b7] was not registered for synchronization because synchronization is not active
JDBC Connection [com.alibaba.druid.pool.DruidStatementConnection@3be77567] will not be managed by Spring
==>  Preparing: SELECT DISTINCT r.code FROM sys_role r JOIN sys_user_role ur ON ur.role_id = r.id JOIN sys_user u ON u.id = ur.user_id WHERE u.username = ?
==> Parameters: user(String)
<==    Columns: code
<==        Row: USER
<==      Total: 1
Closing non transactional SqlSession [org.apache.ibatis.session.defaults.DefaultSqlSession@39a406b7]
Creating a new SqlSession
SqlSession [org.apache.ibatis.session.defaults.DefaultSqlSession@59bf0973] was not registered for synchronization because synchronization is not active
JDBC Connection [com.alibaba.druid.pool.DruidStatementConnection@3be77567] will not be managed by Spring
==>  Preparing: SELECT DISTINCT p.code FROM sys_permission p JOIN sys_role_permission rp ON rp.permission_id = p.id JOIN sys_user_role ur ON ur.role_id = rp.role_id JOIN sys_user u ON u.id = ur.user_id WHERE u.username = ?
==> Parameters: user(String)
<==    Columns: code
<==        Row: app:portal
<==        Row: app:oa
<==      Total: 2
Closing non transactional SqlSession [org.apache.ibatis.session.defaults.DefaultSqlSession@59bf0973]
2026-08-15T15:25:11.074+08:00 DEBUG 11532 --- [iam-resource-service] [nio-9010-exec-9] o.s.security.web.FilterChainProxy        : Securing GET /api/internal/user/user/roles
2026-08-15T15:25:11.171+08:00 DEBUG 11532 --- [iam-resource-service] [nio-9010-exec-9] c.RbacAuthoritiesOpaqueTokenIntrospector : [Introspect] 服务令牌注入 ROLE_SERVICE, sub=resource-server
2026-08-15T15:25:11.171+08:00 DEBUG 11532 --- [iam-resource-service] [nio-9010-exec-9] .s.r.a.OpaqueTokenAuthenticationProvider : Authenticated token
2026-08-15T15:25:11.172+08:00 DEBUG 11532 --- [iam-resource-service] [nio-9010-exec-9] .s.r.w.a.BearerTokenAuthenticationFilter : Set SecurityContextHolder to BearerTokenAuthentication [Principal=net.xzh.resource.config.RbacAuthoritiesOpaqueTokenIntrospector$EnrichedPrincipal@2731afee, Credentials=[PROTECTED], Authenticated=true, Details=WebAuthenticationDetails [RemoteIpAddress=127.0.0.1, SessionId=null], Granted Authorities=[SCOPE_read, ROLE_SERVICE]]
2026-08-15T15:25:11.172+08:00 DEBUG 11532 --- [iam-resource-service] [nio-9010-exec-9] o.s.security.web.FilterChainProxy        : Secured GET /api/internal/user/user/roles
Creating a new SqlSession
SqlSession [org.apache.ibatis.session.defaults.DefaultSqlSession@63c999e6] was not registered for synchronization because synchronization is not active
JDBC Connection [com.alibaba.druid.pool.DruidStatementConnection@3be77567] will not be managed by Spring
==>  Preparing: SELECT DISTINCT r.code FROM sys_role r JOIN sys_user_role ur ON ur.role_id = r.id JOIN sys_user u ON u.id = ur.user_id WHERE u.username = ?
==> Parameters: user(String)
<==    Columns: code
<==        Row: USER
<==      Total: 1
Closing non transactional SqlSession [org.apache.ibatis.session.defaults.DefaultSqlSession@63c999e6]
Creating a new SqlSession
SqlSession [org.apache.ibatis.session.defaults.DefaultSqlSession@c84872c] was not registered for synchronization because synchronization is not active
JDBC Connection [com.alibaba.druid.pool.DruidStatementConnection@3be77567] will not be managed by Spring
==>  Preparing: SELECT DISTINCT p.code FROM sys_permission p JOIN sys_role_permission rp ON rp.permission_id = p.id JOIN sys_user_role ur ON ur.role_id = rp.role_id JOIN sys_user u ON u.id = ur.user_id WHERE u.username = ?
==> Parameters: user(String)
<==    Columns: code
<==        Row: app:portal
<==        Row: app:oa
<==      Total: 2
Closing non transactional SqlSession [org.apache.ibatis.session.defaults.DefaultSqlSession@c84872c]
2026-08-15T15:25:49.557+08:00 DEBUG 11532 --- [iam-resource-service] [io-9010-exec-10] o.s.security.web.FilterChainProxy        : Securing GET /api/internal/user/admin/roles
2026-08-15T15:25:49.655+08:00 DEBUG 11532 --- [iam-resource-service] [io-9010-exec-10] c.RbacAuthoritiesOpaqueTokenIntrospector : [Introspect] 服务令牌注入 ROLE_SERVICE, sub=resource-server
2026-08-15T15:25:49.655+08:00 DEBUG 11532 --- [iam-resource-service] [io-9010-exec-10] .s.r.a.OpaqueTokenAuthenticationProvider : Authenticated token
2026-08-15T15:25:49.655+08:00 DEBUG 11532 --- [iam-resource-service] [io-9010-exec-10] .s.r.w.a.BearerTokenAuthenticationFilter : Set SecurityContextHolder to BearerTokenAuthentication [Principal=net.xzh.resource.config.RbacAuthoritiesOpaqueTokenIntrospector$EnrichedPrincipal@66a662c7, Credentials=[PROTECTED], Authenticated=true, Details=WebAuthenticationDetails [RemoteIpAddress=127.0.0.1, SessionId=null], Granted Authorities=[SCOPE_read, ROLE_SERVICE]]
2026-08-15T15:25:49.655+08:00 DEBUG 11532 --- [iam-resource-service] [io-9010-exec-10] o.s.security.web.FilterChainProxy        : Secured GET /api/internal/user/admin/roles
Creating a new SqlSession
SqlSession [org.apache.ibatis.session.defaults.DefaultSqlSession@5270d1c3] was not registered for synchronization because synchronization is not active
JDBC Connection [com.alibaba.druid.pool.DruidStatementConnection@3be77567] will not be managed by Spring
==>  Preparing: SELECT DISTINCT r.code FROM sys_role r JOIN sys_user_role ur ON ur.role_id = r.id JOIN sys_user u ON u.id = ur.user_id WHERE u.username = ?
==> Parameters: admin(String)
<==    Columns: code
<==        Row: ADMIN
<==      Total: 1
Closing non transactional SqlSession [org.apache.ibatis.session.defaults.DefaultSqlSession@5270d1c3]
Creating a new SqlSession
SqlSession [org.apache.ibatis.session.defaults.DefaultSqlSession@8dba8ac] was not registered for synchronization because synchronization is not active
JDBC Connection [com.alibaba.druid.pool.DruidStatementConnection@3be77567] will not be managed by Spring
==>  Preparing: SELECT DISTINCT p.code FROM sys_permission p JOIN sys_role_permission rp ON rp.permission_id = p.id JOIN sys_user_role ur ON ur.role_id = rp.role_id JOIN sys_user u ON u.id = ur.user_id WHERE u.username = ?
==> Parameters: admin(String)
<==    Columns: code
<==        Row: app:portal
<==        Row: app:oa
<==        Row: app:erp
<==        Row: app:bi
<==      Total: 4
Closing non transactional SqlSession [org.apache.ibatis.session.defaults.DefaultSqlSession@8dba8ac]
2026-08-15T15:25:49.972+08:00 DEBUG 11532 --- [iam-resource-service] [nio-9010-exec-2] o.s.security.web.FilterChainProxy        : Securing GET /api/admin/user-roles/user
Creating a new SqlSession
SqlSession [org.apache.ibatis.session.defaults.DefaultSqlSession@1c6f7266] was not registered for synchronization because synchronization is not active
JDBC Connection [com.alibaba.druid.pool.DruidStatementConnection@3be77567] will not be managed by Spring
==>  Preparing: SELECT * FROM sys_user WHERE username = ? LIMIT 1
==> Parameters: admin(String)
<==    Columns: id, username, nickname, email, phone, avatar, identity_type, enabled, account_non_expired, account_non_locked, credentials_non_expired, create_time, update_time
<==        Row: 1, admin, 管理员, admin@example.com, null, null, 1, 1, 1, 1, 1, 2026-08-11 20:00:08, 2026-08-13 22:28:45
<==      Total: 1
Closing non transactional SqlSession [org.apache.ibatis.session.defaults.DefaultSqlSession@1c6f7266]
Creating a new SqlSession
SqlSession [org.apache.ibatis.session.defaults.DefaultSqlSession@b17cbbd] was not registered for synchronization because synchronization is not active
JDBC Connection [com.alibaba.druid.pool.DruidStatementConnection@3be77567] will not be managed by Spring
==>  Preparing: SELECT DISTINCT r.code FROM sys_role r JOIN sys_user_role ur ON ur.role_id = r.id JOIN sys_user u ON u.id = ur.user_id WHERE u.username = ?
==> Parameters: admin(String)
<==    Columns: code
<==        Row: ADMIN
<==      Total: 1
Closing non transactional SqlSession [org.apache.ibatis.session.defaults.DefaultSqlSession@b17cbbd]
Creating a new SqlSession
SqlSession [org.apache.ibatis.session.defaults.DefaultSqlSession@2b10eda6] was not registered for synchronization because synchronization is not active
JDBC Connection [com.alibaba.druid.pool.DruidStatementConnection@3be77567] will not be managed by Spring
==>  Preparing: SELECT DISTINCT p.code FROM sys_permission p JOIN sys_role_permission rp ON rp.permission_id = p.id JOIN sys_user_role ur ON ur.role_id = rp.role_id JOIN sys_user u ON u.id = ur.user_id WHERE u.username = ?
==> Parameters: admin(String)
<==    Columns: code
<==        Row: app:portal
<==        Row: app:oa
<==        Row: app:erp
<==        Row: app:bi
<==      Total: 4
Closing non transactional SqlSession [org.apache.ibatis.session.defaults.DefaultSqlSession@2b10eda6]
Creating a new SqlSession
SqlSession [org.apache.ibatis.session.defaults.DefaultSqlSession@2c2446] was not registered for synchronization because synchronization is not active
JDBC Connection [com.alibaba.druid.pool.DruidStatementConnection@3be77567] will not be managed by Spring
==>  Preparing: SELECT DISTINCT r.code FROM sys_role r JOIN sys_user_role ur ON ur.role_id = r.id JOIN sys_user u ON u.id = ur.user_id WHERE u.username = ?
==> Parameters: admin(String)
<==    Columns: code
<==        Row: ADMIN
<==      Total: 1
Closing non transactional SqlSession [org.apache.ibatis.session.defaults.DefaultSqlSession@2c2446]
2026-08-15T15:25:50.083+08:00 DEBUG 11532 --- [iam-resource-service] [nio-9010-exec-2] c.RbacAuthoritiesOpaqueTokenIntrospector : [Introspect] 用户令牌注入 RBAC authorities, sub=admin, roles=[ADMIN]
2026-08-15T15:25:50.084+08:00 DEBUG 11532 --- [iam-resource-service] [nio-9010-exec-2] .s.r.a.OpaqueTokenAuthenticationProvider : Authenticated token
2026-08-15T15:25:50.085+08:00 DEBUG 11532 --- [iam-resource-service] [nio-9010-exec-2] .s.r.w.a.BearerTokenAuthenticationFilter : Set SecurityContextHolder to BearerTokenAuthentication [Principal=net.xzh.resource.config.RbacAuthoritiesOpaqueTokenIntrospector$EnrichedPrincipal@3ab01fa5, Credentials=[PROTECTED], Authenticated=true, Details=WebAuthenticationDetails [RemoteIpAddress=127.0.0.1, SessionId=null], Granted Authorities=[SCOPE_read, SCOPE_openid, SCOPE_profile, SCOPE_write, ROLE_ADMIN, app:portal, app:oa, app:erp, app:bi]]
2026-08-15T15:25:50.085+08:00 DEBUG 11532 --- [iam-resource-service] [nio-9010-exec-2] o.s.security.web.FilterChainProxy        : Secured GET /api/admin/user-roles/user
Creating a new SqlSession
SqlSession [org.apache.ibatis.session.defaults.DefaultSqlSession@1517cb5a] was not registered for synchronization because synchronization is not active
JDBC Connection [com.alibaba.druid.pool.DruidStatementConnection@3be77567] will not be managed by Spring
==>  Preparing: SELECT id FROM sys_user WHERE username = ? LIMIT 1
==> Parameters: user(String)
<==    Columns: id
<==        Row: 2
<==      Total: 1
Closing non transactional SqlSession [org.apache.ibatis.session.defaults.DefaultSqlSession@1517cb5a]
Creating a new SqlSession
SqlSession [org.apache.ibatis.session.defaults.DefaultSqlSession@6f6a798a] was not registered for synchronization because synchronization is not active
JDBC Connection [com.alibaba.druid.pool.DruidStatementConnection@3be77567] will not be managed by Spring
==>  Preparing: SELECT ur.role_id FROM sys_user_role ur WHERE ur.user_id = ?
==> Parameters: 2(Long)
<==    Columns: role_id
<==        Row: 2
<==      Total: 1
Closing non transactional SqlSession [org.apache.ibatis.session.defaults.DefaultSqlSession@6f6a798a]
2026-08-15T15:25:50.126+08:00 DEBUG 11532 --- [iam-resource-service] [nio-9010-exec-3] o.s.security.web.FilterChainProxy        : Securing PUT /api/admin/user-roles/user
Creating a new SqlSession
SqlSession [org.apache.ibatis.session.defaults.DefaultSqlSession@4424eb09] was not registered for synchronization because synchronization is not active
JDBC Connection [com.alibaba.druid.pool.DruidStatementConnection@3be77567] will not be managed by Spring
==>  Preparing: SELECT * FROM sys_user WHERE username = ? LIMIT 1
==> Parameters: admin(String)
<==    Columns: id, username, nickname, email, phone, avatar, identity_type, enabled, account_non_expired, account_non_locked, credentials_non_expired, create_time, update_time
<==        Row: 1, admin, 管理员, admin@example.com, null, null, 1, 1, 1, 1, 1, 2026-08-11 20:00:08, 2026-08-13 22:28:45
<==      Total: 1
Closing non transactional SqlSession [org.apache.ibatis.session.defaults.DefaultSqlSession@4424eb09]
Creating a new SqlSession
SqlSession [org.apache.ibatis.session.defaults.DefaultSqlSession@6eea6b32] was not registered for synchronization because synchronization is not active
JDBC Connection [com.alibaba.druid.pool.DruidStatementConnection@3be77567] will not be managed by Spring
==>  Preparing: SELECT DISTINCT r.code FROM sys_role r JOIN sys_user_role ur ON ur.role_id = r.id JOIN sys_user u ON u.id = ur.user_id WHERE u.username = ?
==> Parameters: admin(String)
<==    Columns: code
<==        Row: ADMIN
<==      Total: 1
Closing non transactional SqlSession [org.apache.ibatis.session.defaults.DefaultSqlSession@6eea6b32]
Creating a new SqlSession
SqlSession [org.apache.ibatis.session.defaults.DefaultSqlSession@579cb350] was not registered for synchronization because synchronization is not active
JDBC Connection [com.alibaba.druid.pool.DruidStatementConnection@3be77567] will not be managed by Spring
==>  Preparing: SELECT DISTINCT p.code FROM sys_permission p JOIN sys_role_permission rp ON rp.permission_id = p.id JOIN sys_user_role ur ON ur.role_id = rp.role_id JOIN sys_user u ON u.id = ur.user_id WHERE u.username = ?
==> Parameters: admin(String)
<==    Columns: code
<==        Row: app:portal
<==        Row: app:oa
<==        Row: app:erp
<==        Row: app:bi
<==      Total: 4
Closing non transactional SqlSession [org.apache.ibatis.session.defaults.DefaultSqlSession@579cb350]
Creating a new SqlSession
SqlSession [org.apache.ibatis.session.defaults.DefaultSqlSession@eb4e8b8] was not registered for synchronization because synchronization is not active
JDBC Connection [com.alibaba.druid.pool.DruidStatementConnection@3be77567] will not be managed by Spring
==>  Preparing: SELECT DISTINCT r.code FROM sys_role r JOIN sys_user_role ur ON ur.role_id = r.id JOIN sys_user u ON u.id = ur.user_id WHERE u.username = ?
==> Parameters: admin(String)
<==    Columns: code
<==        Row: ADMIN
<==      Total: 1
Closing non transactional SqlSession [org.apache.ibatis.session.defaults.DefaultSqlSession@eb4e8b8]
2026-08-15T15:25:50.236+08:00 DEBUG 11532 --- [iam-resource-service] [nio-9010-exec-3] c.RbacAuthoritiesOpaqueTokenIntrospector : [Introspect] 用户令牌注入 RBAC authorities, sub=admin, roles=[ADMIN]
2026-08-15T15:25:50.237+08:00 DEBUG 11532 --- [iam-resource-service] [nio-9010-exec-3] .s.r.a.OpaqueTokenAuthenticationProvider : Authenticated token
2026-08-15T15:25:50.237+08:00 DEBUG 11532 --- [iam-resource-service] [nio-9010-exec-3] .s.r.w.a.BearerTokenAuthenticationFilter : Set SecurityContextHolder to BearerTokenAuthentication [Principal=net.xzh.resource.config.RbacAuthoritiesOpaqueTokenIntrospector$EnrichedPrincipal@13ff32f4, Credentials=[PROTECTED], Authenticated=true, Details=WebAuthenticationDetails [RemoteIpAddress=127.0.0.1, SessionId=null], Granted Authorities=[SCOPE_read, SCOPE_openid, SCOPE_profile, SCOPE_write, ROLE_ADMIN, app:portal, app:oa, app:erp, app:bi]]
2026-08-15T15:25:50.237+08:00 DEBUG 11532 --- [iam-resource-service] [nio-9010-exec-3] o.s.security.web.FilterChainProxy        : Secured PUT /api/admin/user-roles/user
Creating a new SqlSession
Registering transaction synchronization for SqlSession [org.apache.ibatis.session.defaults.DefaultSqlSession@75933c1b]
JDBC Connection [com.alibaba.druid.pool.DruidStatementConnection@3be77567] will be managed by Spring
==>  Preparing: SELECT id FROM sys_user WHERE username = ? LIMIT 1
==> Parameters: user(String)
<==    Columns: id
<==        Row: 2
<==      Total: 1
Releasing transactional SqlSession [org.apache.ibatis.session.defaults.DefaultSqlSession@75933c1b]
Fetched SqlSession [org.apache.ibatis.session.defaults.DefaultSqlSession@75933c1b] from current transaction
==>  Preparing: DELETE FROM sys_user_role WHERE (user_id = ?)
==> Parameters: 2(Long)
<==    Updates: 1
Releasing transactional SqlSession [org.apache.ibatis.session.defaults.DefaultSqlSession@75933c1b]
Fetched SqlSession [org.apache.ibatis.session.defaults.DefaultSqlSession@75933c1b] from current transaction
==>  Preparing: INSERT INTO sys_user_role ( user_id, role_id ) VALUES ( ?, ? )
==> Parameters: 2(Long), 2(Long)
<==    Updates: 1
Releasing transactional SqlSession [org.apache.ibatis.session.defaults.DefaultSqlSession@75933c1b]
2026-08-15T15:25:50.245+08:00  INFO 11532 --- [iam-resource-service] [nio-9010-exec-3] net.xzh.resource.service.RbacService     : 为用户 username=user 分配角色 roleIds=[2]
Transaction synchronization committing SqlSession [org.apache.ibatis.session.defaults.DefaultSqlSession@75933c1b]
Transaction synchronization deregistering SqlSession [org.apache.ibatis.session.defaults.DefaultSqlSession@75933c1b]
Transaction synchronization closing SqlSession [org.apache.ibatis.session.defaults.DefaultSqlSession@75933c1b]
2026-08-15T15:25:50.286+08:00 DEBUG 11532 --- [iam-resource-service] [nio-9010-exec-5] o.s.security.web.FilterChainProxy        : Securing GET /api/admin/user-roles/user
Creating a new SqlSession
SqlSession [org.apache.ibatis.session.defaults.DefaultSqlSession@697615b4] was not registered for synchronization because synchronization is not active
JDBC Connection [com.alibaba.druid.pool.DruidStatementConnection@3be77567] will not be managed by Spring
==>  Preparing: SELECT * FROM sys_user WHERE username = ? LIMIT 1
==> Parameters: admin(String)
<==    Columns: id, username, nickname, email, phone, avatar, identity_type, enabled, account_non_expired, account_non_locked, credentials_non_expired, create_time, update_time
<==        Row: 1, admin, 管理员, admin@example.com, null, null, 1, 1, 1, 1, 1, 2026-08-11 20:00:08, 2026-08-13 22:28:45
<==      Total: 1
Closing non transactional SqlSession [org.apache.ibatis.session.defaults.DefaultSqlSession@697615b4]
Creating a new SqlSession
SqlSession [org.apache.ibatis.session.defaults.DefaultSqlSession@682f8547] was not registered for synchronization because synchronization is not active
JDBC Connection [com.alibaba.druid.pool.DruidStatementConnection@3be77567] will not be managed by Spring
==>  Preparing: SELECT DISTINCT r.code FROM sys_role r JOIN sys_user_role ur ON ur.role_id = r.id JOIN sys_user u ON u.id = ur.user_id WHERE u.username = ?
==> Parameters: admin(String)
<==    Columns: code
<==        Row: ADMIN
<==      Total: 1
Closing non transactional SqlSession [org.apache.ibatis.session.defaults.DefaultSqlSession@682f8547]
Creating a new SqlSession
SqlSession [org.apache.ibatis.session.defaults.DefaultSqlSession@7d40dd1e] was not registered for synchronization because synchronization is not active
JDBC Connection [com.alibaba.druid.pool.DruidStatementConnection@3be77567] will not be managed by Spring
==>  Preparing: SELECT DISTINCT p.code FROM sys_permission p JOIN sys_role_permission rp ON rp.permission_id = p.id JOIN sys_user_role ur ON ur.role_id = rp.role_id JOIN sys_user u ON u.id = ur.user_id WHERE u.username = ?
==> Parameters: admin(String)
<==    Columns: code
<==        Row: app:portal
<==        Row: app:oa
<==        Row: app:erp
<==        Row: app:bi
<==      Total: 4
Closing non transactional SqlSession [org.apache.ibatis.session.defaults.DefaultSqlSession@7d40dd1e]
Creating a new SqlSession
SqlSession [org.apache.ibatis.session.defaults.DefaultSqlSession@383ce3cf] was not registered for synchronization because synchronization is not active
JDBC Connection [com.alibaba.druid.pool.DruidStatementConnection@3be77567] will not be managed by Spring
==>  Preparing: SELECT DISTINCT r.code FROM sys_role r JOIN sys_user_role ur ON ur.role_id = r.id JOIN sys_user u ON u.id = ur.user_id WHERE u.username = ?
==> Parameters: admin(String)
<==    Columns: code
<==        Row: ADMIN
<==      Total: 1
Closing non transactional SqlSession [org.apache.ibatis.session.defaults.DefaultSqlSession@383ce3cf]
2026-08-15T15:25:50.392+08:00 DEBUG 11532 --- [iam-resource-service] [nio-9010-exec-5] c.RbacAuthoritiesOpaqueTokenIntrospector : [Introspect] 用户令牌注入 RBAC authorities, sub=admin, roles=[ADMIN]
2026-08-15T15:25:50.392+08:00 DEBUG 11532 --- [iam-resource-service] [nio-9010-exec-5] .s.r.a.OpaqueTokenAuthenticationProvider : Authenticated token
2026-08-15T15:25:50.392+08:00 DEBUG 11532 --- [iam-resource-service] [nio-9010-exec-5] .s.r.w.a.BearerTokenAuthenticationFilter : Set SecurityContextHolder to BearerTokenAuthentication [Principal=net.xzh.resource.config.RbacAuthoritiesOpaqueTokenIntrospector$EnrichedPrincipal@72a091dd, Credentials=[PROTECTED], Authenticated=true, Details=WebAuthenticationDetails [RemoteIpAddress=127.0.0.1, SessionId=null], Granted Authorities=[SCOPE_read, SCOPE_openid, SCOPE_profile, SCOPE_write, ROLE_ADMIN, app:portal, app:oa, app:erp, app:bi]]
2026-08-15T15:25:50.392+08:00 DEBUG 11532 --- [iam-resource-service] [nio-9010-exec-5] o.s.security.web.FilterChainProxy        : Secured GET /api/admin/user-roles/user
Creating a new SqlSession
SqlSession [org.apache.ibatis.session.defaults.DefaultSqlSession@343e19f7] was not registered for synchronization because synchronization is not active
JDBC Connection [com.alibaba.druid.pool.DruidStatementConnection@3be77567] will not be managed by Spring
==>  Preparing: SELECT id FROM sys_user WHERE username = ? LIMIT 1
==> Parameters: user(String)
<==    Columns: id
<==        Row: 2
<==      Total: 1
Closing non transactional SqlSession [org.apache.ibatis.session.defaults.DefaultSqlSession@343e19f7]
Creating a new SqlSession
SqlSession [org.apache.ibatis.session.defaults.DefaultSqlSession@7a0ff389] was not registered for synchronization because synchronization is not active
JDBC Connection [com.alibaba.druid.pool.DruidStatementConnection@3be77567] will not be managed by Spring
==>  Preparing: SELECT ur.role_id FROM sys_user_role ur WHERE ur.user_id = ?
==> Parameters: 2(Long)
<==    Columns: role_id
<==        Row: 2
<==      Total: 1
Closing non transactional SqlSession [org.apache.ibatis.session.defaults.DefaultSqlSession@7a0ff389]
2026-08-15T15:25:50.607+08:00 DEBUG 11532 --- [iam-resource-service] [nio-9010-exec-4] o.s.security.web.FilterChainProxy        : Securing GET /api/internal/user/user/roles
2026-08-15T15:25:50.700+08:00 DEBUG 11532 --- [iam-resource-service] [nio-9010-exec-4] c.RbacAuthoritiesOpaqueTokenIntrospector : [Introspect] 服务令牌注入 ROLE_SERVICE, sub=resource-server
2026-08-15T15:25:50.700+08:00 DEBUG 11532 --- [iam-resource-service] [nio-9010-exec-4] .s.r.a.OpaqueTokenAuthenticationProvider : Authenticated token
2026-08-15T15:25:50.701+08:00 DEBUG 11532 --- [iam-resource-service] [nio-9010-exec-4] .s.r.w.a.BearerTokenAuthenticationFilter : Set SecurityContextHolder to BearerTokenAuthentication [Principal=net.xzh.resource.config.RbacAuthoritiesOpaqueTokenIntrospector$EnrichedPrincipal@285a03a0, Credentials=[PROTECTED], Authenticated=true, Details=WebAuthenticationDetails [RemoteIpAddress=0:0:0:0:0:0:0:1, SessionId=null], Granted Authorities=[SCOPE_read, ROLE_SERVICE]]
2026-08-15T15:25:50.701+08:00 DEBUG 11532 --- [iam-resource-service] [nio-9010-exec-4] o.s.security.web.FilterChainProxy        : Secured GET /api/internal/user/user/roles
Creating a new SqlSession
SqlSession [org.apache.ibatis.session.defaults.DefaultSqlSession@73bc3d89] was not registered for synchronization because synchronization is not active
JDBC Connection [com.alibaba.druid.pool.DruidStatementConnection@3be77567] will not be managed by Spring
==>  Preparing: SELECT DISTINCT r.code FROM sys_role r JOIN sys_user_role ur ON ur.role_id = r.id JOIN sys_user u ON u.id = ur.user_id WHERE u.username = ?
==> Parameters: user(String)
<==    Columns: code
<==        Row: USER
<==      Total: 1
Closing non transactional SqlSession [org.apache.ibatis.session.defaults.DefaultSqlSession@73bc3d89]
Creating a new SqlSession
SqlSession [org.apache.ibatis.session.defaults.DefaultSqlSession@6706764e] was not registered for synchronization because synchronization is not active
JDBC Connection [com.alibaba.druid.pool.DruidStatementConnection@3be77567] will not be managed by Spring
==>  Preparing: SELECT DISTINCT p.code FROM sys_permission p JOIN sys_role_permission rp ON rp.permission_id = p.id JOIN sys_user_role ur ON ur.role_id = rp.role_id JOIN sys_user u ON u.id = ur.user_id WHERE u.username = ?
==> Parameters: user(String)
<==    Columns: code
<==        Row: app:portal
<==        Row: app:oa
<==      Total: 2
Closing non transactional SqlSession [org.apache.ibatis.session.defaults.DefaultSqlSession@6706764e]
2026-08-15T15:25:50.935+08:00 DEBUG 11532 --- [iam-resource-service] [nio-9010-exec-6] o.s.security.web.FilterChainProxy        : Securing GET /api/internal/user/user/roles
2026-08-15T15:25:51.029+08:00 DEBUG 11532 --- [iam-resource-service] [nio-9010-exec-6] c.RbacAuthoritiesOpaqueTokenIntrospector : [Introspect] 服务令牌注入 ROLE_SERVICE, sub=resource-server
2026-08-15T15:25:51.030+08:00 DEBUG 11532 --- [iam-resource-service] [nio-9010-exec-6] .s.r.a.OpaqueTokenAuthenticationProvider : Authenticated token
2026-08-15T15:25:51.031+08:00 DEBUG 11532 --- [iam-resource-service] [nio-9010-exec-6] .s.r.w.a.BearerTokenAuthenticationFilter : Set SecurityContextHolder to BearerTokenAuthentication [Principal=net.xzh.resource.config.RbacAuthoritiesOpaqueTokenIntrospector$EnrichedPrincipal@40a3ee6, Credentials=[PROTECTED], Authenticated=true, Details=WebAuthenticationDetails [RemoteIpAddress=127.0.0.1, SessionId=null], Granted Authorities=[SCOPE_read, ROLE_SERVICE]]
2026-08-15T15:25:51.033+08:00 DEBUG 11532 --- [iam-resource-service] [nio-9010-exec-6] o.s.security.web.FilterChainProxy        : Secured GET /api/internal/user/user/roles
Creating a new SqlSession
SqlSession [org.apache.ibatis.session.defaults.DefaultSqlSession@2b662764] was not registered for synchronization because synchronization is not active
JDBC Connection [com.alibaba.druid.pool.DruidStatementConnection@3be77567] will not be managed by Spring
==>  Preparing: SELECT DISTINCT r.code FROM sys_role r JOIN sys_user_role ur ON ur.role_id = r.id JOIN sys_user u ON u.id = ur.user_id WHERE u.username = ?
==> Parameters: user(String)
<==    Columns: code
<==        Row: USER
<==      Total: 1
Closing non transactional SqlSession [org.apache.ibatis.session.defaults.DefaultSqlSession@2b662764]
Creating a new SqlSession
SqlSession [org.apache.ibatis.session.defaults.DefaultSqlSession@5b0396e9] was not registered for synchronization because synchronization is not active
JDBC Connection [com.alibaba.druid.pool.DruidStatementConnection@3be77567] will not be managed by Spring
==>  Preparing: SELECT DISTINCT p.code FROM sys_permission p JOIN sys_role_permission rp ON rp.permission_id = p.id JOIN sys_user_role ur ON ur.role_id = rp.role_id JOIN sys_user u ON u.id = ur.user_id WHERE u.username = ?
==> Parameters: user(String)
<==    Columns: code
<==        Row: app:portal
<==        Row: app:oa
<==      Total: 2
Closing non transactional SqlSession [org.apache.ibatis.session.defaults.DefaultSqlSession@5b0396e9]
2026-08-15T15:26:54.472+08:00 DEBUG 11532 --- [iam-resource-service] [nio-9010-exec-1] o.s.security.web.FilterChainProxy        : Securing GET /api/internal/user/admin/roles
2026-08-15T15:26:54.568+08:00 DEBUG 11532 --- [iam-resource-service] [nio-9010-exec-1] c.RbacAuthoritiesOpaqueTokenIntrospector : [Introspect] 服务令牌注入 ROLE_SERVICE, sub=resource-server
2026-08-15T15:26:54.568+08:00 DEBUG 11532 --- [iam-resource-service] [nio-9010-exec-1] .s.r.a.OpaqueTokenAuthenticationProvider : Authenticated token
2026-08-15T15:26:54.569+08:00 DEBUG 11532 --- [iam-resource-service] [nio-9010-exec-1] .s.r.w.a.BearerTokenAuthenticationFilter : Set SecurityContextHolder to BearerTokenAuthentication [Principal=net.xzh.resource.config.RbacAuthoritiesOpaqueTokenIntrospector$EnrichedPrincipal@7074c6b6, Credentials=[PROTECTED], Authenticated=true, Details=WebAuthenticationDetails [RemoteIpAddress=127.0.0.1, SessionId=null], Granted Authorities=[SCOPE_read, ROLE_SERVICE]]
2026-08-15T15:26:54.570+08:00 DEBUG 11532 --- [iam-resource-service] [nio-9010-exec-1] o.s.security.web.FilterChainProxy        : Secured GET /api/internal/user/admin/roles
Creating a new SqlSession
SqlSession [org.apache.ibatis.session.defaults.DefaultSqlSession@13f65e90] was not registered for synchronization because synchronization is not active
JDBC Connection [com.alibaba.druid.pool.DruidStatementConnection@3be77567] will not be managed by Spring
==>  Preparing: SELECT DISTINCT r.code FROM sys_role r JOIN sys_user_role ur ON ur.role_id = r.id JOIN sys_user u ON u.id = ur.user_id WHERE u.username = ?
==> Parameters: admin(String)
<==    Columns: code
<==        Row: ADMIN
<==      Total: 1
Closing non transactional SqlSession [org.apache.ibatis.session.defaults.DefaultSqlSession@13f65e90]
Creating a new SqlSession
SqlSession [org.apache.ibatis.session.defaults.DefaultSqlSession@50c5b3e2] was not registered for synchronization because synchronization is not active
JDBC Connection [com.alibaba.druid.pool.DruidStatementConnection@3be77567] will not be managed by Spring
==>  Preparing: SELECT DISTINCT p.code FROM sys_permission p JOIN sys_role_permission rp ON rp.permission_id = p.id JOIN sys_user_role ur ON ur.role_id = rp.role_id JOIN sys_user u ON u.id = ur.user_id WHERE u.username = ?
==> Parameters: admin(String)
<==    Columns: code
<==        Row: app:portal
<==        Row: app:oa
<==        Row: app:erp
<==        Row: app:bi
<==      Total: 4
Closing non transactional SqlSession [org.apache.ibatis.session.defaults.DefaultSqlSession@50c5b3e2]
2026-08-15T15:26:54.867+08:00 DEBUG 11532 --- [iam-resource-service] [io-9010-exec-10] o.s.security.web.FilterChainProxy        : Securing GET /api/admin/user-roles/user
Creating a new SqlSession
SqlSession [org.apache.ibatis.session.defaults.DefaultSqlSession@9146f97] was not registered for synchronization because synchronization is not active
JDBC Connection [com.alibaba.druid.pool.DruidStatementConnection@3be77567] will not be managed by Spring
==>  Preparing: SELECT * FROM sys_user WHERE username = ? LIMIT 1
==> Parameters: admin(String)
<==    Columns: id, username, nickname, email, phone, avatar, identity_type, enabled, account_non_expired, account_non_locked, credentials_non_expired, create_time, update_time
<==        Row: 1, admin, 管理员, admin@example.com, null, null, 1, 1, 1, 1, 1, 2026-08-11 20:00:08, 2026-08-13 22:28:45
<==      Total: 1
Closing non transactional SqlSession [org.apache.ibatis.session.defaults.DefaultSqlSession@9146f97]
Creating a new SqlSession
SqlSession [org.apache.ibatis.session.defaults.DefaultSqlSession@1dccb736] was not registered for synchronization because synchronization is not active
JDBC Connection [com.alibaba.druid.pool.DruidStatementConnection@3be77567] will not be managed by Spring
==>  Preparing: SELECT DISTINCT r.code FROM sys_role r JOIN sys_user_role ur ON ur.role_id = r.id JOIN sys_user u ON u.id = ur.user_id WHERE u.username = ?
==> Parameters: admin(String)
<==    Columns: code
<==        Row: ADMIN
<==      Total: 1
Closing non transactional SqlSession [org.apache.ibatis.session.defaults.DefaultSqlSession@1dccb736]
Creating a new SqlSession
SqlSession [org.apache.ibatis.session.defaults.DefaultSqlSession@1806b9be] was not registered for synchronization because synchronization is not active
JDBC Connection [com.alibaba.druid.pool.DruidStatementConnection@3be77567] will not be managed by Spring
==>  Preparing: SELECT DISTINCT p.code FROM sys_permission p JOIN sys_role_permission rp ON rp.permission_id = p.id JOIN sys_user_role ur ON ur.role_id = rp.role_id JOIN sys_user u ON u.id = ur.user_id WHERE u.username = ?
==> Parameters: admin(String)
<==    Columns: code
<==        Row: app:portal
<==        Row: app:oa
<==        Row: app:erp
<==        Row: app:bi
<==      Total: 4
Closing non transactional SqlSession [org.apache.ibatis.session.defaults.DefaultSqlSession@1806b9be]
Creating a new SqlSession
SqlSession [org.apache.ibatis.session.defaults.DefaultSqlSession@1739f8c3] was not registered for synchronization because synchronization is not active
JDBC Connection [com.alibaba.druid.pool.DruidStatementConnection@3be77567] will not be managed by Spring
==>  Preparing: SELECT DISTINCT r.code FROM sys_role r JOIN sys_user_role ur ON ur.role_id = r.id JOIN sys_user u ON u.id = ur.user_id WHERE u.username = ?
==> Parameters: admin(String)
<==    Columns: code
<==        Row: ADMIN
<==      Total: 1
Closing non transactional SqlSession [org.apache.ibatis.session.defaults.DefaultSqlSession@1739f8c3]
2026-08-15T15:26:54.970+08:00 DEBUG 11532 --- [iam-resource-service] [io-9010-exec-10] c.RbacAuthoritiesOpaqueTokenIntrospector : [Introspect] 用户令牌注入 RBAC authorities, sub=admin, roles=[ADMIN]
2026-08-15T15:26:54.970+08:00 DEBUG 11532 --- [iam-resource-service] [io-9010-exec-10] .s.r.a.OpaqueTokenAuthenticationProvider : Authenticated token
2026-08-15T15:26:54.971+08:00 DEBUG 11532 --- [iam-resource-service] [io-9010-exec-10] .s.r.w.a.BearerTokenAuthenticationFilter : Set SecurityContextHolder to BearerTokenAuthentication [Principal=net.xzh.resource.config.RbacAuthoritiesOpaqueTokenIntrospector$EnrichedPrincipal@280c0968, Credentials=[PROTECTED], Authenticated=true, Details=WebAuthenticationDetails [RemoteIpAddress=127.0.0.1, SessionId=null], Granted Authorities=[SCOPE_read, SCOPE_openid, SCOPE_profile, SCOPE_write, ROLE_ADMIN, app:portal, app:oa, app:erp, app:bi]]
2026-08-15T15:26:54.971+08:00 DEBUG 11532 --- [iam-resource-service] [io-9010-exec-10] o.s.security.web.FilterChainProxy        : Secured GET /api/admin/user-roles/user
Creating a new SqlSession
SqlSession [org.apache.ibatis.session.defaults.DefaultSqlSession@634bb7da] was not registered for synchronization because synchronization is not active
JDBC Connection [com.alibaba.druid.pool.DruidStatementConnection@3be77567] will not be managed by Spring
==>  Preparing: SELECT id FROM sys_user WHERE username = ? LIMIT 1
==> Parameters: user(String)
<==    Columns: id
<==        Row: 2
<==      Total: 1
Closing non transactional SqlSession [org.apache.ibatis.session.defaults.DefaultSqlSession@634bb7da]
Creating a new SqlSession
SqlSession [org.apache.ibatis.session.defaults.DefaultSqlSession@6a0e0bc4] was not registered for synchronization because synchronization is not active
JDBC Connection [com.alibaba.druid.pool.DruidStatementConnection@3be77567] will not be managed by Spring
==>  Preparing: SELECT ur.role_id FROM sys_user_role ur WHERE ur.user_id = ?
==> Parameters: 2(Long)
<==    Columns: role_id
<==        Row: 2
<==      Total: 1
Closing non transactional SqlSession [org.apache.ibatis.session.defaults.DefaultSqlSession@6a0e0bc4]
2026-08-15T15:26:55.012+08:00 DEBUG 11532 --- [iam-resource-service] [nio-9010-exec-2] o.s.security.web.FilterChainProxy        : Securing PUT /api/admin/user-roles/user
Creating a new SqlSession
SqlSession [org.apache.ibatis.session.defaults.DefaultSqlSession@7efb4207] was not registered for synchronization because synchronization is not active
JDBC Connection [com.alibaba.druid.pool.DruidStatementConnection@3be77567] will not be managed by Spring
==>  Preparing: SELECT * FROM sys_user WHERE username = ? LIMIT 1
==> Parameters: admin(String)
<==    Columns: id, username, nickname, email, phone, avatar, identity_type, enabled, account_non_expired, account_non_locked, credentials_non_expired, create_time, update_time
<==        Row: 1, admin, 管理员, admin@example.com, null, null, 1, 1, 1, 1, 1, 2026-08-11 20:00:08, 2026-08-13 22:28:45
<==      Total: 1
Closing non transactional SqlSession [org.apache.ibatis.session.defaults.DefaultSqlSession@7efb4207]
Creating a new SqlSession
SqlSession [org.apache.ibatis.session.defaults.DefaultSqlSession@70b63dd7] was not registered for synchronization because synchronization is not active
JDBC Connection [com.alibaba.druid.pool.DruidStatementConnection@3be77567] will not be managed by Spring
==>  Preparing: SELECT DISTINCT r.code FROM sys_role r JOIN sys_user_role ur ON ur.role_id = r.id JOIN sys_user u ON u.id = ur.user_id WHERE u.username = ?
==> Parameters: admin(String)
<==    Columns: code
<==        Row: ADMIN
<==      Total: 1
Closing non transactional SqlSession [org.apache.ibatis.session.defaults.DefaultSqlSession@70b63dd7]
Creating a new SqlSession
SqlSession [org.apache.ibatis.session.defaults.DefaultSqlSession@692e6753] was not registered for synchronization because synchronization is not active
JDBC Connection [com.alibaba.druid.pool.DruidStatementConnection@3be77567] will not be managed by Spring
==>  Preparing: SELECT DISTINCT p.code FROM sys_permission p JOIN sys_role_permission rp ON rp.permission_id = p.id JOIN sys_user_role ur ON ur.role_id = rp.role_id JOIN sys_user u ON u.id = ur.user_id WHERE u.username = ?
==> Parameters: admin(String)
<==    Columns: code
<==        Row: app:portal
<==        Row: app:oa
<==        Row: app:erp
<==        Row: app:bi
<==      Total: 4
Closing non transactional SqlSession [org.apache.ibatis.session.defaults.DefaultSqlSession@692e6753]
Creating a new SqlSession
SqlSession [org.apache.ibatis.session.defaults.DefaultSqlSession@16d7f78] was not registered for synchronization because synchronization is not active
JDBC Connection [com.alibaba.druid.pool.DruidStatementConnection@3be77567] will not be managed by Spring
==>  Preparing: SELECT DISTINCT r.code FROM sys_role r JOIN sys_user_role ur ON ur.role_id = r.id JOIN sys_user u ON u.id = ur.user_id WHERE u.username = ?
==> Parameters: admin(String)
<==    Columns: code
<==        Row: ADMIN
<==      Total: 1
Closing non transactional SqlSession [org.apache.ibatis.session.defaults.DefaultSqlSession@16d7f78]
2026-08-15T15:26:55.118+08:00 DEBUG 11532 --- [iam-resource-service] [nio-9010-exec-2] c.RbacAuthoritiesOpaqueTokenIntrospector : [Introspect] 用户令牌注入 RBAC authorities, sub=admin, roles=[ADMIN]
2026-08-15T15:26:55.118+08:00 DEBUG 11532 --- [iam-resource-service] [nio-9010-exec-2] .s.r.a.OpaqueTokenAuthenticationProvider : Authenticated token
2026-08-15T15:26:55.118+08:00 DEBUG 11532 --- [iam-resource-service] [nio-9010-exec-2] .s.r.w.a.BearerTokenAuthenticationFilter : Set SecurityContextHolder to BearerTokenAuthentication [Principal=net.xzh.resource.config.RbacAuthoritiesOpaqueTokenIntrospector$EnrichedPrincipal@593ceee2, Credentials=[PROTECTED], Authenticated=true, Details=WebAuthenticationDetails [RemoteIpAddress=127.0.0.1, SessionId=null], Granted Authorities=[SCOPE_read, SCOPE_openid, SCOPE_profile, SCOPE_write, ROLE_ADMIN, app:portal, app:oa, app:erp, app:bi]]
2026-08-15T15:26:55.119+08:00 DEBUG 11532 --- [iam-resource-service] [nio-9010-exec-2] o.s.security.web.FilterChainProxy        : Secured PUT /api/admin/user-roles/user
Creating a new SqlSession
Registering transaction synchronization for SqlSession [org.apache.ibatis.session.defaults.DefaultSqlSession@3cfcda7b]
JDBC Connection [com.alibaba.druid.pool.DruidStatementConnection@3be77567] will be managed by Spring
==>  Preparing: SELECT id FROM sys_user WHERE username = ? LIMIT 1
==> Parameters: user(String)
<==    Columns: id
<==        Row: 2
<==      Total: 1
Releasing transactional SqlSession [org.apache.ibatis.session.defaults.DefaultSqlSession@3cfcda7b]
Fetched SqlSession [org.apache.ibatis.session.defaults.DefaultSqlSession@3cfcda7b] from current transaction
==>  Preparing: DELETE FROM sys_user_role WHERE (user_id = ?)
==> Parameters: 2(Long)
<==    Updates: 1
Releasing transactional SqlSession [org.apache.ibatis.session.defaults.DefaultSqlSession@3cfcda7b]
Fetched SqlSession [org.apache.ibatis.session.defaults.DefaultSqlSession@3cfcda7b] from current transaction
==>  Preparing: INSERT INTO sys_user_role ( user_id, role_id ) VALUES ( ?, ? )
==> Parameters: 2(Long), 2(Long)
<==    Updates: 1
Releasing transactional SqlSession [org.apache.ibatis.session.defaults.DefaultSqlSession@3cfcda7b]
2026-08-15T15:26:55.130+08:00  INFO 11532 --- [iam-resource-service] [nio-9010-exec-2] net.xzh.resource.service.RbacService     : 为用户 username=user 分配角色 roleIds=[2]
Transaction synchronization committing SqlSession [org.apache.ibatis.session.defaults.DefaultSqlSession@3cfcda7b]
Transaction synchronization deregistering SqlSession [org.apache.ibatis.session.defaults.DefaultSqlSession@3cfcda7b]
Transaction synchronization closing SqlSession [org.apache.ibatis.session.defaults.DefaultSqlSession@3cfcda7b]
2026-08-15T15:26:55.167+08:00 DEBUG 11532 --- [iam-resource-service] [nio-9010-exec-3] o.s.security.web.FilterChainProxy        : Securing GET /api/admin/user-roles/user
Creating a new SqlSession
SqlSession [org.apache.ibatis.session.defaults.DefaultSqlSession@23a4f69c] was not registered for synchronization because synchronization is not active
JDBC Connection [com.alibaba.druid.pool.DruidStatementConnection@3be77567] will not be managed by Spring
==>  Preparing: SELECT * FROM sys_user WHERE username = ? LIMIT 1
==> Parameters: admin(String)
<==    Columns: id, username, nickname, email, phone, avatar, identity_type, enabled, account_non_expired, account_non_locked, credentials_non_expired, create_time, update_time
<==        Row: 1, admin, 管理员, admin@example.com, null, null, 1, 1, 1, 1, 1, 2026-08-11 20:00:08, 2026-08-13 22:28:45
<==      Total: 1
Closing non transactional SqlSession [org.apache.ibatis.session.defaults.DefaultSqlSession@23a4f69c]
Creating a new SqlSession
SqlSession [org.apache.ibatis.session.defaults.DefaultSqlSession@335b90d1] was not registered for synchronization because synchronization is not active
JDBC Connection [com.alibaba.druid.pool.DruidStatementConnection@3be77567] will not be managed by Spring
==>  Preparing: SELECT DISTINCT r.code FROM sys_role r JOIN sys_user_role ur ON ur.role_id = r.id JOIN sys_user u ON u.id = ur.user_id WHERE u.username = ?
==> Parameters: admin(String)
<==    Columns: code
<==        Row: ADMIN
<==      Total: 1
Closing non transactional SqlSession [org.apache.ibatis.session.defaults.DefaultSqlSession@335b90d1]
Creating a new SqlSession
SqlSession [org.apache.ibatis.session.defaults.DefaultSqlSession@53c5fc03] was not registered for synchronization because synchronization is not active
JDBC Connection [com.alibaba.druid.pool.DruidStatementConnection@3be77567] will not be managed by Spring
==>  Preparing: SELECT DISTINCT p.code FROM sys_permission p JOIN sys_role_permission rp ON rp.permission_id = p.id JOIN sys_user_role ur ON ur.role_id = rp.role_id JOIN sys_user u ON u.id = ur.user_id WHERE u.username = ?
==> Parameters: admin(String)
<==    Columns: code
<==        Row: app:portal
<==        Row: app:oa
<==        Row: app:erp
<==        Row: app:bi
<==      Total: 4
Closing non transactional SqlSession [org.apache.ibatis.session.defaults.DefaultSqlSession@53c5fc03]
Creating a new SqlSession
SqlSession [org.apache.ibatis.session.defaults.DefaultSqlSession@6f973a40] was not registered for synchronization because synchronization is not active
JDBC Connection [com.alibaba.druid.pool.DruidStatementConnection@3be77567] will not be managed by Spring
==>  Preparing: SELECT DISTINCT r.code FROM sys_role r JOIN sys_user_role ur ON ur.role_id = r.id JOIN sys_user u ON u.id = ur.user_id WHERE u.username = ?
==> Parameters: admin(String)
<==    Columns: code
<==        Row: ADMIN
<==      Total: 1
Closing non transactional SqlSession [org.apache.ibatis.session.defaults.DefaultSqlSession@6f973a40]
2026-08-15T15:26:55.275+08:00 DEBUG 11532 --- [iam-resource-service] [nio-9010-exec-3] c.RbacAuthoritiesOpaqueTokenIntrospector : [Introspect] 用户令牌注入 RBAC authorities, sub=admin, roles=[ADMIN]
2026-08-15T15:26:55.275+08:00 DEBUG 11532 --- [iam-resource-service] [nio-9010-exec-3] .s.r.a.OpaqueTokenAuthenticationProvider : Authenticated token
2026-08-15T15:26:55.275+08:00 DEBUG 11532 --- [iam-resource-service] [nio-9010-exec-3] .s.r.w.a.BearerTokenAuthenticationFilter : Set SecurityContextHolder to BearerTokenAuthentication [Principal=net.xzh.resource.config.RbacAuthoritiesOpaqueTokenIntrospector$EnrichedPrincipal@4bc45a3d, Credentials=[PROTECTED], Authenticated=true, Details=WebAuthenticationDetails [RemoteIpAddress=127.0.0.1, SessionId=null], Granted Authorities=[SCOPE_read, SCOPE_openid, SCOPE_profile, SCOPE_write, ROLE_ADMIN, app:portal, app:oa, app:erp, app:bi]]
2026-08-15T15:26:55.276+08:00 DEBUG 11532 --- [iam-resource-service] [nio-9010-exec-3] o.s.security.web.FilterChainProxy        : Secured GET /api/admin/user-roles/user
Creating a new SqlSession
SqlSession [org.apache.ibatis.session.defaults.DefaultSqlSession@64321d5f] was not registered for synchronization because synchronization is not active
JDBC Connection [com.alibaba.druid.pool.DruidStatementConnection@3be77567] will not be managed by Spring
==>  Preparing: SELECT id FROM sys_user WHERE username = ? LIMIT 1
==> Parameters: user(String)
<==    Columns: id
<==        Row: 2
<==      Total: 1
Closing non transactional SqlSession [org.apache.ibatis.session.defaults.DefaultSqlSession@64321d5f]
Creating a new SqlSession
SqlSession [org.apache.ibatis.session.defaults.DefaultSqlSession@690ed90b] was not registered for synchronization because synchronization is not active
JDBC Connection [com.alibaba.druid.pool.DruidStatementConnection@3be77567] will not be managed by Spring
==>  Preparing: SELECT ur.role_id FROM sys_user_role ur WHERE ur.user_id = ?
==> Parameters: 2(Long)
<==    Columns: role_id
<==        Row: 2
<==      Total: 1
Closing non transactional SqlSession [org.apache.ibatis.session.defaults.DefaultSqlSession@690ed90b]
2026-08-15T15:26:55.487+08:00 DEBUG 11532 --- [iam-resource-service] [nio-9010-exec-5] o.s.security.web.FilterChainProxy        : Securing GET /api/internal/user/user/roles
2026-08-15T15:26:55.589+08:00 DEBUG 11532 --- [iam-resource-service] [nio-9010-exec-5] c.RbacAuthoritiesOpaqueTokenIntrospector : [Introspect] 服务令牌注入 ROLE_SERVICE, sub=resource-server
2026-08-15T15:26:55.589+08:00 DEBUG 11532 --- [iam-resource-service] [nio-9010-exec-5] .s.r.a.OpaqueTokenAuthenticationProvider : Authenticated token
2026-08-15T15:26:55.590+08:00 DEBUG 11532 --- [iam-resource-service] [nio-9010-exec-5] .s.r.w.a.BearerTokenAuthenticationFilter : Set SecurityContextHolder to BearerTokenAuthentication [Principal=net.xzh.resource.config.RbacAuthoritiesOpaqueTokenIntrospector$EnrichedPrincipal@48e2eaa0, Credentials=[PROTECTED], Authenticated=true, Details=WebAuthenticationDetails [RemoteIpAddress=0:0:0:0:0:0:0:1, SessionId=null], Granted Authorities=[SCOPE_read, ROLE_SERVICE]]
2026-08-15T15:26:55.590+08:00 DEBUG 11532 --- [iam-resource-service] [nio-9010-exec-5] o.s.security.web.FilterChainProxy        : Secured GET /api/internal/user/user/roles
Creating a new SqlSession
SqlSession [org.apache.ibatis.session.defaults.DefaultSqlSession@3ee6171e] was not registered for synchronization because synchronization is not active
JDBC Connection [com.alibaba.druid.pool.DruidStatementConnection@3be77567] will not be managed by Spring
==>  Preparing: SELECT DISTINCT r.code FROM sys_role r JOIN sys_user_role ur ON ur.role_id = r.id JOIN sys_user u ON u.id = ur.user_id WHERE u.username = ?
==> Parameters: user(String)
<==    Columns: code
<==        Row: USER
<==      Total: 1
Closing non transactional SqlSession [org.apache.ibatis.session.defaults.DefaultSqlSession@3ee6171e]
Creating a new SqlSession
SqlSession [org.apache.ibatis.session.defaults.DefaultSqlSession@acd7839] was not registered for synchronization because synchronization is not active
JDBC Connection [com.alibaba.druid.pool.DruidStatementConnection@3be77567] will not be managed by Spring
==>  Preparing: SELECT DISTINCT p.code FROM sys_permission p JOIN sys_role_permission rp ON rp.permission_id = p.id JOIN sys_user_role ur ON ur.role_id = rp.role_id JOIN sys_user u ON u.id = ur.user_id WHERE u.username = ?
==> Parameters: user(String)
<==    Columns: code
<==        Row: app:portal
<==        Row: app:oa
<==      Total: 2
Closing non transactional SqlSession [org.apache.ibatis.session.defaults.DefaultSqlSession@acd7839]
2026-08-15T15:26:55.858+08:00 DEBUG 11532 --- [iam-resource-service] [nio-9010-exec-4] o.s.security.web.FilterChainProxy        : Securing GET /api/internal/user/user/roles
2026-08-15T15:26:55.956+08:00 DEBUG 11532 --- [iam-resource-service] [nio-9010-exec-4] c.RbacAuthoritiesOpaqueTokenIntrospector : [Introspect] 服务令牌注入 ROLE_SERVICE, sub=resource-server
2026-08-15T15:26:55.956+08:00 DEBUG 11532 --- [iam-resource-service] [nio-9010-exec-4] .s.r.a.OpaqueTokenAuthenticationProvider : Authenticated token
2026-08-15T15:26:55.956+08:00 DEBUG 11532 --- [iam-resource-service] [nio-9010-exec-4] .s.r.w.a.BearerTokenAuthenticationFilter : Set SecurityContextHolder to BearerTokenAuthentication [Principal=net.xzh.resource.config.RbacAuthoritiesOpaqueTokenIntrospector$EnrichedPrincipal@d7b1816, Credentials=[PROTECTED], Authenticated=true, Details=WebAuthenticationDetails [RemoteIpAddress=127.0.0.1, SessionId=null], Granted Authorities=[SCOPE_read, ROLE_SERVICE]]
2026-08-15T15:26:55.957+08:00 DEBUG 11532 --- [iam-resource-service] [nio-9010-exec-4] o.s.security.web.FilterChainProxy        : Secured GET /api/internal/user/user/roles
Creating a new SqlSession
SqlSession [org.apache.ibatis.session.defaults.DefaultSqlSession@7904d00c] was not registered for synchronization because synchronization is not active
JDBC Connection [com.alibaba.druid.pool.DruidStatementConnection@3be77567] will not be managed by Spring
==>  Preparing: SELECT DISTINCT r.code FROM sys_role r JOIN sys_user_role ur ON ur.role_id = r.id JOIN sys_user u ON u.id = ur.user_id WHERE u.username = ?
==> Parameters: user(String)
<==    Columns: code
<==        Row: USER
<==      Total: 1
Closing non transactional SqlSession [org.apache.ibatis.session.defaults.DefaultSqlSession@7904d00c]
Creating a new SqlSession
SqlSession [org.apache.ibatis.session.defaults.DefaultSqlSession@7b7b7783] was not registered for synchronization because synchronization is not active
JDBC Connection [com.alibaba.druid.pool.DruidStatementConnection@3be77567] will not be managed by Spring
==>  Preparing: SELECT DISTINCT p.code FROM sys_permission p JOIN sys_role_permission rp ON rp.permission_id = p.id JOIN sys_user_role ur ON ur.role_id = rp.role_id JOIN sys_user u ON u.id = ur.user_id WHERE u.username = ?
==> Parameters: user(String)
<==    Columns: code
<==        Row: app:portal
<==        Row: app:oa
<==      Total: 2
Closing non transactional SqlSession [org.apache.ibatis.session.defaults.DefaultSqlSession@7b7b7783]
2026-08-15T15:27:27.174+08:00 DEBUG 11532 --- [iam-resource-service] [nio-9010-exec-7] o.s.security.web.FilterChainProxy        : Securing GET /api/internal/user/admin/roles
2026-08-15T15:27:27.273+08:00 DEBUG 11532 --- [iam-resource-service] [nio-9010-exec-7] c.RbacAuthoritiesOpaqueTokenIntrospector : [Introspect] 服务令牌注入 ROLE_SERVICE, sub=resource-server
2026-08-15T15:27:27.273+08:00 DEBUG 11532 --- [iam-resource-service] [nio-9010-exec-7] .s.r.a.OpaqueTokenAuthenticationProvider : Authenticated token
2026-08-15T15:27:27.274+08:00 DEBUG 11532 --- [iam-resource-service] [nio-9010-exec-7] .s.r.w.a.BearerTokenAuthenticationFilter : Set SecurityContextHolder to BearerTokenAuthentication [Principal=net.xzh.resource.config.RbacAuthoritiesOpaqueTokenIntrospector$EnrichedPrincipal@241b29eb, Credentials=[PROTECTED], Authenticated=true, Details=WebAuthenticationDetails [RemoteIpAddress=127.0.0.1, SessionId=null], Granted Authorities=[SCOPE_read, ROLE_SERVICE]]
2026-08-15T15:27:27.275+08:00 DEBUG 11532 --- [iam-resource-service] [nio-9010-exec-7] o.s.security.web.FilterChainProxy        : Secured GET /api/internal/user/admin/roles
Creating a new SqlSession
SqlSession [org.apache.ibatis.session.defaults.DefaultSqlSession@40c8bba5] was not registered for synchronization because synchronization is not active
JDBC Connection [com.alibaba.druid.pool.DruidStatementConnection@3be77567] will not be managed by Spring
==>  Preparing: SELECT DISTINCT r.code FROM sys_role r JOIN sys_user_role ur ON ur.role_id = r.id JOIN sys_user u ON u.id = ur.user_id WHERE u.username = ?
==> Parameters: admin(String)
<==    Columns: code
<==        Row: ADMIN
<==      Total: 1
Closing non transactional SqlSession [org.apache.ibatis.session.defaults.DefaultSqlSession@40c8bba5]
Creating a new SqlSession
SqlSession [org.apache.ibatis.session.defaults.DefaultSqlSession@730c9eb] was not registered for synchronization because synchronization is not active
JDBC Connection [com.alibaba.druid.pool.DruidStatementConnection@3be77567] will not be managed by Spring
==>  Preparing: SELECT DISTINCT p.code FROM sys_permission p JOIN sys_role_permission rp ON rp.permission_id = p.id JOIN sys_user_role ur ON ur.role_id = rp.role_id JOIN sys_user u ON u.id = ur.user_id WHERE u.username = ?
==> Parameters: admin(String)
<==    Columns: code
<==        Row: app:portal
<==        Row: app:oa
<==        Row: app:erp
<==        Row: app:bi
<==      Total: 4
Closing non transactional SqlSession [org.apache.ibatis.session.defaults.DefaultSqlSession@730c9eb]
2026-08-15T15:27:56.457+08:00 DEBUG 11532 --- [iam-resource-service] [nio-9010-exec-9] o.s.security.web.FilterChainProxy        : Securing GET /api/internal/user/user/roles
2026-08-15T15:27:56.552+08:00 DEBUG 11532 --- [iam-resource-service] [nio-9010-exec-9] c.RbacAuthoritiesOpaqueTokenIntrospector : [Introspect] 服务令牌注入 ROLE_SERVICE, sub=resource-server
2026-08-15T15:27:56.552+08:00 DEBUG 11532 --- [iam-resource-service] [nio-9010-exec-9] .s.r.a.OpaqueTokenAuthenticationProvider : Authenticated token
2026-08-15T15:27:56.552+08:00 DEBUG 11532 --- [iam-resource-service] [nio-9010-exec-9] .s.r.w.a.BearerTokenAuthenticationFilter : Set SecurityContextHolder to BearerTokenAuthentication [Principal=net.xzh.resource.config.RbacAuthoritiesOpaqueTokenIntrospector$EnrichedPrincipal@949bc1e, Credentials=[PROTECTED], Authenticated=true, Details=WebAuthenticationDetails [RemoteIpAddress=127.0.0.1, SessionId=null], Granted Authorities=[SCOPE_read, ROLE_SERVICE]]
2026-08-15T15:27:56.553+08:00 DEBUG 11532 --- [iam-resource-service] [nio-9010-exec-9] o.s.security.web.FilterChainProxy        : Secured GET /api/internal/user/user/roles
Creating a new SqlSession
SqlSession [org.apache.ibatis.session.defaults.DefaultSqlSession@70321afa] was not registered for synchronization because synchronization is not active
JDBC Connection [com.alibaba.druid.pool.DruidStatementConnection@3be77567] will not be managed by Spring
==>  Preparing: SELECT DISTINCT r.code FROM sys_role r JOIN sys_user_role ur ON ur.role_id = r.id JOIN sys_user u ON u.id = ur.user_id WHERE u.username = ?
==> Parameters: user(String)
<==    Columns: code
<==        Row: USER
<==      Total: 1
Closing non transactional SqlSession [org.apache.ibatis.session.defaults.DefaultSqlSession@70321afa]
Creating a new SqlSession
SqlSession [org.apache.ibatis.session.defaults.DefaultSqlSession@7edd66d1] was not registered for synchronization because synchronization is not active
JDBC Connection [com.alibaba.druid.pool.DruidStatementConnection@3be77567] will not be managed by Spring
==>  Preparing: SELECT DISTINCT p.code FROM sys_permission p JOIN sys_role_permission rp ON rp.permission_id = p.id JOIN sys_user_role ur ON ur.role_id = rp.role_id JOIN sys_user u ON u.id = ur.user_id WHERE u.username = ?
==> Parameters: user(String)
<==    Columns: code
<==        Row: app:portal
<==        Row: app:oa
<==      Total: 2
Closing non transactional SqlSession [org.apache.ibatis.session.defaults.DefaultSqlSession@7edd66d1]
2026-08-15T15:27:56.829+08:00 DEBUG 11532 --- [iam-resource-service] [nio-9010-exec-1] o.s.security.web.FilterChainProxy        : Securing GET /api/admin/user-roles/user
Creating a new SqlSession
SqlSession [org.apache.ibatis.session.defaults.DefaultSqlSession@4f61f53a] was not registered for synchronization because synchronization is not active
JDBC Connection [com.alibaba.druid.pool.DruidStatementConnection@3be77567] will not be managed by Spring
==>  Preparing: SELECT * FROM sys_user WHERE username = ? LIMIT 1
==> Parameters: admin(String)
<==    Columns: id, username, nickname, email, phone, avatar, identity_type, enabled, account_non_expired, account_non_locked, credentials_non_expired, create_time, update_time
<==        Row: 1, admin, 管理员, admin@example.com, null, null, 1, 1, 1, 1, 1, 2026-08-11 20:00:08, 2026-08-13 22:28:45
<==      Total: 1
Closing non transactional SqlSession [org.apache.ibatis.session.defaults.DefaultSqlSession@4f61f53a]
Creating a new SqlSession
SqlSession [org.apache.ibatis.session.defaults.DefaultSqlSession@2021af0b] was not registered for synchronization because synchronization is not active
JDBC Connection [com.alibaba.druid.pool.DruidStatementConnection@3be77567] will not be managed by Spring
==>  Preparing: SELECT DISTINCT r.code FROM sys_role r JOIN sys_user_role ur ON ur.role_id = r.id JOIN sys_user u ON u.id = ur.user_id WHERE u.username = ?
==> Parameters: admin(String)
<==    Columns: code
<==        Row: ADMIN
<==      Total: 1
Closing non transactional SqlSession [org.apache.ibatis.session.defaults.DefaultSqlSession@2021af0b]
Creating a new SqlSession
SqlSession [org.apache.ibatis.session.defaults.DefaultSqlSession@22a05424] was not registered for synchronization because synchronization is not active
JDBC Connection [com.alibaba.druid.pool.DruidStatementConnection@3be77567] will not be managed by Spring
==>  Preparing: SELECT DISTINCT p.code FROM sys_permission p JOIN sys_role_permission rp ON rp.permission_id = p.id JOIN sys_user_role ur ON ur.role_id = rp.role_id JOIN sys_user u ON u.id = ur.user_id WHERE u.username = ?
==> Parameters: admin(String)
<==    Columns: code
<==        Row: app:portal
<==        Row: app:oa
<==        Row: app:erp
<==        Row: app:bi
<==      Total: 4
Closing non transactional SqlSession [org.apache.ibatis.session.defaults.DefaultSqlSession@22a05424]
Creating a new SqlSession
SqlSession [org.apache.ibatis.session.defaults.DefaultSqlSession@6052134f] was not registered for synchronization because synchronization is not active
JDBC Connection [com.alibaba.druid.pool.DruidStatementConnection@3be77567] will not be managed by Spring
==>  Preparing: SELECT DISTINCT r.code FROM sys_role r JOIN sys_user_role ur ON ur.role_id = r.id JOIN sys_user u ON u.id = ur.user_id WHERE u.username = ?
==> Parameters: admin(String)
<==    Columns: code
<==        Row: ADMIN
<==      Total: 1
Closing non transactional SqlSession [org.apache.ibatis.session.defaults.DefaultSqlSession@6052134f]
2026-08-15T15:27:56.941+08:00 DEBUG 11532 --- [iam-resource-service] [nio-9010-exec-1] c.RbacAuthoritiesOpaqueTokenIntrospector : [Introspect] 用户令牌注入 RBAC authorities, sub=admin, roles=[ADMIN]
2026-08-15T15:27:56.941+08:00 DEBUG 11532 --- [iam-resource-service] [nio-9010-exec-1] .s.r.a.OpaqueTokenAuthenticationProvider : Authenticated token
2026-08-15T15:27:56.941+08:00 DEBUG 11532 --- [iam-resource-service] [nio-9010-exec-1] .s.r.w.a.BearerTokenAuthenticationFilter : Set SecurityContextHolder to BearerTokenAuthentication [Principal=net.xzh.resource.config.RbacAuthoritiesOpaqueTokenIntrospector$EnrichedPrincipal@67572440, Credentials=[PROTECTED], Authenticated=true, Details=WebAuthenticationDetails [RemoteIpAddress=127.0.0.1, SessionId=null], Granted Authorities=[SCOPE_read, SCOPE_openid, SCOPE_profile, SCOPE_write, ROLE_ADMIN, app:portal, app:oa, app:erp, app:bi]]
2026-08-15T15:27:56.942+08:00 DEBUG 11532 --- [iam-resource-service] [nio-9010-exec-1] o.s.security.web.FilterChainProxy        : Secured GET /api/admin/user-roles/user
Creating a new SqlSession
SqlSession [org.apache.ibatis.session.defaults.DefaultSqlSession@1f29a221] was not registered for synchronization because synchronization is not active
JDBC Connection [com.alibaba.druid.pool.DruidStatementConnection@3be77567] will not be managed by Spring
==>  Preparing: SELECT id FROM sys_user WHERE username = ? LIMIT 1
==> Parameters: user(String)
<==    Columns: id
<==        Row: 2
<==      Total: 1
Closing non transactional SqlSession [org.apache.ibatis.session.defaults.DefaultSqlSession@1f29a221]
Creating a new SqlSession
SqlSession [org.apache.ibatis.session.defaults.DefaultSqlSession@1add1f45] was not registered for synchronization because synchronization is not active
JDBC Connection [com.alibaba.druid.pool.DruidStatementConnection@3be77567] will not be managed by Spring
==>  Preparing: SELECT ur.role_id FROM sys_user_role ur WHERE ur.user_id = ?
==> Parameters: 2(Long)
<==    Columns: role_id
<==        Row: 2
<==      Total: 1
Closing non transactional SqlSession [org.apache.ibatis.session.defaults.DefaultSqlSession@1add1f45]
[INFO] ------------------------------------------------------------------------
[INFO] BUILD FAILURE
[INFO] ------------------------------------------------------------------------
[INFO] Total time:  04:48 h
[INFO] Finished at: 2026-08-15T15:39:47+08:00
[INFO] ------------------------------------------------------------------------
[ERROR] Failed to execute goal org.springframework.boot:spring-boot-maven-plugin:3.4.1:run (default-cli) on project iam-resource-service: Process terminated with exit code: 1 -> [Help 1]
[ERROR] 
[ERROR] To see the full stack trace of the errors, re-run Maven with the -e switch.
[ERROR] Re-run Maven using the -X switch to enable full debug logging.
[ERROR] 
[ERROR] For more information about the errors and possible solutions, please read the following articles:
[ERROR] [Help 1] http://cwiki.apache.org/confluence/display/MAVEN/MojoExecutionException
